No.,Type,Line,Station_Code,Station_Name,Passenger_Arrival,Passenger_Departure,Date
1,รถไฟระหว่างเมือง,แอร์พอร์ต เรล ลิงก์,A1,สุวรรณภูมิ,3729,3343,1/1/2022
2,รถไฟระหว่างเมือง,แอร์พอร์ต เรล ลิงก์,A2,ลาดกระบัง,2997,3318,1/1/2022
3,รถไฟระหว่างเมือง,แอร์พอร์ต เรล ลิงก์,A3,บ้านทับช้าง,659,674,1/1/2022
4,รถไฟระหว่างเมือง,แอร์พอร์ต เรล ลิงก์,A4,หัวหมาก,1269,1315,1/1/2022
5,รถไฟระหว่างเมือง,แอร์พอร์ต เรล ลิงก์,A5,รามคำแหง,1564,1699,1/1/2022
6,รถไฟระหว่างเมือง,แอร์พอร์ต เรล ลิงก์,A6,มักกะสัน,2552,2675,1/1/2022
7,รถไฟระหว่างเมือง,แอร์พอร์ต เรล ลิงก์,A7,ราชปรารภ,920,829,1/1/2022
8,รถไฟระหว่างเมือง,แอร์พอร์ต เรล ลิงก์,A8,พญาไท,3828,3665,1/1/2022
9,รถไฟระหว่างเมือง,แอร์พอร์ต เรล ลิงก์,A1,สุวรรณภูมิ,4158,3160,1/2/2022
10,รถไฟระหว่างเมือง,แอร์พอร์ต เรล ลิงก์,A2,ลาดกระบัง,3399,3395,1/2/2022
11,รถไฟระหว่างเมือง,แอร์พอร์ต เรล ลิงก์,A3,บ้านทับช้าง,702,743,1/2/2022
12,รถไฟระหว่างเมือง,แอร์พอร์ต เรล ลิงก์,A4,หัวหมาก,1313,1444,1/2/2022
13,รถไฟระหว่างเมือง,แอร์พอร์ต เรล ลิงก์,A5,รามคำแหง,1421,1766,1/2/2022
14,รถไฟระหว่างเมือง,แอร์พอร์ต เรล ลิงก์,A6,มักกะสัน,2709,2930,1/2/2022
15,รถไฟระหว่างเมือง,แอร์พอร์ต เรล ลิงก์,A7,ราชปรารภ,949,854,1/2/2022
16,รถไฟระหว่างเมือง,แอร์พอร์ต เรล ลิงก์,A8,พญาไท,3817,4176,1/2/2022
17,รถไฟระหว่างเมือง,แอร์พอร์ต เรล ลิงก์,A1,สุวรรณภูมิ,5546,3405,1/3/2022
18,รถไฟระหว่างเมือง,แอร์พอร์ต เรล ลิงก์,A2,ลาดกระบัง,3572,3647,1/3/2022
19,รถไฟระหว่างเมือง,แอร์พอร์ต เรล ลิงก์,A3,บ้านทับช้าง,818,768,1/3/2022
20,รถไฟระหว่างเมือง,แอร์พอร์ต เรล ลิงก์,A4,หัวหมาก,1408,1586,1/3/2022
21,รถไฟระหว่างเมือง,แอร์พอร์ต เรล ลิงก์,A5,รามคำแหง,1665,2219,1/3/2022
22,รถไฟระหว่างเมือง,แอร์พอร์ต เรล ลิงก์,A6,มักกะสัน,2876,3582,1/3/2022
23,รถไฟระหว่างเมือง,แอร์พอร์ต เรล ลิงก์,A7,ราชปรารภ,1062,978,1/3/2022
24,รถไฟระหว่างเมือง,แอร์พอร์ต เรล ลิงก์,A8,พญาไท,4103,4865,1/3/2022
25,รถไฟระหว่างเมือง,แอร์พอร์ต เรล ลิงก์,A1,สุวรรณภูมิ,5270,3809,1/4/2022
26,รถไฟระหว่างเมือง,แอร์พอร์ต เรล ลิงก์,A2,ลาดกระบัง,5579,5670,1/4/2022
27,รถไฟระหว่างเมือง,แอร์พอร์ต เรล ลิงก์,A3,บ้านทับช้าง,1793,1757,1/4/2022
28,รถไฟระหว่างเมือง,แอร์พอร์ต เรล ลิงก์,A4,หัวหมาก,2599,2760,1/4/2022
29,รถไฟระหว่างเมือง,แอร์พอร์ต เรล ลิงก์,A5,รามคำแหง,3021,3369,1/4/2022
30,รถไฟระหว่างเมือง,แอร์พอร์ต เรล ลิงก์,A6,มักกะสัน,5020,5535,1/4/2022
31,รถไฟระหว่างเมือง,แอร์พอร์ต เรล ลิงก์,A7,ราชปรารภ,1565,1597,1/4/2022
32,รถไฟระหว่างเมือง,แอร์พอร์ต เรล ลิงก์,A8,พญาไท,6363,6713,1/4/2022
33,รถไฟระหว่างเมือง,แอร์พอร์ต เรล ลิงก์,A1,สุวรรณภูมิ,5304,3635,1/5/2022
34,รถไฟระหว่างเมือง,แอร์พอร์ต เรล ลิงก์,A2,ลาดกระบัง,5465,5665,1/5/2022
35,รถไฟระหว่างเมือง,แอร์พอร์ต เรล ลิงก์,A3,บ้านทับช้าง,1839,1805,1/5/2022
36,รถไฟระหว่างเมือง,แอร์พอร์ต เรล ลิงก์,A4,หัวหมาก,2753,2717,1/5/2022
37,รถไฟระหว่างเมือง,แอร์พอร์ต เรล ลิงก์,A5,รามคำแหง,3098,3422,1/5/2022
38,รถไฟระหว่างเมือง,แอร์พอร์ต เรล ลิงก์,A6,มักกะสัน,4973,5694,1/5/2022
39,รถไฟระหว่างเมือง,แอร์พอร์ต เรล ลิงก์,A7,ราชปรารภ,1575,1585,1/5/2022
40,รถไฟระหว่างเมือง,แอร์พอร์ต เรล ลิงก์,A8,พญาไท,6275,6759,1/5/2022
41,รถไฟระหว่างเมือง,แอร์พอร์ต เรล ลิงก์,A1,สุวรรณภูมิ,5027,3825,1/6/2022
42,รถไฟระหว่างเมือง,แอร์พอร์ต เรล ลิงก์,A2,ลาดกระบัง,5435,5547,1/6/2022
43,รถไฟระหว่างเมือง,แอร์พอร์ต เรล ลิงก์,A3,บ้านทับช้าง,1891,1877,1/6/2022
44,รถไฟระหว่างเมือง,แอร์พอร์ต เรล ลิงก์,A4,หัวหมาก,2730,2718,1/6/2022
45,รถไฟระหว่างเมือง,แอร์พอร์ต เรล ลิงก์,A5,รามคำแหง,3147,3374,1/6/2022
46,รถไฟระหว่างเมือง,แอร์พอร์ต เรล ลิงก์,A6,มักกะสัน,4968,5546,1/6/2022
47,รถไฟระหว่างเมือง,แอร์พอร์ต เรล ลิงก์,A7,ราชปรารภ,1625,1627,1/6/2022
48,รถไฟระหว่างเมือง,แอร์พอร์ต เรล ลิงก์,A8,พญาไท,6297,6606,1/6/2022
49,รถไฟระหว่างเมือง,แอร์พอร์ต เรล ลิงก์,A1,สุวรรณภูมิ,4766,3724,1/7/2022
50,รถไฟระหว่างเมือง,แอร์พอร์ต เรล ลิงก์,A2,ลาดกระบัง,5565,5600,1/7/2022
51,รถไฟระหว่างเมือง,แอร์พอร์ต เรล ลิงก์,A3,บ้านทับช้าง,1842,1752,1/7/2022
52,รถไฟระหว่างเมือง,แอร์พอร์ต เรล ลิงก์,A4,หัวหมาก,2681,2623,1/7/2022
53,รถไฟระหว่างเมือง,แอร์พอร์ต เรล ลิงก์,A5,รามคำแหง,3195,3332,1/7/2022
54,รถไฟระหว่างเมือง,แอร์พอร์ต เรล ลิงก์,A6,มักกะสัน,5023,5602,1/7/2022
55,รถไฟระหว่างเมือง,แอร์พอร์ต เรล ลิงก์,A7,ราชปรารภ,1609,1635,1/7/2022
56,รถไฟระหว่างเมือง,แอร์พอร์ต เรล ลิงก์,A8,พญาไท,6321,6734,1/7/2022
57,รถไฟระหว่างเมือง,แอร์พอร์ต เรล ลิงก์,A1,สุวรรณภูมิ,4214,3332,1/8/2022
58,รถไฟระหว่างเมือง,แอร์พอร์ต เรล ลิงก์,A2,ลาดกระบัง,4012,4221,1/8/2022
59,รถไฟระหว่างเมือง,แอร์พอร์ต เรล ลิงก์,A3,บ้านทับช้าง,1068,1068,1/8/2022
60,รถไฟระหว่างเมือง,แอร์พอร์ต เรล ลิงก์,A4,หัวหมาก,1824,1820,1/8/2022
61,รถไฟระหว่างเมือง,แอร์พอร์ต เรล ลิงก์,A5,รามคำแหง,2088,2215,1/8/2022
62,รถไฟระหว่างเมือง,แอร์พอร์ต เรล ลิงก์,A6,มักกะสัน,3621,4026,1/8/2022
63,รถไฟระหว่างเมือง,แอร์พอร์ต เรล ลิงก์,A7,ราชปรารภ,1254,1186,1/8/2022
64,รถไฟระหว่างเมือง,แอร์พอร์ต เรล ลิงก์,A8,พญาไท,4633,4846,1/8/2022
65,รถไฟระหว่างเมือง,แอร์พอร์ต เรล ลิงก์,A1,สุวรรณภูมิ,4014,3182,1/9/2022
66,รถไฟระหว่างเมือง,แอร์พอร์ต เรล ลิงก์,A2,ลาดกระบัง,3739,3757,1/9/2022
67,รถไฟระหว่างเมือง,แอร์พอร์ต เรล ลิงก์,A3,บ้านทับช้าง,800,771,1/9/2022
68,รถไฟระหว่างเมือง,แอร์พอร์ต เรล ลิงก์,A4,หัวหมาก,1464,1480,1/9/2022
69,รถไฟระหว่างเมือง,แอร์พอร์ต เรล ลิงก์,A5,รามคำแหง,1636,1928,1/9/2022
70,รถไฟระหว่างเมือง,แอร์พอร์ต เรล ลิงก์,A6,มักกะสัน,3111,3428,1/9/2022
71,รถไฟระหว่างเมือง,แอร์พอร์ต เรล ลิงก์,A7,ราชปรารภ,1098,941,1/9/2022
72,รถไฟระหว่างเมือง,แอร์พอร์ต เรล ลิงก์,A8,พญาไท,4012,4387,1/9/2022
73,รถไฟระหว่างเมือง,แอร์พอร์ต เรล ลิงก์,A1,สุวรรณภูมิ,4306,3617,1/10/2022
74,รถไฟระหว่างเมือง,แอร์พอร์ต เรล ลิงก์,A2,ลาดกระบัง,5458,5432,1/10/2022
75,รถไฟระหว่างเมือง,แอร์พอร์ต เรล ลิงก์,A3,บ้านทับช้าง,1800,1716,1/10/2022
76,รถไฟระหว่างเมือง,แอร์พอร์ต เรล ลิงก์,A4,หัวหมาก,2578,2575,1/10/2022
77,รถไฟระหว่างเมือง,แอร์พอร์ต เรล ลิงก์,A5,รามคำแหง,3196,3372,1/10/2022
78,รถไฟระหว่างเมือง,แอร์พอร์ต เรล ลิงก์,A6,มักกะสัน,5045,5407,1/10/2022
79,รถไฟระหว่างเมือง,แอร์พอร์ต เรล ลิงก์,A7,ราชปรารภ,1575,1538,1/10/2022
80,รถไฟระหว่างเมือง,แอร์พอร์ต เรล ลิงก์,A8,พญาไท,6081,6382,1/10/2022
81,รถไฟระหว่างเมือง,แอร์พอร์ต เรล ลิงก์,A1,สุวรรณภูมิ,4284,3426,1/11/2022
82,รถไฟระหว่างเมือง,แอร์พอร์ต เรล ลิงก์,A2,ลาดกระบัง,5145,5199,1/11/2022
83,รถไฟระหว่างเมือง,แอร์พอร์ต เรล ลิงก์,A3,บ้านทับช้าง,1786,1707,1/11/2022
84,รถไฟระหว่างเมือง,แอร์พอร์ต เรล ลิงก์,A4,หัวหมาก,2591,2565,1/11/2022
85,รถไฟระหว่างเมือง,แอร์พอร์ต เรล ลิงก์,A5,รามคำแหง,3066,3130,1/11/2022
86,รถไฟระหว่างเมือง,แอร์พอร์ต เรล ลิงก์,A6,มักกะสัน,4864,5297,1/11/2022
87,รถไฟระหว่างเมือง,แอร์พอร์ต เรล ลิงก์,A7,ราชปรารภ,1526,1602,1/11/2022
88,รถไฟระหว่างเมือง,แอร์พอร์ต เรล ลิงก์,A8,พญาไท,5782,6118,1/11/2022
89,รถไฟระหว่างเมือง,แอร์พอร์ต เรล ลิงก์,A1,สุวรรณภูมิ,3895,3490,1/12/2022
90,รถไฟระหว่างเมือง,แอร์พอร์ต เรล ลิงก์,A2,ลาดกระบัง,5149,5089,1/12/2022
91,รถไฟระหว่างเมือง,แอร์พอร์ต เรล ลิงก์,A3,บ้านทับช้าง,1746,1645,1/12/2022
92,รถไฟระหว่างเมือง,แอร์พอร์ต เรล ลิงก์,A4,หัวหมาก,2568,2491,1/12/2022
93,รถไฟระหว่างเมือง,แอร์พอร์ต เรล ลิงก์,A5,รามคำแหง,2946,3063,1/12/2022
94,รถไฟระหว่างเมือง,แอร์พอร์ต เรล ลิงก์,A6,มักกะสัน,4687,5152,1/12/2022
95,รถไฟระหว่างเมือง,แอร์พอร์ต เรล ลิงก์,A7,ราชปรารภ,1547,1529,1/12/2022
96,รถไฟระหว่างเมือง,แอร์พอร์ต เรล ลิงก์,A8,พญาไท,5717,5796,1/12/2022
97,รถไฟระหว่างเมือง,แอร์พอร์ต เรล ลิงก์,A1,สุวรรณภูมิ,3973,3532,1/13/2022
98,รถไฟระหว่างเมือง,แอร์พอร์ต เรล ลิงก์,A2,ลาดกระบัง,5115,5042,1/13/2022
99,รถไฟระหว่างเมือง,แอร์พอร์ต เรล ลิงก์,A3,บ้านทับช้าง,1704,1599,1/13/2022
100,รถไฟระหว่างเมือง,แอร์พอร์ต เรล ลิงก์,A4,หัวหมาก,2480,2462,1/13/2022
101,รถไฟระหว่างเมือง,แอร์พอร์ต เรล ลิงก์,A5,รามคำแหง,3059,3107,1/13/2022
102,รถไฟระหว่างเมือง,แอร์พอร์ต เรล ลิงก์,A6,มักกะสัน,4601,5003,1/13/2022
103,รถไฟระหว่างเมือง,แอร์พอร์ต เรล ลิงก์,A7,ราชปรารภ,1537,1534,1/13/2022
104,รถไฟระหว่างเมือง,แอร์พอร์ต เรล ลิงก์,A8,พญาไท,5728,5918,1/13/2022
105,รถไฟระหว่างเมือง,แอร์พอร์ต เรล ลิงก์,A1,สุวรรณภูมิ,4557,3818,1/14/2022
106,รถไฟระหว่างเมือง,แอร์พอร์ต เรล ลิงก์,A2,ลาดกระบัง,5775,5623,1/14/2022
107,รถไฟระหว่างเมือง,แอร์พอร์ต เรล ลิงก์,A3,บ้านทับช้าง,1795,1741,1/14/2022
108,รถไฟระหว่างเมือง,แอร์พอร์ต เรล ลิงก์,A4,หัวหมาก,2710,2647,1/14/2022
109,รถไฟระหว่างเมือง,แอร์พอร์ต เรล ลิงก์,A5,รามคำแหง,3140,3275,1/14/2022
110,รถไฟระหว่างเมือง,แอร์พอร์ต เรล ลิงก์,A6,มักกะสัน,5091,5687,1/14/2022
111,รถไฟระหว่างเมือง,แอร์พอร์ต เรล ลิงก์,A7,ราชปรารภ,1647,1636,1/14/2022
112,รถไฟระหว่างเมือง,แอร์พอร์ต เรล ลิงก์,A8,พญาไท,6379,6667,1/14/2022
113,รถไฟระหว่างเมือง,แอร์พอร์ต เรล ลิงก์,A1,สุวรรณภูมิ,4074,3513,1/15/2022
114,รถไฟระหว่างเมือง,แอร์พอร์ต เรล ลิงก์,A2,ลาดกระบัง,4281,4339,1/15/2022
115,รถไฟระหว่างเมือง,แอร์พอร์ต เรล ลิงก์,A3,บ้านทับช้าง,1028,987,1/15/2022
116,รถไฟระหว่างเมือง,แอร์พอร์ต เรล ลิงก์,A4,หัวหมาก,1813,1803,1/15/2022
117,รถไฟระหว่างเมือง,แอร์พอร์ต เรล ลิงก์,A5,รามคำแหง,2157,2314,1/15/2022
118,รถไฟระหว่างเมือง,แอร์พอร์ต เรล ลิงก์,A6,มักกะสัน,3869,4182,1/15/2022
119,รถไฟระหว่างเมือง,แอร์พอร์ต เรล ลิงก์,A7,ราชปรารภ,1199,1151,1/15/2022
120,รถไฟระหว่างเมือง,แอร์พอร์ต เรล ลิงก์,A8,พญาไท,4806,4938,1/15/2022
121,รถไฟระหว่างเมือง,แอร์พอร์ต เรล ลิงก์,A1,สุวรรณภูมิ,4042,3006,1/16/2022
122,รถไฟระหว่างเมือง,แอร์พอร์ต เรล ลิงก์,A2,ลาดกระบัง,3684,3746,1/16/2022
123,รถไฟระหว่างเมือง,แอร์พอร์ต เรล ลิงก์,A3,บ้านทับช้าง,831,782,1/16/2022
124,รถไฟระหว่างเมือง,แอร์พอร์ต เรล ลิงก์,A4,หัวหมาก,1468,1499,1/16/2022
125,รถไฟระหว่างเมือง,แอร์พอร์ต เรล ลิงก์,A5,รามคำแหง,1725,2001,1/16/2022
126,รถไฟระหว่างเมือง,แอร์พอร์ต เรล ลิงก์,A6,มักกะสัน,3142,3534,1/16/2022
127,รถไฟระหว่างเมือง,แอร์พอร์ต เรล ลิงก์,A7,ราชปรารภ,1061,915,1/16/2022
128,รถไฟระหว่างเมือง,แอร์พอร์ต เรล ลิงก์,A8,พญาไท,4025,4495,1/16/2022
129,รถไฟระหว่างเมือง,แอร์พอร์ต เรล ลิงก์,A1,สุวรรณภูมิ,4105,3234,1/17/2022
130,รถไฟระหว่างเมือง,แอร์พอร์ต เรล ลิงก์,A2,ลาดกระบัง,5494,5440,1/17/2022
131,รถไฟระหว่างเมือง,แอร์พอร์ต เรล ลิงก์,A3,บ้านทับช้าง,1848,1750,1/17/2022
132,รถไฟระหว่างเมือง,แอร์พอร์ต เรล ลิงก์,A4,หัวหมาก,2591,2625,1/17/2022
133,รถไฟระหว่างเมือง,แอร์พอร์ต เรล ลิงก์,A5,รามคำแหง,3094,3253,1/17/2022
134,รถไฟระหว่างเมือง,แอร์พอร์ต เรล ลิงก์,A6,มักกะสัน,5099,5540,1/17/2022
135,รถไฟระหว่างเมือง,แอร์พอร์ต เรล ลิงก์,A7,ราชปรารภ,1497,1488,1/17/2022
136,รถไฟระหว่างเมือง,แอร์พอร์ต เรล ลิงก์,A8,พญาไท,5880,6278,1/17/2022
137,รถไฟระหว่างเมือง,แอร์พอร์ต เรล ลิงก์,A1,สุวรรณภูมิ,4119,3250,1/18/2022
138,รถไฟระหว่างเมือง,แอร์พอร์ต เรล ลิงก์,A2,ลาดกระบัง,5361,5305,1/18/2022
139,รถไฟระหว่างเมือง,แอร์พอร์ต เรล ลิงก์,A3,บ้านทับช้าง,1802,1767,1/18/2022
140,รถไฟระหว่างเมือง,แอร์พอร์ต เรล ลิงก์,A4,หัวหมาก,2701,2676,1/18/2022
141,รถไฟระหว่างเมือง,แอร์พอร์ต เรล ลิงก์,A5,รามคำแหง,3166,3122,1/18/2022
142,รถไฟระหว่างเมือง,แอร์พอร์ต เรล ลิงก์,A6,มักกะสัน,5091,5572,1/18/2022
143,รถไฟระหว่างเมือง,แอร์พอร์ต เรล ลิงก์,A7,ราชปรารภ,1517,1535,1/18/2022
144,รถไฟระหว่างเมือง,แอร์พอร์ต เรล ลิงก์,A8,พญาไท,5664,6194,1/18/2022
145,รถไฟระหว่างเมือง,แอร์พอร์ต เรล ลิงก์,A1,สุวรรณภูมิ,4017,3257,1/19/2022
146,รถไฟระหว่างเมือง,แอร์พอร์ต เรล ลิงก์,A2,ลาดกระบัง,5396,5433,1/19/2022
147,รถไฟระหว่างเมือง,แอร์พอร์ต เรล ลิงก์,A3,บ้านทับช้าง,1836,1773,1/19/2022
148,รถไฟระหว่างเมือง,แอร์พอร์ต เรล ลิงก์,A4,หัวหมาก,2631,2657,1/19/2022
149,รถไฟระหว่างเมือง,แอร์พอร์ต เรล ลิงก์,A5,รามคำแหง,3113,3250,1/19/2022
150,รถไฟระหว่างเมือง,แอร์พอร์ต เรล ลิงก์,A6,มักกะสัน,5101,5541,1/19/2022
151,รถไฟระหว่างเมือง,แอร์พอร์ต เรล ลิงก์,A7,ราชปรารภ,1598,1513,1/19/2022
152,รถไฟระหว่างเมือง,แอร์พอร์ต เรล ลิงก์,A8,พญาไท,5842,6110,1/19/2022
153,รถไฟระหว่างเมือง,แอร์พอร์ต เรล ลิงก์,A1,สุวรรณภูมิ,3900,3617,1/20/2022
154,รถไฟระหว่างเมือง,แอร์พอร์ต เรล ลิงก์,A2,ลาดกระบัง,5555,5424,1/20/2022
155,รถไฟระหว่างเมือง,แอร์พอร์ต เรล ลิงก์,A3,บ้านทับช้าง,1837,1775,1/20/2022
156,รถไฟระหว่างเมือง,แอร์พอร์ต เรล ลิงก์,A4,หัวหมาก,2723,2653,1/20/2022
157,รถไฟระหว่างเมือง,แอร์พอร์ต เรล ลิงก์,A5,รามคำแหง,3172,3255,1/20/2022
158,รถไฟระหว่างเมือง,แอร์พอร์ต เรล ลิงก์,A6,มักกะสัน,5102,5512,1/20/2022
159,รถไฟระหว่างเมือง,แอร์พอร์ต เรล ลิงก์,A7,ราชปรารภ,1566,1549,1/20/2022
160,รถไฟระหว่างเมือง,แอร์พอร์ต เรล ลิงก์,A8,พญาไท,6039,6109,1/20/2022
161,รถไฟระหว่างเมือง,แอร์พอร์ต เรล ลิงก์,A1,สุวรรณภูมิ,4263,3864,1/21/2022
162,รถไฟระหว่างเมือง,แอร์พอร์ต เรล ลิงก์,A2,ลาดกระบัง,5892,5840,1/21/2022
163,รถไฟระหว่างเมือง,แอร์พอร์ต เรล ลิงก์,A3,บ้านทับช้าง,1848,1745,1/21/2022
164,รถไฟระหว่างเมือง,แอร์พอร์ต เรล ลิงก์,A4,หัวหมาก,2764,2803,1/21/2022
165,รถไฟระหว่างเมือง,แอร์พอร์ต เรล ลิงก์,A5,รามคำแหง,3295,3327,1/21/2022
166,รถไฟระหว่างเมือง,แอร์พอร์ต เรล ลิงก์,A6,มักกะสัน,5586,5937,1/21/2022
167,รถไฟระหว่างเมือง,แอร์พอร์ต เรล ลิงก์,A7,ราชปรารภ,1594,1541,1/21/2022
168,รถไฟระหว่างเมือง,แอร์พอร์ต เรล ลิงก์,A8,พญาไท,6614,6799,1/21/2022
169,รถไฟระหว่างเมือง,แอร์พอร์ต เรล ลิงก์,A1,สุวรรณภูมิ,3847,3398,1/22/2022
170,รถไฟระหว่างเมือง,แอร์พอร์ต เรล ลิงก์,A2,ลาดกระบัง,4358,4487,1/22/2022
171,รถไฟระหว่างเมือง,แอร์พอร์ต เรล ลิงก์,A3,บ้านทับช้าง,1080,1042,1/22/2022
172,รถไฟระหว่างเมือง,แอร์พอร์ต เรล ลิงก์,A4,หัวหมาก,1856,1831,1/22/2022
173,รถไฟระหว่างเมือง,แอร์พอร์ต เรล ลิงก์,A5,รามคำแหง,2168,2225,1/22/2022
174,รถไฟระหว่างเมือง,แอร์พอร์ต เรล ลิงก์,A6,มักกะสัน,3933,4082,1/22/2022
175,รถไฟระหว่างเมือง,แอร์พอร์ต เรล ลิงก์,A7,ราชปรารภ,1209,1152,1/22/2022
176,รถไฟระหว่างเมือง,แอร์พอร์ต เรล ลิงก์,A8,พญาไท,4944,5178,1/22/2022
177,รถไฟระหว่างเมือง,แอร์พอร์ต เรล ลิงก์,A1,สุวรรณภูมิ,3776,3039,1/23/2022
178,รถไฟระหว่างเมือง,แอร์พอร์ต เรล ลิงก์,A2,ลาดกระบัง,3886,3831,1/23/2022
179,รถไฟระหว่างเมือง,แอร์พอร์ต เรล ลิงก์,A3,บ้านทับช้าง,854,816,1/23/2022
180,รถไฟระหว่างเมือง,แอร์พอร์ต เรล ลิงก์,A4,หัวหมาก,1490,1550,1/23/2022
181,รถไฟระหว่างเมือง,แอร์พอร์ต เรล ลิงก์,A5,รามคำแหง,1762,1983,1/23/2022
182,รถไฟระหว่างเมือง,แอร์พอร์ต เรล ลิงก์,A6,มักกะสัน,3187,3477,1/23/2022
183,รถไฟระหว่างเมือง,แอร์พอร์ต เรล ลิงก์,A7,ราชปรารภ,1137,1093,1/23/2022
184,รถไฟระหว่างเมือง,แอร์พอร์ต เรล ลิงก์,A8,พญาไท,4224,4527,1/23/2022
185,รถไฟระหว่างเมือง,แอร์พอร์ต เรล ลิงก์,A1,สุวรรณภูมิ,4317,3661,1/24/2022
186,รถไฟระหว่างเมือง,แอร์พอร์ต เรล ลิงก์,A2,ลาดกระบัง,5668,5622,1/24/2022
187,รถไฟระหว่างเมือง,แอร์พอร์ต เรล ลิงก์,A3,บ้านทับช้าง,1842,1786,1/24/2022
188,รถไฟระหว่างเมือง,แอร์พอร์ต เรล ลิงก์,A4,หัวหมาก,2786,2725,1/24/2022
189,รถไฟระหว่างเมือง,แอร์พอร์ต เรล ลิงก์,A5,รามคำแหง,3304,3403,1/24/2022
190,รถไฟระหว่างเมือง,แอร์พอร์ต เรล ลิงก์,A6,มักกะสัน,5267,5739,1/24/2022
191,รถไฟระหว่างเมือง,แอร์พอร์ต เรล ลิงก์,A7,ราชปรารภ,1650,1486,1/24/2022
192,รถไฟระหว่างเมือง,แอร์พอร์ต เรล ลิงก์,A8,พญาไท,6246,6658,1/24/2022
193,รถไฟระหว่างเมือง,แอร์พอร์ต เรล ลิงก์,A1,สุวรรณภูมิ,4140,3615,1/25/2022
194,รถไฟระหว่างเมือง,แอร์พอร์ต เรล ลิงก์,A2,ลาดกระบัง,5542,5533,1/25/2022
195,รถไฟระหว่างเมือง,แอร์พอร์ต เรล ลิงก์,A3,บ้านทับช้าง,1848,1774,1/25/2022
196,รถไฟระหว่างเมือง,แอร์พอร์ต เรล ลิงก์,A4,หัวหมาก,2796,2776,1/25/2022
197,รถไฟระหว่างเมือง,แอร์พอร์ต เรล ลิงก์,A5,รามคำแหง,3288,3258,1/25/2022
198,รถไฟระหว่างเมือง,แอร์พอร์ต เรล ลิงก์,A6,มักกะสัน,5253,5645,1/25/2022
199,รถไฟระหว่างเมือง,แอร์พอร์ต เรล ลิงก์,A7,ราชปรารภ,1597,1559,1/25/2022
200,รถไฟระหว่างเมือง,แอร์พอร์ต เรล ลิงก์,A8,พญาไท,6066,6370,1/25/2022
201,รถไฟระหว่างเมือง,แอร์พอร์ต เรล ลิงก์,A1,สุวรรณภูมิ,4109,3727,1/26/2022
202,รถไฟระหว่างเมือง,แอร์พอร์ต เรล ลิงก์,A2,ลาดกระบัง,5506,5526,1/26/2022
203,รถไฟระหว่างเมือง,แอร์พอร์ต เรล ลิงก์,A3,บ้านทับช้าง,1931,1829,1/26/2022
204,รถไฟระหว่างเมือง,แอร์พอร์ต เรล ลิงก์,A4,หัวหมาก,2912,2807,1/26/2022
205,รถไฟระหว่างเมือง,แอร์พอร์ต เรล ลิงก์,A5,รามคำแหง,3281,3287,1/26/2022
206,รถไฟระหว่างเมือง,แอร์พอร์ต เรล ลิงก์,A6,มักกะสัน,5321,5637,1/26/2022
207,รถไฟระหว่างเมือง,แอร์พอร์ต เรล ลิงก์,A7,ราชปรารภ,1525,1608,1/26/2022
208,รถไฟระหว่างเมือง,แอร์พอร์ต เรล ลิงก์,A8,พญาไท,6255,6419,1/26/2022
209,รถไฟระหว่างเมือง,แอร์พอร์ต เรล ลิงก์,A1,สุวรรณภูมิ,4279,3799,1/27/2022
210,รถไฟระหว่างเมือง,แอร์พอร์ต เรล ลิงก์,A2,ลาดกระบัง,5700,5522,1/27/2022
211,รถไฟระหว่างเมือง,แอร์พอร์ต เรล ลิงก์,A3,บ้านทับช้าง,1847,1806,1/27/2022
212,รถไฟระหว่างเมือง,แอร์พอร์ต เรล ลิงก์,A4,หัวหมาก,2777,2728,1/27/2022
213,รถไฟระหว่างเมือง,แอร์พอร์ต เรล ลิงก์,A5,รามคำแหง,3164,3302,1/27/2022
214,รถไฟระหว่างเมือง,แอร์พอร์ต เรล ลิงก์,A6,มักกะสัน,5218,5540,1/27/2022
215,รถไฟระหว่างเมือง,แอร์พอร์ต เรล ลิงก์,A7,ราชปรารภ,1593,1565,1/27/2022
216,รถไฟระหว่างเมือง,แอร์พอร์ต เรล ลิงก์,A8,พญาไท,6153,6469,1/27/2022
217,รถไฟระหว่างเมือง,แอร์พอร์ต เรล ลิงก์,A1,สุวรรณภูมิ,4826,4138,1/28/2022
218,รถไฟระหว่างเมือง,แอร์พอร์ต เรล ลิงก์,A2,ลาดกระบัง,6402,6196,1/28/2022
219,รถไฟระหว่างเมือง,แอร์พอร์ต เรล ลิงก์,A3,บ้านทับช้าง,1931,1815,1/28/2022
220,รถไฟระหว่างเมือง,แอร์พอร์ต เรล ลิงก์,A4,หัวหมาก,2999,2994,1/28/2022
221,รถไฟระหว่างเมือง,แอร์พอร์ต เรล ลิงก์,A5,รามคำแหง,3483,3582,1/28/2022
222,รถไฟระหว่างเมือง,แอร์พอร์ต เรล ลิงก์,A6,มักกะสัน,5866,6369,1/28/2022
223,รถไฟระหว่างเมือง,แอร์พอร์ต เรล ลิงก์,A7,ราชปรารภ,1731,1728,1/28/2022
224,รถไฟระหว่างเมือง,แอร์พอร์ต เรล ลิงก์,A8,พญาไท,7046,7462,1/28/2022
225,รถไฟระหว่างเมือง,แอร์พอร์ต เรล ลิงก์,A1,สุวรรณภูมิ,4021,3578,1/29/2022
226,รถไฟระหว่างเมือง,แอร์พอร์ต เรล ลิงก์,A2,ลาดกระบัง,4970,4895,1/29/2022
227,รถไฟระหว่างเมือง,แอร์พอร์ต เรล ลิงก์,A3,บ้านทับช้าง,1120,1145,1/29/2022
228,รถไฟระหว่างเมือง,แอร์พอร์ต เรล ลิงก์,A4,หัวหมาก,2157,2075,1/29/2022
229,รถไฟระหว่างเมือง,แอร์พอร์ต เรล ลิงก์,A5,รามคำแหง,2359,2393,1/29/2022
230,รถไฟระหว่างเมือง,แอร์พอร์ต เรล ลิงก์,A6,มักกะสัน,4040,4266,1/29/2022
231,รถไฟระหว่างเมือง,แอร์พอร์ต เรล ลิงก์,A7,ราชปรารภ,1417,1325,1/29/2022
232,รถไฟระหว่างเมือง,แอร์พอร์ต เรล ลิงก์,A8,พญาไท,5254,5661,1/29/2022
233,รถไฟระหว่างเมือง,แอร์พอร์ต เรล ลิงก์,A1,สุวรรณภูมิ,4159,3393,1/30/2022
234,รถไฟระหว่างเมือง,แอร์พอร์ต เรล ลิงก์,A2,ลาดกระบัง,4229,4192,1/30/2022
235,รถไฟระหว่างเมือง,แอร์พอร์ต เรล ลิงก์,A3,บ้านทับช้าง,900,877,1/30/2022
236,รถไฟระหว่างเมือง,แอร์พอร์ต เรล ลิงก์,A4,หัวหมาก,1694,1687,1/30/2022
237,รถไฟระหว่างเมือง,แอร์พอร์ต เรล ลิงก์,A5,รามคำแหง,1884,2112,1/30/2022
238,รถไฟระหว่างเมือง,แอร์พอร์ต เรล ลิงก์,A6,มักกะสัน,3323,3635,1/30/2022
239,รถไฟระหว่างเมือง,แอร์พอร์ต เรล ลิงก์,A7,ราชปรารภ,1183,1043,1/30/2022
240,รถไฟระหว่างเมือง,แอร์พอร์ต เรล ลิงก์,A8,พญาไท,4598,5031,1/30/2022
241,รถไฟระหว่างเมือง,แอร์พอร์ต เรล ลิงก์,A1,สุวรรณภูมิ,4427,3571,1/31/2022
242,รถไฟระหว่างเมือง,แอร์พอร์ต เรล ลิงก์,A2,ลาดกระบัง,6053,5860,1/31/2022
243,รถไฟระหว่างเมือง,แอร์พอร์ต เรล ลิงก์,A3,บ้านทับช้าง,1853,1777,1/31/2022
244,รถไฟระหว่างเมือง,แอร์พอร์ต เรล ลิงก์,A4,หัวหมาก,2797,2781,1/31/2022
245,รถไฟระหว่างเมือง,แอร์พอร์ต เรล ลิงก์,A5,รามคำแหง,3280,3453,1/31/2022
246,รถไฟระหว่างเมือง,แอร์พอร์ต เรล ลิงก์,A6,มักกะสัน,5286,5884,1/31/2022
247,รถไฟระหว่างเมือง,แอร์พอร์ต เรล ลิงก์,A7,ราชปรารภ,1564,1575,1/31/2022
248,รถไฟระหว่างเมือง,แอร์พอร์ต เรล ลิงก์,A8,พญาไท,6434,6793,1/31/2022
249,รถไฟระหว่างเมือง,แอร์พอร์ต เรล ลิงก์,A1,สุวรรณภูมิ,4671,3383,2/1/2022
250,รถไฟระหว่างเมือง,แอร์พอร์ต เรล ลิงก์,A2,ลาดกระบัง,5965,6108,2/1/2022
251,รถไฟระหว่างเมือง,แอร์พอร์ต เรล ลิงก์,A3,บ้านทับช้าง,1911,1843,2/1/2022
252,รถไฟระหว่างเมือง,แอร์พอร์ต เรล ลิงก์,A4,หัวหมาก,2855,2891,2/1/2022
253,รถไฟระหว่างเมือง,แอร์พอร์ต เรล ลิงก์,A5,รามคำแหง,3403,3524,2/1/2022
254,รถไฟระหว่างเมือง,แอร์พอร์ต เรล ลิงก์,A6,มักกะสัน,5384,6051,2/1/2022
255,รถไฟระหว่างเมือง,แอร์พอร์ต เรล ลิงก์,A7,ราชปรารภ,1596,1543,2/1/2022
256,รถไฟระหว่างเมือง,แอร์พอร์ต เรล ลิงก์,A8,พญาไท,6620,7062,2/1/2022
257,รถไฟระหว่างเมือง,แอร์พอร์ต เรล ลิงก์,A1,สุวรรณภูมิ,4488,3711,2/2/2022
258,รถไฟระหว่างเมือง,แอร์พอร์ต เรล ลิงก์,A2,ลาดกระบัง,6300,6278,2/2/2022
259,รถไฟระหว่างเมือง,แอร์พอร์ต เรล ลิงก์,A3,บ้านทับช้าง,2068,1948,2/2/2022
260,รถไฟระหว่างเมือง,แอร์พอร์ต เรล ลิงก์,A4,หัวหมาก,3099,3114,2/2/2022
261,รถไฟระหว่างเมือง,แอร์พอร์ต เรล ลิงก์,A5,รามคำแหง,3613,3599,2/2/2022
262,รถไฟระหว่างเมือง,แอร์พอร์ต เรล ลิงก์,A6,มักกะสัน,5592,6189,2/2/2022
263,รถไฟระหว่างเมือง,แอร์พอร์ต เรล ลิงก์,A7,ราชปรารภ,1677,1665,2/2/2022
264,รถไฟระหว่างเมือง,แอร์พอร์ต เรล ลิงก์,A8,พญาไท,6837,7170,2/2/2022
265,รถไฟระหว่างเมือง,แอร์พอร์ต เรล ลิงก์,A1,สุวรรณภูมิ,4578,3925,2/3/2022
266,รถไฟระหว่างเมือง,แอร์พอร์ต เรล ลิงก์,A2,ลาดกระบัง,6303,6139,2/3/2022
267,รถไฟระหว่างเมือง,แอร์พอร์ต เรล ลิงก์,A3,บ้านทับช้าง,2095,2021,2/3/2022
268,รถไฟระหว่างเมือง,แอร์พอร์ต เรล ลิงก์,A4,หัวหมาก,3125,2969,2/3/2022
269,รถไฟระหว่างเมือง,แอร์พอร์ต เรล ลิงก์,A5,รามคำแหง,3746,3691,2/3/2022
270,รถไฟระหว่างเมือง,แอร์พอร์ต เรล ลิงก์,A6,มักกะสัน,5502,6100,2/3/2022
271,รถไฟระหว่างเมือง,แอร์พอร์ต เรล ลิงก์,A7,ราชปรารภ,1692,1681,2/3/2022
272,รถไฟระหว่างเมือง,แอร์พอร์ต เรล ลิงก์,A8,พญาไท,6843,7358,2/3/2022
273,รถไฟระหว่างเมือง,แอร์พอร์ต เรล ลิงก์,A1,สุวรรณภูมิ,5186,4264,2/4/2022
274,รถไฟระหว่างเมือง,แอร์พอร์ต เรล ลิงก์,A2,ลาดกระบัง,6796,6741,2/4/2022
275,รถไฟระหว่างเมือง,แอร์พอร์ต เรล ลิงก์,A3,บ้านทับช้าง,2143,2056,2/4/2022
276,รถไฟระหว่างเมือง,แอร์พอร์ต เรล ลิงก์,A4,หัวหมาก,3191,3265,2/4/2022
277,รถไฟระหว่างเมือง,แอร์พอร์ต เรล ลิงก์,A5,รามคำแหง,3884,4157,2/4/2022
278,รถไฟระหว่างเมือง,แอร์พอร์ต เรล ลิงก์,A6,มักกะสัน,6204,6709,2/4/2022
279,รถไฟระหว่างเมือง,แอร์พอร์ต เรล ลิงก์,A7,ราชปรารภ,1717,1772,2/4/2022
280,รถไฟระหว่างเมือง,แอร์พอร์ต เรล ลิงก์,A8,พญาไท,8110,8267,2/4/2022
281,รถไฟระหว่างเมือง,แอร์พอร์ต เรล ลิงก์,A1,สุวรรณภูมิ,4399,3367,2/5/2022
282,รถไฟระหว่างเมือง,แอร์พอร์ต เรล ลิงก์,A2,ลาดกระบัง,5442,5382,2/5/2022
283,รถไฟระหว่างเมือง,แอร์พอร์ต เรล ลิงก์,A3,บ้านทับช้าง,1271,1200,2/5/2022
284,รถไฟระหว่างเมือง,แอร์พอร์ต เรล ลิงก์,A4,หัวหมาก,2303,2190,2/5/2022
285,รถไฟระหว่างเมือง,แอร์พอร์ต เรล ลิงก์,A5,รามคำแหง,2460,2712,2/5/2022
286,รถไฟระหว่างเมือง,แอร์พอร์ต เรล ลิงก์,A6,มักกะสัน,4079,4541,2/5/2022
287,รถไฟระหว่างเมือง,แอร์พอร์ต เรล ลิงก์,A7,ราชปรารภ,1271,1244,2/5/2022
288,รถไฟระหว่างเมือง,แอร์พอร์ต เรล ลิงก์,A8,พญาไท,6114,6703,2/5/2022
289,รถไฟระหว่างเมือง,แอร์พอร์ต เรล ลิงก์,A1,สุวรรณภูมิ,4439,3806,2/6/2022
290,รถไฟระหว่างเมือง,แอร์พอร์ต เรล ลิงก์,A2,ลาดกระบัง,4472,4539,2/6/2022
291,รถไฟระหว่างเมือง,แอร์พอร์ต เรล ลิงก์,A3,บ้านทับช้าง,907,872,2/6/2022
292,รถไฟระหว่างเมือง,แอร์พอร์ต เรล ลิงก์,A4,หัวหมาก,1773,1765,2/6/2022
293,รถไฟระหว่างเมือง,แอร์พอร์ต เรล ลิงก์,A5,รามคำแหง,2045,2318,2/6/2022
294,รถไฟระหว่างเมือง,แอร์พอร์ต เรล ลิงก์,A6,มักกะสัน,3843,4002,2/6/2022
295,รถไฟระหว่างเมือง,แอร์พอร์ต เรล ลิงก์,A7,ราชปรารภ,1177,1046,2/6/2022
296,รถไฟระหว่างเมือง,แอร์พอร์ต เรล ลิงก์,A8,พญาไท,5048,5356,2/6/2022
297,รถไฟระหว่างเมือง,แอร์พอร์ต เรล ลิงก์,A1,สุวรรณภูมิ,4598,4261,2/7/2022
298,รถไฟระหว่างเมือง,แอร์พอร์ต เรล ลิงก์,A2,ลาดกระบัง,6441,6287,2/7/2022
299,รถไฟระหว่างเมือง,แอร์พอร์ต เรล ลิงก์,A3,บ้านทับช้าง,2010,1971,2/7/2022
300,รถไฟระหว่างเมือง,แอร์พอร์ต เรล ลิงก์,A4,หัวหมาก,3178,3133,2/7/2022
301,รถไฟระหว่างเมือง,แอร์พอร์ต เรล ลิงก์,A5,รามคำแหง,4067,4304,2/7/2022
302,รถไฟระหว่างเมือง,แอร์พอร์ต เรล ลิงก์,A6,มักกะสัน,6291,6579,2/7/2022
303,รถไฟระหว่างเมือง,แอร์พอร์ต เรล ลิงก์,A7,ราชปรารภ,1854,1827,2/7/2022
304,รถไฟระหว่างเมือง,แอร์พอร์ต เรล ลิงก์,A8,พญาไท,7364,7441,2/7/2022
305,รถไฟระหว่างเมือง,แอร์พอร์ต เรล ลิงก์,A1,สุวรรณภูมิ,4582,3743,2/8/2022
306,รถไฟระหว่างเมือง,แอร์พอร์ต เรล ลิงก์,A2,ลาดกระบัง,6160,6027,2/8/2022
307,รถไฟระหว่างเมือง,แอร์พอร์ต เรล ลิงก์,A3,บ้านทับช้าง,2063,2007,2/8/2022
308,รถไฟระหว่างเมือง,แอร์พอร์ต เรล ลิงก์,A4,หัวหมาก,3131,3114,2/8/2022
309,รถไฟระหว่างเมือง,แอร์พอร์ต เรล ลิงก์,A5,รามคำแหง,3520,3622,2/8/2022
310,รถไฟระหว่างเมือง,แอร์พอร์ต เรล ลิงก์,A6,มักกะสัน,5796,6294,2/8/2022
311,รถไฟระหว่างเมือง,แอร์พอร์ต เรล ลิงก์,A7,ราชปรารภ,1647,1735,2/8/2022
312,รถไฟระหว่างเมือง,แอร์พอร์ต เรล ลิงก์,A8,พญาไท,6695,7052,2/8/2022
313,รถไฟระหว่างเมือง,แอร์พอร์ต เรล ลิงก์,A1,สุวรรณภูมิ,4436,3984,2/9/2022
314,รถไฟระหว่างเมือง,แอร์พอร์ต เรล ลิงก์,A2,ลาดกระบัง,6094,6106,2/9/2022
315,รถไฟระหว่างเมือง,แอร์พอร์ต เรล ลิงก์,A3,บ้านทับช้าง,2070,1929,2/9/2022
316,รถไฟระหว่างเมือง,แอร์พอร์ต เรล ลิงก์,A4,หัวหมาก,3069,3013,2/9/2022
317,รถไฟระหว่างเมือง,แอร์พอร์ต เรล ลิงก์,A5,รามคำแหง,3492,3515,2/9/2022
318,รถไฟระหว่างเมือง,แอร์พอร์ต เรล ลิงก์,A6,มักกะสัน,5873,6280,2/9/2022
319,รถไฟระหว่างเมือง,แอร์พอร์ต เรล ลิงก์,A7,ราชปรารภ,1617,1655,2/9/2022
320,รถไฟระหว่างเมือง,แอร์พอร์ต เรล ลิงก์,A8,พญาไท,6706,6875,2/9/2022
321,รถไฟระหว่างเมือง,แอร์พอร์ต เรล ลิงก์,A1,สุวรรณภูมิ,4707,4339,2/10/2022
322,รถไฟระหว่างเมือง,แอร์พอร์ต เรล ลิงก์,A2,ลาดกระบัง,6163,5981,2/10/2022
323,รถไฟระหว่างเมือง,แอร์พอร์ต เรล ลิงก์,A3,บ้านทับช้าง,2048,1937,2/10/2022
324,รถไฟระหว่างเมือง,แอร์พอร์ต เรล ลิงก์,A4,หัวหมาก,3111,3043,2/10/2022
325,รถไฟระหว่างเมือง,แอร์พอร์ต เรล ลิงก์,A5,รามคำแหง,3493,3529,2/10/2022
326,รถไฟระหว่างเมือง,แอร์พอร์ต เรล ลิงก์,A6,มักกะสัน,5876,6466,2/10/2022
327,รถไฟระหว่างเมือง,แอร์พอร์ต เรล ลิงก์,A7,ราชปรารภ,1641,1668,2/10/2022
328,รถไฟระหว่างเมือง,แอร์พอร์ต เรล ลิงก์,A8,พญาไท,6967,7043,2/10/2022
329,รถไฟระหว่างเมือง,แอร์พอร์ต เรล ลิงก์,A1,สุวรรณภูมิ,5596,4771,2/11/2022
330,รถไฟระหว่างเมือง,แอร์พอร์ต เรล ลิงก์,A2,ลาดกระบัง,6449,6471,2/11/2022
331,รถไฟระหว่างเมือง,แอร์พอร์ต เรล ลิงก์,A3,บ้านทับช้าง,2097,1999,2/11/2022
332,รถไฟระหว่างเมือง,แอร์พอร์ต เรล ลิงก์,A4,หัวหมาก,3186,3123,2/11/2022
333,รถไฟระหว่างเมือง,แอร์พอร์ต เรล ลิงก์,A5,รามคำแหง,3652,3686,2/11/2022
334,รถไฟระหว่างเมือง,แอร์พอร์ต เรล ลิงก์,A6,มักกะสัน,6245,6871,2/11/2022
335,รถไฟระหว่างเมือง,แอร์พอร์ต เรล ลิงก์,A7,ราชปรารภ,1786,1703,2/11/2022
336,รถไฟระหว่างเมือง,แอร์พอร์ต เรล ลิงก์,A8,พญาไท,7653,8040,2/11/2022
337,รถไฟระหว่างเมือง,แอร์พอร์ต เรล ลิงก์,A1,สุวรรณภูมิ,4363,4187,2/12/2022
338,รถไฟระหว่างเมือง,แอร์พอร์ต เรล ลิงก์,A2,ลาดกระบัง,4812,4931,2/12/2022
339,รถไฟระหว่างเมือง,แอร์พอร์ต เรล ลิงก์,A3,บ้านทับช้าง,1161,1123,2/12/2022
340,รถไฟระหว่างเมือง,แอร์พอร์ต เรล ลิงก์,A4,หัวหมาก,2173,2110,2/12/2022
341,รถไฟระหว่างเมือง,แอร์พอร์ต เรล ลิงก์,A5,รามคำแหง,2449,2558,2/12/2022
342,รถไฟระหว่างเมือง,แอร์พอร์ต เรล ลิงก์,A6,มักกะสัน,4405,4573,2/12/2022
343,รถไฟระหว่างเมือง,แอร์พอร์ต เรล ลิงก์,A7,ราชปรารภ,1346,1273,2/12/2022
344,รถไฟระหว่างเมือง,แอร์พอร์ต เรล ลิงก์,A8,พญาไท,6054,6008,2/12/2022
345,รถไฟระหว่างเมือง,แอร์พอร์ต เรล ลิงก์,A1,สุวรรณภูมิ,4400,4086,2/13/2022
346,รถไฟระหว่างเมือง,แอร์พอร์ต เรล ลิงก์,A2,ลาดกระบัง,4248,4324,2/13/2022
347,รถไฟระหว่างเมือง,แอร์พอร์ต เรล ลิงก์,A3,บ้านทับช้าง,885,889,2/13/2022
348,รถไฟระหว่างเมือง,แอร์พอร์ต เรล ลิงก์,A4,หัวหมาก,1841,1751,2/13/2022
349,รถไฟระหว่างเมือง,แอร์พอร์ต เรล ลิงก์,A5,รามคำแหง,1895,2152,2/13/2022
350,รถไฟระหว่างเมือง,แอร์พอร์ต เรล ลิงก์,A6,มักกะสัน,3645,3765,2/13/2022
351,รถไฟระหว่างเมือง,แอร์พอร์ต เรล ลิงก์,A7,ราชปรารภ,1288,1112,2/13/2022
352,รถไฟระหว่างเมือง,แอร์พอร์ต เรล ลิงก์,A8,พญาไท,5091,5214,2/13/2022
353,รถไฟระหว่างเมือง,แอร์พอร์ต เรล ลิงก์,A1,สุวรรณภูมิ,4701,4225,2/14/2022
354,รถไฟระหว่างเมือง,แอร์พอร์ต เรล ลิงก์,A2,ลาดกระบัง,6582,6501,2/14/2022
355,รถไฟระหว่างเมือง,แอร์พอร์ต เรล ลิงก์,A3,บ้านทับช้าง,2074,2014,2/14/2022
356,รถไฟระหว่างเมือง,แอร์พอร์ต เรล ลิงก์,A4,หัวหมาก,3127,3088,2/14/2022
357,รถไฟระหว่างเมือง,แอร์พอร์ต เรล ลิงก์,A5,รามคำแหง,3630,3613,2/14/2022
358,รถไฟระหว่างเมือง,แอร์พอร์ต เรล ลิงก์,A6,มักกะสัน,6154,6523,2/14/2022
359,รถไฟระหว่างเมือง,แอร์พอร์ต เรล ลิงก์,A7,ราชปรารภ,1752,1709,2/14/2022
360,รถไฟระหว่างเมือง,แอร์พอร์ต เรล ลิงก์,A8,พญาไท,7348,7695,2/14/2022
361,รถไฟระหว่างเมือง,แอร์พอร์ต เรล ลิงก์,A1,สุวรรณภูมิ,4804,4430,2/15/2022
362,รถไฟระหว่างเมือง,แอร์พอร์ต เรล ลิงก์,A2,ลาดกระบัง,6235,6374,2/15/2022
363,รถไฟระหว่างเมือง,แอร์พอร์ต เรล ลิงก์,A3,บ้านทับช้าง,2055,2021,2/15/2022
364,รถไฟระหว่างเมือง,แอร์พอร์ต เรล ลิงก์,A4,หัวหมาก,3165,3059,2/15/2022
365,รถไฟระหว่างเมือง,แอร์พอร์ต เรล ลิงก์,A5,รามคำแหง,3610,3743,2/15/2022
366,รถไฟระหว่างเมือง,แอร์พอร์ต เรล ลิงก์,A6,มักกะสัน,6210,6625,2/15/2022
367,รถไฟระหว่างเมือง,แอร์พอร์ต เรล ลิงก์,A7,ราชปรารภ,1712,1696,2/15/2022
368,รถไฟระหว่างเมือง,แอร์พอร์ต เรล ลิงก์,A8,พญาไท,7461,7304,2/15/2022
369,รถไฟระหว่างเมือง,แอร์พอร์ต เรล ลิงก์,A1,สุวรรณภูมิ,4672,3870,2/16/2022
370,รถไฟระหว่างเมือง,แอร์พอร์ต เรล ลิงก์,A2,ลาดกระบัง,3939,3953,2/16/2022
371,รถไฟระหว่างเมือง,แอร์พอร์ต เรล ลิงก์,A3,บ้านทับช้าง,1018,962,2/16/2022
372,รถไฟระหว่างเมือง,แอร์พอร์ต เรล ลิงก์,A4,หัวหมาก,1874,1829,2/16/2022
373,รถไฟระหว่างเมือง,แอร์พอร์ต เรล ลิงก์,A5,รามคำแหง,2170,2426,2/16/2022
374,รถไฟระหว่างเมือง,แอร์พอร์ต เรล ลิงก์,A6,มักกะสัน,3732,4119,2/16/2022
375,รถไฟระหว่างเมือง,แอร์พอร์ต เรล ลิงก์,A7,ราชปรารภ,1243,1158,2/16/2022
376,รถไฟระหว่างเมือง,แอร์พอร์ต เรล ลิงก์,A8,พญาไท,4672,5003,2/16/2022
377,รถไฟระหว่างเมือง,แอร์พอร์ต เรล ลิงก์,A1,สุวรรณภูมิ,5132,4122,2/17/2022
378,รถไฟระหว่างเมือง,แอร์พอร์ต เรล ลิงก์,A2,ลาดกระบัง,6040,5971,2/17/2022
379,รถไฟระหว่างเมือง,แอร์พอร์ต เรล ลิงก์,A3,บ้านทับช้าง,1993,1885,2/17/2022
380,รถไฟระหว่างเมือง,แอร์พอร์ต เรล ลิงก์,A4,หัวหมาก,2975,2974,2/17/2022
381,รถไฟระหว่างเมือง,แอร์พอร์ต เรล ลิงก์,A5,รามคำแหง,3408,3605,2/17/2022
382,รถไฟระหว่างเมือง,แอร์พอร์ต เรล ลิงก์,A6,มักกะสัน,5696,6347,2/17/2022
383,รถไฟระหว่างเมือง,แอร์พอร์ต เรล ลิงก์,A7,ราชปรารภ,1661,1638,2/17/2022
384,รถไฟระหว่างเมือง,แอร์พอร์ต เรล ลิงก์,A8,พญาไท,6833,7196,2/17/2022
385,รถไฟระหว่างเมือง,แอร์พอร์ต เรล ลิงก์,A1,สุวรรณภูมิ,5101,4442,2/18/2022
386,รถไฟระหว่างเมือง,แอร์พอร์ต เรล ลิงก์,A2,ลาดกระบัง,6412,6330,2/18/2022
387,รถไฟระหว่างเมือง,แอร์พอร์ต เรล ลิงก์,A3,บ้านทับช้าง,2098,2010,2/18/2022
388,รถไฟระหว่างเมือง,แอร์พอร์ต เรล ลิงก์,A4,หัวหมาก,3127,3075,2/18/2022
389,รถไฟระหว่างเมือง,แอร์พอร์ต เรล ลิงก์,A5,รามคำแหง,3552,3600,2/18/2022
390,รถไฟระหว่างเมือง,แอร์พอร์ต เรล ลิงก์,A6,มักกะสัน,6066,6513,2/18/2022
391,รถไฟระหว่างเมือง,แอร์พอร์ต เรล ลิงก์,A7,ราชปรารภ,1724,1684,2/18/2022
392,รถไฟระหว่างเมือง,แอร์พอร์ต เรล ลิงก์,A8,พญาไท,7357,7783,2/18/2022
393,รถไฟระหว่างเมือง,แอร์พอร์ต เรล ลิงก์,A1,สุวรรณภูมิ,4947,3787,2/19/2022
394,รถไฟระหว่างเมือง,แอร์พอร์ต เรล ลิงก์,A2,ลาดกระบัง,4636,4714,2/19/2022
395,รถไฟระหว่างเมือง,แอร์พอร์ต เรล ลิงก์,A3,บ้านทับช้าง,1117,1117,2/19/2022
396,รถไฟระหว่างเมือง,แอร์พอร์ต เรล ลิงก์,A4,หัวหมาก,2051,1966,2/19/2022
397,รถไฟระหว่างเมือง,แอร์พอร์ต เรล ลิงก์,A5,รามคำแหง,2237,2491,2/19/2022
398,รถไฟระหว่างเมือง,แอร์พอร์ต เรล ลิงก์,A6,มักกะสัน,4242,4731,2/19/2022
399,รถไฟระหว่างเมือง,แอร์พอร์ต เรล ลิงก์,A7,ราชปรารภ,1263,1189,2/19/2022
400,รถไฟระหว่างเมือง,แอร์พอร์ต เรล ลิงก์,A8,พญาไท,5391,5889,2/19/2022
401,รถไฟระหว่างเมือง,แอร์พอร์ต เรล ลิงก์,A1,สุวรรณภูมิ,4582,3756,2/20/2022
402,รถไฟระหว่างเมือง,แอร์พอร์ต เรล ลิงก์,A2,ลาดกระบัง,4030,4061,2/20/2022
403,รถไฟระหว่างเมือง,แอร์พอร์ต เรล ลิงก์,A3,บ้านทับช้าง,861,843,2/20/2022
404,รถไฟระหว่างเมือง,แอร์พอร์ต เรล ลิงก์,A4,หัวหมาก,1688,1731,2/20/2022
405,รถไฟระหว่างเมือง,แอร์พอร์ต เรล ลิงก์,A5,รามคำแหง,1874,2092,2/20/2022
406,รถไฟระหว่างเมือง,แอร์พอร์ต เรล ลิงก์,A6,มักกะสัน,3524,3894,2/20/2022
407,รถไฟระหว่างเมือง,แอร์พอร์ต เรล ลิงก์,A7,ราชปรารภ,1257,1080,2/20/2022
408,รถไฟระหว่างเมือง,แอร์พอร์ต เรล ลิงก์,A8,พญาไท,4671,5030,2/20/2022
409,รถไฟระหว่างเมือง,แอร์พอร์ต เรล ลิงก์,A1,สุวรรณภูมิ,5057,4021,2/21/2022
410,รถไฟระหว่างเมือง,แอร์พอร์ต เรล ลิงก์,A2,ลาดกระบัง,6101,6022,2/21/2022
411,รถไฟระหว่างเมือง,แอร์พอร์ต เรล ลิงก์,A3,บ้านทับช้าง,1978,1961,2/21/2022
412,รถไฟระหว่างเมือง,แอร์พอร์ต เรล ลิงก์,A4,หัวหมาก,2999,2954,2/21/2022
413,รถไฟระหว่างเมือง,แอร์พอร์ต เรล ลิงก์,A5,รามคำแหง,3493,3701,2/21/2022
414,รถไฟระหว่างเมือง,แอร์พอร์ต เรล ลิงก์,A6,มักกะสัน,5832,6371,2/21/2022
415,รถไฟระหว่างเมือง,แอร์พอร์ต เรล ลิงก์,A7,ราชปรารภ,1681,1655,2/21/2022
416,รถไฟระหว่างเมือง,แอร์พอร์ต เรล ลิงก์,A8,พญาไท,6817,7273,2/21/2022
417,รถไฟระหว่างเมือง,แอร์พอร์ต เรล ลิงก์,A1,สุวรรณภูมิ,4689,3894,2/22/2022
418,รถไฟระหว่างเมือง,แอร์พอร์ต เรล ลิงก์,A2,ลาดกระบัง,5829,5872,2/22/2022
419,รถไฟระหว่างเมือง,แอร์พอร์ต เรล ลิงก์,A3,บ้านทับช้าง,1962,1878,2/22/2022
420,รถไฟระหว่างเมือง,แอร์พอร์ต เรล ลิงก์,A4,หัวหมาก,2918,2890,2/22/2022
421,รถไฟระหว่างเมือง,แอร์พอร์ต เรล ลิงก์,A5,รามคำแหง,3382,3552,2/22/2022
422,รถไฟระหว่างเมือง,แอร์พอร์ต เรล ลิงก์,A6,มักกะสัน,5566,5959,2/22/2022
423,รถไฟระหว่างเมือง,แอร์พอร์ต เรล ลิงก์,A7,ราชปรารภ,1686,1704,2/22/2022
424,รถไฟระหว่างเมือง,แอร์พอร์ต เรล ลิงก์,A8,พญาไท,6573,6856,2/22/2022
425,รถไฟระหว่างเมือง,แอร์พอร์ต เรล ลิงก์,A1,สุวรรณภูมิ,4399,4015,2/23/2022
426,รถไฟระหว่างเมือง,แอร์พอร์ต เรล ลิงก์,A2,ลาดกระบัง,5916,5808,2/23/2022
427,รถไฟระหว่างเมือง,แอร์พอร์ต เรล ลิงก์,A3,บ้านทับช้าง,1962,1925,2/23/2022
428,รถไฟระหว่างเมือง,แอร์พอร์ต เรล ลิงก์,A4,หัวหมาก,2931,2935,2/23/2022
429,รถไฟระหว่างเมือง,แอร์พอร์ต เรล ลิงก์,A5,รามคำแหง,3405,3488,2/23/2022
430,รถไฟระหว่างเมือง,แอร์พอร์ต เรล ลิงก์,A6,มักกะสัน,5540,5948,2/23/2022
431,รถไฟระหว่างเมือง,แอร์พอร์ต เรล ลิงก์,A7,ราชปรารภ,1737,1640,2/23/2022
432,รถไฟระหว่างเมือง,แอร์พอร์ต เรล ลิงก์,A8,พญาไท,6642,6773,2/23/2022
433,รถไฟระหว่างเมือง,แอร์พอร์ต เรล ลิงก์,A1,สุวรรณภูมิ,4355,4207,2/24/2022
434,รถไฟระหว่างเมือง,แอร์พอร์ต เรล ลิงก์,A2,ลาดกระบัง,5706,5613,2/24/2022
435,รถไฟระหว่างเมือง,แอร์พอร์ต เรล ลิงก์,A3,บ้านทับช้าง,1907,1807,2/24/2022
436,รถไฟระหว่างเมือง,แอร์พอร์ต เรล ลิงก์,A4,หัวหมาก,2834,2757,2/24/2022
437,รถไฟระหว่างเมือง,แอร์พอร์ต เรล ลิงก์,A5,รามคำแหง,3382,3337,2/24/2022
438,รถไฟระหว่างเมือง,แอร์พอร์ต เรล ลิงก์,A6,มักกะสัน,5455,5709,2/24/2022
439,รถไฟระหว่างเมือง,แอร์พอร์ต เรล ลิงก์,A7,ราชปรารภ,1642,1613,2/24/2022
440,รถไฟระหว่างเมือง,แอร์พอร์ต เรล ลิงก์,A8,พญาไท,6513,6751,2/24/2022
441,รถไฟระหว่างเมือง,แอร์พอร์ต เรล ลิงก์,A1,สุวรรณภูมิ,4999,4430,2/25/2022
442,รถไฟระหว่างเมือง,แอร์พอร์ต เรล ลิงก์,A2,ลาดกระบัง,6248,6131,2/25/2022
443,รถไฟระหว่างเมือง,แอร์พอร์ต เรล ลิงก์,A3,บ้านทับช้าง,1959,1855,2/25/2022
444,รถไฟระหว่างเมือง,แอร์พอร์ต เรล ลิงก์,A4,หัวหมาก,2987,2979,2/25/2022
445,รถไฟระหว่างเมือง,แอร์พอร์ต เรล ลิงก์,A5,รามคำแหง,3520,3360,2/25/2022
446,รถไฟระหว่างเมือง,แอร์พอร์ต เรล ลิงก์,A6,มักกะสัน,5849,6469,2/25/2022
447,รถไฟระหว่างเมือง,แอร์พอร์ต เรล ลิงก์,A7,ราชปรารภ,1737,1653,2/25/2022
448,รถไฟระหว่างเมือง,แอร์พอร์ต เรล ลิงก์,A8,พญาไท,6982,7404,2/25/2022
449,รถไฟระหว่างเมือง,แอร์พอร์ต เรล ลิงก์,A1,สุวรรณภูมิ,4454,3972,2/26/2022
450,รถไฟระหว่างเมือง,แอร์พอร์ต เรล ลิงก์,A2,ลาดกระบัง,4468,4427,2/26/2022
451,รถไฟระหว่างเมือง,แอร์พอร์ต เรล ลิงก์,A3,บ้านทับช้าง,1051,1017,2/26/2022
452,รถไฟระหว่างเมือง,แอร์พอร์ต เรล ลิงก์,A4,หัวหมาก,1959,1918,2/26/2022
453,รถไฟระหว่างเมือง,แอร์พอร์ต เรล ลิงก์,A5,รามคำแหง,2259,2534,2/26/2022
454,รถไฟระหว่างเมือง,แอร์พอร์ต เรล ลิงก์,A6,มักกะสัน,4024,4318,2/26/2022
455,รถไฟระหว่างเมือง,แอร์พอร์ต เรล ลิงก์,A7,ราชปรารภ,1279,1248,2/26/2022
456,รถไฟระหว่างเมือง,แอร์พอร์ต เรล ลิงก์,A8,พญาไท,5441,5501,2/26/2022
457,รถไฟระหว่างเมือง,แอร์พอร์ต เรล ลิงก์,A1,สุวรรณภูมิ,4532,3762,2/27/2022
458,รถไฟระหว่างเมือง,แอร์พอร์ต เรล ลิงก์,A2,ลาดกระบัง,3675,3813,2/27/2022
459,รถไฟระหว่างเมือง,แอร์พอร์ต เรล ลิงก์,A3,บ้านทับช้าง,781,789,2/27/2022
460,รถไฟระหว่างเมือง,แอร์พอร์ต เรล ลิงก์,A4,หัวหมาก,1531,1618,2/27/2022
461,รถไฟระหว่างเมือง,แอร์พอร์ต เรล ลิงก์,A5,รามคำแหง,1945,2311,2/27/2022
462,รถไฟระหว่างเมือง,แอร์พอร์ต เรล ลิงก์,A6,มักกะสัน,3503,3616,2/27/2022
463,รถไฟระหว่างเมือง,แอร์พอร์ต เรล ลิงก์,A7,ราชปรารภ,1212,1041,2/27/2022
464,รถไฟระหว่างเมือง,แอร์พอร์ต เรล ลิงก์,A8,พญาไท,4533,4762,2/27/2022
465,รถไฟระหว่างเมือง,แอร์พอร์ต เรล ลิงก์,A1,สุวรรณภูมิ,5114,4092,2/28/2022
466,รถไฟระหว่างเมือง,แอร์พอร์ต เรล ลิงก์,A2,ลาดกระบัง,5867,5681,2/28/2022
467,รถไฟระหว่างเมือง,แอร์พอร์ต เรล ลิงก์,A3,บ้านทับช้าง,1914,1843,2/28/2022
468,รถไฟระหว่างเมือง,แอร์พอร์ต เรล ลิงก์,A4,หัวหมาก,2811,2751,2/28/2022
469,รถไฟระหว่างเมือง,แอร์พอร์ต เรล ลิงก์,A5,รามคำแหง,3484,3706,2/28/2022
470,รถไฟระหว่างเมือง,แอร์พอร์ต เรล ลิงก์,A6,มักกะสัน,5302,5955,2/28/2022
471,รถไฟระหว่างเมือง,แอร์พอร์ต เรล ลิงก์,A7,ราชปรารภ,1606,1651,2/28/2022
472,รถไฟระหว่างเมือง,แอร์พอร์ต เรล ลิงก์,A8,พญาไท,6604,7023,2/28/2022
473,รถไฟระหว่างเมือง,แอร์พอร์ต เรล ลิงก์,A1,สุวรรณภูมิ,4391,3874,3/1/2022
474,รถไฟระหว่างเมือง,แอร์พอร์ต เรล ลิงก์,A2,ลาดกระบัง,5616,5543,3/1/2022
475,รถไฟระหว่างเมือง,แอร์พอร์ต เรล ลิงก์,A3,บ้านทับช้าง,1905,1828,3/1/2022
476,รถไฟระหว่างเมือง,แอร์พอร์ต เรล ลิงก์,A4,หัวหมาก,2759,2800,3/1/2022
477,รถไฟระหว่างเมือง,แอร์พอร์ต เรล ลิงก์,A5,รามคำแหง,3377,3399,3/1/2022
478,รถไฟระหว่างเมือง,แอร์พอร์ต เรล ลิงก์,A6,มักกะสัน,5207,5620,3/1/2022
479,รถไฟระหว่างเมือง,แอร์พอร์ต เรล ลิงก์,A7,ราชปรารภ,1640,1655,3/1/2022
480,รถไฟระหว่างเมือง,แอร์พอร์ต เรล ลิงก์,A8,พญาไท,6399,6575,3/1/2022
481,รถไฟระหว่างเมือง,แอร์พอร์ต เรล ลิงก์,A1,สุวรรณภูมิ,4282,3984,3/2/2022
482,รถไฟระหว่างเมือง,แอร์พอร์ต เรล ลิงก์,A2,ลาดกระบัง,5484,5454,3/2/2022
483,รถไฟระหว่างเมือง,แอร์พอร์ต เรล ลิงก์,A3,บ้านทับช้าง,1875,1706,3/2/2022
484,รถไฟระหว่างเมือง,แอร์พอร์ต เรล ลิงก์,A4,หัวหมาก,2799,2703,3/2/2022
485,รถไฟระหว่างเมือง,แอร์พอร์ต เรล ลิงก์,A5,รามคำแหง,3248,3335,3/2/2022
486,รถไฟระหว่างเมือง,แอร์พอร์ต เรล ลิงก์,A6,มักกะสัน,5049,5453,3/2/2022
487,รถไฟระหว่างเมือง,แอร์พอร์ต เรล ลิงก์,A7,ราชปรารภ,1628,1557,3/2/2022
488,รถไฟระหว่างเมือง,แอร์พอร์ต เรล ลิงก์,A8,พญาไท,6288,6461,3/2/2022
489,รถไฟระหว่างเมือง,แอร์พอร์ต เรล ลิงก์,A1,สุวรรณภูมิ,4536,4023,3/3/2022
490,รถไฟระหว่างเมือง,แอร์พอร์ต เรล ลิงก์,A2,ลาดกระบัง,5483,5490,3/3/2022
491,รถไฟระหว่างเมือง,แอร์พอร์ต เรล ลิงก์,A3,บ้านทับช้าง,1832,1775,3/3/2022
492,รถไฟระหว่างเมือง,แอร์พอร์ต เรล ลิงก์,A4,หัวหมาก,2804,2791,3/3/2022
493,รถไฟระหว่างเมือง,แอร์พอร์ต เรล ลิงก์,A5,รามคำแหง,3265,3356,3/3/2022
494,รถไฟระหว่างเมือง,แอร์พอร์ต เรล ลิงก์,A6,มักกะสัน,5206,5501,3/3/2022
495,รถไฟระหว่างเมือง,แอร์พอร์ต เรล ลิงก์,A7,ราชปรารภ,1601,1532,3/3/2022
496,รถไฟระหว่างเมือง,แอร์พอร์ต เรล ลิงก์,A8,พญาไท,6348,6607,3/3/2022
497,รถไฟระหว่างเมือง,แอร์พอร์ต เรล ลิงก์,A1,สุวรรณภูมิ,5012,4612,3/4/2022
498,รถไฟระหว่างเมือง,แอร์พอร์ต เรล ลิงก์,A2,ลาดกระบัง,5883,5872,3/4/2022
499,รถไฟระหว่างเมือง,แอร์พอร์ต เรล ลิงก์,A3,บ้านทับช้าง,1852,1757,3/4/2022
500,รถไฟระหว่างเมือง,แอร์พอร์ต เรล ลิงก์,A4,หัวหมาก,2930,2838,3/4/2022
501,รถไฟระหว่างเมือง,แอร์พอร์ต เรล ลิงก์,A5,รามคำแหง,3515,3592,3/4/2022
502,รถไฟระหว่างเมือง,แอร์พอร์ต เรล ลิงก์,A6,มักกะสัน,5472,5827,3/4/2022
503,รถไฟระหว่างเมือง,แอร์พอร์ต เรล ลิงก์,A7,ราชปรารภ,1642,1594,3/4/2022
504,รถไฟระหว่างเมือง,แอร์พอร์ต เรล ลิงก์,A8,พญาไท,7092,7306,3/4/2022
505,รถไฟระหว่างเมือง,แอร์พอร์ต เรล ลิงก์,A1,สุวรรณภูมิ,4469,3892,3/5/2022
506,รถไฟระหว่างเมือง,แอร์พอร์ต เรล ลิงก์,A2,ลาดกระบัง,4310,4389,3/5/2022
507,รถไฟระหว่างเมือง,แอร์พอร์ต เรล ลิงก์,A3,บ้านทับช้าง,1099,1081,3/5/2022
508,รถไฟระหว่างเมือง,แอร์พอร์ต เรล ลิงก์,A4,หัวหมาก,1941,1884,3/5/2022
509,รถไฟระหว่างเมือง,แอร์พอร์ต เรล ลิงก์,A5,รามคำแหง,2293,2508,3/5/2022
510,รถไฟระหว่างเมือง,แอร์พอร์ต เรล ลิงก์,A6,มักกะสัน,3665,3948,3/5/2022
511,รถไฟระหว่างเมือง,แอร์พอร์ต เรล ลิงก์,A7,ราชปรารภ,1290,1149,3/5/2022
512,รถไฟระหว่างเมือง,แอร์พอร์ต เรล ลิงก์,A8,พญาไท,5181,5397,3/5/2022
513,รถไฟระหว่างเมือง,แอร์พอร์ต เรล ลิงก์,A1,สุวรรณภูมิ,4633,3665,3/6/2022
514,รถไฟระหว่างเมือง,แอร์พอร์ต เรล ลิงก์,A2,ลาดกระบัง,3772,3793,3/6/2022
515,รถไฟระหว่างเมือง,แอร์พอร์ต เรล ลิงก์,A3,บ้านทับช้าง,820,768,3/6/2022
516,รถไฟระหว่างเมือง,แอร์พอร์ต เรล ลิงก์,A4,หัวหมาก,1563,1562,3/6/2022
517,รถไฟระหว่างเมือง,แอร์พอร์ต เรล ลิงก์,A5,รามคำแหง,2059,2313,3/6/2022
518,รถไฟระหว่างเมือง,แอร์พอร์ต เรล ลิงก์,A6,มักกะสัน,3195,3452,3/6/2022
519,รถไฟระหว่างเมือง,แอร์พอร์ต เรล ลิงก์,A7,ราชปรารภ,1154,1070,3/6/2022
520,รถไฟระหว่างเมือง,แอร์พอร์ต เรล ลิงก์,A8,พญาไท,4457,5030,3/6/2022
521,รถไฟระหว่างเมือง,แอร์พอร์ต เรล ลิงก์,A1,สุวรรณภูมิ,4789,4212,3/7/2022
522,รถไฟระหว่างเมือง,แอร์พอร์ต เรล ลิงก์,A2,ลาดกระบัง,5635,5640,3/7/2022
523,รถไฟระหว่างเมือง,แอร์พอร์ต เรล ลิงก์,A3,บ้านทับช้าง,1824,1743,3/7/2022
524,รถไฟระหว่างเมือง,แอร์พอร์ต เรล ลิงก์,A4,หัวหมาก,2810,2812,3/7/2022
525,รถไฟระหว่างเมือง,แอร์พอร์ต เรล ลิงก์,A5,รามคำแหง,3293,3486,3/7/2022
526,รถไฟระหว่างเมือง,แอร์พอร์ต เรล ลิงก์,A6,มักกะสัน,5256,5662,3/7/2022
527,รถไฟระหว่างเมือง,แอร์พอร์ต เรล ลิงก์,A7,ราชปรารภ,1606,1535,3/7/2022
528,รถไฟระหว่างเมือง,แอร์พอร์ต เรล ลิงก์,A8,พญาไท,6675,6798,3/7/2022
529,รถไฟระหว่างเมือง,แอร์พอร์ต เรล ลิงก์,A1,สุวรรณภูมิ,4676,4107,3/8/2022
530,รถไฟระหว่างเมือง,แอร์พอร์ต เรล ลิงก์,A2,ลาดกระบัง,5552,5674,3/8/2022
531,รถไฟระหว่างเมือง,แอร์พอร์ต เรล ลิงก์,A3,บ้านทับช้าง,1880,1745,3/8/2022
532,รถไฟระหว่างเมือง,แอร์พอร์ต เรล ลิงก์,A4,หัวหมาก,2836,2772,3/8/2022
533,รถไฟระหว่างเมือง,แอร์พอร์ต เรล ลิงก์,A5,รามคำแหง,3440,3464,3/8/2022
534,รถไฟระหว่างเมือง,แอร์พอร์ต เรล ลิงก์,A6,มักกะสัน,5248,5622,3/8/2022
535,รถไฟระหว่างเมือง,แอร์พอร์ต เรล ลิงก์,A7,ราชปรารภ,1558,1546,3/8/2022
536,รถไฟระหว่างเมือง,แอร์พอร์ต เรล ลิงก์,A8,พญาไท,6397,6657,3/8/2022
537,รถไฟระหว่างเมือง,แอร์พอร์ต เรล ลิงก์,A1,สุวรรณภูมิ,4647,4255,3/9/2022
538,รถไฟระหว่างเมือง,แอร์พอร์ต เรล ลิงก์,A2,ลาดกระบัง,5496,5580,3/9/2022
539,รถไฟระหว่างเมือง,แอร์พอร์ต เรล ลิงก์,A3,บ้านทับช้าง,1893,1809,3/9/2022
540,รถไฟระหว่างเมือง,แอร์พอร์ต เรล ลิงก์,A4,หัวหมาก,2915,2772,3/9/2022
541,รถไฟระหว่างเมือง,แอร์พอร์ต เรล ลิงก์,A5,รามคำแหง,3219,3343,3/9/2022
542,รถไฟระหว่างเมือง,แอร์พอร์ต เรล ลิงก์,A6,มักกะสัน,5225,5515,3/9/2022
543,รถไฟระหว่างเมือง,แอร์พอร์ต เรล ลิงก์,A7,ราชปรารภ,1524,1530,3/9/2022
544,รถไฟระหว่างเมือง,แอร์พอร์ต เรล ลิงก์,A8,พญาไท,6569,6684,3/9/2022
545,รถไฟระหว่างเมือง,แอร์พอร์ต เรล ลิงก์,A1,สุวรรณภูมิ,4741,4311,3/10/2022
546,รถไฟระหว่างเมือง,แอร์พอร์ต เรล ลิงก์,A2,ลาดกระบัง,5482,5499,3/10/2022
547,รถไฟระหว่างเมือง,แอร์พอร์ต เรล ลิงก์,A3,บ้านทับช้าง,1897,1791,3/10/2022
548,รถไฟระหว่างเมือง,แอร์พอร์ต เรล ลิงก์,A4,หัวหมาก,2757,2742,3/10/2022
549,รถไฟระหว่างเมือง,แอร์พอร์ต เรล ลิงก์,A5,รามคำแหง,3201,3358,3/10/2022
550,รถไฟระหว่างเมือง,แอร์พอร์ต เรล ลิงก์,A6,มักกะสัน,5282,5629,3/10/2022
551,รถไฟระหว่างเมือง,แอร์พอร์ต เรล ลิงก์,A7,ราชปรารภ,1588,1531,3/10/2022
552,รถไฟระหว่างเมือง,แอร์พอร์ต เรล ลิงก์,A8,พญาไท,6510,6597,3/10/2022
553,รถไฟระหว่างเมือง,แอร์พอร์ต เรล ลิงก์,A1,สุวรรณภูมิ,4998,4675,3/11/2022
554,รถไฟระหว่างเมือง,แอร์พอร์ต เรล ลิงก์,A2,ลาดกระบัง,5915,6057,3/11/2022
555,รถไฟระหว่างเมือง,แอร์พอร์ต เรล ลิงก์,A3,บ้านทับช้าง,1954,1828,3/11/2022
556,รถไฟระหว่างเมือง,แอร์พอร์ต เรล ลิงก์,A4,หัวหมาก,2884,2809,3/11/2022
557,รถไฟระหว่างเมือง,แอร์พอร์ต เรล ลิงก์,A5,รามคำแหง,3353,3356,3/11/2022
558,รถไฟระหว่างเมือง,แอร์พอร์ต เรล ลิงก์,A6,มักกะสัน,5691,5925,3/11/2022
559,รถไฟระหว่างเมือง,แอร์พอร์ต เรล ลิงก์,A7,ราชปรารภ,1568,1592,3/11/2022
560,รถไฟระหว่างเมือง,แอร์พอร์ต เรล ลิงก์,A8,พญาไท,7062,7183,3/11/2022
561,รถไฟระหว่างเมือง,แอร์พอร์ต เรล ลิงก์,A1,สุวรรณภูมิ,4494,4060,3/12/2022
562,รถไฟระหว่างเมือง,แอร์พอร์ต เรล ลิงก์,A2,ลาดกระบัง,4544,4778,3/12/2022
563,รถไฟระหว่างเมือง,แอร์พอร์ต เรล ลิงก์,A3,บ้านทับช้าง,1068,1043,3/12/2022
564,รถไฟระหว่างเมือง,แอร์พอร์ต เรล ลิงก์,A4,หัวหมาก,1930,1954,3/12/2022
565,รถไฟระหว่างเมือง,แอร์พอร์ต เรล ลิงก์,A5,รามคำแหง,2256,2413,3/12/2022
566,รถไฟระหว่างเมือง,แอร์พอร์ต เรล ลิงก์,A6,มักกะสัน,3964,4053,3/12/2022
567,รถไฟระหว่างเมือง,แอร์พอร์ต เรล ลิงก์,A7,ราชปรารภ,1296,1156,3/12/2022
568,รถไฟระหว่างเมือง,แอร์พอร์ต เรล ลิงก์,A8,พญาไท,5289,5384,3/12/2022
569,รถไฟระหว่างเมือง,แอร์พอร์ต เรล ลิงก์,A1,สุวรรณภูมิ,4748,3802,3/13/2022
570,รถไฟระหว่างเมือง,แอร์พอร์ต เรล ลิงก์,A2,ลาดกระบัง,4091,4115,3/13/2022
571,รถไฟระหว่างเมือง,แอร์พอร์ต เรล ลิงก์,A3,บ้านทับช้าง,804,885,3/13/2022
572,รถไฟระหว่างเมือง,แอร์พอร์ต เรล ลิงก์,A4,หัวหมาก,1652,1631,3/13/2022
573,รถไฟระหว่างเมือง,แอร์พอร์ต เรล ลิงก์,A5,รามคำแหง,1856,2033,3/13/2022
574,รถไฟระหว่างเมือง,แอร์พอร์ต เรล ลิงก์,A6,มักกะสัน,3260,3760,3/13/2022
575,รถไฟระหว่างเมือง,แอร์พอร์ต เรล ลิงก์,A7,ราชปรารภ,1073,928,3/13/2022
576,รถไฟระหว่างเมือง,แอร์พอร์ต เรล ลิงก์,A8,พญาไท,4603,4933,3/13/2022
577,รถไฟระหว่างเมือง,แอร์พอร์ต เรล ลิงก์,A1,สุวรรณภูมิ,5099,4140,3/14/2022
578,รถไฟระหว่างเมือง,แอร์พอร์ต เรล ลิงก์,A2,ลาดกระบัง,5060,5745,3/14/2022
579,รถไฟระหว่างเมือง,แอร์พอร์ต เรล ลิงก์,A3,บ้านทับช้าง,1600,1788,3/14/2022
580,รถไฟระหว่างเมือง,แอร์พอร์ต เรล ลิงก์,A4,หัวหมาก,2556,2703,3/14/2022
581,รถไฟระหว่างเมือง,แอร์พอร์ต เรล ลิงก์,A5,รามคำแหง,3002,3240,3/14/2022
582,รถไฟระหว่างเมือง,แอร์พอร์ต เรล ลิงก์,A6,มักกะสัน,5203,5072,3/14/2022
583,รถไฟระหว่างเมือง,แอร์พอร์ต เรล ลิงก์,A7,ราชปรารภ,1522,1395,3/14/2022
584,รถไฟระหว่างเมือง,แอร์พอร์ต เรล ลิงก์,A8,พญาไท,6482,6441,3/14/2022
585,รถไฟระหว่างเมือง,แอร์พอร์ต เรล ลิงก์,A1,สุวรรณภูมิ,4736,4075,3/15/2022
586,รถไฟระหว่างเมือง,แอร์พอร์ต เรล ลิงก์,A2,ลาดกระบัง,5750,5869,3/15/2022
587,รถไฟระหว่างเมือง,แอร์พอร์ต เรล ลิงก์,A3,บ้านทับช้าง,1892,1835,3/15/2022
588,รถไฟระหว่างเมือง,แอร์พอร์ต เรล ลิงก์,A4,หัวหมาก,2881,2883,3/15/2022
589,รถไฟระหว่างเมือง,แอร์พอร์ต เรล ลิงก์,A5,รามคำแหง,3353,3425,3/15/2022
590,รถไฟระหว่างเมือง,แอร์พอร์ต เรล ลิงก์,A6,มักกะสัน,5495,5759,3/15/2022
591,รถไฟระหว่างเมือง,แอร์พอร์ต เรล ลิงก์,A7,ราชปรารภ,1542,1542,3/15/2022
592,รถไฟระหว่างเมือง,แอร์พอร์ต เรล ลิงก์,A8,พญาไท,6580,6841,3/15/2022
593,รถไฟระหว่างเมือง,แอร์พอร์ต เรล ลิงก์,A1,สุวรรณภูมิ,4831,4168,3/16/2022
594,รถไฟระหว่างเมือง,แอร์พอร์ต เรล ลิงก์,A2,ลาดกระบัง,5712,5818,3/16/2022
595,รถไฟระหว่างเมือง,แอร์พอร์ต เรล ลิงก์,A3,บ้านทับช้าง,1898,1813,3/16/2022
596,รถไฟระหว่างเมือง,แอร์พอร์ต เรล ลิงก์,A4,หัวหมาก,2848,2798,3/16/2022
597,รถไฟระหว่างเมือง,แอร์พอร์ต เรล ลิงก์,A5,รามคำแหง,3299,3426,3/16/2022
598,รถไฟระหว่างเมือง,แอร์พอร์ต เรล ลิงก์,A6,มักกะสัน,5337,5754,3/16/2022
599,รถไฟระหว่างเมือง,แอร์พอร์ต เรล ลิงก์,A7,ราชปรารภ,1598,1458,3/16/2022
600,รถไฟระหว่างเมือง,แอร์พอร์ต เรล ลิงก์,A8,พญาไท,6591,6879,3/16/2022
601,รถไฟระหว่างเมือง,แอร์พอร์ต เรล ลิงก์,A1,สุวรรณภูมิ,4731,4129,3/17/2022
602,รถไฟระหว่างเมือง,แอร์พอร์ต เรล ลิงก์,A2,ลาดกระบัง,5716,5681,3/17/2022
603,รถไฟระหว่างเมือง,แอร์พอร์ต เรล ลิงก์,A3,บ้านทับช้าง,1894,1772,3/17/2022
604,รถไฟระหว่างเมือง,แอร์พอร์ต เรล ลิงก์,A4,หัวหมาก,2941,2880,3/17/2022
605,รถไฟระหว่างเมือง,แอร์พอร์ต เรล ลิงก์,A5,รามคำแหง,3277,3399,3/17/2022
606,รถไฟระหว่างเมือง,แอร์พอร์ต เรล ลิงก์,A6,มักกะสัน,5184,5670,3/17/2022
607,รถไฟระหว่างเมือง,แอร์พอร์ต เรล ลิงก์,A7,ราชปรารภ,1639,1619,3/17/2022
608,รถไฟระหว่างเมือง,แอร์พอร์ต เรล ลิงก์,A8,พญาไท,6688,6920,3/17/2022
609,รถไฟระหว่างเมือง,แอร์พอร์ต เรล ลิงก์,A1,สุวรรณภูมิ,5375,4449,3/18/2022
610,รถไฟระหว่างเมือง,แอร์พอร์ต เรล ลิงก์,A2,ลาดกระบัง,6110,6096,3/18/2022
611,รถไฟระหว่างเมือง,แอร์พอร์ต เรล ลิงก์,A3,บ้านทับช้าง,1992,1870,3/18/2022
612,รถไฟระหว่างเมือง,แอร์พอร์ต เรล ลิงก์,A4,หัวหมาก,2967,2909,3/18/2022
613,รถไฟระหว่างเมือง,แอร์พอร์ต เรล ลิงก์,A5,รามคำแหง,3375,3505,3/18/2022
614,รถไฟระหว่างเมือง,แอร์พอร์ต เรล ลิงก์,A6,มักกะสัน,5789,6354,3/18/2022
615,รถไฟระหว่างเมือง,แอร์พอร์ต เรล ลิงก์,A7,ราชปรารภ,1599,1565,3/18/2022
616,รถไฟระหว่างเมือง,แอร์พอร์ต เรล ลิงก์,A8,พญาไท,7135,7594,3/18/2022
617,รถไฟระหว่างเมือง,แอร์พอร์ต เรล ลิงก์,A1,สุวรรณภูมิ,4978,4120,3/19/2022
618,รถไฟระหว่างเมือง,แอร์พอร์ต เรล ลิงก์,A2,ลาดกระบัง,4954,5041,3/19/2022
619,รถไฟระหว่างเมือง,แอร์พอร์ต เรล ลิงก์,A3,บ้านทับช้าง,1156,1131,3/19/2022
620,รถไฟระหว่างเมือง,แอร์พอร์ต เรล ลิงก์,A4,หัวหมาก,2164,2118,3/19/2022
621,รถไฟระหว่างเมือง,แอร์พอร์ต เรล ลิงก์,A5,รามคำแหง,2314,2664,3/19/2022
622,รถไฟระหว่างเมือง,แอร์พอร์ต เรล ลิงก์,A6,มักกะสัน,4144,4314,3/19/2022
623,รถไฟระหว่างเมือง,แอร์พอร์ต เรล ลิงก์,A7,ราชปรารภ,1318,1209,3/19/2022
624,รถไฟระหว่างเมือง,แอร์พอร์ต เรล ลิงก์,A8,พญาไท,5908,6339,3/19/2022
625,รถไฟระหว่างเมือง,แอร์พอร์ต เรล ลิงก์,A1,สุวรรณภูมิ,4586,3981,3/20/2022
626,รถไฟระหว่างเมือง,แอร์พอร์ต เรล ลิงก์,A2,ลาดกระบัง,4022,4162,3/20/2022
627,รถไฟระหว่างเมือง,แอร์พอร์ต เรล ลิงก์,A3,บ้านทับช้าง,881,888,3/20/2022
628,รถไฟระหว่างเมือง,แอร์พอร์ต เรล ลิงก์,A4,หัวหมาก,1759,1787,3/20/2022
629,รถไฟระหว่างเมือง,แอร์พอร์ต เรล ลิงก์,A5,รามคำแหง,1987,2352,3/20/2022
630,รถไฟระหว่างเมือง,แอร์พอร์ต เรล ลิงก์,A6,มักกะสัน,3572,3619,3/20/2022
631,รถไฟระหว่างเมือง,แอร์พอร์ต เรล ลิงก์,A7,ราชปรารภ,1150,1034,3/20/2022
632,รถไฟระหว่างเมือง,แอร์พอร์ต เรล ลิงก์,A8,พญาไท,5072,5206,3/20/2022
633,รถไฟระหว่างเมือง,แอร์พอร์ต เรล ลิงก์,A1,สุวรรณภูมิ,4849,4762,3/21/2022
634,รถไฟระหว่างเมือง,แอร์พอร์ต เรล ลิงก์,A2,ลาดกระบัง,6037,6003,3/21/2022
635,รถไฟระหว่างเมือง,แอร์พอร์ต เรล ลิงก์,A3,บ้านทับช้าง,1941,1860,3/21/2022
636,รถไฟระหว่างเมือง,แอร์พอร์ต เรล ลิงก์,A4,หัวหมาก,3091,3045,3/21/2022
637,รถไฟระหว่างเมือง,แอร์พอร์ต เรล ลิงก์,A5,รามคำแหง,3453,3460,3/21/2022
638,รถไฟระหว่างเมือง,แอร์พอร์ต เรล ลิงก์,A6,มักกะสัน,5688,5992,3/21/2022
639,รถไฟระหว่างเมือง,แอร์พอร์ต เรล ลิงก์,A7,ราชปรารภ,1574,1527,3/21/2022
640,รถไฟระหว่างเมือง,แอร์พอร์ต เรล ลิงก์,A8,พญาไท,7330,7314,3/21/2022
641,รถไฟระหว่างเมือง,แอร์พอร์ต เรล ลิงก์,A1,สุวรรณภูมิ,5067,4440,3/22/2022
642,รถไฟระหว่างเมือง,แอร์พอร์ต เรล ลิงก์,A2,ลาดกระบัง,5699,5796,3/22/2022
643,รถไฟระหว่างเมือง,แอร์พอร์ต เรล ลิงก์,A3,บ้านทับช้าง,1862,1811,3/22/2022
644,รถไฟระหว่างเมือง,แอร์พอร์ต เรล ลิงก์,A4,หัวหมาก,2935,2827,3/22/2022
645,รถไฟระหว่างเมือง,แอร์พอร์ต เรล ลิงก์,A5,รามคำแหง,3342,3404,3/22/2022
646,รถไฟระหว่างเมือง,แอร์พอร์ต เรล ลิงก์,A6,มักกะสัน,5506,5826,3/22/2022
647,รถไฟระหว่างเมือง,แอร์พอร์ต เรล ลิงก์,A7,ราชปรารภ,1624,1562,3/22/2022
648,รถไฟระหว่างเมือง,แอร์พอร์ต เรล ลิงก์,A8,พญาไท,6829,7198,3/22/2022
649,รถไฟระหว่างเมือง,แอร์พอร์ต เรล ลิงก์,A1,สุวรรณภูมิ,4790,4513,3/23/2022
650,รถไฟระหว่างเมือง,แอร์พอร์ต เรล ลิงก์,A2,ลาดกระบัง,5699,5721,3/23/2022
651,รถไฟระหว่างเมือง,แอร์พอร์ต เรล ลิงก์,A3,บ้านทับช้าง,1925,1851,3/23/2022
652,รถไฟระหว่างเมือง,แอร์พอร์ต เรล ลิงก์,A4,หัวหมาก,2947,2786,3/23/2022
653,รถไฟระหว่างเมือง,แอร์พอร์ต เรล ลิงก์,A5,รามคำแหง,3358,3362,3/23/2022
654,รถไฟระหว่างเมือง,แอร์พอร์ต เรล ลิงก์,A6,มักกะสัน,5290,5694,3/23/2022
655,รถไฟระหว่างเมือง,แอร์พอร์ต เรล ลิงก์,A7,ราชปรารภ,1628,1505,3/23/2022
656,รถไฟระหว่างเมือง,แอร์พอร์ต เรล ลิงก์,A8,พญาไท,6791,6996,3/23/2022
657,รถไฟระหว่างเมือง,แอร์พอร์ต เรล ลิงก์,A1,สุวรรณภูมิ,4953,4593,3/24/2022
658,รถไฟระหว่างเมือง,แอร์พอร์ต เรล ลิงก์,A2,ลาดกระบัง,5650,5584,3/24/2022
659,รถไฟระหว่างเมือง,แอร์พอร์ต เรล ลิงก์,A3,บ้านทับช้าง,1914,1864,3/24/2022
660,รถไฟระหว่างเมือง,แอร์พอร์ต เรล ลิงก์,A4,หัวหมาก,2944,2759,3/24/2022
661,รถไฟระหว่างเมือง,แอร์พอร์ต เรล ลิงก์,A5,รามคำแหง,3271,3426,3/24/2022
662,รถไฟระหว่างเมือง,แอร์พอร์ต เรล ลิงก์,A6,มักกะสัน,5435,5763,3/24/2022
663,รถไฟระหว่างเมือง,แอร์พอร์ต เรล ลิงก์,A7,ราชปรารภ,1620,1533,3/24/2022
664,รถไฟระหว่างเมือง,แอร์พอร์ต เรล ลิงก์,A8,พญาไท,6819,7084,3/24/2022
665,รถไฟระหว่างเมือง,แอร์พอร์ต เรล ลิงก์,A1,สุวรรณภูมิ,5813,5024,3/25/2022
666,รถไฟระหว่างเมือง,แอร์พอร์ต เรล ลิงก์,A2,ลาดกระบัง,6311,6291,3/25/2022
667,รถไฟระหว่างเมือง,แอร์พอร์ต เรล ลิงก์,A3,บ้านทับช้าง,1905,1797,3/25/2022
668,รถไฟระหว่างเมือง,แอร์พอร์ต เรล ลิงก์,A4,หัวหมาก,3148,2936,3/25/2022
669,รถไฟระหว่างเมือง,แอร์พอร์ต เรล ลิงก์,A5,รามคำแหง,3630,3635,3/25/2022
670,รถไฟระหว่างเมือง,แอร์พอร์ต เรล ลิงก์,A6,มักกะสัน,5761,6372,3/25/2022
671,รถไฟระหว่างเมือง,แอร์พอร์ต เรล ลิงก์,A7,ราชปรารภ,1740,1714,3/25/2022
672,รถไฟระหว่างเมือง,แอร์พอร์ต เรล ลิงก์,A8,พญาไท,7509,8048,3/25/2022
673,รถไฟระหว่างเมือง,แอร์พอร์ต เรล ลิงก์,A1,สุวรรณภูมิ,5012,4435,3/26/2022
674,รถไฟระหว่างเมือง,แอร์พอร์ต เรล ลิงก์,A2,ลาดกระบัง,5307,5365,3/26/2022
675,รถไฟระหว่างเมือง,แอร์พอร์ต เรล ลิงก์,A3,บ้านทับช้าง,1171,1142,3/26/2022
676,รถไฟระหว่างเมือง,แอร์พอร์ต เรล ลิงก์,A4,หัวหมาก,2182,2227,3/26/2022
677,รถไฟระหว่างเมือง,แอร์พอร์ต เรล ลิงก์,A5,รามคำแหง,2489,2711,3/26/2022
678,รถไฟระหว่างเมือง,แอร์พอร์ต เรล ลิงก์,A6,มักกะสัน,4406,4472,3/26/2022
679,รถไฟระหว่างเมือง,แอร์พอร์ต เรล ลิงก์,A7,ราชปรารภ,1368,1226,3/26/2022
680,รถไฟระหว่างเมือง,แอร์พอร์ต เรล ลิงก์,A8,พญาไท,6218,6575,3/26/2022
681,รถไฟระหว่างเมือง,แอร์พอร์ต เรล ลิงก์,A1,สุวรรณภูมิ,4946,4279,3/27/2022
682,รถไฟระหว่างเมือง,แอร์พอร์ต เรล ลิงก์,A2,ลาดกระบัง,4520,4508,3/27/2022
683,รถไฟระหว่างเมือง,แอร์พอร์ต เรล ลิงก์,A3,บ้านทับช้าง,902,855,3/27/2022
684,รถไฟระหว่างเมือง,แอร์พอร์ต เรล ลิงก์,A4,หัวหมาก,1733,1779,3/27/2022
685,รถไฟระหว่างเมือง,แอร์พอร์ต เรล ลิงก์,A5,รามคำแหง,2059,2321,3/27/2022
686,รถไฟระหว่างเมือง,แอร์พอร์ต เรล ลิงก์,A6,มักกะสัน,3783,4101,3/27/2022
687,รถไฟระหว่างเมือง,แอร์พอร์ต เรล ลิงก์,A7,ราชปรารภ,1196,1108,3/27/2022
688,รถไฟระหว่างเมือง,แอร์พอร์ต เรล ลิงก์,A8,พญาไท,5332,5520,3/27/2022
689,รถไฟระหว่างเมือง,แอร์พอร์ต เรล ลิงก์,A1,สุวรรณภูมิ,5445,5082,3/28/2022
690,รถไฟระหว่างเมือง,แอร์พอร์ต เรล ลิงก์,A2,ลาดกระบัง,6217,6074,3/28/2022
691,รถไฟระหว่างเมือง,แอร์พอร์ต เรล ลิงก์,A3,บ้านทับช้าง,1953,1880,3/28/2022
692,รถไฟระหว่างเมือง,แอร์พอร์ต เรล ลิงก์,A4,หัวหมาก,3111,3009,3/28/2022
693,รถไฟระหว่างเมือง,แอร์พอร์ต เรล ลิงก์,A5,รามคำแหง,3456,3679,3/28/2022
694,รถไฟระหว่างเมือง,แอร์พอร์ต เรล ลิงก์,A6,มักกะสัน,5798,6300,3/28/2022
695,รถไฟระหว่างเมือง,แอร์พอร์ต เรล ลิงก์,A7,ราชปรารภ,1727,1649,3/28/2022
696,รถไฟระหว่างเมือง,แอร์พอร์ต เรล ลิงก์,A8,พญาไท,7471,7505,3/28/2022
697,รถไฟระหว่างเมือง,แอร์พอร์ต เรล ลิงก์,A1,สุวรรณภูมิ,5037,4550,3/29/2022
698,รถไฟระหว่างเมือง,แอร์พอร์ต เรล ลิงก์,A2,ลาดกระบัง,5948,6138,3/29/2022
699,รถไฟระหว่างเมือง,แอร์พอร์ต เรล ลิงก์,A3,บ้านทับช้าง,2019,1968,3/29/2022
700,รถไฟระหว่างเมือง,แอร์พอร์ต เรล ลิงก์,A4,หัวหมาก,3118,2978,3/29/2022
701,รถไฟระหว่างเมือง,แอร์พอร์ต เรล ลิงก์,A5,รามคำแหง,3627,3684,3/29/2022
702,รถไฟระหว่างเมือง,แอร์พอร์ต เรล ลิงก์,A6,มักกะสัน,5697,6049,3/29/2022
703,รถไฟระหว่างเมือง,แอร์พอร์ต เรล ลิงก์,A7,ราชปรารภ,1646,1657,3/29/2022
704,รถไฟระหว่างเมือง,แอร์พอร์ต เรล ลิงก์,A8,พญาไท,7096,7164,3/29/2022
705,รถไฟระหว่างเมือง,แอร์พอร์ต เรล ลิงก์,A1,สุวรรณภูมิ,5150,4875,3/30/2022
706,รถไฟระหว่างเมือง,แอร์พอร์ต เรล ลิงก์,A2,ลาดกระบัง,6010,6071,3/30/2022
707,รถไฟระหว่างเมือง,แอร์พอร์ต เรล ลิงก์,A3,บ้านทับช้าง,1963,1901,3/30/2022
708,รถไฟระหว่างเมือง,แอร์พอร์ต เรล ลิงก์,A4,หัวหมาก,3009,2948,3/30/2022
709,รถไฟระหว่างเมือง,แอร์พอร์ต เรล ลิงก์,A5,รามคำแหง,3553,3698,3/30/2022
710,รถไฟระหว่างเมือง,แอร์พอร์ต เรล ลิงก์,A6,มักกะสัน,6020,6243,3/30/2022
711,รถไฟระหว่างเมือง,แอร์พอร์ต เรล ลิงก์,A7,ราชปรารภ,1646,1562,3/30/2022
712,รถไฟระหว่างเมือง,แอร์พอร์ต เรล ลิงก์,A8,พญาไท,7128,7181,3/30/2022
713,รถไฟระหว่างเมือง,แอร์พอร์ต เรล ลิงก์,A1,สุวรรณภูมิ,5170,5155,3/31/2022
714,รถไฟระหว่างเมือง,แอร์พอร์ต เรล ลิงก์,A2,ลาดกระบัง,6350,6244,3/31/2022
715,รถไฟระหว่างเมือง,แอร์พอร์ต เรล ลิงก์,A3,บ้านทับช้าง,2004,1901,3/31/2022
716,รถไฟระหว่างเมือง,แอร์พอร์ต เรล ลิงก์,A4,หัวหมาก,3153,3079,3/31/2022
717,รถไฟระหว่างเมือง,แอร์พอร์ต เรล ลิงก์,A5,รามคำแหง,3724,3840,3/31/2022
718,รถไฟระหว่างเมือง,แอร์พอร์ต เรล ลิงก์,A6,มักกะสัน,6084,6404,3/31/2022
719,รถไฟระหว่างเมือง,แอร์พอร์ต เรล ลิงก์,A7,ราชปรารภ,1760,1766,3/31/2022
720,รถไฟระหว่างเมือง,แอร์พอร์ต เรล ลิงก์,A8,พญาไท,7674,7530,3/31/2022
721,รถไฟระหว่างเมือง,แอร์พอร์ต เรล ลิงก์,A1,สุวรรณภูมิ,5569,5495,4/1/2022
722,รถไฟระหว่างเมือง,แอร์พอร์ต เรล ลิงก์,A2,ลาดกระบัง,6842,6636,4/1/2022
723,รถไฟระหว่างเมือง,แอร์พอร์ต เรล ลิงก์,A3,บ้านทับช้าง,2058,1915,4/1/2022
724,รถไฟระหว่างเมือง,แอร์พอร์ต เรล ลิงก์,A4,หัวหมาก,3309,3175,4/1/2022
725,รถไฟระหว่างเมือง,แอร์พอร์ต เรล ลิงก์,A5,รามคำแหง,3932,3915,4/1/2022
726,รถไฟระหว่างเมือง,แอร์พอร์ต เรล ลิงก์,A6,มักกะสัน,6410,6762,4/1/2022
727,รถไฟระหว่างเมือง,แอร์พอร์ต เรล ลิงก์,A7,ราชปรารภ,1789,1750,4/1/2022
728,รถไฟระหว่างเมือง,แอร์พอร์ต เรล ลิงก์,A8,พญาไท,8111,8372,4/1/2022
729,รถไฟระหว่างเมือง,แอร์พอร์ต เรล ลิงก์,A1,สุวรรณภูมิ,4692,4772,4/2/2022
730,รถไฟระหว่างเมือง,แอร์พอร์ต เรล ลิงก์,A2,ลาดกระบัง,5192,5145,4/2/2022
731,รถไฟระหว่างเมือง,แอร์พอร์ต เรล ลิงก์,A3,บ้านทับช้าง,1193,1188,4/2/2022
732,รถไฟระหว่างเมือง,แอร์พอร์ต เรล ลิงก์,A4,หัวหมาก,2251,2177,4/2/2022
733,รถไฟระหว่างเมือง,แอร์พอร์ต เรล ลิงก์,A5,รามคำแหง,2662,2720,4/2/2022
734,รถไฟระหว่างเมือง,แอร์พอร์ต เรล ลิงก์,A6,มักกะสัน,4595,4823,4/2/2022
735,รถไฟระหว่างเมือง,แอร์พอร์ต เรล ลิงก์,A7,ราชปรารภ,1446,1333,4/2/2022
736,รถไฟระหว่างเมือง,แอร์พอร์ต เรล ลิงก์,A8,พญาไท,6034,5907,4/2/2022
737,รถไฟระหว่างเมือง,แอร์พอร์ต เรล ลิงก์,A1,สุวรรณภูมิ,4923,4614,4/3/2022
738,รถไฟระหว่างเมือง,แอร์พอร์ต เรล ลิงก์,A2,ลาดกระบัง,4339,4392,4/3/2022
739,รถไฟระหว่างเมือง,แอร์พอร์ต เรล ลิงก์,A3,บ้านทับช้าง,935,877,4/3/2022
740,รถไฟระหว่างเมือง,แอร์พอร์ต เรล ลิงก์,A4,หัวหมาก,1784,1766,4/3/2022
741,รถไฟระหว่างเมือง,แอร์พอร์ต เรล ลิงก์,A5,รามคำแหง,2011,2304,4/3/2022
742,รถไฟระหว่างเมือง,แอร์พอร์ต เรล ลิงก์,A6,มักกะสัน,3885,4115,4/3/2022
743,รถไฟระหว่างเมือง,แอร์พอร์ต เรล ลิงก์,A7,ราชปรารภ,1281,1097,4/3/2022
744,รถไฟระหว่างเมือง,แอร์พอร์ต เรล ลิงก์,A8,พญาไท,5244,5237,4/3/2022
745,รถไฟระหว่างเมือง,แอร์พอร์ต เรล ลิงก์,A1,สุวรรณภูมิ,5295,5267,4/4/2022
746,รถไฟระหว่างเมือง,แอร์พอร์ต เรล ลิงก์,A2,ลาดกระบัง,6367,6335,4/4/2022
747,รถไฟระหว่างเมือง,แอร์พอร์ต เรล ลิงก์,A3,บ้านทับช้าง,1949,1796,4/4/2022
748,รถไฟระหว่างเมือง,แอร์พอร์ต เรล ลิงก์,A4,หัวหมาก,3133,3064,4/4/2022
749,รถไฟระหว่างเมือง,แอร์พอร์ต เรล ลิงก์,A5,รามคำแหง,3623,3803,4/4/2022
750,รถไฟระหว่างเมือง,แอร์พอร์ต เรล ลิงก์,A6,มักกะสัน,6191,6423,4/4/2022
751,รถไฟระหว่างเมือง,แอร์พอร์ต เรล ลิงก์,A7,ราชปรารภ,1764,1720,4/4/2022
752,รถไฟระหว่างเมือง,แอร์พอร์ต เรล ลิงก์,A8,พญาไท,7445,7359,4/4/2022
753,รถไฟระหว่างเมือง,แอร์พอร์ต เรล ลิงก์,A1,สุวรรณภูมิ,5041,5286,4/5/2022
754,รถไฟระหว่างเมือง,แอร์พอร์ต เรล ลิงก์,A2,ลาดกระบัง,6370,6400,4/5/2022
755,รถไฟระหว่างเมือง,แอร์พอร์ต เรล ลิงก์,A3,บ้านทับช้าง,2048,1991,4/5/2022
756,รถไฟระหว่างเมือง,แอร์พอร์ต เรล ลิงก์,A4,หัวหมาก,3163,3035,4/5/2022
757,รถไฟระหว่างเมือง,แอร์พอร์ต เรล ลิงก์,A5,รามคำแหง,3752,3702,4/5/2022
758,รถไฟระหว่างเมือง,แอร์พอร์ต เรล ลิงก์,A6,มักกะสัน,6152,6316,4/5/2022
759,รถไฟระหว่างเมือง,แอร์พอร์ต เรล ลิงก์,A7,ราชปรารภ,1785,1731,4/5/2022
760,รถไฟระหว่างเมือง,แอร์พอร์ต เรล ลิงก์,A8,พญาไท,7711,7561,4/5/2022
761,รถไฟระหว่างเมือง,แอร์พอร์ต เรล ลิงก์,A1,สุวรรณภูมิ,4580,4817,4/6/2022
762,รถไฟระหว่างเมือง,แอร์พอร์ต เรล ลิงก์,A2,ลาดกระบัง,4413,4286,4/6/2022
763,รถไฟระหว่างเมือง,แอร์พอร์ต เรล ลิงก์,A3,บ้านทับช้าง,1104,1114,4/6/2022
764,รถไฟระหว่างเมือง,แอร์พอร์ต เรล ลิงก์,A4,หัวหมาก,2071,1971,4/6/2022
765,รถไฟระหว่างเมือง,แอร์พอร์ต เรล ลิงก์,A5,รามคำแหง,2465,2528,4/6/2022
766,รถไฟระหว่างเมือง,แอร์พอร์ต เรล ลิงก์,A6,มักกะสัน,4068,4269,4/6/2022
767,รถไฟระหว่างเมือง,แอร์พอร์ต เรล ลิงก์,A7,ราชปรารภ,1385,1242,4/6/2022
768,รถไฟระหว่างเมือง,แอร์พอร์ต เรล ลิงก์,A8,พญาไท,5107,4966,4/6/2022
769,รถไฟระหว่างเมือง,แอร์พอร์ต เรล ลิงก์,A1,สุวรรณภูมิ,5081,5492,4/7/2022
770,รถไฟระหว่างเมือง,แอร์พอร์ต เรล ลิงก์,A2,ลาดกระบัง,6285,6187,4/7/2022
771,รถไฟระหว่างเมือง,แอร์พอร์ต เรล ลิงก์,A3,บ้านทับช้าง,1974,1854,4/7/2022
772,รถไฟระหว่างเมือง,แอร์พอร์ต เรล ลิงก์,A4,หัวหมาก,2993,2946,4/7/2022
773,รถไฟระหว่างเมือง,แอร์พอร์ต เรล ลิงก์,A5,รามคำแหง,3707,3670,4/7/2022
774,รถไฟระหว่างเมือง,แอร์พอร์ต เรล ลิงก์,A6,มักกะสัน,5912,5980,4/7/2022
775,รถไฟระหว่างเมือง,แอร์พอร์ต เรล ลิงก์,A7,ราชปรารภ,1743,1748,4/7/2022
776,รถไฟระหว่างเมือง,แอร์พอร์ต เรล ลิงก์,A8,พญาไท,7509,7327,4/7/2022
777,รถไฟระหว่างเมือง,แอร์พอร์ต เรล ลิงก์,A1,สุวรรณภูมิ,5312,6025,4/8/2022
778,รถไฟระหว่างเมือง,แอร์พอร์ต เรล ลิงก์,A2,ลาดกระบัง,6477,6365,4/8/2022
779,รถไฟระหว่างเมือง,แอร์พอร์ต เรล ลิงก์,A3,บ้านทับช้าง,2096,1944,4/8/2022
780,รถไฟระหว่างเมือง,แอร์พอร์ต เรล ลิงก์,A4,หัวหมาก,3199,3075,4/8/2022
781,รถไฟระหว่างเมือง,แอร์พอร์ต เรล ลิงก์,A5,รามคำแหง,3701,3693,4/8/2022
782,รถไฟระหว่างเมือง,แอร์พอร์ต เรล ลิงก์,A6,มักกะสัน,6070,6278,4/8/2022
783,รถไฟระหว่างเมือง,แอร์พอร์ต เรล ลิงก์,A7,ราชปรารภ,1858,1690,4/8/2022
784,รถไฟระหว่างเมือง,แอร์พอร์ต เรล ลิงก์,A8,พญาไท,8128,7771,4/8/2022
785,รถไฟระหว่างเมือง,แอร์พอร์ต เรล ลิงก์,A1,สุวรรณภูมิ,4449,5120,4/9/2022
786,รถไฟระหว่างเมือง,แอร์พอร์ต เรล ลิงก์,A2,ลาดกระบัง,4833,4686,4/9/2022
787,รถไฟระหว่างเมือง,แอร์พอร์ต เรล ลิงก์,A3,บ้านทับช้าง,1074,1038,4/9/2022
788,รถไฟระหว่างเมือง,แอร์พอร์ต เรล ลิงก์,A4,หัวหมาก,2060,1837,4/9/2022
789,รถไฟระหว่างเมือง,แอร์พอร์ต เรล ลิงก์,A5,รามคำแหง,2270,2297,4/9/2022
790,รถไฟระหว่างเมือง,แอร์พอร์ต เรล ลิงก์,A6,มักกะสัน,4068,4029,4/9/2022
791,รถไฟระหว่างเมือง,แอร์พอร์ต เรล ลิงก์,A7,ราชปรารภ,1394,1222,4/9/2022
792,รถไฟระหว่างเมือง,แอร์พอร์ต เรล ลิงก์,A8,พญาไท,5455,5374,4/9/2022
793,รถไฟระหว่างเมือง,แอร์พอร์ต เรล ลิงก์,A1,สุวรรณภูมิ,4459,4517,4/10/2022
794,รถไฟระหว่างเมือง,แอร์พอร์ต เรล ลิงก์,A2,ลาดกระบัง,3917,3810,4/10/2022
795,รถไฟระหว่างเมือง,แอร์พอร์ต เรล ลิงก์,A3,บ้านทับช้าง,855,869,4/10/2022
796,รถไฟระหว่างเมือง,แอร์พอร์ต เรล ลิงก์,A4,หัวหมาก,1535,1573,4/10/2022
797,รถไฟระหว่างเมือง,แอร์พอร์ต เรล ลิงก์,A5,รามคำแหง,1941,1984,4/10/2022
798,รถไฟระหว่างเมือง,แอร์พอร์ต เรล ลิงก์,A6,มักกะสัน,3240,3243,4/10/2022
799,รถไฟระหว่างเมือง,แอร์พอร์ต เรล ลิงก์,A7,ราชปรารภ,1198,1070,4/10/2022
800,รถไฟระหว่างเมือง,แอร์พอร์ต เรล ลิงก์,A8,พญาไท,4651,4730,4/10/2022
801,รถไฟระหว่างเมือง,แอร์พอร์ต เรล ลิงก์,A1,สุวรรณภูมิ,4793,5198,4/11/2022
802,รถไฟระหว่างเมือง,แอร์พอร์ต เรล ลิงก์,A2,ลาดกระบัง,5668,5654,4/11/2022
803,รถไฟระหว่างเมือง,แอร์พอร์ต เรล ลิงก์,A3,บ้านทับช้าง,1750,1660,4/11/2022
804,รถไฟระหว่างเมือง,แอร์พอร์ต เรล ลิงก์,A4,หัวหมาก,2687,2600,4/11/2022
805,รถไฟระหว่างเมือง,แอร์พอร์ต เรล ลิงก์,A5,รามคำแหง,2920,3017,4/11/2022
806,รถไฟระหว่างเมือง,แอร์พอร์ต เรล ลิงก์,A6,มักกะสัน,5216,5222,4/11/2022
807,รถไฟระหว่างเมือง,แอร์พอร์ต เรล ลิงก์,A7,ราชปรารภ,1611,1527,4/11/2022
808,รถไฟระหว่างเมือง,แอร์พอร์ต เรล ลิงก์,A8,พญาไท,6803,6570,4/11/2022
809,รถไฟระหว่างเมือง,แอร์พอร์ต เรล ลิงก์,A1,สุวรรณภูมิ,4893,5254,4/12/2022
810,รถไฟระหว่างเมือง,แอร์พอร์ต เรล ลิงก์,A2,ลาดกระบัง,5463,5470,4/12/2022
811,รถไฟระหว่างเมือง,แอร์พอร์ต เรล ลิงก์,A3,บ้านทับช้าง,1597,1546,4/12/2022
812,รถไฟระหว่างเมือง,แอร์พอร์ต เรล ลิงก์,A4,หัวหมาก,2436,2292,4/12/2022
813,รถไฟระหว่างเมือง,แอร์พอร์ต เรล ลิงก์,A5,รามคำแหง,2823,2714,4/12/2022
814,รถไฟระหว่างเมือง,แอร์พอร์ต เรล ลิงก์,A6,มักกะสัน,4880,5107,4/12/2022
815,รถไฟระหว่างเมือง,แอร์พอร์ต เรล ลิงก์,A7,ราชปรารภ,1561,1358,4/12/2022
816,รถไฟระหว่างเมือง,แอร์พอร์ต เรล ลิงก์,A8,พญาไท,6433,6345,4/12/2022
817,รถไฟระหว่างเมือง,แอร์พอร์ต เรล ลิงก์,A1,สุวรรณภูมิ,4156,4668,4/13/2022
818,รถไฟระหว่างเมือง,แอร์พอร์ต เรล ลิงก์,A2,ลาดกระบัง,3438,3431,4/13/2022
819,รถไฟระหว่างเมือง,แอร์พอร์ต เรล ลิงก์,A3,บ้านทับช้าง,779,738,4/13/2022
820,รถไฟระหว่างเมือง,แอร์พอร์ต เรล ลิงก์,A4,หัวหมาก,1440,1312,4/13/2022
821,รถไฟระหว่างเมือง,แอร์พอร์ต เรล ลิงก์,A5,รามคำแหง,1699,1581,4/13/2022
822,รถไฟระหว่างเมือง,แอร์พอร์ต เรล ลิงก์,A6,มักกะสัน,2924,2897,4/13/2022
823,รถไฟระหว่างเมือง,แอร์พอร์ต เรล ลิงก์,A7,ราชปรารภ,981,885,4/13/2022
824,รถไฟระหว่างเมือง,แอร์พอร์ต เรล ลิงก์,A8,พญาไท,4241,4146,4/13/2022
825,รถไฟระหว่างเมือง,แอร์พอร์ต เรล ลิงก์,A1,สุวรรณภูมิ,4496,4255,4/14/2022
826,รถไฟระหว่างเมือง,แอร์พอร์ต เรล ลิงก์,A2,ลาดกระบัง,3079,3113,4/14/2022
827,รถไฟระหว่างเมือง,แอร์พอร์ต เรล ลิงก์,A3,บ้านทับช้าง,618,628,4/14/2022
828,รถไฟระหว่างเมือง,แอร์พอร์ต เรล ลิงก์,A4,หัวหมาก,1250,1231,4/14/2022
829,รถไฟระหว่างเมือง,แอร์พอร์ต เรล ลิงก์,A5,รามคำแหง,1394,1521,4/14/2022
830,รถไฟระหว่างเมือง,แอร์พอร์ต เรล ลิงก์,A6,มักกะสัน,2564,2635,4/14/2022
831,รถไฟระหว่างเมือง,แอร์พอร์ต เรล ลิงก์,A7,ราชปรารภ,909,742,4/14/2022
832,รถไฟระหว่างเมือง,แอร์พอร์ต เรล ลิงก์,A8,พญาไท,3750,3935,4/14/2022
833,รถไฟระหว่างเมือง,แอร์พอร์ต เรล ลิงก์,A1,สุวรรณภูมิ,4974,3499,4/15/2022
834,รถไฟระหว่างเมือง,แอร์พอร์ต เรล ลิงก์,A2,ลาดกระบัง,3179,3248,4/15/2022
835,รถไฟระหว่างเมือง,แอร์พอร์ต เรล ลิงก์,A3,บ้านทับช้าง,705,668,4/15/2022
836,รถไฟระหว่างเมือง,แอร์พอร์ต เรล ลิงก์,A4,หัวหมาก,1312,1327,4/15/2022
837,รถไฟระหว่างเมือง,แอร์พอร์ต เรล ลิงก์,A5,รามคำแหง,1442,1846,4/15/2022
838,รถไฟระหว่างเมือง,แอร์พอร์ต เรล ลิงก์,A6,มักกะสัน,2531,3076,4/15/2022
839,รถไฟระหว่างเมือง,แอร์พอร์ต เรล ลิงก์,A7,ราชปรารภ,883,846,4/15/2022
840,รถไฟระหว่างเมือง,แอร์พอร์ต เรล ลิงก์,A8,พญาไท,3691,4207,4/15/2022
841,รถไฟระหว่างเมือง,แอร์พอร์ต เรล ลิงก์,A1,สุวรรณภูมิ,5299,3423,4/16/2022
842,รถไฟระหว่างเมือง,แอร์พอร์ต เรล ลิงก์,A2,ลาดกระบัง,3391,3497,4/16/2022
843,รถไฟระหว่างเมือง,แอร์พอร์ต เรล ลิงก์,A3,บ้านทับช้าง,758,786,4/16/2022
844,รถไฟระหว่างเมือง,แอร์พอร์ต เรล ลิงก์,A4,หัวหมาก,1369,1457,4/16/2022
845,รถไฟระหว่างเมือง,แอร์พอร์ต เรล ลิงก์,A5,รามคำแหง,1557,2029,4/16/2022
846,รถไฟระหว่างเมือง,แอร์พอร์ต เรล ลิงก์,A6,มักกะสัน,2782,3230,4/16/2022
847,รถไฟระหว่างเมือง,แอร์พอร์ต เรล ลิงก์,A7,ราชปรารภ,987,914,4/16/2022
848,รถไฟระหว่างเมือง,แอร์พอร์ต เรล ลิงก์,A8,พญาไท,3842,4649,4/16/2022
849,รถไฟระหว่างเมือง,แอร์พอร์ต เรล ลิงก์,A1,สุวรรณภูมิ,6362,3866,4/17/2022
850,รถไฟระหว่างเมือง,แอร์พอร์ต เรล ลิงก์,A2,ลาดกระบัง,3532,3836,4/17/2022
851,รถไฟระหว่างเมือง,แอร์พอร์ต เรล ลิงก์,A3,บ้านทับช้าง,722,744,4/17/2022
852,รถไฟระหว่างเมือง,แอร์พอร์ต เรล ลิงก์,A4,หัวหมาก,1435,1649,4/17/2022
853,รถไฟระหว่างเมือง,แอร์พอร์ต เรล ลิงก์,A5,รามคำแหง,1578,2192,4/17/2022
854,รถไฟระหว่างเมือง,แอร์พอร์ต เรล ลิงก์,A6,มักกะสัน,2972,3537,4/17/2022
855,รถไฟระหว่างเมือง,แอร์พอร์ต เรล ลิงก์,A7,ราชปรารภ,938,873,4/17/2022
856,รถไฟระหว่างเมือง,แอร์พอร์ต เรล ลิงก์,A8,พญาไท,4269,5111,4/17/2022
857,รถไฟระหว่างเมือง,แอร์พอร์ต เรล ลิงก์,A1,สุวรรณภูมิ,6360,4204,4/18/2022
858,รถไฟระหว่างเมือง,แอร์พอร์ต เรล ลิงก์,A2,ลาดกระบัง,5882,5971,4/18/2022
859,รถไฟระหว่างเมือง,แอร์พอร์ต เรล ลิงก์,A3,บ้านทับช้าง,1884,1786,4/18/2022
860,รถไฟระหว่างเมือง,แอร์พอร์ต เรล ลิงก์,A4,หัวหมาก,2789,2939,4/18/2022
861,รถไฟระหว่างเมือง,แอร์พอร์ต เรล ลิงก์,A5,รามคำแหง,3128,3690,4/18/2022
862,รถไฟระหว่างเมือง,แอร์พอร์ต เรล ลิงก์,A6,มักกะสัน,5404,6168,4/18/2022
863,รถไฟระหว่างเมือง,แอร์พอร์ต เรล ลิงก์,A7,ราชปรารภ,1549,1555,4/18/2022
864,รถไฟระหว่างเมือง,แอร์พอร์ต เรล ลิงก์,A8,พญาไท,6778,7461,4/18/2022
865,รถไฟระหว่างเมือง,แอร์พอร์ต เรล ลิงก์,A1,สุวรรณภูมิ,6698,4032,4/19/2022
866,รถไฟระหว่างเมือง,แอร์พอร์ต เรล ลิงก์,A2,ลาดกระบัง,5731,6067,4/19/2022
867,รถไฟระหว่างเมือง,แอร์พอร์ต เรล ลิงก์,A3,บ้านทับช้าง,1833,1849,4/19/2022
868,รถไฟระหว่างเมือง,แอร์พอร์ต เรล ลิงก์,A4,หัวหมาก,2881,3011,4/19/2022
869,รถไฟระหว่างเมือง,แอร์พอร์ต เรล ลิงก์,A5,รามคำแหง,3308,3770,4/19/2022
870,รถไฟระหว่างเมือง,แอร์พอร์ต เรล ลิงก์,A6,มักกะสัน,5359,6190,4/19/2022
871,รถไฟระหว่างเมือง,แอร์พอร์ต เรล ลิงก์,A7,ราชปรารภ,1556,1609,4/19/2022
872,รถไฟระหว่างเมือง,แอร์พอร์ต เรล ลิงก์,A8,พญาไท,6712,7550,4/19/2022
873,รถไฟระหว่างเมือง,แอร์พอร์ต เรล ลิงก์,A1,สุวรรณภูมิ,5633,4323,4/20/2022
874,รถไฟระหว่างเมือง,แอร์พอร์ต เรล ลิงก์,A2,ลาดกระบัง,6121,5972,4/20/2022
875,รถไฟระหว่างเมือง,แอร์พอร์ต เรล ลิงก์,A3,บ้านทับช้าง,2071,1865,4/20/2022
876,รถไฟระหว่างเมือง,แอร์พอร์ต เรล ลิงก์,A4,หัวหมาก,2967,2930,4/20/2022
877,รถไฟระหว่างเมือง,แอร์พอร์ต เรล ลิงก์,A5,รามคำแหง,3401,3587,4/20/2022
878,รถไฟระหว่างเมือง,แอร์พอร์ต เรล ลิงก์,A6,มักกะสัน,5420,6219,4/20/2022
879,รถไฟระหว่างเมือง,แอร์พอร์ต เรล ลิงก์,A7,ราชปรารภ,1678,1675,4/20/2022
880,รถไฟระหว่างเมือง,แอร์พอร์ต เรล ลิงก์,A8,พญาไท,6749,7469,4/20/2022
881,รถไฟระหว่างเมือง,แอร์พอร์ต เรล ลิงก์,A1,สุวรรณภูมิ,5360,4394,4/21/2022
882,รถไฟระหว่างเมือง,แอร์พอร์ต เรล ลิงก์,A2,ลาดกระบัง,5871,6228,4/21/2022
883,รถไฟระหว่างเมือง,แอร์พอร์ต เรล ลิงก์,A3,บ้านทับช้าง,1999,1960,4/21/2022
884,รถไฟระหว่างเมือง,แอร์พอร์ต เรล ลิงก์,A4,หัวหมาก,3153,2969,4/21/2022
885,รถไฟระหว่างเมือง,แอร์พอร์ต เรล ลิงก์,A5,รามคำแหง,3292,3438,4/21/2022
886,รถไฟระหว่างเมือง,แอร์พอร์ต เรล ลิงก์,A6,มักกะสัน,5614,5941,4/21/2022
887,รถไฟระหว่างเมือง,แอร์พอร์ต เรล ลิงก์,A7,ราชปรารภ,1693,1685,4/21/2022
888,รถไฟระหว่างเมือง,แอร์พอร์ต เรล ลิงก์,A8,พญาไท,6859,7226,4/21/2022
889,รถไฟระหว่างเมือง,แอร์พอร์ต เรล ลิงก์,A1,สุวรรณภูมิ,5829,4724,4/22/2022
890,รถไฟระหว่างเมือง,แอร์พอร์ต เรล ลิงก์,A2,ลาดกระบัง,6374,6421,4/22/2022
891,รถไฟระหว่างเมือง,แอร์พอร์ต เรล ลิงก์,A3,บ้านทับช้าง,2035,1945,4/22/2022
892,รถไฟระหว่างเมือง,แอร์พอร์ต เรล ลิงก์,A4,หัวหมาก,3120,3111,4/22/2022
893,รถไฟระหว่างเมือง,แอร์พอร์ต เรล ลิงก์,A5,รามคำแหง,3495,3583,4/22/2022
894,รถไฟระหว่างเมือง,แอร์พอร์ต เรล ลิงก์,A6,มักกะสัน,5827,6468,4/22/2022
895,รถไฟระหว่างเมือง,แอร์พอร์ต เรล ลิงก์,A7,ราชปรารภ,1778,1758,4/22/2022
896,รถไฟระหว่างเมือง,แอร์พอร์ต เรล ลิงก์,A8,พญาไท,7552,8000,4/22/2022
897,รถไฟระหว่างเมือง,แอร์พอร์ต เรล ลิงก์,A1,สุวรรณภูมิ,4948,4177,4/23/2022
898,รถไฟระหว่างเมือง,แอร์พอร์ต เรล ลิงก์,A2,ลาดกระบัง,4816,4997,4/23/2022
899,รถไฟระหว่างเมือง,แอร์พอร์ต เรล ลิงก์,A3,บ้านทับช้าง,1185,1113,4/23/2022
900,รถไฟระหว่างเมือง,แอร์พอร์ต เรล ลิงก์,A4,หัวหมาก,2150,2071,4/23/2022
901,รถไฟระหว่างเมือง,แอร์พอร์ต เรล ลิงก์,A5,รามคำแหง,2362,2426,4/23/2022
902,รถไฟระหว่างเมือง,แอร์พอร์ต เรล ลิงก์,A6,มักกะสัน,4018,4298,4/23/2022
903,รถไฟระหว่างเมือง,แอร์พอร์ต เรล ลิงก์,A7,ราชปรารภ,1496,1442,4/23/2022
904,รถไฟระหว่างเมือง,แอร์พอร์ต เรล ลิงก์,A8,พญาไท,5731,6182,4/23/2022
905,รถไฟระหว่างเมือง,แอร์พอร์ต เรล ลิงก์,A1,สุวรรณภูมิ,4744,3989,4/24/2022
906,รถไฟระหว่างเมือง,แอร์พอร์ต เรล ลิงก์,A2,ลาดกระบัง,4031,4198,4/24/2022
907,รถไฟระหว่างเมือง,แอร์พอร์ต เรล ลิงก์,A3,บ้านทับช้าง,884,849,4/24/2022
908,รถไฟระหว่างเมือง,แอร์พอร์ต เรล ลิงก์,A4,หัวหมาก,1665,1690,4/24/2022
909,รถไฟระหว่างเมือง,แอร์พอร์ต เรล ลิงก์,A5,รามคำแหง,1874,2066,4/24/2022
910,รถไฟระหว่างเมือง,แอร์พอร์ต เรล ลิงก์,A6,มักกะสัน,3308,3591,4/24/2022
911,รถไฟระหว่างเมือง,แอร์พอร์ต เรล ลิงก์,A7,ราชปรารภ,1267,1136,4/24/2022
912,รถไฟระหว่างเมือง,แอร์พอร์ต เรล ลิงก์,A8,พญาไท,4837,5091,4/24/2022
913,รถไฟระหว่างเมือง,แอร์พอร์ต เรล ลิงก์,A1,สุวรรณภูมิ,5268,4722,4/25/2022
914,รถไฟระหว่างเมือง,แอร์พอร์ต เรล ลิงก์,A2,ลาดกระบัง,6210,6464,4/25/2022
915,รถไฟระหว่างเมือง,แอร์พอร์ต เรล ลิงก์,A3,บ้านทับช้าง,2077,2020,4/25/2022
916,รถไฟระหว่างเมือง,แอร์พอร์ต เรล ลิงก์,A4,หัวหมาก,3118,3142,4/25/2022
917,รถไฟระหว่างเมือง,แอร์พอร์ต เรล ลิงก์,A5,รามคำแหง,3437,3532,4/25/2022
918,รถไฟระหว่างเมือง,แอร์พอร์ต เรล ลิงก์,A6,มักกะสัน,6011,6370,4/25/2022
919,รถไฟระหว่างเมือง,แอร์พอร์ต เรล ลิงก์,A7,ราชปรารภ,1755,1683,4/25/2022
920,รถไฟระหว่างเมือง,แอร์พอร์ต เรล ลิงก์,A8,พญาไท,7540,7483,4/25/2022
921,รถไฟระหว่างเมือง,แอร์พอร์ต เรล ลิงก์,A1,สุวรรณภูมิ,5296,4699,4/26/2022
922,รถไฟระหว่างเมือง,แอร์พอร์ต เรล ลิงก์,A2,ลาดกระบัง,6396,6356,4/26/2022
923,รถไฟระหว่างเมือง,แอร์พอร์ต เรล ลิงก์,A3,บ้านทับช้าง,2126,2080,4/26/2022
924,รถไฟระหว่างเมือง,แอร์พอร์ต เรล ลิงก์,A4,หัวหมาก,3097,3112,4/26/2022
925,รถไฟระหว่างเมือง,แอร์พอร์ต เรล ลิงก์,A5,รามคำแหง,3459,3554,4/26/2022
926,รถไฟระหว่างเมือง,แอร์พอร์ต เรล ลิงก์,A6,มักกะสัน,5920,6398,4/26/2022
927,รถไฟระหว่างเมือง,แอร์พอร์ต เรล ลิงก์,A7,ราชปรารภ,1791,1721,4/26/2022
928,รถไฟระหว่างเมือง,แอร์พอร์ต เรล ลิงก์,A8,พญาไท,7380,7545,4/26/2022
929,รถไฟระหว่างเมือง,แอร์พอร์ต เรล ลิงก์,A1,สุวรรณภูมิ,5199,5125,4/27/2022
930,รถไฟระหว่างเมือง,แอร์พอร์ต เรล ลิงก์,A2,ลาดกระบัง,6266,6422,4/27/2022
931,รถไฟระหว่างเมือง,แอร์พอร์ต เรล ลิงก์,A3,บ้านทับช้าง,2160,2054,4/27/2022
932,รถไฟระหว่างเมือง,แอร์พอร์ต เรล ลิงก์,A4,หัวหมาก,3144,2991,4/27/2022
933,รถไฟระหว่างเมือง,แอร์พอร์ต เรล ลิงก์,A5,รามคำแหง,3708,3481,4/27/2022
934,รถไฟระหว่างเมือง,แอร์พอร์ต เรล ลิงก์,A6,มักกะสัน,5999,6355,4/27/2022
935,รถไฟระหว่างเมือง,แอร์พอร์ต เรล ลิงก์,A7,ราชปรารภ,1822,1743,4/27/2022
936,รถไฟระหว่างเมือง,แอร์พอร์ต เรล ลิงก์,A8,พญาไท,7619,7746,4/27/2022
937,รถไฟระหว่างเมือง,แอร์พอร์ต เรล ลิงก์,A1,สุวรรณภูมิ,5251,5277,4/28/2022
938,รถไฟระหว่างเมือง,แอร์พอร์ต เรล ลิงก์,A2,ลาดกระบัง,6350,6417,4/28/2022
939,รถไฟระหว่างเมือง,แอร์พอร์ต เรล ลิงก์,A3,บ้านทับช้าง,2107,2033,4/28/2022
940,รถไฟระหว่างเมือง,แอร์พอร์ต เรล ลิงก์,A4,หัวหมาก,3209,3102,4/28/2022
941,รถไฟระหว่างเมือง,แอร์พอร์ต เรล ลิงก์,A5,รามคำแหง,3775,3702,4/28/2022
942,รถไฟระหว่างเมือง,แอร์พอร์ต เรล ลิงก์,A6,มักกะสัน,6263,6371,4/28/2022
943,รถไฟระหว่างเมือง,แอร์พอร์ต เรล ลิงก์,A7,ราชปรารภ,1771,1739,4/28/2022
944,รถไฟระหว่างเมือง,แอร์พอร์ต เรล ลิงก์,A8,พญาไท,7560,7645,4/28/2022
945,รถไฟระหว่างเมือง,แอร์พอร์ต เรล ลิงก์,A1,สุวรรณภูมิ,5855,5873,4/29/2022
946,รถไฟระหว่างเมือง,แอร์พอร์ต เรล ลิงก์,A2,ลาดกระบัง,6965,7032,4/29/2022
947,รถไฟระหว่างเมือง,แอร์พอร์ต เรล ลิงก์,A3,บ้านทับช้าง,2296,2093,4/29/2022
948,รถไฟระหว่างเมือง,แอร์พอร์ต เรล ลิงก์,A4,หัวหมาก,3478,3254,4/29/2022
949,รถไฟระหว่างเมือง,แอร์พอร์ต เรล ลิงก์,A5,รามคำแหง,4086,4017,4/29/2022
950,รถไฟระหว่างเมือง,แอร์พอร์ต เรล ลิงก์,A6,มักกะสัน,6677,7082,4/29/2022
951,รถไฟระหว่างเมือง,แอร์พอร์ต เรล ลิงก์,A7,ราชปรารภ,1892,1787,4/29/2022
952,รถไฟระหว่างเมือง,แอร์พอร์ต เรล ลิงก์,A8,พญาไท,8586,8697,4/29/2022
953,รถไฟระหว่างเมือง,แอร์พอร์ต เรล ลิงก์,A1,สุวรรณภูมิ,4931,5184,4/30/2022
954,รถไฟระหว่างเมือง,แอร์พอร์ต เรล ลิงก์,A2,ลาดกระบัง,5314,5344,4/30/2022
955,รถไฟระหว่างเมือง,แอร์พอร์ต เรล ลิงก์,A3,บ้านทับช้าง,1201,1184,4/30/2022
956,รถไฟระหว่างเมือง,แอร์พอร์ต เรล ลิงก์,A4,หัวหมาก,2276,2138,4/30/2022
957,รถไฟระหว่างเมือง,แอร์พอร์ต เรล ลิงก์,A5,รามคำแหง,2755,2540,4/30/2022
958,รถไฟระหว่างเมือง,แอร์พอร์ต เรล ลิงก์,A6,มักกะสัน,4446,4494,4/30/2022
959,รถไฟระหว่างเมือง,แอร์พอร์ต เรล ลิงก์,A7,ราชปรารภ,1624,1457,4/30/2022
960,รถไฟระหว่างเมือง,แอร์พอร์ต เรล ลิงก์,A8,พญาไท,6148,6354,4/30/2022
961,รถไฟระหว่างเมือง,แอร์พอร์ต เรล ลิงก์,A1,สุวรรณภูมิ,5484,5065,5/1/2022
962,รถไฟระหว่างเมือง,แอร์พอร์ต เรล ลิงก์,A2,ลาดกระบัง,4642,4617,5/1/2022
963,รถไฟระหว่างเมือง,แอร์พอร์ต เรล ลิงก์,A3,บ้านทับช้าง,927,924,5/1/2022
964,รถไฟระหว่างเมือง,แอร์พอร์ต เรล ลิงก์,A4,หัวหมาก,1863,1828,5/1/2022
965,รถไฟระหว่างเมือง,แอร์พอร์ต เรล ลิงก์,A5,รามคำแหง,2299,1992,5/1/2022
966,รถไฟระหว่างเมือง,แอร์พอร์ต เรล ลิงก์,A6,มักกะสัน,3846,4173,5/1/2022
967,รถไฟระหว่างเมือง,แอร์พอร์ต เรล ลิงก์,A7,ราชปรารภ,1454,1406,5/1/2022
968,รถไฟระหว่างเมือง,แอร์พอร์ต เรล ลิงก์,A8,พญาไท,5291,5801,5/1/2022
969,รถไฟระหว่างเมือง,แอร์พอร์ต เรล ลิงก์,A1,สุวรรณภูมิ,5703,4371,5/2/2022
970,รถไฟระหว่างเมือง,แอร์พอร์ต เรล ลิงก์,A2,ลาดกระบัง,4697,4700,5/2/2022
971,รถไฟระหว่างเมือง,แอร์พอร์ต เรล ลิงก์,A3,บ้านทับช้าง,1161,1165,5/2/2022
972,รถไฟระหว่างเมือง,แอร์พอร์ต เรล ลิงก์,A4,หัวหมาก,2023,1990,5/2/2022
973,รถไฟระหว่างเมือง,แอร์พอร์ต เรล ลิงก์,A5,รามคำแหง,2256,2377,5/2/2022
974,รถไฟระหว่างเมือง,แอร์พอร์ต เรล ลิงก์,A6,มักกะสัน,3716,4327,5/2/2022
975,รถไฟระหว่างเมือง,แอร์พอร์ต เรล ลิงก์,A7,ราชปรารภ,1486,1564,5/2/2022
976,รถไฟระหว่างเมือง,แอร์พอร์ต เรล ลิงก์,A8,พญาไท,5843,6391,5/2/2022
977,รถไฟระหว่างเมือง,แอร์พอร์ต เรล ลิงก์,A1,สุวรรณภูมิ,6017,5268,5/3/2022
978,รถไฟระหว่างเมือง,แอร์พอร์ต เรล ลิงก์,A2,ลาดกระบัง,6453,6581,5/3/2022
979,รถไฟระหว่างเมือง,แอร์พอร์ต เรล ลิงก์,A3,บ้านทับช้าง,1977,1938,5/3/2022
980,รถไฟระหว่างเมือง,แอร์พอร์ต เรล ลิงก์,A4,หัวหมาก,3213,3134,5/3/2022
981,รถไฟระหว่างเมือง,แอร์พอร์ต เรล ลิงก์,A5,รามคำแหง,3559,3655,5/3/2022
982,รถไฟระหว่างเมือง,แอร์พอร์ต เรล ลิงก์,A6,มักกะสัน,6155,6556,5/3/2022
983,รถไฟระหว่างเมือง,แอร์พอร์ต เรล ลิงก์,A7,ราชปรารภ,1996,1998,5/3/2022
984,รถไฟระหว่างเมือง,แอร์พอร์ต เรล ลิงก์,A8,พญาไท,7839,8079,5/3/2022
985,รถไฟระหว่างเมือง,แอร์พอร์ต เรล ลิงก์,A1,สุวรรณภูมิ,5958,4628,5/4/2022
986,รถไฟระหว่างเมือง,แอร์พอร์ต เรล ลิงก์,A2,ลาดกระบัง,4538,4541,5/4/2022
987,รถไฟระหว่างเมือง,แอร์พอร์ต เรล ลิงก์,A3,บ้านทับช้าง,1198,1212,5/4/2022
988,รถไฟระหว่างเมือง,แอร์พอร์ต เรล ลิงก์,A4,หัวหมาก,2099,2193,5/4/2022
989,รถไฟระหว่างเมือง,แอร์พอร์ต เรล ลิงก์,A5,รามคำแหง,2542,2840,5/4/2022
990,รถไฟระหว่างเมือง,แอร์พอร์ต เรล ลิงก์,A6,มักกะสัน,4173,4636,5/4/2022
991,รถไฟระหว่างเมือง,แอร์พอร์ต เรล ลิงก์,A7,ราชปรารภ,1508,1497,5/4/2022
992,รถไฟระหว่างเมือง,แอร์พอร์ต เรล ลิงก์,A8,พญาไท,5421,5890,5/4/2022
993,รถไฟระหว่างเมือง,แอร์พอร์ต เรล ลิงก์,A1,สุวรรณภูมิ,6495,5166,5/5/2022
994,รถไฟระหว่างเมือง,แอร์พอร์ต เรล ลิงก์,A2,ลาดกระบัง,6807,6854,5/5/2022
995,รถไฟระหว่างเมือง,แอร์พอร์ต เรล ลิงก์,A3,บ้านทับช้าง,2214,2168,5/5/2022
996,รถไฟระหว่างเมือง,แอร์พอร์ต เรล ลิงก์,A4,หัวหมาก,3544,3428,5/5/2022
997,รถไฟระหว่างเมือง,แอร์พอร์ต เรล ลิงก์,A5,รามคำแหง,3737,4021,5/5/2022
998,รถไฟระหว่างเมือง,แอร์พอร์ต เรล ลิงก์,A6,มักกะสัน,6441,7018,5/5/2022
999,รถไฟระหว่างเมือง,แอร์พอร์ต เรล ลิงก์,A7,ราชปรารภ,1952,2080,5/5/2022
1000,รถไฟระหว่างเมือง,แอร์พอร์ต เรล ลิงก์,A8,พญาไท,8123,8578,5/5/2022
1001,รถไฟระหว่างเมือง,แอร์พอร์ต เรล ลิงก์,A1,สุวรรณภูมิ,6973,5354,5/6/2022
1002,รถไฟระหว่างเมือง,แอร์พอร์ต เรล ลิงก์,A2,ลาดกระบัง,7307,7302,5/6/2022
1003,รถไฟระหว่างเมือง,แอร์พอร์ต เรล ลิงก์,A3,บ้านทับช้าง,2299,2177,5/6/2022
1004,รถไฟระหว่างเมือง,แอร์พอร์ต เรล ลิงก์,A4,หัวหมาก,3561,3487,5/6/2022
1005,รถไฟระหว่างเมือง,แอร์พอร์ต เรล ลิงก์,A5,รามคำแหง,3869,4156,5/6/2022
1006,รถไฟระหว่างเมือง,แอร์พอร์ต เรล ลิงก์,A6,มักกะสัน,6666,7515,5/6/2022
1007,รถไฟระหว่างเมือง,แอร์พอร์ต เรล ลิงก์,A7,ราชปรารภ,2030,2130,5/6/2022
1008,รถไฟระหว่างเมือง,แอร์พอร์ต เรล ลิงก์,A8,พญาไท,8679,9263,5/6/2022
1009,รถไฟระหว่างเมือง,แอร์พอร์ต เรล ลิงก์,A1,สุวรรณภูมิ,6246,4997,5/7/2022
1010,รถไฟระหว่างเมือง,แอร์พอร์ต เรล ลิงก์,A2,ลาดกระบัง,5107,5081,5/7/2022
1011,รถไฟระหว่างเมือง,แอร์พอร์ต เรล ลิงก์,A3,บ้านทับช้าง,1280,1242,5/7/2022
1012,รถไฟระหว่างเมือง,แอร์พอร์ต เรล ลิงก์,A4,หัวหมาก,2277,2270,5/7/2022
1013,รถไฟระหว่างเมือง,แอร์พอร์ต เรล ลิงก์,A5,รามคำแหง,2508,2978,5/7/2022
1014,รถไฟระหว่างเมือง,แอร์พอร์ต เรล ลิงก์,A6,มักกะสัน,4416,4782,5/7/2022
1015,รถไฟระหว่างเมือง,แอร์พอร์ต เรล ลิงก์,A7,ราชปรารภ,1577,1582,5/7/2022
1016,รถไฟระหว่างเมือง,แอร์พอร์ต เรล ลิงก์,A8,พญาไท,6197,6676,5/7/2022
1017,รถไฟระหว่างเมือง,แอร์พอร์ต เรล ลิงก์,A1,สุวรรณภูมิ,6409,4713,5/8/2022
1018,รถไฟระหว่างเมือง,แอร์พอร์ต เรล ลิงก์,A2,ลาดกระบัง,4427,4613,5/8/2022
1019,รถไฟระหว่างเมือง,แอร์พอร์ต เรล ลิงก์,A3,บ้านทับช้าง,1020,1036,5/8/2022
1020,รถไฟระหว่างเมือง,แอร์พอร์ต เรล ลิงก์,A4,หัวหมาก,1944,2006,5/8/2022
1021,รถไฟระหว่างเมือง,แอร์พอร์ต เรล ลิงก์,A5,รามคำแหง,2311,2704,5/8/2022
1022,รถไฟระหว่างเมือง,แอร์พอร์ต เรล ลิงก์,A6,มักกะสัน,3943,4578,5/8/2022
1023,รถไฟระหว่างเมือง,แอร์พอร์ต เรล ลิงก์,A7,ราชปรารภ,1422,1425,5/8/2022
1024,รถไฟระหว่างเมือง,แอร์พอร์ต เรล ลิงก์,A8,พญาไท,5805,6206,5/8/2022
1025,รถไฟระหว่างเมือง,แอร์พอร์ต เรล ลิงก์,A1,สุวรรณภูมิ,6879,5689,5/9/2022
1026,รถไฟระหว่างเมือง,แอร์พอร์ต เรล ลิงก์,A2,ลาดกระบัง,6830,6892,5/9/2022
1027,รถไฟระหว่างเมือง,แอร์พอร์ต เรล ลิงก์,A3,บ้านทับช้าง,2262,2163,5/9/2022
1028,รถไฟระหว่างเมือง,แอร์พอร์ต เรล ลิงก์,A4,หัวหมาก,3482,3399,5/9/2022
1029,รถไฟระหว่างเมือง,แอร์พอร์ต เรล ลิงก์,A5,รามคำแหง,4046,4236,5/9/2022
1030,รถไฟระหว่างเมือง,แอร์พอร์ต เรล ลิงก์,A6,มักกะสัน,6727,7436,5/9/2022
1031,รถไฟระหว่างเมือง,แอร์พอร์ต เรล ลิงก์,A7,ราชปรารภ,2013,2086,5/9/2022
1032,รถไฟระหว่างเมือง,แอร์พอร์ต เรล ลิงก์,A8,พญาไท,8362,8700,5/9/2022
1033,รถไฟระหว่างเมือง,แอร์พอร์ต เรล ลิงก์,A1,สุวรรณภูมิ,6648,5450,5/10/2022
1034,รถไฟระหว่างเมือง,แอร์พอร์ต เรล ลิงก์,A2,ลาดกระบัง,6863,6981,5/10/2022
1035,รถไฟระหว่างเมือง,แอร์พอร์ต เรล ลิงก์,A3,บ้านทับช้าง,2289,2221,5/10/2022
1036,รถไฟระหว่างเมือง,แอร์พอร์ต เรล ลิงก์,A4,หัวหมาก,3649,3549,5/10/2022
1037,รถไฟระหว่างเมือง,แอร์พอร์ต เรล ลิงก์,A5,รามคำแหง,4070,4199,5/10/2022
1038,รถไฟระหว่างเมือง,แอร์พอร์ต เรล ลิงก์,A6,มักกะสัน,6734,7368,5/10/2022
1039,รถไฟระหว่างเมือง,แอร์พอร์ต เรล ลิงก์,A7,ราชปรารภ,1985,2121,5/10/2022
1040,รถไฟระหว่างเมือง,แอร์พอร์ต เรล ลิงก์,A8,พญาไท,8390,8739,5/10/2022
1041,รถไฟระหว่างเมือง,แอร์พอร์ต เรล ลิงก์,A1,สุวรรณภูมิ,6799,5610,5/11/2022
1042,รถไฟระหว่างเมือง,แอร์พอร์ต เรล ลิงก์,A2,ลาดกระบัง,6898,6805,5/11/2022
1043,รถไฟระหว่างเมือง,แอร์พอร์ต เรล ลิงก์,A3,บ้านทับช้าง,2293,2248,5/11/2022
1044,รถไฟระหว่างเมือง,แอร์พอร์ต เรล ลิงก์,A4,หัวหมาก,3650,3536,5/11/2022
1045,รถไฟระหว่างเมือง,แอร์พอร์ต เรล ลิงก์,A5,รามคำแหง,4052,4110,5/11/2022
1046,รถไฟระหว่างเมือง,แอร์พอร์ต เรล ลิงก์,A6,มักกะสัน,6751,7429,5/11/2022
1047,รถไฟระหว่างเมือง,แอร์พอร์ต เรล ลิงก์,A7,ราชปรารภ,2079,2148,5/11/2022
1048,รถไฟระหว่างเมือง,แอร์พอร์ต เรล ลิงก์,A8,พญาไท,8469,9105,5/11/2022
1049,รถไฟระหว่างเมือง,แอร์พอร์ต เรล ลิงก์,A1,สุวรรณภูมิ,6840,6106,5/12/2022
1050,รถไฟระหว่างเมือง,แอร์พอร์ต เรล ลิงก์,A2,ลาดกระบัง,7235,7172,5/12/2022
1051,รถไฟระหว่างเมือง,แอร์พอร์ต เรล ลิงก์,A3,บ้านทับช้าง,2339,2271,5/12/2022
1052,รถไฟระหว่างเมือง,แอร์พอร์ต เรล ลิงก์,A4,หัวหมาก,3701,3617,5/12/2022
1053,รถไฟระหว่างเมือง,แอร์พอร์ต เรล ลิงก์,A5,รามคำแหง,4091,4166,5/12/2022
1054,รถไฟระหว่างเมือง,แอร์พอร์ต เรล ลิงก์,A6,มักกะสัน,6920,7581,5/12/2022
1055,รถไฟระหว่างเมือง,แอร์พอร์ต เรล ลิงก์,A7,ราชปรารภ,2061,2225,5/12/2022
1056,รถไฟระหว่างเมือง,แอร์พอร์ต เรล ลิงก์,A8,พญาไท,9201,9250,5/12/2022
1057,รถไฟระหว่างเมือง,แอร์พอร์ต เรล ลิงก์,A1,สุวรรณภูมิ,7043,5872,5/13/2022
1058,รถไฟระหว่างเมือง,แอร์พอร์ต เรล ลิงก์,A2,ลาดกระบัง,6661,6375,5/13/2022
1059,รถไฟระหว่างเมือง,แอร์พอร์ต เรล ลิงก์,A3,บ้านทับช้าง,2141,1953,5/13/2022
1060,รถไฟระหว่างเมือง,แอร์พอร์ต เรล ลิงก์,A4,หัวหมาก,3339,3170,5/13/2022
1061,รถไฟระหว่างเมือง,แอร์พอร์ต เรล ลิงก์,A5,รามคำแหง,3865,3804,5/13/2022
1062,รถไฟระหว่างเมือง,แอร์พอร์ต เรล ลิงก์,A6,มักกะสัน,6595,7308,5/13/2022
1063,รถไฟระหว่างเมือง,แอร์พอร์ต เรล ลิงก์,A7,ราชปรารภ,1874,2094,5/13/2022
1064,รถไฟระหว่างเมือง,แอร์พอร์ต เรล ลิงก์,A8,พญาไท,7814,8756,5/13/2022
1065,รถไฟระหว่างเมือง,แอร์พอร์ต เรล ลิงก์,A1,สุวรรณภูมิ,6498,5311,5/14/2022
1066,รถไฟระหว่างเมือง,แอร์พอร์ต เรล ลิงก์,A2,ลาดกระบัง,5309,5349,5/14/2022
1067,รถไฟระหว่างเมือง,แอร์พอร์ต เรล ลิงก์,A3,บ้านทับช้าง,1240,1218,5/14/2022
1068,รถไฟระหว่างเมือง,แอร์พอร์ต เรล ลิงก์,A4,หัวหมาก,2431,2303,5/14/2022
1069,รถไฟระหว่างเมือง,แอร์พอร์ต เรล ลิงก์,A5,รามคำแหง,2654,2972,5/14/2022
1070,รถไฟระหว่างเมือง,แอร์พอร์ต เรล ลิงก์,A6,มักกะสัน,4575,5104,5/14/2022
1071,รถไฟระหว่างเมือง,แอร์พอร์ต เรล ลิงก์,A7,ราชปรารภ,1631,1559,5/14/2022
1072,รถไฟระหว่างเมือง,แอร์พอร์ต เรล ลิงก์,A8,พญาไท,6567,7089,5/14/2022
1073,รถไฟระหว่างเมือง,แอร์พอร์ต เรล ลิงก์,A1,สุวรรณภูมิ,6012,4873,5/15/2022
1074,รถไฟระหว่างเมือง,แอร์พอร์ต เรล ลิงก์,A2,ลาดกระบัง,4197,4332,5/15/2022
1075,รถไฟระหว่างเมือง,แอร์พอร์ต เรล ลิงก์,A3,บ้านทับช้าง,981,945,5/15/2022
1076,รถไฟระหว่างเมือง,แอร์พอร์ต เรล ลิงก์,A4,หัวหมาก,1808,1909,5/15/2022
1077,รถไฟระหว่างเมือง,แอร์พอร์ต เรล ลิงก์,A5,รามคำแหง,2347,2474,5/15/2022
1078,รถไฟระหว่างเมือง,แอร์พอร์ต เรล ลิงก์,A6,มักกะสัน,3636,4164,5/15/2022
1079,รถไฟระหว่างเมือง,แอร์พอร์ต เรล ลิงก์,A7,ราชปรารภ,1486,1381,5/15/2022
1080,รถไฟระหว่างเมือง,แอร์พอร์ต เรล ลิงก์,A8,พญาไท,5596,5985,5/15/2022
1081,รถไฟระหว่างเมือง,แอร์พอร์ต เรล ลิงก์,A1,สุวรรณภูมิ,6972,4710,5/16/2022
1082,รถไฟระหว่างเมือง,แอร์พอร์ต เรล ลิงก์,A2,ลาดกระบัง,4296,4255,5/16/2022
1083,รถไฟระหว่างเมือง,แอร์พอร์ต เรล ลิงก์,A3,บ้านทับช้าง,981,1004,5/16/2022
1084,รถไฟระหว่างเมือง,แอร์พอร์ต เรล ลิงก์,A4,หัวหมาก,1793,1910,5/16/2022
1085,รถไฟระหว่างเมือง,แอร์พอร์ต เรล ลิงก์,A5,รามคำแหง,2188,2508,5/16/2022
1086,รถไฟระหว่างเมือง,แอร์พอร์ต เรล ลิงก์,A6,มักกะสัน,3618,4392,5/16/2022
1087,รถไฟระหว่างเมือง,แอร์พอร์ต เรล ลิงก์,A7,ราชปรารภ,1309,1468,5/16/2022
1088,รถไฟระหว่างเมือง,แอร์พอร์ต เรล ลิงก์,A8,พญาไท,5249,6159,5/16/2022
1089,รถไฟระหว่างเมือง,แอร์พอร์ต เรล ลิงก์,A1,สุวรรณภูมิ,7739,6030,5/17/2022
1090,รถไฟระหว่างเมือง,แอร์พอร์ต เรล ลิงก์,A2,ลาดกระบัง,7212,7262,5/17/2022
1091,รถไฟระหว่างเมือง,แอร์พอร์ต เรล ลิงก์,A3,บ้านทับช้าง,2503,2430,5/17/2022
1092,รถไฟระหว่างเมือง,แอร์พอร์ต เรล ลิงก์,A4,หัวหมาก,4062,3988,5/17/2022
1093,รถไฟระหว่างเมือง,แอร์พอร์ต เรล ลิงก์,A5,รามคำแหง,4313,4750,5/17/2022
1094,รถไฟระหว่างเมือง,แอร์พอร์ต เรล ลิงก์,A6,มักกะสัน,7718,8250,5/17/2022
1095,รถไฟระหว่างเมือง,แอร์พอร์ต เรล ลิงก์,A7,ราชปรารภ,2076,2294,5/17/2022
1096,รถไฟระหว่างเมือง,แอร์พอร์ต เรล ลิงก์,A8,พญาไท,9278,9897,5/17/2022
1097,รถไฟระหว่างเมือง,แอร์พอร์ต เรล ลิงก์,A1,สุวรรณภูมิ,7622,5544,5/18/2022
1098,รถไฟระหว่างเมือง,แอร์พอร์ต เรล ลิงก์,A2,ลาดกระบัง,7165,7221,5/18/2022
1099,รถไฟระหว่างเมือง,แอร์พอร์ต เรล ลิงก์,A3,บ้านทับช้าง,2576,2525,5/18/2022
1100,รถไฟระหว่างเมือง,แอร์พอร์ต เรล ลิงก์,A4,หัวหมาก,4100,3969,5/18/2022
1101,รถไฟระหว่างเมือง,แอร์พอร์ต เรล ลิงก์,A5,รามคำแหง,4406,4492,5/18/2022
1102,รถไฟระหว่างเมือง,แอร์พอร์ต เรล ลิงก์,A6,มักกะสัน,7264,8296,5/18/2022
1103,รถไฟระหว่างเมือง,แอร์พอร์ต เรล ลิงก์,A7,ราชปรารภ,2088,2259,5/18/2022
1104,รถไฟระหว่างเมือง,แอร์พอร์ต เรล ลิงก์,A8,พญาไท,9041,9956,5/18/2022
1105,รถไฟระหว่างเมือง,แอร์พอร์ต เรล ลิงก์,A1,สุวรรณภูมิ,7445,5866,5/19/2022
1106,รถไฟระหว่างเมือง,แอร์พอร์ต เรล ลิงก์,A2,ลาดกระบัง,7479,7431,5/19/2022
1107,รถไฟระหว่างเมือง,แอร์พอร์ต เรล ลิงก์,A3,บ้านทับช้าง,2706,2602,5/19/2022
1108,รถไฟระหว่างเมือง,แอร์พอร์ต เรล ลิงก์,A4,หัวหมาก,4168,4026,5/19/2022
1109,รถไฟระหว่างเมือง,แอร์พอร์ต เรล ลิงก์,A5,รามคำแหง,4292,4611,5/19/2022
1110,รถไฟระหว่างเมือง,แอร์พอร์ต เรล ลิงก์,A6,มักกะสัน,7539,8336,5/19/2022
1111,รถไฟระหว่างเมือง,แอร์พอร์ต เรล ลิงก์,A7,ราชปรารภ,2231,2354,5/19/2022
1112,รถไฟระหว่างเมือง,แอร์พอร์ต เรล ลิงก์,A8,พญาไท,9363,9997,5/19/2022
1113,รถไฟระหว่างเมือง,แอร์พอร์ต เรล ลิงก์,A1,สุวรรณภูมิ,7928,6324,5/20/2022
1114,รถไฟระหว่างเมือง,แอร์พอร์ต เรล ลิงก์,A2,ลาดกระบัง,7999,8083,5/20/2022
1115,รถไฟระหว่างเมือง,แอร์พอร์ต เรล ลิงก์,A3,บ้านทับช้าง,2716,2625,5/20/2022
1116,รถไฟระหว่างเมือง,แอร์พอร์ต เรล ลิงก์,A4,หัวหมาก,4338,4169,5/20/2022
1117,รถไฟระหว่างเมือง,แอร์พอร์ต เรล ลิงก์,A5,รามคำแหง,4525,4656,5/20/2022
1118,รถไฟระหว่างเมือง,แอร์พอร์ต เรล ลิงก์,A6,มักกะสัน,7833,8768,5/20/2022
1119,รถไฟระหว่างเมือง,แอร์พอร์ต เรล ลิงก์,A7,ราชปรารภ,2338,2414,5/20/2022
1120,รถไฟระหว่างเมือง,แอร์พอร์ต เรล ลิงก์,A8,พญาไท,10186,10824,5/20/2022
1121,รถไฟระหว่างเมือง,แอร์พอร์ต เรล ลิงก์,A1,สุวรรณภูมิ,6747,5628,5/21/2022
1122,รถไฟระหว่างเมือง,แอร์พอร์ต เรล ลิงก์,A2,ลาดกระบัง,5461,5724,5/21/2022
1123,รถไฟระหว่างเมือง,แอร์พอร์ต เรล ลิงก์,A3,บ้านทับช้าง,1298,1373,5/21/2022
1124,รถไฟระหว่างเมือง,แอร์พอร์ต เรล ลิงก์,A4,หัวหมาก,2398,2495,5/21/2022
1125,รถไฟระหว่างเมือง,แอร์พอร์ต เรล ลิงก์,A5,รามคำแหง,2706,3051,5/21/2022
1126,รถไฟระหว่างเมือง,แอร์พอร์ต เรล ลิงก์,A6,มักกะสัน,5104,5169,5/21/2022
1127,รถไฟระหว่างเมือง,แอร์พอร์ต เรล ลิงก์,A7,ราชปรารภ,1904,1786,5/21/2022
1128,รถไฟระหว่างเมือง,แอร์พอร์ต เรล ลิงก์,A8,พญาไท,7166,7558,5/21/2022
1129,รถไฟระหว่างเมือง,แอร์พอร์ต เรล ลิงก์,A1,สุวรรณภูมิ,6450,5426,5/22/2022
1130,รถไฟระหว่างเมือง,แอร์พอร์ต เรล ลิงก์,A2,ลาดกระบัง,5110,5040,5/22/2022
1131,รถไฟระหว่างเมือง,แอร์พอร์ต เรล ลิงก์,A3,บ้านทับช้าง,1109,1063,5/22/2022
1132,รถไฟระหว่างเมือง,แอร์พอร์ต เรล ลิงก์,A4,หัวหมาก,2193,2178,5/22/2022
1133,รถไฟระหว่างเมือง,แอร์พอร์ต เรล ลิงก์,A5,รามคำแหง,2368,2569,5/22/2022
1134,รถไฟระหว่างเมือง,แอร์พอร์ต เรล ลิงก์,A6,มักกะสัน,4324,4723,5/22/2022
1135,รถไฟระหว่างเมือง,แอร์พอร์ต เรล ลิงก์,A7,ราชปรารภ,1665,1556,5/22/2022
1136,รถไฟระหว่างเมือง,แอร์พอร์ต เรล ลิงก์,A8,พญาไท,6299,6963,5/22/2022
1137,รถไฟระหว่างเมือง,แอร์พอร์ต เรล ลิงก์,A1,สุวรรณภูมิ,6620,6077,5/23/2022
1138,รถไฟระหว่างเมือง,แอร์พอร์ต เรล ลิงก์,A2,ลาดกระบัง,7596,7444,5/23/2022
1139,รถไฟระหว่างเมือง,แอร์พอร์ต เรล ลิงก์,A3,บ้านทับช้าง,2622,2467,5/23/2022
1140,รถไฟระหว่างเมือง,แอร์พอร์ต เรล ลิงก์,A4,หัวหมาก,3955,3730,5/23/2022
1141,รถไฟระหว่างเมือง,แอร์พอร์ต เรล ลิงก์,A5,รามคำแหง,4202,4359,5/23/2022
1142,รถไฟระหว่างเมือง,แอร์พอร์ต เรล ลิงก์,A6,มักกะสัน,7237,8041,5/23/2022
1143,รถไฟระหว่างเมือง,แอร์พอร์ต เรล ลิงก์,A7,ราชปรารภ,2207,2200,5/23/2022
1144,รถไฟระหว่างเมือง,แอร์พอร์ต เรล ลิงก์,A8,พญาไท,9290,9411,5/23/2022
1145,รถไฟระหว่างเมือง,แอร์พอร์ต เรล ลิงก์,A1,สุวรรณภูมิ,6780,5896,5/24/2022
1146,รถไฟระหว่างเมือง,แอร์พอร์ต เรล ลิงก์,A2,ลาดกระบัง,7365,7459,5/24/2022
1147,รถไฟระหว่างเมือง,แอร์พอร์ต เรล ลิงก์,A3,บ้านทับช้าง,2564,2595,5/24/2022
1148,รถไฟระหว่างเมือง,แอร์พอร์ต เรล ลิงก์,A4,หัวหมาก,4019,3836,5/24/2022
1149,รถไฟระหว่างเมือง,แอร์พอร์ต เรล ลิงก์,A5,รามคำแหง,4328,4478,5/24/2022
1150,รถไฟระหว่างเมือง,แอร์พอร์ต เรล ลิงก์,A6,มักกะสัน,7314,7910,5/24/2022
1151,รถไฟระหว่างเมือง,แอร์พอร์ต เรล ลิงก์,A7,ราชปรารภ,2187,2239,5/24/2022
1152,รถไฟระหว่างเมือง,แอร์พอร์ต เรล ลิงก์,A8,พญาไท,9243,9387,5/24/2022
1153,รถไฟระหว่างเมือง,แอร์พอร์ต เรล ลิงก์,A1,สุวรรณภูมิ,7301,6266,5/25/2022
1154,รถไฟระหว่างเมือง,แอร์พอร์ต เรล ลิงก์,A2,ลาดกระบัง,7517,7645,5/25/2022
1155,รถไฟระหว่างเมือง,แอร์พอร์ต เรล ลิงก์,A3,บ้านทับช้าง,2644,2537,5/25/2022
1156,รถไฟระหว่างเมือง,แอร์พอร์ต เรล ลิงก์,A4,หัวหมาก,4039,3965,5/25/2022
1157,รถไฟระหว่างเมือง,แอร์พอร์ต เรล ลิงก์,A5,รามคำแหง,4325,4497,5/25/2022
1158,รถไฟระหว่างเมือง,แอร์พอร์ต เรล ลิงก์,A6,มักกะสัน,7560,8072,5/25/2022
1159,รถไฟระหว่างเมือง,แอร์พอร์ต เรล ลิงก์,A7,ราชปรารภ,2215,2203,5/25/2022
1160,รถไฟระหว่างเมือง,แอร์พอร์ต เรล ลิงก์,A8,พญาไท,9617,10033,5/25/2022
1161,รถไฟระหว่างเมือง,แอร์พอร์ต เรล ลิงก์,A1,สุวรรณภูมิ,7464,6143,5/26/2022
1162,รถไฟระหว่างเมือง,แอร์พอร์ต เรล ลิงก์,A2,ลาดกระบัง,7461,7496,5/26/2022
1163,รถไฟระหว่างเมือง,แอร์พอร์ต เรล ลิงก์,A3,บ้านทับช้าง,2580,2538,5/26/2022
1164,รถไฟระหว่างเมือง,แอร์พอร์ต เรล ลิงก์,A4,หัวหมาก,4043,3797,5/26/2022
1165,รถไฟระหว่างเมือง,แอร์พอร์ต เรล ลิงก์,A5,รามคำแหง,4369,4568,5/26/2022
1166,รถไฟระหว่างเมือง,แอร์พอร์ต เรล ลิงก์,A6,มักกะสัน,7613,8261,5/26/2022
1167,รถไฟระหว่างเมือง,แอร์พอร์ต เรล ลิงก์,A7,ราชปรารภ,2213,2395,5/26/2022
1168,รถไฟระหว่างเมือง,แอร์พอร์ต เรล ลิงก์,A8,พญาไท,9398,9943,5/26/2022
1169,รถไฟระหว่างเมือง,แอร์พอร์ต เรล ลิงก์,A1,สุวรรณภูมิ,8453,6513,5/27/2022
1170,รถไฟระหว่างเมือง,แอร์พอร์ต เรล ลิงก์,A2,ลาดกระบัง,8236,8358,5/27/2022
1171,รถไฟระหว่างเมือง,แอร์พอร์ต เรล ลิงก์,A3,บ้านทับช้าง,2795,2583,5/27/2022
1172,รถไฟระหว่างเมือง,แอร์พอร์ต เรล ลิงก์,A4,หัวหมาก,4447,4117,5/27/2022
1173,รถไฟระหว่างเมือง,แอร์พอร์ต เรล ลิงก์,A5,รามคำแหง,4749,4925,5/27/2022
1174,รถไฟระหว่างเมือง,แอร์พอร์ต เรล ลิงก์,A6,มักกะสัน,8365,9308,5/27/2022
1175,รถไฟระหว่างเมือง,แอร์พอร์ต เรล ลิงก์,A7,ราชปรารภ,2501,2751,5/27/2022
1176,รถไฟระหว่างเมือง,แอร์พอร์ต เรล ลิงก์,A8,พญาไท,10764,11755,5/27/2022
1177,รถไฟระหว่างเมือง,แอร์พอร์ต เรล ลิงก์,A1,สุวรรณภูมิ,6892,5906,5/28/2022
1178,รถไฟระหว่างเมือง,แอร์พอร์ต เรล ลิงก์,A2,ลาดกระบัง,6251,6284,5/28/2022
1179,รถไฟระหว่างเมือง,แอร์พอร์ต เรล ลิงก์,A3,บ้านทับช้าง,1596,1480,5/28/2022
1180,รถไฟระหว่างเมือง,แอร์พอร์ต เรล ลิงก์,A4,หัวหมาก,2880,2892,5/28/2022
1181,รถไฟระหว่างเมือง,แอร์พอร์ต เรล ลิงก์,A5,รามคำแหง,3025,3412,5/28/2022
1182,รถไฟระหว่างเมือง,แอร์พอร์ต เรล ลิงก์,A6,มักกะสัน,5824,6353,5/28/2022
1183,รถไฟระหว่างเมือง,แอร์พอร์ต เรล ลิงก์,A7,ราชปรารภ,2150,2099,5/28/2022
1184,รถไฟระหว่างเมือง,แอร์พอร์ต เรล ลิงก์,A8,พญาไท,8411,8603,5/28/2022
1185,รถไฟระหว่างเมือง,แอร์พอร์ต เรล ลิงก์,A1,สุวรรณภูมิ,6986,6079,5/29/2022
1186,รถไฟระหว่างเมือง,แอร์พอร์ต เรล ลิงก์,A2,ลาดกระบัง,5405,5431,5/29/2022
1187,รถไฟระหว่างเมือง,แอร์พอร์ต เรล ลิงก์,A3,บ้านทับช้าง,1237,1197,5/29/2022
1188,รถไฟระหว่างเมือง,แอร์พอร์ต เรล ลิงก์,A4,หัวหมาก,2451,2482,5/29/2022
1189,รถไฟระหว่างเมือง,แอร์พอร์ต เรล ลิงก์,A5,รามคำแหง,2718,2912,5/29/2022
1190,รถไฟระหว่างเมือง,แอร์พอร์ต เรล ลิงก์,A6,มักกะสัน,5025,5682,5/29/2022
1191,รถไฟระหว่างเมือง,แอร์พอร์ต เรล ลิงก์,A7,ราชปรารภ,2026,1978,5/29/2022
1192,รถไฟระหว่างเมือง,แอร์พอร์ต เรล ลิงก์,A8,พญาไท,7664,7751,5/29/2022
1193,รถไฟระหว่างเมือง,แอร์พอร์ต เรล ลิงก์,A1,สุวรรณภูมิ,7383,6644,5/30/2022
1194,รถไฟระหว่างเมือง,แอร์พอร์ต เรล ลิงก์,A2,ลาดกระบัง,7715,7668,5/30/2022
1195,รถไฟระหว่างเมือง,แอร์พอร์ต เรล ลิงก์,A3,บ้านทับช้าง,2616,2571,5/30/2022
1196,รถไฟระหว่างเมือง,แอร์พอร์ต เรล ลิงก์,A4,หัวหมาก,4068,3968,5/30/2022
1197,รถไฟระหว่างเมือง,แอร์พอร์ต เรล ลิงก์,A5,รามคำแหง,4633,4764,5/30/2022
1198,รถไฟระหว่างเมือง,แอร์พอร์ต เรล ลิงก์,A6,มักกะสัน,7817,8381,5/30/2022
1199,รถไฟระหว่างเมือง,แอร์พอร์ต เรล ลิงก์,A7,ราชปรารภ,2312,2399,5/30/2022
1200,รถไฟระหว่างเมือง,แอร์พอร์ต เรล ลิงก์,A8,พญาไท,9965,10114,5/30/2022
1201,รถไฟระหว่างเมือง,แอร์พอร์ต เรล ลิงก์,A1,สุวรรณภูมิ,7708,7008,5/31/2022
1202,รถไฟระหว่างเมือง,แอร์พอร์ต เรล ลิงก์,A2,ลาดกระบัง,7690,7789,5/31/2022
1203,รถไฟระหว่างเมือง,แอร์พอร์ต เรล ลิงก์,A3,บ้านทับช้าง,2712,2685,5/31/2022
1204,รถไฟระหว่างเมือง,แอร์พอร์ต เรล ลิงก์,A4,หัวหมาก,4241,4176,5/31/2022
1205,รถไฟระหว่างเมือง,แอร์พอร์ต เรล ลิงก์,A5,รามคำแหง,4824,4878,5/31/2022
1206,รถไฟระหว่างเมือง,แอร์พอร์ต เรล ลิงก์,A6,มักกะสัน,8173,8539,5/31/2022
1207,รถไฟระหว่างเมือง,แอร์พอร์ต เรล ลิงก์,A7,ราชปรารภ,2338,2457,5/31/2022
1208,รถไฟระหว่างเมือง,แอร์พอร์ต เรล ลิงก์,A8,พญาไท,10202,10356,5/31/2022
1209,รถไฟระหว่างเมือง,แอร์พอร์ต เรล ลิงก์,A1,สุวรรณภูมิ,7374,6593,6/1/2022
1210,รถไฟระหว่างเมือง,แอร์พอร์ต เรล ลิงก์,A2,ลาดกระบัง,8104,8238,6/1/2022
1211,รถไฟระหว่างเมือง,แอร์พอร์ต เรล ลิงก์,A3,บ้านทับช้าง,2919,2850,6/1/2022
1212,รถไฟระหว่างเมือง,แอร์พอร์ต เรล ลิงก์,A4,หัวหมาก,4528,4312,6/1/2022
1213,รถไฟระหว่างเมือง,แอร์พอร์ต เรล ลิงก์,A5,รามคำแหง,4906,4950,6/1/2022
1214,รถไฟระหว่างเมือง,แอร์พอร์ต เรล ลิงก์,A6,มักกะสัน,8552,9129,6/1/2022
1215,รถไฟระหว่างเมือง,แอร์พอร์ต เรล ลิงก์,A7,ราชปรารภ,2420,2550,6/1/2022
1216,รถไฟระหว่างเมือง,แอร์พอร์ต เรล ลิงก์,A8,พญาไท,10427,10608,6/1/2022
1217,รถไฟระหว่างเมือง,แอร์พอร์ต เรล ลิงก์,A1,สุวรรณภูมิ,8558,7646,6/2/2022
1218,รถไฟระหว่างเมือง,แอร์พอร์ต เรล ลิงก์,A2,ลาดกระบัง,8531,8560,6/2/2022
1219,รถไฟระหว่างเมือง,แอร์พอร์ต เรล ลิงก์,A3,บ้านทับช้าง,2986,2831,6/2/2022
1220,รถไฟระหว่างเมือง,แอร์พอร์ต เรล ลิงก์,A4,หัวหมาก,4745,4473,6/2/2022
1221,รถไฟระหว่างเมือง,แอร์พอร์ต เรล ลิงก์,A5,รามคำแหง,5130,5225,6/2/2022
1222,รถไฟระหว่างเมือง,แอร์พอร์ต เรล ลิงก์,A6,มักกะสัน,8904,9787,6/2/2022
1223,รถไฟระหว่างเมือง,แอร์พอร์ต เรล ลิงก์,A7,ราชปรารภ,2460,2666,6/2/2022
1224,รถไฟระหว่างเมือง,แอร์พอร์ต เรล ลิงก์,A8,พญาไท,11372,11498,6/2/2022
1225,รถไฟระหว่างเมือง,แอร์พอร์ต เรล ลิงก์,A1,สุวรรณภูมิ,6955,5585,6/3/2022
1226,รถไฟระหว่างเมือง,แอร์พอร์ต เรล ลิงก์,A2,ลาดกระบัง,5798,5706,6/3/2022
1227,รถไฟระหว่างเมือง,แอร์พอร์ต เรล ลิงก์,A3,บ้านทับช้าง,1399,1312,6/3/2022
1228,รถไฟระหว่างเมือง,แอร์พอร์ต เรล ลิงก์,A4,หัวหมาก,2624,2471,6/3/2022
1229,รถไฟระหว่างเมือง,แอร์พอร์ต เรล ลิงก์,A5,รามคำแหง,2864,3091,6/3/2022
1230,รถไฟระหว่างเมือง,แอร์พอร์ต เรล ลิงก์,A6,มักกะสัน,4966,5549,6/3/2022
1231,รถไฟระหว่างเมือง,แอร์พอร์ต เรล ลิงก์,A7,ราชปรารภ,1888,1931,6/3/2022
1232,รถไฟระหว่างเมือง,แอร์พอร์ต เรล ลิงก์,A8,พญาไท,7111,7960,6/3/2022
1233,รถไฟระหว่างเมือง,แอร์พอร์ต เรล ลิงก์,A1,สุวรรณภูมิ,6791,5324,6/4/2022
1234,รถไฟระหว่างเมือง,แอร์พอร์ต เรล ลิงก์,A2,ลาดกระบัง,5473,5486,6/4/2022
1235,รถไฟระหว่างเมือง,แอร์พอร์ต เรล ลิงก์,A3,บ้านทับช้าง,1294,1260,6/4/2022
1236,รถไฟระหว่างเมือง,แอร์พอร์ต เรล ลิงก์,A4,หัวหมาก,2498,2330,6/4/2022
1237,รถไฟระหว่างเมือง,แอร์พอร์ต เรล ลิงก์,A5,รามคำแหง,2692,3002,6/4/2022
1238,รถไฟระหว่างเมือง,แอร์พอร์ต เรล ลิงก์,A6,มักกะสัน,4815,5401,6/4/2022
1239,รถไฟระหว่างเมือง,แอร์พอร์ต เรล ลิงก์,A7,ราชปรารภ,1857,1756,6/4/2022
1240,รถไฟระหว่างเมือง,แอร์พอร์ต เรล ลิงก์,A8,พญาไท,6731,7592,6/4/2022
1241,รถไฟระหว่างเมือง,แอร์พอร์ต เรล ลิงก์,A1,สุวรรณภูมิ,6791,5611,6/5/2022
1242,รถไฟระหว่างเมือง,แอร์พอร์ต เรล ลิงก์,A2,ลาดกระบัง,5473,5165,6/5/2022
1243,รถไฟระหว่างเมือง,แอร์พอร์ต เรล ลิงก์,A3,บ้านทับช้าง,1294,1095,6/5/2022
1244,รถไฟระหว่างเมือง,แอร์พอร์ต เรล ลิงก์,A4,หัวหมาก,2498,2331,6/5/2022
1245,รถไฟระหว่างเมือง,แอร์พอร์ต เรล ลิงก์,A5,รามคำแหง,2692,2822,6/5/2022
1246,รถไฟระหว่างเมือง,แอร์พอร์ต เรล ลิงก์,A6,มักกะสัน,4815,5027,6/5/2022
1247,รถไฟระหว่างเมือง,แอร์พอร์ต เรล ลิงก์,A7,ราชปรารภ,1857,1734,6/5/2022
1248,รถไฟระหว่างเมือง,แอร์พอร์ต เรล ลิงก์,A8,พญาไท,6731,7421,6/5/2022
1249,รถไฟระหว่างเมือง,แอร์พอร์ต เรล ลิงก์,A1,สุวรรณภูมิ,7581,6461,6/6/2022
1250,รถไฟระหว่างเมือง,แอร์พอร์ต เรล ลิงก์,A2,ลาดกระบัง,8024,8208,6/6/2022
1251,รถไฟระหว่างเมือง,แอร์พอร์ต เรล ลิงก์,A3,บ้านทับช้าง,2864,2902,6/6/2022
1252,รถไฟระหว่างเมือง,แอร์พอร์ต เรล ลิงก์,A4,หัวหมาก,4329,4432,6/6/2022
1253,รถไฟระหว่างเมือง,แอร์พอร์ต เรล ลิงก์,A5,รามคำแหง,4879,5261,6/6/2022
1254,รถไฟระหว่างเมือง,แอร์พอร์ต เรล ลิงก์,A6,มักกะสัน,8901,9202,6/6/2022
1255,รถไฟระหว่างเมือง,แอร์พอร์ต เรล ลิงก์,A7,ราชปรารภ,2331,2588,6/6/2022
1256,รถไฟระหว่างเมือง,แอร์พอร์ต เรล ลิงก์,A8,พญาไท,10526,10381,6/6/2022
1257,รถไฟระหว่างเมือง,แอร์พอร์ต เรล ลิงก์,A1,สุวรรณภูมิ,7699,6549,6/7/2022
1258,รถไฟระหว่างเมือง,แอร์พอร์ต เรล ลิงก์,A2,ลาดกระบัง,7867,8024,6/7/2022
1259,รถไฟระหว่างเมือง,แอร์พอร์ต เรล ลิงก์,A3,บ้านทับช้าง,2948,2911,6/7/2022
1260,รถไฟระหว่างเมือง,แอร์พอร์ต เรล ลิงก์,A4,หัวหมาก,4556,4492,6/7/2022
1261,รถไฟระหว่างเมือง,แอร์พอร์ต เรล ลิงก์,A5,รามคำแหง,4885,4986,6/7/2022
1262,รถไฟระหว่างเมือง,แอร์พอร์ต เรล ลิงก์,A6,มักกะสัน,8556,9149,6/7/2022
1263,รถไฟระหว่างเมือง,แอร์พอร์ต เรล ลิงก์,A7,ราชปรารภ,2529,2623,6/7/2022
1264,รถไฟระหว่างเมือง,แอร์พอร์ต เรล ลิงก์,A8,พญาไท,10361,10667,6/7/2022
1265,รถไฟระหว่างเมือง,แอร์พอร์ต เรล ลิงก์,A1,สุวรรณภูมิ,7769,6346,6/8/2022
1266,รถไฟระหว่างเมือง,แอร์พอร์ต เรล ลิงก์,A2,ลาดกระบัง,7886,8074,6/8/2022
1267,รถไฟระหว่างเมือง,แอร์พอร์ต เรล ลิงก์,A3,บ้านทับช้าง,3019,2987,6/8/2022
1268,รถไฟระหว่างเมือง,แอร์พอร์ต เรล ลิงก์,A4,หัวหมาก,4555,4354,6/8/2022
1269,รถไฟระหว่างเมือง,แอร์พอร์ต เรล ลิงก์,A5,รามคำแหง,4836,5034,6/8/2022
1270,รถไฟระหว่างเมือง,แอร์พอร์ต เรล ลิงก์,A6,มักกะสัน,8599,9155,6/8/2022
1271,รถไฟระหว่างเมือง,แอร์พอร์ต เรล ลิงก์,A7,ราชปรารภ,2517,2721,6/8/2022
1272,รถไฟระหว่างเมือง,แอร์พอร์ต เรล ลิงก์,A8,พญาไท,10229,10739,6/8/2022
1273,รถไฟระหว่างเมือง,แอร์พอร์ต เรล ลิงก์,A1,สุวรรณภูมิ,7503,6480,6/9/2022
1274,รถไฟระหว่างเมือง,แอร์พอร์ต เรล ลิงก์,A2,ลาดกระบัง,7979,6620,6/9/2022
1275,รถไฟระหว่างเมือง,แอร์พอร์ต เรล ลิงก์,A3,บ้านทับช้าง,2895,2879,6/9/2022
1276,รถไฟระหว่างเมือง,แอร์พอร์ต เรล ลิงก์,A4,หัวหมาก,4369,4254,6/9/2022
1277,รถไฟระหว่างเมือง,แอร์พอร์ต เรล ลิงก์,A5,รามคำแหง,4666,4977,6/9/2022
1278,รถไฟระหว่างเมือง,แอร์พอร์ต เรล ลิงก์,A6,มักกะสัน,7819,9067,6/9/2022
1279,รถไฟระหว่างเมือง,แอร์พอร์ต เรล ลิงก์,A7,ราชปรารภ,2450,2676,6/9/2022
1280,รถไฟระหว่างเมือง,แอร์พอร์ต เรล ลิงก์,A8,พญาไท,9887,10615,6/9/2022
1281,รถไฟระหว่างเมือง,แอร์พอร์ต เรล ลิงก์,A1,สุวรรณภูมิ,8855,6766,6/10/2022
1282,รถไฟระหว่างเมือง,แอร์พอร์ต เรล ลิงก์,A2,ลาดกระบัง,8640,8495,6/10/2022
1283,รถไฟระหว่างเมือง,แอร์พอร์ต เรล ลิงก์,A3,บ้านทับช้าง,3081,2961,6/10/2022
1284,รถไฟระหว่างเมือง,แอร์พอร์ต เรล ลิงก์,A4,หัวหมาก,4892,4681,6/10/2022
1285,รถไฟระหว่างเมือง,แอร์พอร์ต เรล ลิงก์,A5,รามคำแหง,5018,5187,6/10/2022
1286,รถไฟระหว่างเมือง,แอร์พอร์ต เรล ลิงก์,A6,มักกะสัน,8760,9783,6/10/2022
1287,รถไฟระหว่างเมือง,แอร์พอร์ต เรล ลิงก์,A7,ราชปรารภ,2520,2791,6/10/2022
1288,รถไฟระหว่างเมือง,แอร์พอร์ต เรล ลิงก์,A8,พญาไท,11051,12153,6/10/2022
1289,รถไฟระหว่างเมือง,แอร์พอร์ต เรล ลิงก์,A1,สุวรรณภูมิ,7697,6123,6/11/2022
1290,รถไฟระหว่างเมือง,แอร์พอร์ต เรล ลิงก์,A2,ลาดกระบัง,6271,6373,6/11/2022
1291,รถไฟระหว่างเมือง,แอร์พอร์ต เรล ลิงก์,A3,บ้านทับช้าง,1559,1561,6/11/2022
1292,รถไฟระหว่างเมือง,แอร์พอร์ต เรล ลิงก์,A4,หัวหมาก,2975,2839,6/11/2022
1293,รถไฟระหว่างเมือง,แอร์พอร์ต เรล ลิงก์,A5,รามคำแหง,3249,3450,6/11/2022
1294,รถไฟระหว่างเมือง,แอร์พอร์ต เรล ลิงก์,A6,มักกะสัน,5602,6193,6/11/2022
1295,รถไฟระหว่างเมือง,แอร์พอร์ต เรล ลิงก์,A7,ราชปรารภ,2285,2136,6/11/2022
1296,รถไฟระหว่างเมือง,แอร์พอร์ต เรล ลิงก์,A8,พญาไท,8085,9048,6/11/2022
1297,รถไฟระหว่างเมือง,แอร์พอร์ต เรล ลิงก์,A1,สุวรรณภูมิ,6896,5928,6/12/2022
1298,รถไฟระหว่างเมือง,แอร์พอร์ต เรล ลิงก์,A2,ลาดกระบัง,4951,5038,6/12/2022
1299,รถไฟระหว่างเมือง,แอร์พอร์ต เรล ลิงก์,A3,บ้านทับช้าง,1194,1140,6/12/2022
1300,รถไฟระหว่างเมือง,แอร์พอร์ต เรล ลิงก์,A4,หัวหมาก,2348,2356,6/12/2022
1301,รถไฟระหว่างเมือง,แอร์พอร์ต เรล ลิงก์,A5,รามคำแหง,2509,2804,6/12/2022
1302,รถไฟระหว่างเมือง,แอร์พอร์ต เรล ลิงก์,A6,มักกะสัน,4554,4937,6/12/2022
1303,รถไฟระหว่างเมือง,แอร์พอร์ต เรล ลิงก์,A7,ราชปรารภ,1744,1843,6/12/2022
1304,รถไฟระหว่างเมือง,แอร์พอร์ต เรล ลิงก์,A8,พญาไท,7038,7188,6/12/2022
1305,รถไฟระหว่างเมือง,แอร์พอร์ต เรล ลิงก์,A1,สุวรรณภูมิ,7626,6814,6/13/2022
1306,รถไฟระหว่างเมือง,แอร์พอร์ต เรล ลิงก์,A2,ลาดกระบัง,8119,7991,6/13/2022
1307,รถไฟระหว่างเมือง,แอร์พอร์ต เรล ลิงก์,A3,บ้านทับช้าง,2985,2902,6/13/2022
1308,รถไฟระหว่างเมือง,แอร์พอร์ต เรล ลิงก์,A4,หัวหมาก,4538,4504,6/13/2022
1309,รถไฟระหว่างเมือง,แอร์พอร์ต เรล ลิงก์,A5,รามคำแหง,4756,4894,6/13/2022
1310,รถไฟระหว่างเมือง,แอร์พอร์ต เรล ลิงก์,A6,มักกะสัน,8512,9217,6/13/2022
1311,รถไฟระหว่างเมือง,แอร์พอร์ต เรล ลิงก์,A7,ราชปรารภ,2566,2506,6/13/2022
1312,รถไฟระหว่างเมือง,แอร์พอร์ต เรล ลิงก์,A8,พญาไท,10360,10634,6/13/2022
1313,รถไฟระหว่างเมือง,แอร์พอร์ต เรล ลิงก์,A1,สุวรรณภูมิ,7631,6539,6/14/2022
1314,รถไฟระหว่างเมือง,แอร์พอร์ต เรล ลิงก์,A2,ลาดกระบัง,8010,7910,6/14/2022
1315,รถไฟระหว่างเมือง,แอร์พอร์ต เรล ลิงก์,A3,บ้านทับช้าง,2915,2906,6/14/2022
1316,รถไฟระหว่างเมือง,แอร์พอร์ต เรล ลิงก์,A4,หัวหมาก,4512,4340,6/14/2022
1317,รถไฟระหว่างเมือง,แอร์พอร์ต เรล ลิงก์,A5,รามคำแหง,4805,4893,6/14/2022
1318,รถไฟระหว่างเมือง,แอร์พอร์ต เรล ลิงก์,A6,มักกะสัน,8328,9109,6/14/2022
1319,รถไฟระหว่างเมือง,แอร์พอร์ต เรล ลิงก์,A7,ราชปรารภ,2553,2654,6/14/2022
1320,รถไฟระหว่างเมือง,แอร์พอร์ต เรล ลิงก์,A8,พญาไท,10231,10634,6/14/2022
1321,รถไฟระหว่างเมือง,แอร์พอร์ต เรล ลิงก์,A1,สุวรรณภูมิ,7464,6352,6/15/2022
1322,รถไฟระหว่างเมือง,แอร์พอร์ต เรล ลิงก์,A2,ลาดกระบัง,7966,8019,6/15/2022
1323,รถไฟระหว่างเมือง,แอร์พอร์ต เรล ลิงก์,A3,บ้านทับช้าง,3081,2909,6/15/2022
1324,รถไฟระหว่างเมือง,แอร์พอร์ต เรล ลิงก์,A4,หัวหมาก,4575,4462,6/15/2022
1325,รถไฟระหว่างเมือง,แอร์พอร์ต เรล ลิงก์,A5,รามคำแหง,4940,4882,6/15/2022
1326,รถไฟระหว่างเมือง,แอร์พอร์ต เรล ลิงก์,A6,มักกะสัน,8526,9297,6/15/2022
1327,รถไฟระหว่างเมือง,แอร์พอร์ต เรล ลิงก์,A7,ราชปรารภ,2475,2549,6/15/2022
1328,รถไฟระหว่างเมือง,แอร์พอร์ต เรล ลิงก์,A8,พญาไท,10195,10752,6/15/2022
1329,รถไฟระหว่างเมือง,แอร์พอร์ต เรล ลิงก์,A1,สุวรรณภูมิ,7697,6290,6/16/2022
1330,รถไฟระหว่างเมือง,แอร์พอร์ต เรล ลิงก์,A2,ลาดกระบัง,8018,8079,6/16/2022
1331,รถไฟระหว่างเมือง,แอร์พอร์ต เรล ลิงก์,A3,บ้านทับช้าง,2957,2844,6/16/2022
1332,รถไฟระหว่างเมือง,แอร์พอร์ต เรล ลิงก์,A4,หัวหมาก,4560,4363,6/16/2022
1333,รถไฟระหว่างเมือง,แอร์พอร์ต เรล ลิงก์,A5,รามคำแหง,4894,4952,6/16/2022
1334,รถไฟระหว่างเมือง,แอร์พอร์ต เรล ลิงก์,A6,มักกะสัน,8365,9175,6/16/2022
1335,รถไฟระหว่างเมือง,แอร์พอร์ต เรล ลิงก์,A7,ราชปรารภ,2518,2748,6/16/2022
1336,รถไฟระหว่างเมือง,แอร์พอร์ต เรล ลิงก์,A8,พญาไท,10423,10981,6/16/2022
1337,รถไฟระหว่างเมือง,แอร์พอร์ต เรล ลิงก์,A1,สุวรรณภูมิ,8499,6882,6/17/2022
1338,รถไฟระหว่างเมือง,แอร์พอร์ต เรล ลิงก์,A2,ลาดกระบัง,8550,8394,6/17/2022
1339,รถไฟระหว่างเมือง,แอร์พอร์ต เรล ลิงก์,A3,บ้านทับช้าง,3053,2883,6/17/2022
1340,รถไฟระหว่างเมือง,แอร์พอร์ต เรล ลิงก์,A4,หัวหมาก,4866,4564,6/17/2022
1341,รถไฟระหว่างเมือง,แอร์พอร์ต เรล ลิงก์,A5,รามคำแหง,5145,5145,6/17/2022
1342,รถไฟระหว่างเมือง,แอร์พอร์ต เรล ลิงก์,A6,มักกะสัน,8623,9748,6/17/2022
1343,รถไฟระหว่างเมือง,แอร์พอร์ต เรล ลิงก์,A7,ราชปรารภ,2603,2858,6/17/2022
1344,รถไฟระหว่างเมือง,แอร์พอร์ต เรล ลิงก์,A8,พญาไท,11189,12054,6/17/2022
1345,รถไฟระหว่างเมือง,แอร์พอร์ต เรล ลิงก์,A1,สุวรรณภูมิ,7128,5900,6/18/2022
1346,รถไฟระหว่างเมือง,แอร์พอร์ต เรล ลิงก์,A2,ลาดกระบัง,6145,6289,6/18/2022
1347,รถไฟระหว่างเมือง,แอร์พอร์ต เรล ลิงก์,A3,บ้านทับช้าง,1570,1535,6/18/2022
1348,รถไฟระหว่างเมือง,แอร์พอร์ต เรล ลิงก์,A4,หัวหมาก,2957,2863,6/18/2022
1349,รถไฟระหว่างเมือง,แอร์พอร์ต เรล ลิงก์,A5,รามคำแหง,3097,3405,6/18/2022
1350,รถไฟระหว่างเมือง,แอร์พอร์ต เรล ลิงก์,A6,มักกะสัน,5391,5739,6/18/2022
1351,รถไฟระหว่างเมือง,แอร์พอร์ต เรล ลิงก์,A7,ราชปรารภ,2186,2087,6/18/2022
1352,รถไฟระหว่างเมือง,แอร์พอร์ต เรล ลิงก์,A8,พญาไท,8328,8984,6/18/2022
1353,รถไฟระหว่างเมือง,แอร์พอร์ต เรล ลิงก์,A1,สุวรรณภูมิ,7005,5875,6/19/2022
1354,รถไฟระหว่างเมือง,แอร์พอร์ต เรล ลิงก์,A2,ลาดกระบัง,5357,5214,6/19/2022
1355,รถไฟระหว่างเมือง,แอร์พอร์ต เรล ลิงก์,A3,บ้านทับช้าง,1220,1251,6/19/2022
1356,รถไฟระหว่างเมือง,แอร์พอร์ต เรล ลิงก์,A4,หัวหมาก,2219,2332,6/19/2022
1357,รถไฟระหว่างเมือง,แอร์พอร์ต เรล ลิงก์,A5,รามคำแหง,2493,2908,6/19/2022
1358,รถไฟระหว่างเมือง,แอร์พอร์ต เรล ลิงก์,A6,มักกะสัน,4577,5106,6/19/2022
1359,รถไฟระหว่างเมือง,แอร์พอร์ต เรล ลิงก์,A7,ราชปรารภ,2062,1871,6/19/2022
1360,รถไฟระหว่างเมือง,แอร์พอร์ต เรล ลิงก์,A8,พญาไท,7275,7651,6/19/2022
1361,รถไฟระหว่างเมือง,แอร์พอร์ต เรล ลิงก์,A1,สุวรรณภูมิ,7698,6680,6/20/2022
1362,รถไฟระหว่างเมือง,แอร์พอร์ต เรล ลิงก์,A2,ลาดกระบัง,8124,7987,6/20/2022
1363,รถไฟระหว่างเมือง,แอร์พอร์ต เรล ลิงก์,A3,บ้านทับช้าง,2997,2876,6/20/2022
1364,รถไฟระหว่างเมือง,แอร์พอร์ต เรล ลิงก์,A4,หัวหมาก,4498,4374,6/20/2022
1365,รถไฟระหว่างเมือง,แอร์พอร์ต เรล ลิงก์,A5,รามคำแหง,4773,4933,6/20/2022
1366,รถไฟระหว่างเมือง,แอร์พอร์ต เรล ลิงก์,A6,มักกะสัน,8460,9278,6/20/2022
1367,รถไฟระหว่างเมือง,แอร์พอร์ต เรล ลิงก์,A7,ราชปรารภ,2599,2652,6/20/2022
1368,รถไฟระหว่างเมือง,แอร์พอร์ต เรล ลิงก์,A8,พญาไท,10241,10610,6/20/2022
1369,รถไฟระหว่างเมือง,แอร์พอร์ต เรล ลิงก์,A1,สุวรรณภูมิ,7378,6179,6/21/2022
1370,รถไฟระหว่างเมือง,แอร์พอร์ต เรล ลิงก์,A2,ลาดกระบัง,7921,8000,6/21/2022
1371,รถไฟระหว่างเมือง,แอร์พอร์ต เรล ลิงก์,A3,บ้านทับช้าง,3037,2980,6/21/2022
1372,รถไฟระหว่างเมือง,แอร์พอร์ต เรล ลิงก์,A4,หัวหมาก,4637,4434,6/21/2022
1373,รถไฟระหว่างเมือง,แอร์พอร์ต เรล ลิงก์,A5,รามคำแหง,4746,5147,6/21/2022
1374,รถไฟระหว่างเมือง,แอร์พอร์ต เรล ลิงก์,A6,มักกะสัน,8525,9089,6/21/2022
1375,รถไฟระหว่างเมือง,แอร์พอร์ต เรล ลิงก์,A7,ราชปรารภ,2589,2713,6/21/2022
1376,รถไฟระหว่างเมือง,แอร์พอร์ต เรล ลิงก์,A8,พญาไท,10276,10567,6/21/2022
1377,รถไฟระหว่างเมือง,แอร์พอร์ต เรล ลิงก์,A1,สุวรรณภูมิ,7406,6327,6/22/2022
1378,รถไฟระหว่างเมือง,แอร์พอร์ต เรล ลิงก์,A2,ลาดกระบัง,7928,7810,6/22/2022
1379,รถไฟระหว่างเมือง,แอร์พอร์ต เรล ลิงก์,A3,บ้านทับช้าง,3052,2894,6/22/2022
1380,รถไฟระหว่างเมือง,แอร์พอร์ต เรล ลิงก์,A4,หัวหมาก,4527,4371,6/22/2022
1381,รถไฟระหว่างเมือง,แอร์พอร์ต เรล ลิงก์,A5,รามคำแหง,4808,4979,6/22/2022
1382,รถไฟระหว่างเมือง,แอร์พอร์ต เรล ลิงก์,A6,มักกะสัน,8438,9208,6/22/2022
1383,รถไฟระหว่างเมือง,แอร์พอร์ต เรล ลิงก์,A7,ราชปรารภ,2458,2596,6/22/2022
1384,รถไฟระหว่างเมือง,แอร์พอร์ต เรล ลิงก์,A8,พญาไท,10140,10572,6/22/2022
1385,รถไฟระหว่างเมือง,แอร์พอร์ต เรล ลิงก์,A1,สุวรรณภูมิ,7615,6456,6/23/2022
1386,รถไฟระหว่างเมือง,แอร์พอร์ต เรล ลิงก์,A2,ลาดกระบัง,7857,7875,6/23/2022
1387,รถไฟระหว่างเมือง,แอร์พอร์ต เรล ลิงก์,A3,บ้านทับช้าง,2967,2890,6/23/2022
1388,รถไฟระหว่างเมือง,แอร์พอร์ต เรล ลิงก์,A4,หัวหมาก,4518,4299,6/23/2022
1389,รถไฟระหว่างเมือง,แอร์พอร์ต เรล ลิงก์,A5,รามคำแหง,4861,4888,6/23/2022
1390,รถไฟระหว่างเมือง,แอร์พอร์ต เรล ลิงก์,A6,มักกะสัน,8346,8941,6/23/2022
1391,รถไฟระหว่างเมือง,แอร์พอร์ต เรล ลิงก์,A7,ราชปรารภ,2539,2728,6/23/2022
1392,รถไฟระหว่างเมือง,แอร์พอร์ต เรล ลิงก์,A8,พญาไท,10114,10740,6/23/2022
1393,รถไฟระหว่างเมือง,แอร์พอร์ต เรล ลิงก์,A1,สุวรรณภูมิ,8509,6981,6/24/2022
1394,รถไฟระหว่างเมือง,แอร์พอร์ต เรล ลิงก์,A2,ลาดกระบัง,8702,8664,6/24/2022
1395,รถไฟระหว่างเมือง,แอร์พอร์ต เรล ลิงก์,A3,บ้านทับช้าง,3107,2882,6/24/2022
1396,รถไฟระหว่างเมือง,แอร์พอร์ต เรล ลิงก์,A4,หัวหมาก,4930,4672,6/24/2022
1397,รถไฟระหว่างเมือง,แอร์พอร์ต เรล ลิงก์,A5,รามคำแหง,5024,5151,6/24/2022
1398,รถไฟระหว่างเมือง,แอร์พอร์ต เรล ลิงก์,A6,มักกะสัน,9141,9944,6/24/2022
1399,รถไฟระหว่างเมือง,แอร์พอร์ต เรล ลิงก์,A7,ราชปรารภ,2658,2928,6/24/2022
1400,รถไฟระหว่างเมือง,แอร์พอร์ต เรล ลิงก์,A8,พญาไท,11311,12160,6/24/2022
1401,รถไฟระหว่างเมือง,แอร์พอร์ต เรล ลิงก์,A1,สุวรรณภูมิ,7077,5750,6/25/2022
1402,รถไฟระหว่างเมือง,แอร์พอร์ต เรล ลิงก์,A2,ลาดกระบัง,6044,6123,6/25/2022
1403,รถไฟระหว่างเมือง,แอร์พอร์ต เรล ลิงก์,A3,บ้านทับช้าง,1542,1569,6/25/2022
1404,รถไฟระหว่างเมือง,แอร์พอร์ต เรล ลิงก์,A4,หัวหมาก,2838,2811,6/25/2022
1405,รถไฟระหว่างเมือง,แอร์พอร์ต เรล ลิงก์,A5,รามคำแหง,3214,3406,6/25/2022
1406,รถไฟระหว่างเมือง,แอร์พอร์ต เรล ลิงก์,A6,มักกะสัน,5305,6062,6/25/2022
1407,รถไฟระหว่างเมือง,แอร์พอร์ต เรล ลิงก์,A7,ราชปรารภ,2238,2142,6/25/2022
1408,รถไฟระหว่างเมือง,แอร์พอร์ต เรล ลิงก์,A8,พญาไท,8381,8776,6/25/2022
1409,รถไฟระหว่างเมือง,แอร์พอร์ต เรล ลิงก์,A1,สุวรรณภูมิ,6991,6019,6/26/2022
1410,รถไฟระหว่างเมือง,แอร์พอร์ต เรล ลิงก์,A2,ลาดกระบัง,5066,5001,6/26/2022
1411,รถไฟระหว่างเมือง,แอร์พอร์ต เรล ลิงก์,A3,บ้านทับช้าง,1166,1156,6/26/2022
1412,รถไฟระหว่างเมือง,แอร์พอร์ต เรล ลิงก์,A4,หัวหมาก,2292,2262,6/26/2022
1413,รถไฟระหว่างเมือง,แอร์พอร์ต เรล ลิงก์,A5,รามคำแหง,2452,2803,6/26/2022
1414,รถไฟระหว่างเมือง,แอร์พอร์ต เรล ลิงก์,A6,มักกะสัน,4371,4798,6/26/2022
1415,รถไฟระหว่างเมือง,แอร์พอร์ต เรล ลิงก์,A7,ราชปรารภ,2036,1937,6/26/2022
1416,รถไฟระหว่างเมือง,แอร์พอร์ต เรล ลิงก์,A8,พญาไท,6963,7361,6/26/2022
1417,รถไฟระหว่างเมือง,แอร์พอร์ต เรล ลิงก์,A1,สุวรรณภูมิ,7707,6480,6/27/2022
1418,รถไฟระหว่างเมือง,แอร์พอร์ต เรล ลิงก์,A2,ลาดกระบัง,8037,8028,6/27/2022
1419,รถไฟระหว่างเมือง,แอร์พอร์ต เรล ลิงก์,A3,บ้านทับช้าง,2941,2901,6/27/2022
1420,รถไฟระหว่างเมือง,แอร์พอร์ต เรล ลิงก์,A4,หัวหมาก,4447,4244,6/27/2022
1421,รถไฟระหว่างเมือง,แอร์พอร์ต เรล ลิงก์,A5,รามคำแหง,4681,4910,6/27/2022
1422,รถไฟระหว่างเมือง,แอร์พอร์ต เรล ลิงก์,A6,มักกะสัน,8294,8956,6/27/2022
1423,รถไฟระหว่างเมือง,แอร์พอร์ต เรล ลิงก์,A7,ราชปรารภ,2433,2573,6/27/2022
1424,รถไฟระหว่างเมือง,แอร์พอร์ต เรล ลิงก์,A8,พญาไท,10401,10849,6/27/2022
1425,รถไฟระหว่างเมือง,แอร์พอร์ต เรล ลิงก์,A1,สุวรรณภูมิ,7633,6247,6/28/2022
1426,รถไฟระหว่างเมือง,แอร์พอร์ต เรล ลิงก์,A2,ลาดกระบัง,7877,8029,6/28/2022
1427,รถไฟระหว่างเมือง,แอร์พอร์ต เรล ลิงก์,A3,บ้านทับช้าง,2985,2927,6/28/2022
1428,รถไฟระหว่างเมือง,แอร์พอร์ต เรล ลิงก์,A4,หัวหมาก,4462,4491,6/28/2022
1429,รถไฟระหว่างเมือง,แอร์พอร์ต เรล ลิงก์,A5,รามคำแหง,4767,5209,6/28/2022
1430,รถไฟระหว่างเมือง,แอร์พอร์ต เรล ลิงก์,A6,มักกะสัน,8715,9075,6/28/2022
1431,รถไฟระหว่างเมือง,แอร์พอร์ต เรล ลิงก์,A7,ราชปรารภ,2441,2573,6/28/2022
1432,รถไฟระหว่างเมือง,แอร์พอร์ต เรล ลิงก์,A8,พญาไท,10533,10862,6/28/2022
1433,รถไฟระหว่างเมือง,แอร์พอร์ต เรล ลิงก์,A1,สุวรรณภูมิ,7593,6461,6/29/2022
1434,รถไฟระหว่างเมือง,แอร์พอร์ต เรล ลิงก์,A2,ลาดกระบัง,7861,8034,6/29/2022
1435,รถไฟระหว่างเมือง,แอร์พอร์ต เรล ลิงก์,A3,บ้านทับช้าง,2985,2919,6/29/2022
1436,รถไฟระหว่างเมือง,แอร์พอร์ต เรล ลิงก์,A4,หัวหมาก,4522,4454,6/29/2022
1437,รถไฟระหว่างเมือง,แอร์พอร์ต เรล ลิงก์,A5,รามคำแหง,4729,5159,6/29/2022
1438,รถไฟระหว่างเมือง,แอร์พอร์ต เรล ลิงก์,A6,มักกะสัน,8567,9121,6/29/2022
1439,รถไฟระหว่างเมือง,แอร์พอร์ต เรล ลิงก์,A7,ราชปรารภ,2542,2452,6/29/2022
1440,รถไฟระหว่างเมือง,แอร์พอร์ต เรล ลิงก์,A8,พญาไท,10350,10549,6/29/2022
1441,รถไฟระหว่างเมือง,แอร์พอร์ต เรล ลิงก์,A1,สุวรรณภูมิ,7704,6415,6/30/2022
1442,รถไฟระหว่างเมือง,แอร์พอร์ต เรล ลิงก์,A2,ลาดกระบัง,8213,8286,6/30/2022
1443,รถไฟระหว่างเมือง,แอร์พอร์ต เรล ลิงก์,A3,บ้านทับช้าง,3010,2977,6/30/2022
1444,รถไฟระหว่างเมือง,แอร์พอร์ต เรล ลิงก์,A4,หัวหมาก,4541,4422,6/30/2022
1445,รถไฟระหว่างเมือง,แอร์พอร์ต เรล ลิงก์,A5,รามคำแหง,5162,5206,6/30/2022
1446,รถไฟระหว่างเมือง,แอร์พอร์ต เรล ลิงก์,A6,มักกะสัน,8568,9340,6/30/2022
1447,รถไฟระหว่างเมือง,แอร์พอร์ต เรล ลิงก์,A7,ราชปรารภ,2556,2706,6/30/2022
1448,รถไฟระหว่างเมือง,แอร์พอร์ต เรล ลิงก์,A8,พญาไท,10591,10993,6/30/2022
1449,รถไฟระหว่างเมือง,แอร์พอร์ต เรล ลิงก์,A1,สุวรรณภูมิ,8729,6924,7/1/2022
1450,รถไฟระหว่างเมือง,แอร์พอร์ต เรล ลิงก์,A2,ลาดกระบัง,8911,8997,7/1/2022
1451,รถไฟระหว่างเมือง,แอร์พอร์ต เรล ลิงก์,A3,บ้านทับช้าง,3018,2959,7/1/2022
1452,รถไฟระหว่างเมือง,แอร์พอร์ต เรล ลิงก์,A4,หัวหมาก,4788,4804,7/1/2022
1453,รถไฟระหว่างเมือง,แอร์พอร์ต เรล ลิงก์,A5,รามคำแหง,5224,5929,7/1/2022
1454,รถไฟระหว่างเมือง,แอร์พอร์ต เรล ลิงก์,A6,มักกะสัน,9354,9914,7/1/2022
1455,รถไฟระหว่างเมือง,แอร์พอร์ต เรล ลิงก์,A7,ราชปรารภ,2539,2894,7/1/2022
1456,รถไฟระหว่างเมือง,แอร์พอร์ต เรล ลิงก์,A8,พญาไท,12056,12198,7/1/2022
1457,รถไฟระหว่างเมือง,แอร์พอร์ต เรล ลิงก์,A1,สุวรรณภูมิ,8568,6769,7/2/2022
1458,รถไฟระหว่างเมือง,แอร์พอร์ต เรล ลิงก์,A2,ลาดกระบัง,6724,6912,7/2/2022
1459,รถไฟระหว่างเมือง,แอร์พอร์ต เรล ลิงก์,A3,บ้านทับช้าง,1742,1695,7/2/2022
1460,รถไฟระหว่างเมือง,แอร์พอร์ต เรล ลิงก์,A4,หัวหมาก,3255,3198,7/2/2022
1461,รถไฟระหว่างเมือง,แอร์พอร์ต เรล ลิงก์,A5,รามคำแหง,3853,4263,7/2/2022
1462,รถไฟระหว่างเมือง,แอร์พอร์ต เรล ลิงก์,A6,มักกะสัน,5971,6570,7/2/2022
1463,รถไฟระหว่างเมือง,แอร์พอร์ต เรล ลิงก์,A7,ราชปรารภ,2186,2302,7/2/2022
1464,รถไฟระหว่างเมือง,แอร์พอร์ต เรล ลิงก์,A8,พญาไท,9088,9678,7/2/2022
1465,รถไฟระหว่างเมือง,แอร์พอร์ต เรล ลิงก์,A1,สุวรรณภูมิ,8190,6856,7/3/2022
1466,รถไฟระหว่างเมือง,แอร์พอร์ต เรล ลิงก์,A2,ลาดกระบัง,7667,7367,7/3/2022
1467,รถไฟระหว่างเมือง,แอร์พอร์ต เรล ลิงก์,A3,บ้านทับช้าง,1472,1458,7/3/2022
1468,รถไฟระหว่างเมือง,แอร์พอร์ต เรล ลิงก์,A4,หัวหมาก,2702,2624,7/3/2022
1469,รถไฟระหว่างเมือง,แอร์พอร์ต เรล ลิงก์,A5,รามคำแหง,3310,3871,7/3/2022
1470,รถไฟระหว่างเมือง,แอร์พอร์ต เรล ลิงก์,A6,มักกะสัน,5511,5807,7/3/2022
1471,รถไฟระหว่างเมือง,แอร์พอร์ต เรล ลิงก์,A7,ราชปรารภ,2254,2228,7/3/2022
1472,รถไฟระหว่างเมือง,แอร์พอร์ต เรล ลิงก์,A8,พญาไท,8568,9463,7/3/2022
1473,รถไฟระหว่างเมือง,แอร์พอร์ต เรล ลิงก์,A1,สุวรรณภูมิ,7992,7589,7/4/2022
1474,รถไฟระหว่างเมือง,แอร์พอร์ต เรล ลิงก์,A2,ลาดกระบัง,8457,8218,7/4/2022
1475,รถไฟระหว่างเมือง,แอร์พอร์ต เรล ลิงก์,A3,บ้านทับช้าง,3058,3002,7/4/2022
1476,รถไฟระหว่างเมือง,แอร์พอร์ต เรล ลิงก์,A4,หัวหมาก,4707,4576,7/4/2022
1477,รถไฟระหว่างเมือง,แอร์พอร์ต เรล ลิงก์,A5,รามคำแหง,5300,5457,7/4/2022
1478,รถไฟระหว่างเมือง,แอร์พอร์ต เรล ลิงก์,A6,มักกะสัน,8982,9482,7/4/2022
1479,รถไฟระหว่างเมือง,แอร์พอร์ต เรล ลิงก์,A7,ราชปรารภ,2796,2796,7/4/2022
1480,รถไฟระหว่างเมือง,แอร์พอร์ต เรล ลิงก์,A8,พญาไท,11110,11282,7/4/2022
1481,รถไฟระหว่างเมือง,แอร์พอร์ต เรล ลิงก์,A1,สุวรรณภูมิ,7614,6537,7/5/2022
1482,รถไฟระหว่างเมือง,แอร์พอร์ต เรล ลิงก์,A2,ลาดกระบัง,8235,8295,7/5/2022
1483,รถไฟระหว่างเมือง,แอร์พอร์ต เรล ลิงก์,A3,บ้านทับช้าง,3055,2996,7/5/2022
1484,รถไฟระหว่างเมือง,แอร์พอร์ต เรล ลิงก์,A4,หัวหมาก,4768,4530,7/5/2022
1485,รถไฟระหว่างเมือง,แอร์พอร์ต เรล ลิงก์,A5,รามคำแหง,5119,5127,7/5/2022
1486,รถไฟระหว่างเมือง,แอร์พอร์ต เรล ลิงก์,A6,มักกะสัน,8680,9422,7/5/2022
1487,รถไฟระหว่างเมือง,แอร์พอร์ต เรล ลิงก์,A7,ราชปรารภ,2731,3002,7/5/2022
1488,รถไฟระหว่างเมือง,แอร์พอร์ต เรล ลิงก์,A8,พญาไท,10427,10720,7/5/2022
1489,รถไฟระหว่างเมือง,แอร์พอร์ต เรล ลิงก์,A1,สุวรรณภูมิ,7681,6573,7/6/2022
1490,รถไฟระหว่างเมือง,แอร์พอร์ต เรล ลิงก์,A2,ลาดกระบัง,8284,8200,7/6/2022
1491,รถไฟระหว่างเมือง,แอร์พอร์ต เรล ลิงก์,A3,บ้านทับช้าง,3041,2986,7/6/2022
1492,รถไฟระหว่างเมือง,แอร์พอร์ต เรล ลิงก์,A4,หัวหมาก,4770,4674,7/6/2022
1493,รถไฟระหว่างเมือง,แอร์พอร์ต เรล ลิงก์,A5,รามคำแหง,5082,5105,7/6/2022
1494,รถไฟระหว่างเมือง,แอร์พอร์ต เรล ลิงก์,A6,มักกะสัน,8649,9383,7/6/2022
1495,รถไฟระหว่างเมือง,แอร์พอร์ต เรล ลิงก์,A7,ราชปรารภ,2677,2869,7/6/2022
1496,รถไฟระหว่างเมือง,แอร์พอร์ต เรล ลิงก์,A8,พญาไท,10725,11119,7/6/2022
1497,รถไฟระหว่างเมือง,แอร์พอร์ต เรล ลิงก์,A1,สุวรรณภูมิ,8524,8063,7/7/2022
1498,รถไฟระหว่างเมือง,แอร์พอร์ต เรล ลิงก์,A2,ลาดกระบัง,8118,8093,7/7/2022
1499,รถไฟระหว่างเมือง,แอร์พอร์ต เรล ลิงก์,A3,บ้านทับช้าง,3062,2946,7/7/2022
1500,รถไฟระหว่างเมือง,แอร์พอร์ต เรล ลิงก์,A4,หัวหมาก,4736,4620,7/7/2022
1501,รถไฟระหว่างเมือง,แอร์พอร์ต เรล ลิงก์,A5,รามคำแหง,5405,5312,7/7/2022
1502,รถไฟระหว่างเมือง,แอร์พอร์ต เรล ลิงก์,A6,มักกะสัน,8884,9526,7/7/2022
1503,รถไฟระหว่างเมือง,แอร์พอร์ต เรล ลิงก์,A7,ราชปรารภ,2896,2902,7/7/2022
1504,รถไฟระหว่างเมือง,แอร์พอร์ต เรล ลิงก์,A8,พญาไท,10972,11135,7/7/2022
1505,รถไฟระหว่างเมือง,แอร์พอร์ต เรล ลิงก์,A1,สุวรรณภูมิ,8510,7439,7/8/2022
1506,รถไฟระหว่างเมือง,แอร์พอร์ต เรล ลิงก์,A2,ลาดกระบัง,8835,9028,7/8/2022
1507,รถไฟระหว่างเมือง,แอร์พอร์ต เรล ลิงก์,A3,บ้านทับช้าง,3140,3020,7/8/2022
1508,รถไฟระหว่างเมือง,แอร์พอร์ต เรล ลิงก์,A4,หัวหมาก,4841,4708,7/8/2022
1509,รถไฟระหว่างเมือง,แอร์พอร์ต เรล ลิงก์,A5,รามคำแหง,5364,5424,7/8/2022
1510,รถไฟระหว่างเมือง,แอร์พอร์ต เรล ลิงก์,A6,มักกะสัน,9178,9827,7/8/2022
1511,รถไฟระหว่างเมือง,แอร์พอร์ต เรล ลิงก์,A7,ราชปรารภ,2764,2979,7/8/2022
1512,รถไฟระหว่างเมือง,แอร์พอร์ต เรล ลิงก์,A8,พญาไท,12031,12238,7/8/2022
1513,รถไฟระหว่างเมือง,แอร์พอร์ต เรล ลิงก์,A1,สุวรรณภูมิ,6969,6427,7/9/2022
1514,รถไฟระหว่างเมือง,แอร์พอร์ต เรล ลิงก์,A2,ลาดกระบัง,5896,6020,7/9/2022
1515,รถไฟระหว่างเมือง,แอร์พอร์ต เรล ลิงก์,A3,บ้านทับช้าง,1468,1472,7/9/2022
1516,รถไฟระหว่างเมือง,แอร์พอร์ต เรล ลิงก์,A4,หัวหมาก,2731,2648,7/9/2022
1517,รถไฟระหว่างเมือง,แอร์พอร์ต เรล ลิงก์,A5,รามคำแหง,3288,3326,7/9/2022
1518,รถไฟระหว่างเมือง,แอร์พอร์ต เรล ลิงก์,A6,มักกะสัน,5299,5625,7/9/2022
1519,รถไฟระหว่างเมือง,แอร์พอร์ต เรล ลิงก์,A7,ราชปรารภ,2021,1917,7/9/2022
1520,รถไฟระหว่างเมือง,แอร์พอร์ต เรล ลิงก์,A8,พญาไท,8341,8578,7/9/2022
1521,รถไฟระหว่างเมือง,แอร์พอร์ต เรล ลิงก์,A1,สุวรรณภูมิ,7973,6469,7/10/2022
1522,รถไฟระหว่างเมือง,แอร์พอร์ต เรล ลิงก์,A2,ลาดกระบัง,5181,5194,7/10/2022
1523,รถไฟระหว่างเมือง,แอร์พอร์ต เรล ลิงก์,A3,บ้านทับช้าง,1115,1143,7/10/2022
1524,รถไฟระหว่างเมือง,แอร์พอร์ต เรล ลิงก์,A4,หัวหมาก,2280,2286,7/10/2022
1525,รถไฟระหว่างเมือง,แอร์พอร์ต เรล ลิงก์,A5,รามคำแหง,2643,2915,7/10/2022
1526,รถไฟระหว่างเมือง,แอร์พอร์ต เรล ลิงก์,A6,มักกะสัน,4625,5049,7/10/2022
1527,รถไฟระหว่างเมือง,แอร์พอร์ต เรล ลิงก์,A7,ราชปรารภ,2093,1984,7/10/2022
1528,รถไฟระหว่างเมือง,แอร์พอร์ต เรล ลิงก์,A8,พญาไท,7053,7923,7/10/2022
1529,รถไฟระหว่างเมือง,แอร์พอร์ต เรล ลิงก์,A1,สุวรรณภูมิ,8206,7214,7/11/2022
1530,รถไฟระหว่างเมือง,แอร์พอร์ต เรล ลิงก์,A2,ลาดกระบัง,8335,8163,7/11/2022
1531,รถไฟระหว่างเมือง,แอร์พอร์ต เรล ลิงก์,A3,บ้านทับช้าง,2860,2849,7/11/2022
1532,รถไฟระหว่างเมือง,แอร์พอร์ต เรล ลิงก์,A4,หัวหมาก,4668,4710,7/11/2022
1533,รถไฟระหว่างเมือง,แอร์พอร์ต เรล ลิงก์,A5,รามคำแหง,5139,5645,7/11/2022
1534,รถไฟระหว่างเมือง,แอร์พอร์ต เรล ลิงก์,A6,มักกะสัน,8974,9400,7/11/2022
1535,รถไฟระหว่างเมือง,แอร์พอร์ต เรล ลิงก์,A7,ราชปรารภ,2643,2732,7/11/2022
1536,รถไฟระหว่างเมือง,แอร์พอร์ต เรล ลิงก์,A8,พญาไท,10995,11107,7/11/2022
1537,รถไฟระหว่างเมือง,แอร์พอร์ต เรล ลิงก์,A1,สุวรรณภูมิ,8738,8170,7/12/2022
1538,รถไฟระหว่างเมือง,แอร์พอร์ต เรล ลิงก์,A2,ลาดกระบัง,8809,9060,7/12/2022
1539,รถไฟระหว่างเมือง,แอร์พอร์ต เรล ลิงก์,A3,บ้านทับช้าง,3065,3057,7/12/2022
1540,รถไฟระหว่างเมือง,แอร์พอร์ต เรล ลิงก์,A4,หัวหมาก,5374,6084,7/12/2022
1541,รถไฟระหว่างเมือง,แอร์พอร์ต เรล ลิงก์,A5,รามคำแหง,8226,10215,7/12/2022
1542,รถไฟระหว่างเมือง,แอร์พอร์ต เรล ลิงก์,A6,มักกะสัน,11326,10870,7/12/2022
1543,รถไฟระหว่างเมือง,แอร์พอร์ต เรล ลิงก์,A7,ราชปรารภ,2981,2885,7/12/2022
1544,รถไฟระหว่างเมือง,แอร์พอร์ต เรล ลิงก์,A8,พญาไท,15468,13646,7/12/2022
1545,รถไฟระหว่างเมือง,แอร์พอร์ต เรล ลิงก์,A1,สุวรรณภูมิ,7871,6978,7/13/2022
1546,รถไฟระหว่างเมือง,แอร์พอร์ต เรล ลิงก์,A2,ลาดกระบัง,4925,5057,7/13/2022
1547,รถไฟระหว่างเมือง,แอร์พอร์ต เรล ลิงก์,A3,บ้านทับช้าง,1190,1247,7/13/2022
1548,รถไฟระหว่างเมือง,แอร์พอร์ต เรล ลิงก์,A4,หัวหมาก,2473,2391,7/13/2022
1549,รถไฟระหว่างเมือง,แอร์พอร์ต เรล ลิงก์,A5,รามคำแหง,3131,3243,7/13/2022
1550,รถไฟระหว่างเมือง,แอร์พอร์ต เรล ลิงก์,A6,มักกะสัน,5119,5470,7/13/2022
1551,รถไฟระหว่างเมือง,แอร์พอร์ต เรล ลิงก์,A7,ราชปรารภ,2040,1948,7/13/2022
1552,รถไฟระหว่างเมือง,แอร์พอร์ต เรล ลิงก์,A8,พญาไท,7309,7724,7/13/2022
1553,รถไฟระหว่างเมือง,แอร์พอร์ต เรล ลิงก์,A1,สุวรรณภูมิ,8054,6470,7/14/2022
1554,รถไฟระหว่างเมือง,แอร์พอร์ต เรล ลิงก์,A2,ลาดกระบัง,6858,6810,7/14/2022
1555,รถไฟระหว่างเมือง,แอร์พอร์ต เรล ลิงก์,A3,บ้านทับช้าง,2144,2062,7/14/2022
1556,รถไฟระหว่างเมือง,แอร์พอร์ต เรล ลิงก์,A4,หัวหมาก,3493,3386,7/14/2022
1557,รถไฟระหว่างเมือง,แอร์พอร์ต เรล ลิงก์,A5,รามคำแหง,3864,4369,7/14/2022
1558,รถไฟระหว่างเมือง,แอร์พอร์ต เรล ลิงก์,A6,มักกะสัน,7247,7613,7/14/2022
1559,รถไฟระหว่างเมือง,แอร์พอร์ต เรล ลิงก์,A7,ราชปรารภ,2294,2375,7/14/2022
1560,รถไฟระหว่างเมือง,แอร์พอร์ต เรล ลิงก์,A8,พญาไท,8700,9569,7/14/2022
1561,รถไฟระหว่างเมือง,แอร์พอร์ต เรล ลิงก์,A1,สุวรรณภูมิ,8493,6321,7/15/2022
1562,รถไฟระหว่างเมือง,แอร์พอร์ต เรล ลิงก์,A2,ลาดกระบัง,7087,6994,7/15/2022
1563,รถไฟระหว่างเมือง,แอร์พอร์ต เรล ลิงก์,A3,บ้านทับช้าง,2264,2067,7/15/2022
1564,รถไฟระหว่างเมือง,แอร์พอร์ต เรล ลิงก์,A4,หัวหมาก,3524,3508,7/15/2022
1565,รถไฟระหว่างเมือง,แอร์พอร์ต เรล ลิงก์,A5,รามคำแหง,3907,4175,7/15/2022
1566,รถไฟระหว่างเมือง,แอร์พอร์ต เรล ลิงก์,A6,มักกะสัน,7249,8188,7/15/2022
1567,รถไฟระหว่างเมือง,แอร์พอร์ต เรล ลิงก์,A7,ราชปรารภ,2389,2412,7/15/2022
1568,รถไฟระหว่างเมือง,แอร์พอร์ต เรล ลิงก์,A8,พญาไท,8565,9813,7/15/2022
1569,รถไฟระหว่างเมือง,แอร์พอร์ต เรล ลิงก์,A1,สุวรรณภูมิ,8228,5586,7/16/2022
1570,รถไฟระหว่างเมือง,แอร์พอร์ต เรล ลิงก์,A2,ลาดกระบัง,5412,5589,7/16/2022
1571,รถไฟระหว่างเมือง,แอร์พอร์ต เรล ลิงก์,A3,บ้านทับช้าง,1227,1240,7/16/2022
1572,รถไฟระหว่างเมือง,แอร์พอร์ต เรล ลิงก์,A4,หัวหมาก,2525,2445,7/16/2022
1573,รถไฟระหว่างเมือง,แอร์พอร์ต เรล ลิงก์,A5,รามคำแหง,2715,3072,7/16/2022
1574,รถไฟระหว่างเมือง,แอร์พอร์ต เรล ลิงก์,A6,มักกะสัน,5040,5849,7/16/2022
1575,รถไฟระหว่างเมือง,แอร์พอร์ต เรล ลิงก์,A7,ราชปรารภ,2047,1998,7/16/2022
1576,รถไฟระหว่างเมือง,แอร์พอร์ต เรล ลิงก์,A8,พญาไท,6982,8397,7/16/2022
1577,รถไฟระหว่างเมือง,แอร์พอร์ต เรล ลิงก์,A1,สุวรรณภูมิ,8859,6011,7/17/2022
1578,รถไฟระหว่างเมือง,แอร์พอร์ต เรล ลิงก์,A2,ลาดกระบัง,5364,5259,7/17/2022
1579,รถไฟระหว่างเมือง,แอร์พอร์ต เรล ลิงก์,A3,บ้านทับช้าง,1102,1021,7/17/2022
1580,รถไฟระหว่างเมือง,แอร์พอร์ต เรล ลิงก์,A4,หัวหมาก,2071,2268,7/17/2022
1581,รถไฟระหว่างเมือง,แอร์พอร์ต เรล ลิงก์,A5,รามคำแหง,2422,2849,7/17/2022
1582,รถไฟระหว่างเมือง,แอร์พอร์ต เรล ลิงก์,A6,มักกะสัน,4587,5631,7/17/2022
1583,รถไฟระหว่างเมือง,แอร์พอร์ต เรล ลิงก์,A7,ราชปรารภ,2072,1963,7/17/2022
1584,รถไฟระหว่างเมือง,แอร์พอร์ต เรล ลิงก์,A8,พญาไท,6718,8193,7/17/2022
1585,รถไฟระหว่างเมือง,แอร์พอร์ต เรล ลิงก์,A1,สุวรรณภูมิ,8890,6460,7/18/2022
1586,รถไฟระหว่างเมือง,แอร์พอร์ต เรล ลิงก์,A2,ลาดกระบัง,8321,8267,7/18/2022
1587,รถไฟระหว่างเมือง,แอร์พอร์ต เรล ลิงก์,A3,บ้านทับช้าง,2890,2849,7/18/2022
1588,รถไฟระหว่างเมือง,แอร์พอร์ต เรล ลิงก์,A4,หัวหมาก,4457,4376,7/18/2022
1589,รถไฟระหว่างเมือง,แอร์พอร์ต เรล ลิงก์,A5,รามคำแหง,4664,5145,7/18/2022
1590,รถไฟระหว่างเมือง,แอร์พอร์ต เรล ลิงก์,A6,มักกะสัน,8620,9359,7/18/2022
1591,รถไฟระหว่างเมือง,แอร์พอร์ต เรล ลิงก์,A7,ราชปรารภ,2471,2785,7/18/2022
1592,รถไฟระหว่างเมือง,แอร์พอร์ต เรล ลิงก์,A8,พญาไท,10137,11209,7/18/2022
1593,รถไฟระหว่างเมือง,แอร์พอร์ต เรล ลิงก์,A1,สุวรรณภูมิ,8534,6443,7/19/2022
1594,รถไฟระหว่างเมือง,แอร์พอร์ต เรล ลิงก์,A2,ลาดกระบัง,8212,8074,7/19/2022
1595,รถไฟระหว่างเมือง,แอร์พอร์ต เรล ลิงก์,A3,บ้านทับช้าง,2926,2906,7/19/2022
1596,รถไฟระหว่างเมือง,แอร์พอร์ต เรล ลิงก์,A4,หัวหมาก,4451,4559,7/19/2022
1597,รถไฟระหว่างเมือง,แอร์พอร์ต เรล ลิงก์,A5,รามคำแหง,4650,5071,7/19/2022
1598,รถไฟระหว่างเมือง,แอร์พอร์ต เรล ลิงก์,A6,มักกะสัน,8885,9644,7/19/2022
1599,รถไฟระหว่างเมือง,แอร์พอร์ต เรล ลิงก์,A7,ราชปรารภ,2627,2863,7/19/2022
1600,รถไฟระหว่างเมือง,แอร์พอร์ต เรล ลิงก์,A8,พญาไท,10112,10837,7/19/2022
1601,รถไฟระหว่างเมือง,แอร์พอร์ต เรล ลิงก์,A1,สุวรรณภูมิ,8180,6581,7/20/2022
1602,รถไฟระหว่างเมือง,แอร์พอร์ต เรล ลิงก์,A2,ลาดกระบัง,8282,8172,7/20/2022
1603,รถไฟระหว่างเมือง,แอร์พอร์ต เรล ลิงก์,A3,บ้านทับช้าง,2924,2888,7/20/2022
1604,รถไฟระหว่างเมือง,แอร์พอร์ต เรล ลิงก์,A4,หัวหมาก,4492,4533,7/20/2022
1605,รถไฟระหว่างเมือง,แอร์พอร์ต เรล ลิงก์,A5,รามคำแหง,4774,5491,7/20/2022
1606,รถไฟระหว่างเมือง,แอร์พอร์ต เรล ลิงก์,A6,มักกะสัน,9157,9559,7/20/2022
1607,รถไฟระหว่างเมือง,แอร์พอร์ต เรล ลิงก์,A7,ราชปรารภ,2539,2896,7/20/2022
1608,รถไฟระหว่างเมือง,แอร์พอร์ต เรล ลิงก์,A8,พญาไท,10726,10954,7/20/2022
1609,รถไฟระหว่างเมือง,แอร์พอร์ต เรล ลิงก์,A1,สุวรรณภูมิ,9306,7581,7/21/2022
1610,รถไฟระหว่างเมือง,แอร์พอร์ต เรล ลิงก์,A2,ลาดกระบัง,7917,7897,7/21/2022
1611,รถไฟระหว่างเมือง,แอร์พอร์ต เรล ลิงก์,A3,บ้านทับช้าง,3193,2986,7/21/2022
1612,รถไฟระหว่างเมือง,แอร์พอร์ต เรล ลิงก์,A4,หัวหมาก,4346,4182,7/21/2022
1613,รถไฟระหว่างเมือง,แอร์พอร์ต เรล ลิงก์,A5,รามคำแหง,7152,6144,7/21/2022
1614,รถไฟระหว่างเมือง,แอร์พอร์ต เรล ลิงก์,A6,มักกะสัน,9471,10695,7/21/2022
1615,รถไฟระหว่างเมือง,แอร์พอร์ต เรล ลิงก์,A7,ราชปรารภ,2838,3047,7/21/2022
1616,รถไฟระหว่างเมือง,แอร์พอร์ต เรล ลิงก์,A8,พญาไท,10682,12373,7/21/2022
1617,รถไฟระหว่างเมือง,แอร์พอร์ต เรล ลิงก์,A1,สุวรรณภูมิ,9245,7036,7/22/2022
1618,รถไฟระหว่างเมือง,แอร์พอร์ต เรล ลิงก์,A2,ลาดกระบัง,8644,8725,7/22/2022
1619,รถไฟระหว่างเมือง,แอร์พอร์ต เรล ลิงก์,A3,บ้านทับช้าง,2981,2954,7/22/2022
1620,รถไฟระหว่างเมือง,แอร์พอร์ต เรล ลิงก์,A4,หัวหมาก,4635,4481,7/22/2022
1621,รถไฟระหว่างเมือง,แอร์พอร์ต เรล ลิงก์,A5,รามคำแหง,4983,5368,7/22/2022
1622,รถไฟระหว่างเมือง,แอร์พอร์ต เรล ลิงก์,A6,มักกะสัน,9189,10036,7/22/2022
1623,รถไฟระหว่างเมือง,แอร์พอร์ต เรล ลิงก์,A7,ราชปรารภ,2713,2970,7/22/2022
1624,รถไฟระหว่างเมือง,แอร์พอร์ต เรล ลิงก์,A8,พญาไท,11620,12440,7/22/2022
1625,รถไฟระหว่างเมือง,แอร์พอร์ต เรล ลิงก์,A1,สุวรรณภูมิ,7898,6119,7/23/2022
1626,รถไฟระหว่างเมือง,แอร์พอร์ต เรล ลิงก์,A2,ลาดกระบัง,5967,5877,7/23/2022
1627,รถไฟระหว่างเมือง,แอร์พอร์ต เรล ลิงก์,A3,บ้านทับช้าง,1536,1500,7/23/2022
1628,รถไฟระหว่างเมือง,แอร์พอร์ต เรล ลิงก์,A4,หัวหมาก,2862,2857,7/23/2022
1629,รถไฟระหว่างเมือง,แอร์พอร์ต เรล ลิงก์,A5,รามคำแหง,3166,3510,7/23/2022
1630,รถไฟระหว่างเมือง,แอร์พอร์ต เรล ลิงก์,A6,มักกะสัน,5714,6348,7/23/2022
1631,รถไฟระหว่างเมือง,แอร์พอร์ต เรล ลิงก์,A7,ราชปรารภ,2272,2226,7/23/2022
1632,รถไฟระหว่างเมือง,แอร์พอร์ต เรล ลิงก์,A8,พญาไท,7735,8713,7/23/2022
1633,รถไฟระหว่างเมือง,แอร์พอร์ต เรล ลิงก์,A1,สุวรรณภูมิ,7529,6276,7/24/2022
1634,รถไฟระหว่างเมือง,แอร์พอร์ต เรล ลิงก์,A2,ลาดกระบัง,5129,5194,7/24/2022
1635,รถไฟระหว่างเมือง,แอร์พอร์ต เรล ลิงก์,A3,บ้านทับช้าง,1151,1204,7/24/2022
1636,รถไฟระหว่างเมือง,แอร์พอร์ต เรล ลิงก์,A4,หัวหมาก,2267,2265,7/24/2022
1637,รถไฟระหว่างเมือง,แอร์พอร์ต เรล ลิงก์,A5,รามคำแหง,2662,2883,7/24/2022
1638,รถไฟระหว่างเมือง,แอร์พอร์ต เรล ลิงก์,A6,มักกะสัน,4674,5198,7/24/2022
1639,รถไฟระหว่างเมือง,แอร์พอร์ต เรล ลิงก์,A7,ราชปรารภ,2021,2009,7/24/2022
1640,รถไฟระหว่างเมือง,แอร์พอร์ต เรล ลิงก์,A8,พญาไท,7358,7762,7/24/2022
1641,รถไฟระหว่างเมือง,แอร์พอร์ต เรล ลิงก์,A1,สุวรรณภูมิ,8059,7182,7/25/2022
1642,รถไฟระหว่างเมือง,แอร์พอร์ต เรล ลิงก์,A2,ลาดกระบัง,8645,8458,7/25/2022
1643,รถไฟระหว่างเมือง,แอร์พอร์ต เรล ลิงก์,A3,บ้านทับช้าง,3049,2914,7/25/2022
1644,รถไฟระหว่างเมือง,แอร์พอร์ต เรล ลิงก์,A4,หัวหมาก,4682,4649,7/25/2022
1645,รถไฟระหว่างเมือง,แอร์พอร์ต เรล ลิงก์,A5,รามคำแหง,5111,5270,7/25/2022
1646,รถไฟระหว่างเมือง,แอร์พอร์ต เรล ลิงก์,A6,มักกะสัน,9101,9864,7/25/2022
1647,รถไฟระหว่างเมือง,แอร์พอร์ต เรล ลิงก์,A7,ราชปรารภ,2643,2707,7/25/2022
1648,รถไฟระหว่างเมือง,แอร์พอร์ต เรล ลิงก์,A8,พญาไท,11090,11336,7/25/2022
1649,รถไฟระหว่างเมือง,แอร์พอร์ต เรล ลิงก์,A1,สุวรรณภูมิ,8254,7985,7/26/2022
1650,รถไฟระหว่างเมือง,แอร์พอร์ต เรล ลิงก์,A2,ลาดกระบัง,8505,8474,7/26/2022
1651,รถไฟระหว่างเมือง,แอร์พอร์ต เรล ลิงก์,A3,บ้านทับช้าง,3022,3005,7/26/2022
1652,รถไฟระหว่างเมือง,แอร์พอร์ต เรล ลิงก์,A4,หัวหมาก,4831,4648,7/26/2022
1653,รถไฟระหว่างเมือง,แอร์พอร์ต เรล ลิงก์,A5,รามคำแหง,5231,5422,7/26/2022
1654,รถไฟระหว่างเมือง,แอร์พอร์ต เรล ลิงก์,A6,มักกะสัน,9624,10037,7/26/2022
1655,รถไฟระหว่างเมือง,แอร์พอร์ต เรล ลิงก์,A7,ราชปรารภ,2848,2876,7/26/2022
1656,รถไฟระหว่างเมือง,แอร์พอร์ต เรล ลิงก์,A8,พญาไท,11324,11192,7/26/2022
1657,รถไฟระหว่างเมือง,แอร์พอร์ต เรล ลิงก์,A1,สุวรรณภูมิ,8616,7887,7/27/2022
1658,รถไฟระหว่างเมือง,แอร์พอร์ต เรล ลิงก์,A2,ลาดกระบัง,8982,9055,7/27/2022
1659,รถไฟระหว่างเมือง,แอร์พอร์ต เรล ลิงก์,A3,บ้านทับช้าง,3197,3044,7/27/2022
1660,รถไฟระหว่างเมือง,แอร์พอร์ต เรล ลิงก์,A4,หัวหมาก,4998,4807,7/27/2022
1661,รถไฟระหว่างเมือง,แอร์พอร์ต เรล ลิงก์,A5,รามคำแหง,5375,5519,7/27/2022
1662,รถไฟระหว่างเมือง,แอร์พอร์ต เรล ลิงก์,A6,มักกะสัน,9848,10368,7/27/2022
1663,รถไฟระหว่างเมือง,แอร์พอร์ต เรล ลิงก์,A7,ราชปรารภ,2756,2821,7/27/2022
1664,รถไฟระหว่างเมือง,แอร์พอร์ต เรล ลิงก์,A8,พญาไท,11982,12253,7/27/2022
1665,รถไฟระหว่างเมือง,แอร์พอร์ต เรล ลิงก์,A1,สุวรรณภูมิ,7903,6490,7/28/2022
1666,รถไฟระหว่างเมือง,แอร์พอร์ต เรล ลิงก์,A2,ลาดกระบัง,5597,5605,7/28/2022
1667,รถไฟระหว่างเมือง,แอร์พอร์ต เรล ลิงก์,A3,บ้านทับช้าง,1247,1251,7/28/2022
1668,รถไฟระหว่างเมือง,แอร์พอร์ต เรล ลิงก์,A4,หัวหมาก,2485,2390,7/28/2022
1669,รถไฟระหว่างเมือง,แอร์พอร์ต เรล ลิงก์,A5,รามคำแหง,2857,3068,7/28/2022
1670,รถไฟระหว่างเมือง,แอร์พอร์ต เรล ลิงก์,A6,มักกะสัน,5387,5773,7/28/2022
1671,รถไฟระหว่างเมือง,แอร์พอร์ต เรล ลิงก์,A7,ราชปรารภ,2105,2241,7/28/2022
1672,รถไฟระหว่างเมือง,แอร์พอร์ต เรล ลิงก์,A8,พญาไท,7319,8082,7/28/2022
1673,รถไฟระหว่างเมือง,แอร์พอร์ต เรล ลิงก์,A1,สุวรรณภูมิ,9526,7854,7/29/2022
1674,รถไฟระหว่างเมือง,แอร์พอร์ต เรล ลิงก์,A2,ลาดกระบัง,6803,6943,7/29/2022
1675,รถไฟระหว่างเมือง,แอร์พอร์ต เรล ลิงก์,A3,บ้านทับช้าง,1882,1753,7/29/2022
1676,รถไฟระหว่างเมือง,แอร์พอร์ต เรล ลิงก์,A4,หัวหมาก,3424,3278,7/29/2022
1677,รถไฟระหว่างเมือง,แอร์พอร์ต เรล ลิงก์,A5,รามคำแหง,3824,4037,7/29/2022
1678,รถไฟระหว่างเมือง,แอร์พอร์ต เรล ลิงก์,A6,มักกะสัน,6859,7601,7/29/2022
1679,รถไฟระหว่างเมือง,แอร์พอร์ต เรล ลิงก์,A7,ราชปรารภ,2298,2407,7/29/2022
1680,รถไฟระหว่างเมือง,แอร์พอร์ต เรล ลิงก์,A8,พญาไท,9233,9976,7/29/2022
1681,รถไฟระหว่างเมือง,แอร์พอร์ต เรล ลิงก์,A1,สุวรรณภูมิ,10392,9346,7/30/2022
1682,รถไฟระหว่างเมือง,แอร์พอร์ต เรล ลิงก์,A2,ลาดกระบัง,7021,6995,7/30/2022
1683,รถไฟระหว่างเมือง,แอร์พอร์ต เรล ลิงก์,A3,บ้านทับช้าง,1535,1484,7/30/2022
1684,รถไฟระหว่างเมือง,แอร์พอร์ต เรล ลิงก์,A4,หัวหมาก,3038,2873,7/30/2022
1685,รถไฟระหว่างเมือง,แอร์พอร์ต เรล ลิงก์,A5,รามคำแหง,3534,3819,7/30/2022
1686,รถไฟระหว่างเมือง,แอร์พอร์ต เรล ลิงก์,A6,มักกะสัน,6614,7111,7/30/2022
1687,รถไฟระหว่างเมือง,แอร์พอร์ต เรล ลิงก์,A7,ราชปรารภ,2221,2091,7/30/2022
1688,รถไฟระหว่างเมือง,แอร์พอร์ต เรล ลิงก์,A8,พญาไท,9584,10220,7/30/2022
1689,รถไฟระหว่างเมือง,แอร์พอร์ต เรล ลิงก์,A1,สุวรรณภูมิ,8575,7105,7/31/2022
1690,รถไฟระหว่างเมือง,แอร์พอร์ต เรล ลิงก์,A2,ลาดกระบัง,6392,6354,7/31/2022
1691,รถไฟระหว่างเมือง,แอร์พอร์ต เรล ลิงก์,A3,บ้านทับช้าง,1266,1206,7/31/2022
1692,รถไฟระหว่างเมือง,แอร์พอร์ต เรล ลิงก์,A4,หัวหมาก,2680,2623,7/31/2022
1693,รถไฟระหว่างเมือง,แอร์พอร์ต เรล ลิงก์,A5,รามคำแหง,3031,3386,7/31/2022
1694,รถไฟระหว่างเมือง,แอร์พอร์ต เรล ลิงก์,A6,มักกะสัน,5869,6624,7/31/2022
1695,รถไฟระหว่างเมือง,แอร์พอร์ต เรล ลิงก์,A7,ราชปรารภ,2087,2073,7/31/2022
1696,รถไฟระหว่างเมือง,แอร์พอร์ต เรล ลิงก์,A8,พญาไท,8233,8762,7/31/2022
1697,รถไฟระหว่างเมือง,แอร์พอร์ต เรล ลิงก์,A1,สุวรรณภูมิ,8937,6875,8/1/2022
1698,รถไฟระหว่างเมือง,แอร์พอร์ต เรล ลิงก์,A2,ลาดกระบัง,8532,8466,8/1/2022
1699,รถไฟระหว่างเมือง,แอร์พอร์ต เรล ลิงก์,A3,บ้านทับช้าง,3033,2888,8/1/2022
1700,รถไฟระหว่างเมือง,แอร์พอร์ต เรล ลิงก์,A4,หัวหมาก,4863,4610,8/1/2022
1701,รถไฟระหว่างเมือง,แอร์พอร์ต เรล ลิงก์,A5,รามคำแหง,5370,5503,8/1/2022
1702,รถไฟระหว่างเมือง,แอร์พอร์ต เรล ลิงก์,A6,มักกะสัน,8944,10220,8/1/2022
1703,รถไฟระหว่างเมือง,แอร์พอร์ต เรล ลิงก์,A7,ราชปรารภ,2597,2846,8/1/2022
1704,รถไฟระหว่างเมือง,แอร์พอร์ต เรล ลิงก์,A8,พญาไท,10974,11842,8/1/2022
1705,รถไฟระหว่างเมือง,แอร์พอร์ต เรล ลิงก์,A1,สุวรรณภูมิ,8926,7362,8/2/2022
1706,รถไฟระหว่างเมือง,แอร์พอร์ต เรล ลิงก์,A2,ลาดกระบัง,8636,8503,8/2/2022
1707,รถไฟระหว่างเมือง,แอร์พอร์ต เรล ลิงก์,A3,บ้านทับช้าง,3097,3003,8/2/2022
1708,รถไฟระหว่างเมือง,แอร์พอร์ต เรล ลิงก์,A4,หัวหมาก,4473,4449,8/2/2022
1709,รถไฟระหว่างเมือง,แอร์พอร์ต เรล ลิงก์,A5,รามคำแหง,5346,5513,8/2/2022
1710,รถไฟระหว่างเมือง,แอร์พอร์ต เรล ลิงก์,A6,มักกะสัน,9074,9882,8/2/2022
1711,รถไฟระหว่างเมือง,แอร์พอร์ต เรล ลิงก์,A7,ราชปรารภ,2825,2877,8/2/2022
1712,รถไฟระหว่างเมือง,แอร์พอร์ต เรล ลิงก์,A8,พญาไท,10923,11711,8/2/2022
1713,รถไฟระหว่างเมือง,แอร์พอร์ต เรล ลิงก์,A1,สุวรรณภูมิ,8213,6769,8/3/2022
1714,รถไฟระหว่างเมือง,แอร์พอร์ต เรล ลิงก์,A2,ลาดกระบัง,8429,8376,8/3/2022
1715,รถไฟระหว่างเมือง,แอร์พอร์ต เรล ลิงก์,A3,บ้านทับช้าง,3059,2985,8/3/2022
1716,รถไฟระหว่างเมือง,แอร์พอร์ต เรล ลิงก์,A4,หัวหมาก,4672,4631,8/3/2022
1717,รถไฟระหว่างเมือง,แอร์พอร์ต เรล ลิงก์,A5,รามคำแหง,4999,5289,8/3/2022
1718,รถไฟระหว่างเมือง,แอร์พอร์ต เรล ลิงก์,A6,มักกะสัน,9075,9657,8/3/2022
1719,รถไฟระหว่างเมือง,แอร์พอร์ต เรล ลิงก์,A7,ราชปรารภ,2742,3007,8/3/2022
1720,รถไฟระหว่างเมือง,แอร์พอร์ต เรล ลิงก์,A8,พญาไท,10734,11209,8/3/2022
1721,รถไฟระหว่างเมือง,แอร์พอร์ต เรล ลิงก์,A1,สุวรรณภูมิ,8474,6965,8/4/2022
1722,รถไฟระหว่างเมือง,แอร์พอร์ต เรล ลิงก์,A2,ลาดกระบัง,8585,8365,8/4/2022
1723,รถไฟระหว่างเมือง,แอร์พอร์ต เรล ลิงก์,A3,บ้านทับช้าง,3080,3035,8/4/2022
1724,รถไฟระหว่างเมือง,แอร์พอร์ต เรล ลิงก์,A4,หัวหมาก,4589,4401,8/4/2022
1725,รถไฟระหว่างเมือง,แอร์พอร์ต เรล ลิงก์,A5,รามคำแหง,5095,5349,8/4/2022
1726,รถไฟระหว่างเมือง,แอร์พอร์ต เรล ลิงก์,A6,มักกะสัน,8920,9685,8/4/2022
1727,รถไฟระหว่างเมือง,แอร์พอร์ต เรล ลิงก์,A7,ราชปรารภ,2773,2994,8/4/2022
1728,รถไฟระหว่างเมือง,แอร์พอร์ต เรล ลิงก์,A8,พญาไท,10854,11576,8/4/2022
1729,รถไฟระหว่างเมือง,แอร์พอร์ต เรล ลิงก์,A1,สุวรรณภูมิ,9546,7475,8/5/2022
1730,รถไฟระหว่างเมือง,แอร์พอร์ต เรล ลิงก์,A2,ลาดกระบัง,9322,9050,8/5/2022
1731,รถไฟระหว่างเมือง,แอร์พอร์ต เรล ลิงก์,A3,บ้านทับช้าง,3045,3040,8/5/2022
1732,รถไฟระหว่างเมือง,แอร์พอร์ต เรล ลิงก์,A4,หัวหมาก,4931,4771,8/5/2022
1733,รถไฟระหว่างเมือง,แอร์พอร์ต เรล ลิงก์,A5,รามคำแหง,5413,5702,8/5/2022
1734,รถไฟระหว่างเมือง,แอร์พอร์ต เรล ลิงก์,A6,มักกะสัน,9452,10622,8/5/2022
1735,รถไฟระหว่างเมือง,แอร์พอร์ต เรล ลิงก์,A7,ราชปรารภ,2903,3149,8/5/2022
1736,รถไฟระหว่างเมือง,แอร์พอร์ต เรล ลิงก์,A8,พญาไท,12043,12846,8/5/2022
1737,รถไฟระหว่างเมือง,แอร์พอร์ต เรล ลิงก์,A1,สุวรรณภูมิ,7926,6489,8/6/2022
1738,รถไฟระหว่างเมือง,แอร์พอร์ต เรล ลิงก์,A2,ลาดกระบัง,8382,7637,8/6/2022
1739,รถไฟระหว่างเมือง,แอร์พอร์ต เรล ลิงก์,A3,บ้านทับช้าง,1615,1618,8/6/2022
1740,รถไฟระหว่างเมือง,แอร์พอร์ต เรล ลิงก์,A4,หัวหมาก,3186,3101,8/6/2022
1741,รถไฟระหว่างเมือง,แอร์พอร์ต เรล ลิงก์,A5,รามคำแหง,3573,3770,8/6/2022
1742,รถไฟระหว่างเมือง,แอร์พอร์ต เรล ลิงก์,A6,มักกะสัน,6611,7369,8/6/2022
1743,รถไฟระหว่างเมือง,แอร์พอร์ต เรล ลิงก์,A7,ราชปรารภ,2555,2472,8/6/2022
1744,รถไฟระหว่างเมือง,แอร์พอร์ต เรล ลิงก์,A8,พญาไท,9383,10775,8/6/2022
1745,รถไฟระหว่างเมือง,แอร์พอร์ต เรล ลิงก์,A1,สุวรรณภูมิ,8057,6670,8/7/2022
1746,รถไฟระหว่างเมือง,แอร์พอร์ต เรล ลิงก์,A2,ลาดกระบัง,5744,5912,8/7/2022
1747,รถไฟระหว่างเมือง,แอร์พอร์ต เรล ลิงก์,A3,บ้านทับช้าง,1274,1310,8/7/2022
1748,รถไฟระหว่างเมือง,แอร์พอร์ต เรล ลิงก์,A4,หัวหมาก,2497,2546,8/7/2022
1749,รถไฟระหว่างเมือง,แอร์พอร์ต เรล ลิงก์,A5,รามคำแหง,2826,3103,8/7/2022
1750,รถไฟระหว่างเมือง,แอร์พอร์ต เรล ลิงก์,A6,มักกะสัน,5128,5646,8/7/2022
1751,รถไฟระหว่างเมือง,แอร์พอร์ต เรล ลิงก์,A7,ราชปรารภ,2305,2134,8/7/2022
1752,รถไฟระหว่างเมือง,แอร์พอร์ต เรล ลิงก์,A8,พญาไท,7885,8395,8/7/2022
1753,รถไฟระหว่างเมือง,แอร์พอร์ต เรล ลิงก์,A1,สุวรรณภูมิ,8418,7387,8/8/2022
1754,รถไฟระหว่างเมือง,แอร์พอร์ต เรล ลิงก์,A2,ลาดกระบัง,8758,8743,8/8/2022
1755,รถไฟระหว่างเมือง,แอร์พอร์ต เรล ลิงก์,A3,บ้านทับช้าง,3186,3050,8/8/2022
1756,รถไฟระหว่างเมือง,แอร์พอร์ต เรล ลิงก์,A4,หัวหมาก,4909,4900,8/8/2022
1757,รถไฟระหว่างเมือง,แอร์พอร์ต เรล ลิงก์,A5,รามคำแหง,5374,5598,8/8/2022
1758,รถไฟระหว่างเมือง,แอร์พอร์ต เรล ลิงก์,A6,มักกะสัน,9842,10306,8/8/2022
1759,รถไฟระหว่างเมือง,แอร์พอร์ต เรล ลิงก์,A7,ราชปรารภ,2808,3007,8/8/2022
1760,รถไฟระหว่างเมือง,แอร์พอร์ต เรล ลิงก์,A8,พญาไท,11380,11684,8/8/2022
1761,รถไฟระหว่างเมือง,แอร์พอร์ต เรล ลิงก์,A1,สุวรรณภูมิ,8143,7369,8/9/2022
1762,รถไฟระหว่างเมือง,แอร์พอร์ต เรล ลิงก์,A2,ลาดกระบัง,8734,8787,8/9/2022
1763,รถไฟระหว่างเมือง,แอร์พอร์ต เรล ลิงก์,A3,บ้านทับช้าง,3230,3165,8/9/2022
1764,รถไฟระหว่างเมือง,แอร์พอร์ต เรล ลิงก์,A4,หัวหมาก,4957,4910,8/9/2022
1765,รถไฟระหว่างเมือง,แอร์พอร์ต เรล ลิงก์,A5,รามคำแหง,5383,5545,8/9/2022
1766,รถไฟระหว่างเมือง,แอร์พอร์ต เรล ลิงก์,A6,มักกะสัน,9843,10355,8/9/2022
1767,รถไฟระหว่างเมือง,แอร์พอร์ต เรล ลิงก์,A7,ราชปรารภ,2841,2981,8/9/2022
1768,รถไฟระหว่างเมือง,แอร์พอร์ต เรล ลิงก์,A8,พญาไท,11329,11348,8/9/2022
1769,รถไฟระหว่างเมือง,แอร์พอร์ต เรล ลิงก์,A1,สุวรรณภูมิ,8548,7956,8/10/2022
1770,รถไฟระหว่างเมือง,แอร์พอร์ต เรล ลิงก์,A2,ลาดกระบัง,8902,8732,8/10/2022
1771,รถไฟระหว่างเมือง,แอร์พอร์ต เรล ลิงก์,A3,บ้านทับช้าง,3264,3149,8/10/2022
1772,รถไฟระหว่างเมือง,แอร์พอร์ต เรล ลิงก์,A4,หัวหมาก,5107,4945,8/10/2022
1773,รถไฟระหว่างเมือง,แอร์พอร์ต เรล ลิงก์,A5,รามคำแหง,5468,5552,8/10/2022
1774,รถไฟระหว่างเมือง,แอร์พอร์ต เรล ลิงก์,A6,มักกะสัน,10064,10574,8/10/2022
1775,รถไฟระหว่างเมือง,แอร์พอร์ต เรล ลิงก์,A7,ราชปรารภ,2799,2950,8/10/2022
1776,รถไฟระหว่างเมือง,แอร์พอร์ต เรล ลิงก์,A8,พญาไท,11544,11838,8/10/2022
1777,รถไฟระหว่างเมือง,แอร์พอร์ต เรล ลิงก์,A1,สุวรรณภูมิ,9635,8043,8/11/2022
1778,รถไฟระหว่างเมือง,แอร์พอร์ต เรล ลิงก์,A2,ลาดกระบัง,9868,9621,8/11/2022
1779,รถไฟระหว่างเมือง,แอร์พอร์ต เรล ลิงก์,A3,บ้านทับช้าง,3217,3220,8/11/2022
1780,รถไฟระหว่างเมือง,แอร์พอร์ต เรล ลิงก์,A4,หัวหมาก,5072,5072,8/11/2022
1781,รถไฟระหว่างเมือง,แอร์พอร์ต เรล ลิงก์,A5,รามคำแหง,5579,5901,8/11/2022
1782,รถไฟระหว่างเมือง,แอร์พอร์ต เรล ลิงก์,A6,มักกะสัน,10451,11108,8/11/2022
1783,รถไฟระหว่างเมือง,แอร์พอร์ต เรล ลิงก์,A7,ราชปรารภ,2897,3177,8/11/2022
1784,รถไฟระหว่างเมือง,แอร์พอร์ต เรล ลิงก์,A8,พญาไท,12469,13046,8/11/2022
1785,รถไฟระหว่างเมือง,แอร์พอร์ต เรล ลิงก์,A1,สุวรรณภูมิ,7928,6572,8/12/2022
1786,รถไฟระหว่างเมือง,แอร์พอร์ต เรล ลิงก์,A2,ลาดกระบัง,5929,5591,8/12/2022
1787,รถไฟระหว่างเมือง,แอร์พอร์ต เรล ลิงก์,A3,บ้านทับช้าง,1218,1231,8/12/2022
1788,รถไฟระหว่างเมือง,แอร์พอร์ต เรล ลิงก์,A4,หัวหมาก,2383,2356,8/12/2022
1789,รถไฟระหว่างเมือง,แอร์พอร์ต เรล ลิงก์,A5,รามคำแหง,2789,2964,8/12/2022
1790,รถไฟระหว่างเมือง,แอร์พอร์ต เรล ลิงก์,A6,มักกะสัน,5163,5734,8/12/2022
1791,รถไฟระหว่างเมือง,แอร์พอร์ต เรล ลิงก์,A7,ราชปรารภ,2074,2255,8/12/2022
1792,รถไฟระหว่างเมือง,แอร์พอร์ต เรล ลิงก์,A8,พญาไท,7280,8061,8/12/2022
1793,รถไฟระหว่างเมือง,แอร์พอร์ต เรล ลิงก์,A1,สุวรรณภูมิ,8090,6197,8/13/2022
1794,รถไฟระหว่างเมือง,แอร์พอร์ต เรล ลิงก์,A2,ลาดกระบัง,6057,6032,8/13/2022
1795,รถไฟระหว่างเมือง,แอร์พอร์ต เรล ลิงก์,A3,บ้านทับช้าง,1438,1338,8/13/2022
1796,รถไฟระหว่างเมือง,แอร์พอร์ต เรล ลิงก์,A4,หัวหมาก,2620,2658,8/13/2022
1797,รถไฟระหว่างเมือง,แอร์พอร์ต เรล ลิงก์,A5,รามคำแหง,2822,3166,8/13/2022
1798,รถไฟระหว่างเมือง,แอร์พอร์ต เรล ลิงก์,A6,มักกะสัน,5301,5982,8/13/2022
1799,รถไฟระหว่างเมือง,แอร์พอร์ต เรล ลิงก์,A7,ราชปรารภ,2112,2299,8/13/2022
1800,รถไฟระหว่างเมือง,แอร์พอร์ต เรล ลิงก์,A8,พญาไท,7757,8525,8/13/2022
1801,รถไฟระหว่างเมือง,แอร์พอร์ต เรล ลิงก์,A1,สุวรรณภูมิ,8284,6451,8/14/2022
1802,รถไฟระหว่างเมือง,แอร์พอร์ต เรล ลิงก์,A2,ลาดกระบัง,5719,5767,8/14/2022
1803,รถไฟระหว่างเมือง,แอร์พอร์ต เรล ลิงก์,A3,บ้านทับช้าง,1232,1149,8/14/2022
1804,รถไฟระหว่างเมือง,แอร์พอร์ต เรล ลิงก์,A4,หัวหมาก,2262,2326,8/14/2022
1805,รถไฟระหว่างเมือง,แอร์พอร์ต เรล ลิงก์,A5,รามคำแหง,2563,3018,8/14/2022
1806,รถไฟระหว่างเมือง,แอร์พอร์ต เรล ลิงก์,A6,มักกะสัน,5003,5646,8/14/2022
1807,รถไฟระหว่างเมือง,แอร์พอร์ต เรล ลิงก์,A7,ราชปรารภ,2071,1983,8/14/2022
1808,รถไฟระหว่างเมือง,แอร์พอร์ต เรล ลิงก์,A8,พญาไท,7215,8009,8/14/2022
1809,รถไฟระหว่างเมือง,แอร์พอร์ต เรล ลิงก์,A1,สุวรรณภูมิ,8860,7500,8/15/2022
1810,รถไฟระหว่างเมือง,แอร์พอร์ต เรล ลิงก์,A2,ลาดกระบัง,8952,9279,8/15/2022
1811,รถไฟระหว่างเมือง,แอร์พอร์ต เรล ลิงก์,A3,บ้านทับช้าง,3144,3243,8/15/2022
1812,รถไฟระหว่างเมือง,แอร์พอร์ต เรล ลิงก์,A4,หัวหมาก,5158,5242,8/15/2022
1813,รถไฟระหว่างเมือง,แอร์พอร์ต เรล ลิงก์,A5,รามคำแหง,5221,6183,8/15/2022
1814,รถไฟระหว่างเมือง,แอร์พอร์ต เรล ลิงก์,A6,มักกะสัน,10609,10741,8/15/2022
1815,รถไฟระหว่างเมือง,แอร์พอร์ต เรล ลิงก์,A7,ราชปรารภ,2715,3012,8/15/2022
1816,รถไฟระหว่างเมือง,แอร์พอร์ต เรล ลิงก์,A8,พญาไท,12245,11704,8/15/2022
1817,รถไฟระหว่างเมือง,แอร์พอร์ต เรล ลิงก์,A1,สุวรรณภูมิ,8919,7636,8/16/2022
1818,รถไฟระหว่างเมือง,แอร์พอร์ต เรล ลิงก์,A2,ลาดกระบัง,8887,8792,8/16/2022
1819,รถไฟระหว่างเมือง,แอร์พอร์ต เรล ลิงก์,A3,บ้านทับช้าง,3280,3265,8/16/2022
1820,รถไฟระหว่างเมือง,แอร์พอร์ต เรล ลิงก์,A4,หัวหมาก,5152,5135,8/16/2022
1821,รถไฟระหว่างเมือง,แอร์พอร์ต เรล ลิงก์,A5,รามคำแหง,5371,5949,8/16/2022
1822,รถไฟระหว่างเมือง,แอร์พอร์ต เรล ลิงก์,A6,มักกะสัน,10461,10884,8/16/2022
1823,รถไฟระหว่างเมือง,แอร์พอร์ต เรล ลิงก์,A7,ราชปรารภ,2830,3093,8/16/2022
1824,รถไฟระหว่างเมือง,แอร์พอร์ต เรล ลิงก์,A8,พญาไท,11575,11721,8/16/2022
1825,รถไฟระหว่างเมือง,แอร์พอร์ต เรล ลิงก์,A1,สุวรรณภูมิ,8468,7456,8/17/2022
1826,รถไฟระหว่างเมือง,แอร์พอร์ต เรล ลิงก์,A2,ลาดกระบัง,8979,8858,8/17/2022
1827,รถไฟระหว่างเมือง,แอร์พอร์ต เรล ลิงก์,A3,บ้านทับช้าง,3292,3242,8/17/2022
1828,รถไฟระหว่างเมือง,แอร์พอร์ต เรล ลิงก์,A4,หัวหมาก,5169,5079,8/17/2022
1829,รถไฟระหว่างเมือง,แอร์พอร์ต เรล ลิงก์,A5,รามคำแหง,5497,5818,8/17/2022
1830,รถไฟระหว่างเมือง,แอร์พอร์ต เรล ลิงก์,A6,มักกะสัน,10278,10759,8/17/2022
1831,รถไฟระหว่างเมือง,แอร์พอร์ต เรล ลิงก์,A7,ราชปรารภ,2987,3191,8/17/2022
1832,รถไฟระหว่างเมือง,แอร์พอร์ต เรล ลิงก์,A8,พญาไท,11357,11624,8/17/2022
1833,รถไฟระหว่างเมือง,แอร์พอร์ต เรล ลิงก์,A1,สุวรรณภูมิ,9471,8221,8/18/2022
1834,รถไฟระหว่างเมือง,แอร์พอร์ต เรล ลิงก์,A2,ลาดกระบัง,9029,8971,8/18/2022
1835,รถไฟระหว่างเมือง,แอร์พอร์ต เรล ลิงก์,A3,บ้านทับช้าง,3272,3256,8/18/2022
1836,รถไฟระหว่างเมือง,แอร์พอร์ต เรล ลิงก์,A4,หัวหมาก,5194,5160,8/18/2022
1837,รถไฟระหว่างเมือง,แอร์พอร์ต เรล ลิงก์,A5,รามคำแหง,5401,5849,8/18/2022
1838,รถไฟระหว่างเมือง,แอร์พอร์ต เรล ลิงก์,A6,มักกะสัน,10168,10839,8/18/2022
1839,รถไฟระหว่างเมือง,แอร์พอร์ต เรล ลิงก์,A7,ราชปรารภ,3003,3047,8/18/2022
1840,รถไฟระหว่างเมือง,แอร์พอร์ต เรล ลิงก์,A8,พญาไท,12031,12226,8/18/2022
1841,รถไฟระหว่างเมือง,แอร์พอร์ต เรล ลิงก์,A1,สุวรรณภูมิ,9514,7776,8/19/2022
1842,รถไฟระหว่างเมือง,แอร์พอร์ต เรล ลิงก์,A2,ลาดกระบัง,9643,9400,8/19/2022
1843,รถไฟระหว่างเมือง,แอร์พอร์ต เรล ลิงก์,A3,บ้านทับช้าง,3323,3350,8/19/2022
1844,รถไฟระหว่างเมือง,แอร์พอร์ต เรล ลิงก์,A4,หัวหมาก,5537,5219,8/19/2022
1845,รถไฟระหว่างเมือง,แอร์พอร์ต เรล ลิงก์,A5,รามคำแหง,5559,6019,8/19/2022
1846,รถไฟระหว่างเมือง,แอร์พอร์ต เรล ลิงก์,A6,มักกะสัน,10691,11374,8/19/2022
1847,รถไฟระหว่างเมือง,แอร์พอร์ต เรล ลิงก์,A7,ราชปรารภ,2969,3329,8/19/2022
1848,รถไฟระหว่างเมือง,แอร์พอร์ต เรล ลิงก์,A8,พญาไท,12338,13107,8/19/2022
1849,รถไฟระหว่างเมือง,แอร์พอร์ต เรล ลิงก์,A1,สุวรรณภูมิ,8755,7538,8/20/2022
1850,รถไฟระหว่างเมือง,แอร์พอร์ต เรล ลิงก์,A2,ลาดกระบัง,7389,7632,8/20/2022
1851,รถไฟระหว่างเมือง,แอร์พอร์ต เรล ลิงก์,A3,บ้านทับช้าง,1763,1840,8/20/2022
1852,รถไฟระหว่างเมือง,แอร์พอร์ต เรล ลิงก์,A4,หัวหมาก,3285,3151,8/20/2022
1853,รถไฟระหว่างเมือง,แอร์พอร์ต เรล ลิงก์,A5,รามคำแหง,3686,4021,8/20/2022
1854,รถไฟระหว่างเมือง,แอร์พอร์ต เรล ลิงก์,A6,มักกะสัน,6696,7175,8/20/2022
1855,รถไฟระหว่างเมือง,แอร์พอร์ต เรล ลิงก์,A7,ราชปรารภ,2475,2354,8/20/2022
1856,รถไฟระหว่างเมือง,แอร์พอร์ต เรล ลิงก์,A8,พญาไท,10394,10732,8/20/2022
1857,รถไฟระหว่างเมือง,แอร์พอร์ต เรล ลิงก์,A1,สุวรรณภูมิ,8059,6976,8/21/2022
1858,รถไฟระหว่างเมือง,แอร์พอร์ต เรล ลิงก์,A2,ลาดกระบัง,5568,5710,8/21/2022
1859,รถไฟระหว่างเมือง,แอร์พอร์ต เรล ลิงก์,A3,บ้านทับช้าง,1186,1250,8/21/2022
1860,รถไฟระหว่างเมือง,แอร์พอร์ต เรล ลิงก์,A4,หัวหมาก,2375,2405,8/21/2022
1861,รถไฟระหว่างเมือง,แอร์พอร์ต เรล ลิงก์,A5,รามคำแหง,2867,3222,8/21/2022
1862,รถไฟระหว่างเมือง,แอร์พอร์ต เรล ลิงก์,A6,มักกะสัน,5118,5513,8/21/2022
1863,รถไฟระหว่างเมือง,แอร์พอร์ต เรล ลิงก์,A7,ราชปรารภ,2234,2159,8/21/2022
1864,รถไฟระหว่างเมือง,แอร์พอร์ต เรล ลิงก์,A8,พญาไท,8130,8302,8/21/2022
1865,รถไฟระหว่างเมือง,แอร์พอร์ต เรล ลิงก์,A1,สุวรรณภูมิ,8658,7898,8/22/2022
1866,รถไฟระหว่างเมือง,แอร์พอร์ต เรล ลิงก์,A2,ลาดกระบัง,8971,8966,8/22/2022
1867,รถไฟระหว่างเมือง,แอร์พอร์ต เรล ลิงก์,A3,บ้านทับช้าง,3387,3351,8/22/2022
1868,รถไฟระหว่างเมือง,แอร์พอร์ต เรล ลิงก์,A4,หัวหมาก,5136,5084,8/22/2022
1869,รถไฟระหว่างเมือง,แอร์พอร์ต เรล ลิงก์,A5,รามคำแหง,5288,5771,8/22/2022
1870,รถไฟระหว่างเมือง,แอร์พอร์ต เรล ลิงก์,A6,มักกะสัน,10377,10822,8/22/2022
1871,รถไฟระหว่างเมือง,แอร์พอร์ต เรล ลิงก์,A7,ราชปรารภ,3066,3035,8/22/2022
1872,รถไฟระหว่างเมือง,แอร์พอร์ต เรล ลิงก์,A8,พญาไท,11601,11557,8/22/2022
1873,รถไฟระหว่างเมือง,แอร์พอร์ต เรล ลิงก์,A1,สุวรรณภูมิ,8703,7922,8/23/2022
1874,รถไฟระหว่างเมือง,แอร์พอร์ต เรล ลิงก์,A2,ลาดกระบัง,8956,8940,8/23/2022
1875,รถไฟระหว่างเมือง,แอร์พอร์ต เรล ลิงก์,A3,บ้านทับช้าง,3374,3348,8/23/2022
1876,รถไฟระหว่างเมือง,แอร์พอร์ต เรล ลิงก์,A4,หัวหมาก,5355,5200,8/23/2022
1877,รถไฟระหว่างเมือง,แอร์พอร์ต เรล ลิงก์,A5,รามคำแหง,5576,5868,8/23/2022
1878,รถไฟระหว่างเมือง,แอร์พอร์ต เรล ลิงก์,A6,มักกะสัน,10432,10954,8/23/2022
1879,รถไฟระหว่างเมือง,แอร์พอร์ต เรล ลิงก์,A7,ราชปรารภ,2953,3044,8/23/2022
1880,รถไฟระหว่างเมือง,แอร์พอร์ต เรล ลิงก์,A8,พญาไท,11715,11788,8/23/2022
1881,รถไฟระหว่างเมือง,แอร์พอร์ต เรล ลิงก์,A1,สุวรรณภูมิ,8965,7875,8/24/2022
1882,รถไฟระหว่างเมือง,แอร์พอร์ต เรล ลิงก์,A2,ลาดกระบัง,8989,8881,8/24/2022
1883,รถไฟระหว่างเมือง,แอร์พอร์ต เรล ลิงก์,A3,บ้านทับช้าง,3339,3337,8/24/2022
1884,รถไฟระหว่างเมือง,แอร์พอร์ต เรล ลิงก์,A4,หัวหมาก,5332,5142,8/24/2022
1885,รถไฟระหว่างเมือง,แอร์พอร์ต เรล ลิงก์,A5,รามคำแหง,5539,5847,8/24/2022
1886,รถไฟระหว่างเมือง,แอร์พอร์ต เรล ลิงก์,A6,มักกะสัน,10481,11039,8/24/2022
1887,รถไฟระหว่างเมือง,แอร์พอร์ต เรล ลิงก์,A7,ราชปรารภ,2996,3033,8/24/2022
1888,รถไฟระหว่างเมือง,แอร์พอร์ต เรล ลิงก์,A8,พญาไท,11446,11933,8/24/2022
1889,รถไฟระหว่างเมือง,แอร์พอร์ต เรล ลิงก์,A1,สุวรรณภูมิ,9928,8677,8/25/2022
1890,รถไฟระหว่างเมือง,แอร์พอร์ต เรล ลิงก์,A2,ลาดกระบัง,9082,9014,8/25/2022
1891,รถไฟระหว่างเมือง,แอร์พอร์ต เรล ลิงก์,A3,บ้านทับช้าง,3397,3350,8/25/2022
1892,รถไฟระหว่างเมือง,แอร์พอร์ต เรล ลิงก์,A4,หัวหมาก,5253,5061,8/25/2022
1893,รถไฟระหว่างเมือง,แอร์พอร์ต เรล ลิงก์,A5,รามคำแหง,5719,5804,8/25/2022
1894,รถไฟระหว่างเมือง,แอร์พอร์ต เรล ลิงก์,A6,มักกะสัน,10241,10977,8/25/2022
1895,รถไฟระหว่างเมือง,แอร์พอร์ต เรล ลิงก์,A7,ราชปรารภ,3035,3253,8/25/2022
1896,รถไฟระหว่างเมือง,แอร์พอร์ต เรล ลิงก์,A8,พญาไท,12124,12643,8/25/2022
1897,รถไฟระหว่างเมือง,แอร์พอร์ต เรล ลิงก์,A1,สุวรรณภูมิ,11205,9527,8/26/2022
1898,รถไฟระหว่างเมือง,แอร์พอร์ต เรล ลิงก์,A2,ลาดกระบัง,10595,10609,8/26/2022
1899,รถไฟระหว่างเมือง,แอร์พอร์ต เรล ลิงก์,A3,บ้านทับช้าง,3329,3390,8/26/2022
1900,รถไฟระหว่างเมือง,แอร์พอร์ต เรล ลิงก์,A4,หัวหมาก,5468,5574,8/26/2022
1901,รถไฟระหว่างเมือง,แอร์พอร์ต เรล ลิงก์,A5,รามคำแหง,5956,6665,8/26/2022
1902,รถไฟระหว่างเมือง,แอร์พอร์ต เรล ลิงก์,A6,มักกะสัน,11669,11932,8/26/2022
1903,รถไฟระหว่างเมือง,แอร์พอร์ต เรล ลิงก์,A7,ราชปรารภ,3261,3553,8/26/2022
1904,รถไฟระหว่างเมือง,แอร์พอร์ต เรล ลิงก์,A8,พญาไท,14293,14526,8/26/2022
1905,รถไฟระหว่างเมือง,แอร์พอร์ต เรล ลิงก์,A1,สุวรรณภูมิ,8831,7360,8/27/2022
1906,รถไฟระหว่างเมือง,แอร์พอร์ต เรล ลิงก์,A2,ลาดกระบัง,7624,7630,8/27/2022
1907,รถไฟระหว่างเมือง,แอร์พอร์ต เรล ลิงก์,A3,บ้านทับช้าง,1739,1701,8/27/2022
1908,รถไฟระหว่างเมือง,แอร์พอร์ต เรล ลิงก์,A4,หัวหมาก,3368,3308,8/27/2022
1909,รถไฟระหว่างเมือง,แอร์พอร์ต เรล ลิงก์,A5,รามคำแหง,3842,3936,8/27/2022
1910,รถไฟระหว่างเมือง,แอร์พอร์ต เรล ลิงก์,A6,มักกะสัน,6699,7361,8/27/2022
1911,รถไฟระหว่างเมือง,แอร์พอร์ต เรล ลิงก์,A7,ราชปรารภ,2528,2520,8/27/2022
1912,รถไฟระหว่างเมือง,แอร์พอร์ต เรล ลิงก์,A8,พญาไท,9976,10791,8/27/2022
1913,รถไฟระหว่างเมือง,แอร์พอร์ต เรล ลิงก์,A1,สุวรรณภูมิ,8742,7618,8/28/2022
1914,รถไฟระหว่างเมือง,แอร์พอร์ต เรล ลิงก์,A2,ลาดกระบัง,6687,6527,8/28/2022
1915,รถไฟระหว่างเมือง,แอร์พอร์ต เรล ลิงก์,A3,บ้านทับช้าง,1321,1271,8/28/2022
1916,รถไฟระหว่างเมือง,แอร์พอร์ต เรล ลิงก์,A4,หัวหมาก,2642,2499,8/28/2022
1917,รถไฟระหว่างเมือง,แอร์พอร์ต เรล ลิงก์,A5,รามคำแหง,2929,3226,8/28/2022
1918,รถไฟระหว่างเมือง,แอร์พอร์ต เรล ลิงก์,A6,มักกะสัน,5608,6159,8/28/2022
1919,รถไฟระหว่างเมือง,แอร์พอร์ต เรล ลิงก์,A7,ราชปรารภ,2328,2309,8/28/2022
1920,รถไฟระหว่างเมือง,แอร์พอร์ต เรล ลิงก์,A8,พญาไท,8447,9095,8/28/2022
1921,รถไฟระหว่างเมือง,แอร์พอร์ต เรล ลิงก์,A1,สุวรรณภูมิ,10487,9194,8/29/2022
1922,รถไฟระหว่างเมือง,แอร์พอร์ต เรล ลิงก์,A2,ลาดกระบัง,9297,9050,8/29/2022
1923,รถไฟระหว่างเมือง,แอร์พอร์ต เรล ลิงก์,A3,บ้านทับช้าง,3287,3345,8/29/2022
1924,รถไฟระหว่างเมือง,แอร์พอร์ต เรล ลิงก์,A4,หัวหมาก,5385,5163,8/29/2022
1925,รถไฟระหว่างเมือง,แอร์พอร์ต เรล ลิงก์,A5,รามคำแหง,5953,6035,8/29/2022
1926,รถไฟระหว่างเมือง,แอร์พอร์ต เรล ลิงก์,A6,มักกะสัน,10507,11541,8/29/2022
1927,รถไฟระหว่างเมือง,แอร์พอร์ต เรล ลิงก์,A7,ราชปรารภ,3044,3219,8/29/2022
1928,รถไฟระหว่างเมือง,แอร์พอร์ต เรล ลิงก์,A8,พญาไท,12164,12577,8/29/2022
1929,รถไฟระหว่างเมือง,แอร์พอร์ต เรล ลิงก์,A1,สุวรรณภูมิ,9235,7945,8/30/2022
1930,รถไฟระหว่างเมือง,แอร์พอร์ต เรล ลิงก์,A2,ลาดกระบัง,9284,9157,8/30/2022
1931,รถไฟระหว่างเมือง,แอร์พอร์ต เรล ลิงก์,A3,บ้านทับช้าง,3459,3469,8/30/2022
1932,รถไฟระหว่างเมือง,แอร์พอร์ต เรล ลิงก์,A4,หัวหมาก,5472,5311,8/30/2022
1933,รถไฟระหว่างเมือง,แอร์พอร์ต เรล ลิงก์,A5,รามคำแหง,5869,5960,8/30/2022
1934,รถไฟระหว่างเมือง,แอร์พอร์ต เรล ลิงก์,A6,มักกะสัน,10676,11526,8/30/2022
1935,รถไฟระหว่างเมือง,แอร์พอร์ต เรล ลิงก์,A7,ราชปรารภ,2982,3276,8/30/2022
1936,รถไฟระหว่างเมือง,แอร์พอร์ต เรล ลิงก์,A8,พญาไท,11995,12328,8/30/2022
1937,รถไฟระหว่างเมือง,แอร์พอร์ต เรล ลิงก์,A1,สุวรรณภูมิ,9434,7718,8/31/2022
1938,รถไฟระหว่างเมือง,แอร์พอร์ต เรล ลิงก์,A2,ลาดกระบัง,9271,9266,8/31/2022
1939,รถไฟระหว่างเมือง,แอร์พอร์ต เรล ลิงก์,A3,บ้านทับช้าง,3505,3547,8/31/2022
1940,รถไฟระหว่างเมือง,แอร์พอร์ต เรล ลิงก์,A4,หัวหมาก,5448,5276,8/31/2022
1941,รถไฟระหว่างเมือง,แอร์พอร์ต เรล ลิงก์,A5,รามคำแหง,5992,6359,8/31/2022
1942,รถไฟระหว่างเมือง,แอร์พอร์ต เรล ลิงก์,A6,มักกะสัน,11005,11534,8/31/2022
1943,รถไฟระหว่างเมือง,แอร์พอร์ต เรล ลิงก์,A7,ราชปรารภ,3053,3325,8/31/2022
1944,รถไฟระหว่างเมือง,แอร์พอร์ต เรล ลิงก์,A8,พญาไท,12295,12978,8/31/2022
1945,รถไฟระหว่างเมือง,แอร์พอร์ต เรล ลิงก์,A1,สุวรรณภูมิ,9615,8120,9/1/2022
1946,รถไฟระหว่างเมือง,แอร์พอร์ต เรล ลิงก์,A2,ลาดกระบัง,9373,9232,9/1/2022
1947,รถไฟระหว่างเมือง,แอร์พอร์ต เรล ลิงก์,A3,บ้านทับช้าง,3412,3447,9/1/2022
1948,รถไฟระหว่างเมือง,แอร์พอร์ต เรล ลิงก์,A4,หัวหมาก,5435,5289,9/1/2022
1949,รถไฟระหว่างเมือง,แอร์พอร์ต เรล ลิงก์,A5,รามคำแหง,5941,6070,9/1/2022
1950,รถไฟระหว่างเมือง,แอร์พอร์ต เรล ลิงก์,A6,มักกะสัน,10657,11229,9/1/2022
1951,รถไฟระหว่างเมือง,แอร์พอร์ต เรล ลิงก์,A7,ราชปรารภ,3081,3317,9/1/2022
1952,รถไฟระหว่างเมือง,แอร์พอร์ต เรล ลิงก์,A8,พญาไท,12342,13152,9/1/2022
1953,รถไฟระหว่างเมือง,แอร์พอร์ต เรล ลิงก์,A1,สุวรรณภูมิ,10787,8846,9/2/2022
1954,รถไฟระหว่างเมือง,แอร์พอร์ต เรล ลิงก์,A2,ลาดกระบัง,10659,10440,9/2/2022
1955,รถไฟระหว่างเมือง,แอร์พอร์ต เรล ลิงก์,A3,บ้านทับช้าง,3683,3609,9/2/2022
1956,รถไฟระหว่างเมือง,แอร์พอร์ต เรล ลิงก์,A4,หัวหมาก,6002,5772,9/2/2022
1957,รถไฟระหว่างเมือง,แอร์พอร์ต เรล ลิงก์,A5,รามคำแหง,6760,6705,9/2/2022
1958,รถไฟระหว่างเมือง,แอร์พอร์ต เรล ลิงก์,A6,มักกะสัน,11572,12831,9/2/2022
1959,รถไฟระหว่างเมือง,แอร์พอร์ต เรล ลิงก์,A7,ราชปรารภ,3468,3602,9/2/2022
1960,รถไฟระหว่างเมือง,แอร์พอร์ต เรล ลิงก์,A8,พญาไท,14009,15135,9/2/2022
1961,รถไฟระหว่างเมือง,แอร์พอร์ต เรล ลิงก์,A1,สุวรรณภูมิ,9076,7541,9/3/2022
1962,รถไฟระหว่างเมือง,แอร์พอร์ต เรล ลิงก์,A2,ลาดกระบัง,7472,7408,9/3/2022
1963,รถไฟระหว่างเมือง,แอร์พอร์ต เรล ลิงก์,A3,บ้านทับช้าง,1770,1754,9/3/2022
1964,รถไฟระหว่างเมือง,แอร์พอร์ต เรล ลิงก์,A4,หัวหมาก,3752,3430,9/3/2022
1965,รถไฟระหว่างเมือง,แอร์พอร์ต เรล ลิงก์,A5,รามคำแหง,3992,4272,9/3/2022
1966,รถไฟระหว่างเมือง,แอร์พอร์ต เรล ลิงก์,A6,มักกะสัน,6824,7528,9/3/2022
1967,รถไฟระหว่างเมือง,แอร์พอร์ต เรล ลิงก์,A7,ราชปรารภ,2732,2766,9/3/2022
1968,รถไฟระหว่างเมือง,แอร์พอร์ต เรล ลิงก์,A8,พญาไท,10089,11008,9/3/2022
1969,รถไฟระหว่างเมือง,แอร์พอร์ต เรล ลิงก์,A1,สุวรรณภูมิ,9309,7759,9/4/2022
1970,รถไฟระหว่างเมือง,แอร์พอร์ต เรล ลิงก์,A2,ลาดกระบัง,6445,6517,9/4/2022
1971,รถไฟระหว่างเมือง,แอร์พอร์ต เรล ลิงก์,A3,บ้านทับช้าง,1353,1336,9/4/2022
1972,รถไฟระหว่างเมือง,แอร์พอร์ต เรล ลิงก์,A4,หัวหมาก,2709,2838,9/4/2022
1973,รถไฟระหว่างเมือง,แอร์พอร์ต เรล ลิงก์,A5,รามคำแหง,3298,3709,9/4/2022
1974,รถไฟระหว่างเมือง,แอร์พอร์ต เรล ลิงก์,A6,มักกะสัน,5962,6358,9/4/2022
1975,รถไฟระหว่างเมือง,แอร์พอร์ต เรล ลิงก์,A7,ราชปรารภ,2415,2389,9/4/2022
1976,รถไฟระหว่างเมือง,แอร์พอร์ต เรล ลิงก์,A8,พญาไท,9024,9609,9/4/2022
1977,รถไฟระหว่างเมือง,แอร์พอร์ต เรล ลิงก์,A1,สุวรรณภูมิ,9455,7896,9/5/2022
1978,รถไฟระหว่างเมือง,แอร์พอร์ต เรล ลิงก์,A2,ลาดกระบัง,9528,9344,9/5/2022
1979,รถไฟระหว่างเมือง,แอร์พอร์ต เรล ลิงก์,A3,บ้านทับช้าง,3567,3464,9/5/2022
1980,รถไฟระหว่างเมือง,แอร์พอร์ต เรล ลิงก์,A4,หัวหมาก,5376,5351,9/5/2022
1981,รถไฟระหว่างเมือง,แอร์พอร์ต เรล ลิงก์,A5,รามคำแหง,5738,6035,9/5/2022
1982,รถไฟระหว่างเมือง,แอร์พอร์ต เรล ลิงก์,A6,มักกะสัน,10642,11450,9/5/2022
1983,รถไฟระหว่างเมือง,แอร์พอร์ต เรล ลิงก์,A7,ราชปรารภ,3029,3343,9/5/2022
1984,รถไฟระหว่างเมือง,แอร์พอร์ต เรล ลิงก์,A8,พญาไท,12242,12694,9/5/2022
1985,รถไฟระหว่างเมือง,แอร์พอร์ต เรล ลิงก์,A1,สุวรรณภูมิ,9468,8308,9/6/2022
1986,รถไฟระหว่างเมือง,แอร์พอร์ต เรล ลิงก์,A2,ลาดกระบัง,9353,9427,9/6/2022
1987,รถไฟระหว่างเมือง,แอร์พอร์ต เรล ลิงก์,A3,บ้านทับช้าง,3608,3679,9/6/2022
1988,รถไฟระหว่างเมือง,แอร์พอร์ต เรล ลิงก์,A4,หัวหมาก,5722,5613,9/6/2022
1989,รถไฟระหว่างเมือง,แอร์พอร์ต เรล ลิงก์,A5,รามคำแหง,5884,6710,9/6/2022
1990,รถไฟระหว่างเมือง,แอร์พอร์ต เรล ลิงก์,A6,มักกะสัน,11235,11638,9/6/2022
1991,รถไฟระหว่างเมือง,แอร์พอร์ต เรล ลิงก์,A7,ราชปรารภ,3107,3282,9/6/2022
1992,รถไฟระหว่างเมือง,แอร์พอร์ต เรล ลิงก์,A8,พญาไท,12812,12532,9/6/2022
1993,รถไฟระหว่างเมือง,แอร์พอร์ต เรล ลิงก์,A1,สุวรรณภูมิ,9657,8603,9/7/2022
1994,รถไฟระหว่างเมือง,แอร์พอร์ต เรล ลิงก์,A2,ลาดกระบัง,9256,9032,9/7/2022
1995,รถไฟระหว่างเมือง,แอร์พอร์ต เรล ลิงก์,A3,บ้านทับช้าง,3576,2843,9/7/2022
1996,รถไฟระหว่างเมือง,แอร์พอร์ต เรล ลิงก์,A4,หัวหมาก,5755,5523,9/7/2022
1997,รถไฟระหว่างเมือง,แอร์พอร์ต เรล ลิงก์,A5,รามคำแหง,6022,6152,9/7/2022
1998,รถไฟระหว่างเมือง,แอร์พอร์ต เรล ลิงก์,A6,มักกะสัน,10664,11513,9/7/2022
1999,รถไฟระหว่างเมือง,แอร์พอร์ต เรล ลิงก์,A7,ราชปรารภ,3003,3380,9/7/2022
2000,รถไฟระหว่างเมือง,แอร์พอร์ต เรล ลิงก์,A8,พญาไท,12223,13110,9/7/2022
2001,รถไฟระหว่างเมือง,แอร์พอร์ต เรล ลิงก์,A1,สุวรรณภูมิ,10982,9140,9/8/2022
2002,รถไฟระหว่างเมือง,แอร์พอร์ต เรล ลิงก์,A2,ลาดกระบัง,9562,9269,9/8/2022
2003,รถไฟระหว่างเมือง,แอร์พอร์ต เรล ลิงก์,A3,บ้านทับช้าง,4022,3602,9/8/2022
2004,รถไฟระหว่างเมือง,แอร์พอร์ต เรล ลิงก์,A4,หัวหมาก,5753,5632,9/8/2022
2005,รถไฟระหว่างเมือง,แอร์พอร์ต เรล ลิงก์,A5,รามคำแหง,6267,6957,9/8/2022
2006,รถไฟระหว่างเมือง,แอร์พอร์ต เรล ลิงก์,A6,มักกะสัน,11258,12174,9/8/2022
2007,รถไฟระหว่างเมือง,แอร์พอร์ต เรล ลิงก์,A7,ราชปรารภ,3176,3536,9/8/2022
2008,รถไฟระหว่างเมือง,แอร์พอร์ต เรล ลิงก์,A8,พญาไท,13794,14504,9/8/2022
2009,รถไฟระหว่างเมือง,แอร์พอร์ต เรล ลิงก์,A1,สุวรรณภูมิ,10721,9137,9/9/2022
2010,รถไฟระหว่างเมือง,แอร์พอร์ต เรล ลิงก์,A2,ลาดกระบัง,10097,10097,9/9/2022
2011,รถไฟระหว่างเมือง,แอร์พอร์ต เรล ลิงก์,A3,บ้านทับช้าง,3541,3475,9/9/2022
2012,รถไฟระหว่างเมือง,แอร์พอร์ต เรล ลิงก์,A4,หัวหมาก,5840,5669,9/9/2022
2013,รถไฟระหว่างเมือง,แอร์พอร์ต เรล ลิงก์,A5,รามคำแหง,6168,6394,9/9/2022
2014,รถไฟระหว่างเมือง,แอร์พอร์ต เรล ลิงก์,A6,มักกะสัน,11234,11968,9/9/2022
2015,รถไฟระหว่างเมือง,แอร์พอร์ต เรล ลิงก์,A7,ราชปรารภ,3158,3355,9/9/2022
2016,รถไฟระหว่างเมือง,แอร์พอร์ต เรล ลิงก์,A8,พญาไท,13793,14457,9/9/2022
2017,รถไฟระหว่างเมือง,แอร์พอร์ต เรล ลิงก์,A1,สุวรรณภูมิ,9545,8294,9/10/2022
2018,รถไฟระหว่างเมือง,แอร์พอร์ต เรล ลิงก์,A2,ลาดกระบัง,6959,6953,9/10/2022
2019,รถไฟระหว่างเมือง,แอร์พอร์ต เรล ลิงก์,A3,บ้านทับช้าง,1761,1812,9/10/2022
2020,รถไฟระหว่างเมือง,แอร์พอร์ต เรล ลิงก์,A4,หัวหมาก,3372,3369,9/10/2022
2021,รถไฟระหว่างเมือง,แอร์พอร์ต เรล ลิงก์,A5,รามคำแหง,3797,4734,9/10/2022
2022,รถไฟระหว่างเมือง,แอร์พอร์ต เรล ลิงก์,A6,มักกะสัน,7017,7344,9/10/2022
2023,รถไฟระหว่างเมือง,แอร์พอร์ต เรล ลิงก์,A7,ราชปรารภ,2625,2527,9/10/2022
2024,รถไฟระหว่างเมือง,แอร์พอร์ต เรล ลิงก์,A8,พญาไท,10856,10899,9/10/2022
2025,รถไฟระหว่างเมือง,แอร์พอร์ต เรล ลิงก์,A1,สุวรรณภูมิ,9068,7704,9/11/2022
2026,รถไฟระหว่างเมือง,แอร์พอร์ต เรล ลิงก์,A2,ลาดกระบัง,5868,5847,9/11/2022
2027,รถไฟระหว่างเมือง,แอร์พอร์ต เรล ลิงก์,A3,บ้านทับช้าง,1376,1276,9/11/2022
2028,รถไฟระหว่างเมือง,แอร์พอร์ต เรล ลิงก์,A4,หัวหมาก,2331,2436,9/11/2022
2029,รถไฟระหว่างเมือง,แอร์พอร์ต เรล ลิงก์,A5,รามคำแหง,3210,3470,9/11/2022
2030,รถไฟระหว่างเมือง,แอร์พอร์ต เรล ลิงก์,A6,มักกะสัน,5292,5948,9/11/2022
2031,รถไฟระหว่างเมือง,แอร์พอร์ต เรล ลิงก์,A7,ราชปรารภ,2336,2162,9/11/2022
2032,รถไฟระหว่างเมือง,แอร์พอร์ต เรล ลิงก์,A8,พญาไท,8325,8963,9/11/2022
2033,รถไฟระหว่างเมือง,แอร์พอร์ต เรล ลิงก์,A1,สุวรรณภูมิ,10011,8716,9/12/2022
2034,รถไฟระหว่างเมือง,แอร์พอร์ต เรล ลิงก์,A2,ลาดกระบัง,8535,8040,9/12/2022
2035,รถไฟระหว่างเมือง,แอร์พอร์ต เรล ลิงก์,A3,บ้านทับช้าง,3431,3425,9/12/2022
2036,รถไฟระหว่างเมือง,แอร์พอร์ต เรล ลิงก์,A4,หัวหมาก,5051,5176,9/12/2022
2037,รถไฟระหว่างเมือง,แอร์พอร์ต เรล ลิงก์,A5,รามคำแหง,5840,6683,9/12/2022
2038,รถไฟระหว่างเมือง,แอร์พอร์ต เรล ลิงก์,A6,มักกะสัน,10696,11373,9/12/2022
2039,รถไฟระหว่างเมือง,แอร์พอร์ต เรล ลิงก์,A7,ราชปรารภ,3171,3162,9/12/2022
2040,รถไฟระหว่างเมือง,แอร์พอร์ต เรล ลิงก์,A8,พญาไท,12342,12502,9/12/2022
2041,รถไฟระหว่างเมือง,แอร์พอร์ต เรล ลิงก์,A1,สุวรรณภูมิ,10129,8897,9/13/2022
2042,รถไฟระหว่างเมือง,แอร์พอร์ต เรล ลิงก์,A2,ลาดกระบัง,8133,8188,9/13/2022
2043,รถไฟระหว่างเมือง,แอร์พอร์ต เรล ลิงก์,A3,บ้านทับช้าง,3465,3581,9/13/2022
2044,รถไฟระหว่างเมือง,แอร์พอร์ต เรล ลิงก์,A4,หัวหมาก,5466,5456,9/13/2022
2045,รถไฟระหว่างเมือง,แอร์พอร์ต เรล ลิงก์,A5,รามคำแหง,6006,6655,9/13/2022
2046,รถไฟระหว่างเมือง,แอร์พอร์ต เรล ลิงก์,A6,มักกะสัน,11150,11429,9/13/2022
2047,รถไฟระหว่างเมือง,แอร์พอร์ต เรล ลิงก์,A7,ราชปรารภ,2947,3083,9/13/2022
2048,รถไฟระหว่างเมือง,แอร์พอร์ต เรล ลิงก์,A8,พญาไท,12408,12415,9/13/2022
2049,รถไฟระหว่างเมือง,แอร์พอร์ต เรล ลิงก์,A1,สุวรรณภูมิ,9960,8427,9/14/2022
2050,รถไฟระหว่างเมือง,แอร์พอร์ต เรล ลิงก์,A2,ลาดกระบัง,8372,8317,9/14/2022
2051,รถไฟระหว่างเมือง,แอร์พอร์ต เรล ลิงก์,A3,บ้านทับช้าง,3414,3395,9/14/2022
2052,รถไฟระหว่างเมือง,แอร์พอร์ต เรล ลิงก์,A4,หัวหมาก,5140,5230,9/14/2022
2053,รถไฟระหว่างเมือง,แอร์พอร์ต เรล ลิงก์,A5,รามคำแหง,5885,6386,9/14/2022
2054,รถไฟระหว่างเมือง,แอร์พอร์ต เรล ลิงก์,A6,มักกะสัน,10570,11153,9/14/2022
2055,รถไฟระหว่างเมือง,แอร์พอร์ต เรล ลิงก์,A7,ราชปรารภ,2869,3346,9/14/2022
2056,รถไฟระหว่างเมือง,แอร์พอร์ต เรล ลิงก์,A8,พญาไท,12219,12175,9/14/2022
2057,รถไฟระหว่างเมือง,แอร์พอร์ต เรล ลิงก์,A1,สุวรรณภูมิ,10550,8668,9/15/2022
2058,รถไฟระหว่างเมือง,แอร์พอร์ต เรล ลิงก์,A2,ลาดกระบัง,8498,8235,9/15/2022
2059,รถไฟระหว่างเมือง,แอร์พอร์ต เรล ลิงก์,A3,บ้านทับช้าง,3417,3379,9/15/2022
2060,รถไฟระหว่างเมือง,แอร์พอร์ต เรล ลิงก์,A4,หัวหมาก,5377,5144,9/15/2022
2061,รถไฟระหว่างเมือง,แอร์พอร์ต เรล ลิงก์,A5,รามคำแหง,5805,5997,9/15/2022
2062,รถไฟระหว่างเมือง,แอร์พอร์ต เรล ลิงก์,A6,มักกะสัน,10491,11368,9/15/2022
2063,รถไฟระหว่างเมือง,แอร์พอร์ต เรล ลิงก์,A7,ราชปรารภ,2972,3453,9/15/2022
2064,รถไฟระหว่างเมือง,แอร์พอร์ต เรล ลิงก์,A8,พญาไท,11748,12614,9/15/2022
2065,รถไฟระหว่างเมือง,แอร์พอร์ต เรล ลิงก์,A1,สุวรรณภูมิ,10945,9133,9/16/2022
2066,รถไฟระหว่างเมือง,แอร์พอร์ต เรล ลิงก์,A2,ลาดกระบัง,9162,9359,9/16/2022
2067,รถไฟระหว่างเมือง,แอร์พอร์ต เรล ลิงก์,A3,บ้านทับช้าง,3479,3463,9/16/2022
2068,รถไฟระหว่างเมือง,แอร์พอร์ต เรล ลิงก์,A4,หัวหมาก,5755,5303,9/16/2022
2069,รถไฟระหว่างเมือง,แอร์พอร์ต เรล ลิงก์,A5,รามคำแหง,5852,6027,9/16/2022
2070,รถไฟระหว่างเมือง,แอร์พอร์ต เรล ลิงก์,A6,มักกะสัน,10982,11887,9/16/2022
2071,รถไฟระหว่างเมือง,แอร์พอร์ต เรล ลิงก์,A7,ราชปรารภ,3123,3440,9/16/2022
2072,รถไฟระหว่างเมือง,แอร์พอร์ต เรล ลิงก์,A8,พญาไท,12990,13676,9/16/2022
2073,รถไฟระหว่างเมือง,แอร์พอร์ต เรล ลิงก์,A1,สุวรรณภูมิ,9541,7831,9/17/2022
2074,รถไฟระหว่างเมือง,แอร์พอร์ต เรล ลิงก์,A2,ลาดกระบัง,6396,6601,9/17/2022
2075,รถไฟระหว่างเมือง,แอร์พอร์ต เรล ลิงก์,A3,บ้านทับช้าง,1752,1702,9/17/2022
2076,รถไฟระหว่างเมือง,แอร์พอร์ต เรล ลิงก์,A4,หัวหมาก,3338,2926,9/17/2022
2077,รถไฟระหว่างเมือง,แอร์พอร์ต เรล ลิงก์,A5,รามคำแหง,3949,4043,9/17/2022
2078,รถไฟระหว่างเมือง,แอร์พอร์ต เรล ลิงก์,A6,มักกะสัน,6339,7172,9/17/2022
2079,รถไฟระหว่างเมือง,แอร์พอร์ต เรล ลิงก์,A7,ราชปรารภ,2516,2532,9/17/2022
2080,รถไฟระหว่างเมือง,แอร์พอร์ต เรล ลิงก์,A8,พญาไท,9230,10254,9/17/2022
2081,รถไฟระหว่างเมือง,แอร์พอร์ต เรล ลิงก์,A1,สุวรรณภูมิ,8934,7560,9/18/2022
2082,รถไฟระหว่างเมือง,แอร์พอร์ต เรล ลิงก์,A2,ลาดกระบัง,5770,6138,9/18/2022
2083,รถไฟระหว่างเมือง,แอร์พอร์ต เรล ลิงก์,A3,บ้านทับช้าง,1299,1300,9/18/2022
2084,รถไฟระหว่างเมือง,แอร์พอร์ต เรล ลิงก์,A4,หัวหมาก,2592,2686,9/18/2022
2085,รถไฟระหว่างเมือง,แอร์พอร์ต เรล ลิงก์,A5,รามคำแหง,3053,3479,9/18/2022
2086,รถไฟระหว่างเมือง,แอร์พอร์ต เรล ลิงก์,A6,มักกะสัน,5615,6152,9/18/2022
2087,รถไฟระหว่างเมือง,แอร์พอร์ต เรล ลิงก์,A7,ราชปรารภ,2160,2080,9/18/2022
2088,รถไฟระหว่างเมือง,แอร์พอร์ต เรล ลิงก์,A8,พญาไท,8456,8484,9/18/2022
2089,รถไฟระหว่างเมือง,แอร์พอร์ต เรล ลิงก์,A1,สุวรรณภูมิ,9874,8209,9/19/2022
2090,รถไฟระหว่างเมือง,แอร์พอร์ต เรล ลิงก์,A2,ลาดกระบัง,9300,9216,9/19/2022
2091,รถไฟระหว่างเมือง,แอร์พอร์ต เรล ลิงก์,A3,บ้านทับช้าง,3397,3316,9/19/2022
2092,รถไฟระหว่างเมือง,แอร์พอร์ต เรล ลิงก์,A4,หัวหมาก,5464,5138,9/19/2022
2093,รถไฟระหว่างเมือง,แอร์พอร์ต เรล ลิงก์,A5,รามคำแหง,5682,6045,9/19/2022
2094,รถไฟระหว่างเมือง,แอร์พอร์ต เรล ลิงก์,A6,มักกะสัน,10413,11395,9/19/2022
2095,รถไฟระหว่างเมือง,แอร์พอร์ต เรล ลิงก์,A7,ราชปรารภ,3123,3329,9/19/2022
2096,รถไฟระหว่างเมือง,แอร์พอร์ต เรล ลิงก์,A8,พญาไท,11896,12501,9/19/2022
2097,รถไฟระหว่างเมือง,แอร์พอร์ต เรล ลิงก์,A1,สุวรรณภูมิ,9423,8151,9/20/2022
2098,รถไฟระหว่างเมือง,แอร์พอร์ต เรล ลิงก์,A2,ลาดกระบัง,9225,8931,9/20/2022
2099,รถไฟระหว่างเมือง,แอร์พอร์ต เรล ลิงก์,A3,บ้านทับช้าง,3535,3553,9/20/2022
2100,รถไฟระหว่างเมือง,แอร์พอร์ต เรล ลิงก์,A4,หัวหมาก,5551,5296,9/20/2022
2101,รถไฟระหว่างเมือง,แอร์พอร์ต เรล ลิงก์,A5,รามคำแหง,5862,6193,9/20/2022
2102,รถไฟระหว่างเมือง,แอร์พอร์ต เรล ลิงก์,A6,มักกะสัน,10545,11413,9/20/2022
2103,รถไฟระหว่างเมือง,แอร์พอร์ต เรล ลิงก์,A7,ราชปรารภ,2886,3153,9/20/2022
2104,รถไฟระหว่างเมือง,แอร์พอร์ต เรล ลิงก์,A8,พญาไท,11884,12221,9/20/2022
2105,รถไฟระหว่างเมือง,แอร์พอร์ต เรล ลิงก์,A1,สุวรรณภูมิ,9404,8284,9/21/2022
2106,รถไฟระหว่างเมือง,แอร์พอร์ต เรล ลิงก์,A2,ลาดกระบัง,9097,8935,9/21/2022
2107,รถไฟระหว่างเมือง,แอร์พอร์ต เรล ลิงก์,A3,บ้านทับช้าง,3584,3532,9/21/2022
2108,รถไฟระหว่างเมือง,แอร์พอร์ต เรล ลิงก์,A4,หัวหมาก,5434,5413,9/21/2022
2109,รถไฟระหว่างเมือง,แอร์พอร์ต เรล ลิงก์,A5,รามคำแหง,5834,6036,9/21/2022
2110,รถไฟระหว่างเมือง,แอร์พอร์ต เรล ลิงก์,A6,มักกะสัน,10977,11534,9/21/2022
2111,รถไฟระหว่างเมือง,แอร์พอร์ต เรล ลิงก์,A7,ราชปรารภ,2909,3202,9/21/2022
2112,รถไฟระหว่างเมือง,แอร์พอร์ต เรล ลิงก์,A8,พญาไท,12170,12473,9/21/2022
2113,รถไฟระหว่างเมือง,แอร์พอร์ต เรล ลิงก์,A1,สุวรรณภูมิ,10245,8424,9/22/2022
2114,รถไฟระหว่างเมือง,แอร์พอร์ต เรล ลิงก์,A2,ลาดกระบัง,9020,8990,9/22/2022
2115,รถไฟระหว่างเมือง,แอร์พอร์ต เรล ลิงก์,A3,บ้านทับช้าง,3492,3395,9/22/2022
2116,รถไฟระหว่างเมือง,แอร์พอร์ต เรล ลิงก์,A4,หัวหมาก,5508,5180,9/22/2022
2117,รถไฟระหว่างเมือง,แอร์พอร์ต เรล ลิงก์,A5,รามคำแหง,5997,6177,9/22/2022
2118,รถไฟระหว่างเมือง,แอร์พอร์ต เรล ลิงก์,A6,มักกะสัน,10477,11319,9/22/2022
2119,รถไฟระหว่างเมือง,แอร์พอร์ต เรล ลิงก์,A7,ราชปรารภ,2940,3454,9/22/2022
2120,รถไฟระหว่างเมือง,แอร์พอร์ต เรล ลิงก์,A8,พญาไท,12233,12973,9/22/2022
2121,รถไฟระหว่างเมือง,แอร์พอร์ต เรล ลิงก์,A1,สุวรรณภูมิ,11100,9234,9/23/2022
2122,รถไฟระหว่างเมือง,แอร์พอร์ต เรล ลิงก์,A2,ลาดกระบัง,9643,9356,9/23/2022
2123,รถไฟระหว่างเมือง,แอร์พอร์ต เรล ลิงก์,A3,บ้านทับช้าง,3438,3357,9/23/2022
2124,รถไฟระหว่างเมือง,แอร์พอร์ต เรล ลิงก์,A4,หัวหมาก,5720,5417,9/23/2022
2125,รถไฟระหว่างเมือง,แอร์พอร์ต เรล ลิงก์,A5,รามคำแหง,5937,6164,9/23/2022
2126,รถไฟระหว่างเมือง,แอร์พอร์ต เรล ลิงก์,A6,มักกะสัน,10946,11923,9/23/2022
2127,รถไฟระหว่างเมือง,แอร์พอร์ต เรล ลิงก์,A7,ราชปรารภ,3048,3496,9/23/2022
2128,รถไฟระหว่างเมือง,แอร์พอร์ต เรล ลิงก์,A8,พญาไท,13061,13946,9/23/2022
2129,รถไฟระหว่างเมือง,แอร์พอร์ต เรล ลิงก์,A1,สุวรรณภูมิ,8158,6849,9/24/2022
2130,รถไฟระหว่างเมือง,แอร์พอร์ต เรล ลิงก์,A2,ลาดกระบัง,5372,5134,9/24/2022
2131,รถไฟระหว่างเมือง,แอร์พอร์ต เรล ลิงก์,A3,บ้านทับช้าง,1635,1523,9/24/2022
2132,รถไฟระหว่างเมือง,แอร์พอร์ต เรล ลิงก์,A4,หัวหมาก,2860,2698,9/24/2022
2133,รถไฟระหว่างเมือง,แอร์พอร์ต เรล ลิงก์,A5,รามคำแหง,3488,4703,9/24/2022
2134,รถไฟระหว่างเมือง,แอร์พอร์ต เรล ลิงก์,A6,มักกะสัน,5799,6180,9/24/2022
2135,รถไฟระหว่างเมือง,แอร์พอร์ต เรล ลิงก์,A7,ราชปรารภ,2129,2325,9/24/2022
2136,รถไฟระหว่างเมือง,แอร์พอร์ต เรล ลิงก์,A8,พญาไท,8367,8396,9/24/2022
2137,รถไฟระหว่างเมือง,แอร์พอร์ต เรล ลิงก์,A1,สุวรรณภูมิ,9090,7125,9/25/2022
2138,รถไฟระหว่างเมือง,แอร์พอร์ต เรล ลิงก์,A2,ลาดกระบัง,5412,5730,9/25/2022
2139,รถไฟระหว่างเมือง,แอร์พอร์ต เรล ลิงก์,A3,บ้านทับช้าง,1349,1342,9/25/2022
2140,รถไฟระหว่างเมือง,แอร์พอร์ต เรล ลิงก์,A4,หัวหมาก,2539,2643,9/25/2022
2141,รถไฟระหว่างเมือง,แอร์พอร์ต เรล ลิงก์,A5,รามคำแหง,3325,3759,9/25/2022
2142,รถไฟระหว่างเมือง,แอร์พอร์ต เรล ลิงก์,A6,มักกะสัน,5177,5843,9/25/2022
2143,รถไฟระหว่างเมือง,แอร์พอร์ต เรล ลิงก์,A7,ราชปรารภ,2266,2136,9/25/2022
2144,รถไฟระหว่างเมือง,แอร์พอร์ต เรล ลิงก์,A8,พญาไท,8247,8827,9/25/2022
2145,รถไฟระหว่างเมือง,แอร์พอร์ต เรล ลิงก์,A1,สุวรรณภูมิ,10141,8658,9/26/2022
2146,รถไฟระหว่างเมือง,แอร์พอร์ต เรล ลิงก์,A2,ลาดกระบัง,8634,8375,9/26/2022
2147,รถไฟระหว่างเมือง,แอร์พอร์ต เรล ลิงก์,A3,บ้านทับช้าง,3296,3195,9/26/2022
2148,รถไฟระหว่างเมือง,แอร์พอร์ต เรล ลิงก์,A4,หัวหมาก,5144,5066,9/26/2022
2149,รถไฟระหว่างเมือง,แอร์พอร์ต เรล ลิงก์,A5,รามคำแหง,5999,5937,9/26/2022
2150,รถไฟระหว่างเมือง,แอร์พอร์ต เรล ลิงก์,A6,มักกะสัน,10204,11134,9/26/2022
2151,รถไฟระหว่างเมือง,แอร์พอร์ต เรล ลิงก์,A7,ราชปรารภ,3344,3457,9/26/2022
2152,รถไฟระหว่างเมือง,แอร์พอร์ต เรล ลิงก์,A8,พญาไท,11823,12763,9/26/2022
2153,รถไฟระหว่างเมือง,แอร์พอร์ต เรล ลิงก์,A1,สุวรรณภูมิ,9499,8296,9/27/2022
2154,รถไฟระหว่างเมือง,แอร์พอร์ต เรล ลิงก์,A2,ลาดกระบัง,8820,8738,9/27/2022
2155,รถไฟระหว่างเมือง,แอร์พอร์ต เรล ลิงก์,A3,บ้านทับช้าง,3361,3314,9/27/2022
2156,รถไฟระหว่างเมือง,แอร์พอร์ต เรล ลิงก์,A4,หัวหมาก,5302,5185,9/27/2022
2157,รถไฟระหว่างเมือง,แอร์พอร์ต เรล ลิงก์,A5,รามคำแหง,5707,6145,9/27/2022
2158,รถไฟระหว่างเมือง,แอร์พอร์ต เรล ลิงก์,A6,มักกะสัน,10182,10888,9/27/2022
2159,รถไฟระหว่างเมือง,แอร์พอร์ต เรล ลิงก์,A7,ราชปรารภ,2974,3115,9/27/2022
2160,รถไฟระหว่างเมือง,แอร์พอร์ต เรล ลิงก์,A8,พญาไท,11923,12087,9/27/2022
2161,รถไฟระหว่างเมือง,แอร์พอร์ต เรล ลิงก์,A1,สุวรรณภูมิ,9434,7939,9/28/2022
2162,รถไฟระหว่างเมือง,แอร์พอร์ต เรล ลิงก์,A2,ลาดกระบัง,8982,8643,9/28/2022
2163,รถไฟระหว่างเมือง,แอร์พอร์ต เรล ลิงก์,A3,บ้านทับช้าง,3414,3375,9/28/2022
2164,รถไฟระหว่างเมือง,แอร์พอร์ต เรล ลิงก์,A4,หัวหมาก,5275,5012,9/28/2022
2165,รถไฟระหว่างเมือง,แอร์พอร์ต เรล ลิงก์,A5,รามคำแหง,5779,5948,9/28/2022
2166,รถไฟระหว่างเมือง,แอร์พอร์ต เรล ลิงก์,A6,มักกะสัน,10024,11004,9/28/2022
2167,รถไฟระหว่างเมือง,แอร์พอร์ต เรล ลิงก์,A7,ราชปรารภ,3002,3135,9/28/2022
2168,รถไฟระหว่างเมือง,แอร์พอร์ต เรล ลิงก์,A8,พญาไท,11542,12396,9/28/2022
2169,รถไฟระหว่างเมือง,แอร์พอร์ต เรล ลิงก์,A1,สุวรรณภูมิ,10044,8110,9/29/2022
2170,รถไฟระหว่างเมือง,แอร์พอร์ต เรล ลิงก์,A2,ลาดกระบัง,8461,8337,9/29/2022
2171,รถไฟระหว่างเมือง,แอร์พอร์ต เรล ลิงก์,A3,บ้านทับช้าง,3204,3116,9/29/2022
2172,รถไฟระหว่างเมือง,แอร์พอร์ต เรล ลิงก์,A4,หัวหมาก,5115,4889,9/29/2022
2173,รถไฟระหว่างเมือง,แอร์พอร์ต เรล ลิงก์,A5,รามคำแหง,5816,5911,9/29/2022
2174,รถไฟระหว่างเมือง,แอร์พอร์ต เรล ลิงก์,A6,มักกะสัน,9774,10865,9/29/2022
2175,รถไฟระหว่างเมือง,แอร์พอร์ต เรล ลิงก์,A7,ราชปรารภ,2806,3187,9/29/2022
2176,รถไฟระหว่างเมือง,แอร์พอร์ต เรล ลิงก์,A8,พญาไท,11651,12456,9/29/2022
2177,รถไฟระหว่างเมือง,แอร์พอร์ต เรล ลิงก์,A1,สุวรรณภูมิ,12294,9734,9/30/2022
2178,รถไฟระหว่างเมือง,แอร์พอร์ต เรล ลิงก์,A2,ลาดกระบัง,9744,9773,9/30/2022
2179,รถไฟระหว่างเมือง,แอร์พอร์ต เรล ลิงก์,A3,บ้านทับช้าง,3450,3273,9/30/2022
2180,รถไฟระหว่างเมือง,แอร์พอร์ต เรล ลิงก์,A4,หัวหมาก,5554,5197,9/30/2022
2181,รถไฟระหว่างเมือง,แอร์พอร์ต เรล ลิงก์,A5,รามคำแหง,6092,6454,9/30/2022
2182,รถไฟระหว่างเมือง,แอร์พอร์ต เรล ลิงก์,A6,มักกะสัน,11063,12249,9/30/2022
2183,รถไฟระหว่างเมือง,แอร์พอร์ต เรล ลิงก์,A7,ราชปรารภ,3083,3380,9/30/2022
2184,รถไฟระหว่างเมือง,แอร์พอร์ต เรล ลิงก์,A8,พญาไท,13252,14472,9/30/2022
2185,รถไฟระหว่างเมือง,แอร์พอร์ต เรล ลิงก์,A1,สุวรรณภูมิ,9336,7642,10/1/2022
2186,รถไฟระหว่างเมือง,แอร์พอร์ต เรล ลิงก์,A2,ลาดกระบัง,7423,7229,10/1/2022
2187,รถไฟระหว่างเมือง,แอร์พอร์ต เรล ลิงก์,A3,บ้านทับช้าง,1901,1748,10/1/2022
2188,รถไฟระหว่างเมือง,แอร์พอร์ต เรล ลิงก์,A4,หัวหมาก,3660,3580,10/1/2022
2189,รถไฟระหว่างเมือง,แอร์พอร์ต เรล ลิงก์,A5,รามคำแหง,4161,4666,10/1/2022
2190,รถไฟระหว่างเมือง,แอร์พอร์ต เรล ลิงก์,A6,มักกะสัน,7139,7717,10/1/2022
2191,รถไฟระหว่างเมือง,แอร์พอร์ต เรล ลิงก์,A7,ราชปรารภ,2826,2780,10/1/2022
2192,รถไฟระหว่างเมือง,แอร์พอร์ต เรล ลิงก์,A8,พญาไท,9873,10957,10/1/2022
2193,รถไฟระหว่างเมือง,แอร์พอร์ต เรล ลิงก์,A1,สุวรรณภูมิ,8433,7103,10/2/2022
2194,รถไฟระหว่างเมือง,แอร์พอร์ต เรล ลิงก์,A2,ลาดกระบัง,6532,6680,10/2/2022
2195,รถไฟระหว่างเมือง,แอร์พอร์ต เรล ลิงก์,A3,บ้านทับช้าง,1476,1426,10/2/2022
2196,รถไฟระหว่างเมือง,แอร์พอร์ต เรล ลิงก์,A4,หัวหมาก,2804,2708,10/2/2022
2197,รถไฟระหว่างเมือง,แอร์พอร์ต เรล ลิงก์,A5,รามคำแหง,3604,4038,10/2/2022
2198,รถไฟระหว่างเมือง,แอร์พอร์ต เรล ลิงก์,A6,มักกะสัน,5799,6309,10/2/2022
2199,รถไฟระหว่างเมือง,แอร์พอร์ต เรล ลิงก์,A7,ราชปรารภ,2471,2304,10/2/2022
2200,รถไฟระหว่างเมือง,แอร์พอร์ต เรล ลิงก์,A8,พญาไท,8588,9139,10/2/2022
2201,รถไฟระหว่างเมือง,แอร์พอร์ต เรล ลิงก์,A1,สุวรรณภูมิ,10122,9026,10/3/2022
2202,รถไฟระหว่างเมือง,แอร์พอร์ต เรล ลิงก์,A2,ลาดกระบัง,9717,9950,10/3/2022
2203,รถไฟระหว่างเมือง,แอร์พอร์ต เรล ลิงก์,A3,บ้านทับช้าง,3480,3597,10/3/2022
2204,รถไฟระหว่างเมือง,แอร์พอร์ต เรล ลิงก์,A4,หัวหมาก,5614,5956,10/3/2022
2205,รถไฟระหว่างเมือง,แอร์พอร์ต เรล ลิงก์,A5,รามคำแหง,6301,7258,10/3/2022
2206,รถไฟระหว่างเมือง,แอร์พอร์ต เรล ลิงก์,A6,มักกะสัน,11781,11910,10/3/2022
2207,รถไฟระหว่างเมือง,แอร์พอร์ต เรล ลิงก์,A7,ราชปรารภ,3287,3623,10/3/2022
2208,รถไฟระหว่างเมือง,แอร์พอร์ต เรล ลิงก์,A8,พญาไท,14301,13283,10/3/2022
2209,รถไฟระหว่างเมือง,แอร์พอร์ต เรล ลิงก์,A1,สุวรรณภูมิ,9277,8313,10/4/2022
2210,รถไฟระหว่างเมือง,แอร์พอร์ต เรล ลิงก์,A2,ลาดกระบัง,9434,9215,10/4/2022
2211,รถไฟระหว่างเมือง,แอร์พอร์ต เรล ลิงก์,A3,บ้านทับช้าง,3548,3504,10/4/2022
2212,รถไฟระหว่างเมือง,แอร์พอร์ต เรล ลิงก์,A4,หัวหมาก,5351,5247,10/4/2022
2213,รถไฟระหว่างเมือง,แอร์พอร์ต เรล ลิงก์,A5,รามคำแหง,6062,6430,10/4/2022
2214,รถไฟระหว่างเมือง,แอร์พอร์ต เรล ลิงก์,A6,มักกะสัน,10821,11557,10/4/2022
2215,รถไฟระหว่างเมือง,แอร์พอร์ต เรล ลิงก์,A7,ราชปรารภ,3005,3051,10/4/2022
2216,รถไฟระหว่างเมือง,แอร์พอร์ต เรล ลิงก์,A8,พญาไท,12626,12807,10/4/2022
2217,รถไฟระหว่างเมือง,แอร์พอร์ต เรล ลิงก์,A1,สุวรรณภูมิ,9575,7959,10/5/2022
2218,รถไฟระหว่างเมือง,แอร์พอร์ต เรล ลิงก์,A2,ลาดกระบัง,9870,9489,10/5/2022
2219,รถไฟระหว่างเมือง,แอร์พอร์ต เรล ลิงก์,A3,บ้านทับช้าง,3623,3451,10/5/2022
2220,รถไฟระหว่างเมือง,แอร์พอร์ต เรล ลิงก์,A4,หัวหมาก,5387,5178,10/5/2022
2221,รถไฟระหว่างเมือง,แอร์พอร์ต เรล ลิงก์,A5,รามคำแหง,5957,6185,10/5/2022
2222,รถไฟระหว่างเมือง,แอร์พอร์ต เรล ลิงก์,A6,มักกะสัน,10369,11582,10/5/2022
2223,รถไฟระหว่างเมือง,แอร์พอร์ต เรล ลิงก์,A7,ราชปรารภ,2991,3294,10/5/2022
2224,รถไฟระหว่างเมือง,แอร์พอร์ต เรล ลิงก์,A8,พญาไท,12596,13230,10/5/2022
2225,รถไฟระหว่างเมือง,แอร์พอร์ต เรล ลิงก์,A1,สุวรรณภูมิ,10196,8081,10/6/2022
2226,รถไฟระหว่างเมือง,แอร์พอร์ต เรล ลิงก์,A2,ลาดกระบัง,9992,10171,10/6/2022
2227,รถไฟระหว่างเมือง,แอร์พอร์ต เรล ลิงก์,A3,บ้านทับช้าง,3458,3439,10/6/2022
2228,รถไฟระหว่างเมือง,แอร์พอร์ต เรล ลิงก์,A4,หัวหมาก,5301,5355,10/6/2022
2229,รถไฟระหว่างเมือง,แอร์พอร์ต เรล ลิงก์,A5,รามคำแหง,5806,6307,10/6/2022
2230,รถไฟระหว่างเมือง,แอร์พอร์ต เรล ลิงก์,A6,มักกะสัน,11396,11744,10/6/2022
2231,รถไฟระหว่างเมือง,แอร์พอร์ต เรล ลิงก์,A7,ราชปรารภ,3132,3433,10/6/2022
2232,รถไฟระหว่างเมือง,แอร์พอร์ต เรล ลิงก์,A8,พญาไท,12670,13421,10/6/2022
2233,รถไฟระหว่างเมือง,แอร์พอร์ต เรล ลิงก์,A1,สุวรรณภูมิ,11336,9060,10/7/2022
2234,รถไฟระหว่างเมือง,แอร์พอร์ต เรล ลิงก์,A2,ลาดกระบัง,10141,9966,10/7/2022
2235,รถไฟระหว่างเมือง,แอร์พอร์ต เรล ลิงก์,A3,บ้านทับช้าง,3501,3460,10/7/2022
2236,รถไฟระหว่างเมือง,แอร์พอร์ต เรล ลิงก์,A4,หัวหมาก,5516,5437,10/7/2022
2237,รถไฟระหว่างเมือง,แอร์พอร์ต เรล ลิงก์,A5,รามคำแหง,6059,7083,10/7/2022
2238,รถไฟระหว่างเมือง,แอร์พอร์ต เรล ลิงก์,A6,มักกะสัน,11661,12282,10/7/2022
2239,รถไฟระหว่างเมือง,แอร์พอร์ต เรล ลิงก์,A7,ราชปรารภ,3187,3455,10/7/2022
2240,รถไฟระหว่างเมือง,แอร์พอร์ต เรล ลิงก์,A8,พญาไท,14379,15037,10/7/2022
2241,รถไฟระหว่างเมือง,แอร์พอร์ต เรล ลิงก์,A1,สุวรรณภูมิ,9357,7622,10/8/2022
2242,รถไฟระหว่างเมือง,แอร์พอร์ต เรล ลิงก์,A2,ลาดกระบัง,7627,7688,10/8/2022
2243,รถไฟระหว่างเมือง,แอร์พอร์ต เรล ลิงก์,A3,บ้านทับช้าง,1767,1825,10/8/2022
2244,รถไฟระหว่างเมือง,แอร์พอร์ต เรล ลิงก์,A4,หัวหมาก,3623,3423,10/8/2022
2245,รถไฟระหว่างเมือง,แอร์พอร์ต เรล ลิงก์,A5,รามคำแหง,4060,4513,10/8/2022
2246,รถไฟระหว่างเมือง,แอร์พอร์ต เรล ลิงก์,A6,มักกะสัน,7532,7978,10/8/2022
2247,รถไฟระหว่างเมือง,แอร์พอร์ต เรล ลิงก์,A7,ราชปรารภ,2570,2500,10/8/2022
2248,รถไฟระหว่างเมือง,แอร์พอร์ต เรล ลิงก์,A8,พญาไท,10073,11060,10/8/2022
2249,รถไฟระหว่างเมือง,แอร์พอร์ต เรล ลิงก์,A1,สุวรรณภูมิ,8407,7488,10/9/2022
2250,รถไฟระหว่างเมือง,แอร์พอร์ต เรล ลิงก์,A2,ลาดกระบัง,6290,6522,10/9/2022
2251,รถไฟระหว่างเมือง,แอร์พอร์ต เรล ลิงก์,A3,บ้านทับช้าง,1360,1399,10/9/2022
2252,รถไฟระหว่างเมือง,แอร์พอร์ต เรล ลิงก์,A4,หัวหมาก,2715,2734,10/9/2022
2253,รถไฟระหว่างเมือง,แอร์พอร์ต เรล ลิงก์,A5,รามคำแหง,3225,3758,10/9/2022
2254,รถไฟระหว่างเมือง,แอร์พอร์ต เรล ลิงก์,A6,มักกะสัน,6020,6278,10/9/2022
2255,รถไฟระหว่างเมือง,แอร์พอร์ต เรล ลิงก์,A7,ราชปรารภ,2402,2293,10/9/2022
2256,รถไฟระหว่างเมือง,แอร์พอร์ต เรล ลิงก์,A8,พญาไท,8870,8817,10/9/2022
2257,รถไฟระหว่างเมือง,แอร์พอร์ต เรล ลิงก์,A1,สุวรรณภูมิ,9445,8672,10/10/2022
2258,รถไฟระหว่างเมือง,แอร์พอร์ต เรล ลิงก์,A2,ลาดกระบัง,9536,9270,10/10/2022
2259,รถไฟระหว่างเมือง,แอร์พอร์ต เรล ลิงก์,A3,บ้านทับช้าง,3525,3316,10/10/2022
2260,รถไฟระหว่างเมือง,แอร์พอร์ต เรล ลิงก์,A4,หัวหมาก,5471,5300,10/10/2022
2261,รถไฟระหว่างเมือง,แอร์พอร์ต เรล ลิงก์,A5,รามคำแหง,5781,6045,10/10/2022
2262,รถไฟระหว่างเมือง,แอร์พอร์ต เรล ลิงก์,A6,มักกะสัน,10593,11329,10/10/2022
2263,รถไฟระหว่างเมือง,แอร์พอร์ต เรล ลิงก์,A7,ราชปรารภ,3137,3163,10/10/2022
2264,รถไฟระหว่างเมือง,แอร์พอร์ต เรล ลิงก์,A8,พญาไท,12634,13027,10/10/2022
2265,รถไฟระหว่างเมือง,แอร์พอร์ต เรล ลิงก์,A1,สุวรรณภูมิ,9919,9201,10/11/2022
2266,รถไฟระหว่างเมือง,แอร์พอร์ต เรล ลิงก์,A2,ลาดกระบัง,9641,9311,10/11/2022
2267,รถไฟระหว่างเมือง,แอร์พอร์ต เรล ลิงก์,A3,บ้านทับช้าง,3520,3345,10/11/2022
2268,รถไฟระหว่างเมือง,แอร์พอร์ต เรล ลิงก์,A4,หัวหมาก,5453,5042,10/11/2022
2269,รถไฟระหว่างเมือง,แอร์พอร์ต เรล ลิงก์,A5,รามคำแหง,5951,6090,10/11/2022
2270,รถไฟระหว่างเมือง,แอร์พอร์ต เรล ลิงก์,A6,มักกะสัน,10560,11550,10/11/2022
2271,รถไฟระหว่างเมือง,แอร์พอร์ต เรล ลิงก์,A7,ราชปรารภ,3044,3027,10/11/2022
2272,รถไฟระหว่างเมือง,แอร์พอร์ต เรล ลิงก์,A8,พญาไท,12813,13335,10/11/2022
2273,รถไฟระหว่างเมือง,แอร์พอร์ต เรล ลิงก์,A1,สุวรรณภูมิ,10750,10315,10/12/2022
2274,รถไฟระหว่างเมือง,แอร์พอร์ต เรล ลิงก์,A2,ลาดกระบัง,11029,10353,10/12/2022
2275,รถไฟระหว่างเมือง,แอร์พอร์ต เรล ลิงก์,A3,บ้านทับช้าง,3592,3444,10/12/2022
2276,รถไฟระหว่างเมือง,แอร์พอร์ต เรล ลิงก์,A4,หัวหมาก,5592,5512,10/12/2022
2277,รถไฟระหว่างเมือง,แอร์พอร์ต เรล ลิงก์,A5,รามคำแหง,6202,6513,10/12/2022
2278,รถไฟระหว่างเมือง,แอร์พอร์ต เรล ลิงก์,A6,มักกะสัน,11957,12620,10/12/2022
2279,รถไฟระหว่างเมือง,แอร์พอร์ต เรล ลิงก์,A7,ราชปรารภ,3131,3235,10/12/2022
2280,รถไฟระหว่างเมือง,แอร์พอร์ต เรล ลิงก์,A8,พญาไท,14179,14440,10/12/2022
2281,รถไฟระหว่างเมือง,แอร์พอร์ต เรล ลิงก์,A1,สุวรรณภูมิ,9366,8087,10/13/2022
2282,รถไฟระหว่างเมือง,แอร์พอร์ต เรล ลิงก์,A2,ลาดกระบัง,7167,6891,10/13/2022
2283,รถไฟระหว่างเมือง,แอร์พอร์ต เรล ลิงก์,A3,บ้านทับช้าง,1652,1643,10/13/2022
2284,รถไฟระหว่างเมือง,แอร์พอร์ต เรล ลิงก์,A4,หัวหมาก,3052,2941,10/13/2022
2285,รถไฟระหว่างเมือง,แอร์พอร์ต เรล ลิงก์,A5,รามคำแหง,3496,3541,10/13/2022
2286,รถไฟระหว่างเมือง,แอร์พอร์ต เรล ลิงก์,A6,มักกะสัน,7033,7421,10/13/2022
2287,รถไฟระหว่างเมือง,แอร์พอร์ต เรล ลิงก์,A7,ราชปรารภ,2367,2576,10/13/2022
2288,รถไฟระหว่างเมือง,แอร์พอร์ต เรล ลิงก์,A8,พญาไท,8718,9751,10/13/2022
2289,รถไฟระหว่างเมือง,แอร์พอร์ต เรล ลิงก์,A1,สุวรรณภูมิ,10324,8930,10/14/2022
2290,รถไฟระหว่างเมือง,แอร์พอร์ต เรล ลิงก์,A2,ลาดกระบัง,7756,7415,10/14/2022
2291,รถไฟระหว่างเมือง,แอร์พอร์ต เรล ลิงก์,A3,บ้านทับช้าง,2132,2102,10/14/2022
2292,รถไฟระหว่างเมือง,แอร์พอร์ต เรล ลิงก์,A4,หัวหมาก,3703,3592,10/14/2022
2293,รถไฟระหว่างเมือง,แอร์พอร์ต เรล ลิงก์,A5,รามคำแหง,4442,4535,10/14/2022
2294,รถไฟระหว่างเมือง,แอร์พอร์ต เรล ลิงก์,A6,มักกะสัน,7885,8828,10/14/2022
2295,รถไฟระหว่างเมือง,แอร์พอร์ต เรล ลิงก์,A7,ราชปรารภ,2732,2822,10/14/2022
2296,รถไฟระหว่างเมือง,แอร์พอร์ต เรล ลิงก์,A8,พญาไท,9720,10470,10/14/2022
2297,รถไฟระหว่างเมือง,แอร์พอร์ต เรล ลิงก์,A1,สุวรรณภูมิ,10684,7832,10/15/2022
2298,รถไฟระหว่างเมือง,แอร์พอร์ต เรล ลิงก์,A2,ลาดกระบัง,7473,7333,10/15/2022
2299,รถไฟระหว่างเมือง,แอร์พอร์ต เรล ลิงก์,A3,บ้านทับช้าง,1757,1649,10/15/2022
2300,รถไฟระหว่างเมือง,แอร์พอร์ต เรล ลิงก์,A4,หัวหมาก,3464,4351,10/15/2022
2301,รถไฟระหว่างเมือง,แอร์พอร์ต เรล ลิงก์,A5,รามคำแหง,4747,5388,10/15/2022
2302,รถไฟระหว่างเมือง,แอร์พอร์ต เรล ลิงก์,A6,มักกะสัน,8015,8413,10/15/2022
2303,รถไฟระหว่างเมือง,แอร์พอร์ต เรล ลิงก์,A7,ราชปรารภ,2712,2613,10/15/2022
2304,รถไฟระหว่างเมือง,แอร์พอร์ต เรล ลิงก์,A8,พญาไท,10312,11585,10/15/2022
2305,รถไฟระหว่างเมือง,แอร์พอร์ต เรล ลิงก์,A1,สุวรรณภูมิ,10905,8286,10/16/2022
2306,รถไฟระหว่างเมือง,แอร์พอร์ต เรล ลิงก์,A2,ลาดกระบัง,7790,8039,10/16/2022
2307,รถไฟระหว่างเมือง,แอร์พอร์ต เรล ลิงก์,A3,บ้านทับช้าง,1632,1583,10/16/2022
2308,รถไฟระหว่างเมือง,แอร์พอร์ต เรล ลิงก์,A4,หัวหมาก,3253,3740,10/16/2022
2309,รถไฟระหว่างเมือง,แอร์พอร์ต เรล ลิงก์,A5,รามคำแหง,4439,5259,10/16/2022
2310,รถไฟระหว่างเมือง,แอร์พอร์ต เรล ลิงก์,A6,มักกะสัน,7298,8121,10/16/2022
2311,รถไฟระหว่างเมือง,แอร์พอร์ต เรล ลิงก์,A7,ราชปรารภ,2742,2386,10/16/2022
2312,รถไฟระหว่างเมือง,แอร์พอร์ต เรล ลิงก์,A8,พญาไท,11175,11820,10/16/2022
2313,รถไฟระหว่างเมือง,แอร์พอร์ต เรล ลิงก์,A1,สุวรรณภูมิ,12504,10033,10/17/2022
2314,รถไฟระหว่างเมือง,แอร์พอร์ต เรล ลิงก์,A2,ลาดกระบัง,9594,9650,10/17/2022
2315,รถไฟระหว่างเมือง,แอร์พอร์ต เรล ลิงก์,A3,บ้านทับช้าง,3350,3288,10/17/2022
2316,รถไฟระหว่างเมือง,แอร์พอร์ต เรล ลิงก์,A4,หัวหมาก,5302,5401,10/17/2022
2317,รถไฟระหว่างเมือง,แอร์พอร์ต เรล ลิงก์,A5,รามคำแหง,5900,6897,10/17/2022
2318,รถไฟระหว่างเมือง,แอร์พอร์ต เรล ลิงก์,A6,มักกะสัน,11007,11706,10/17/2022
2319,รถไฟระหว่างเมือง,แอร์พอร์ต เรล ลิงก์,A7,ราชปรารภ,3249,3277,10/17/2022
2320,รถไฟระหว่างเมือง,แอร์พอร์ต เรล ลิงก์,A8,พญาไท,12879,13533,10/17/2022
2321,รถไฟระหว่างเมือง,แอร์พอร์ต เรล ลิงก์,A1,สุวรรณภูมิ,10187,8029,10/18/2022
2322,รถไฟระหว่างเมือง,แอร์พอร์ต เรล ลิงก์,A2,ลาดกระบัง,9678,9578,10/18/2022
2323,รถไฟระหว่างเมือง,แอร์พอร์ต เรล ลิงก์,A3,บ้านทับช้าง,3446,3352,10/18/2022
2324,รถไฟระหว่างเมือง,แอร์พอร์ต เรล ลิงก์,A4,หัวหมาก,5267,5079,10/18/2022
2325,รถไฟระหว่างเมือง,แอร์พอร์ต เรล ลิงก์,A5,รามคำแหง,5628,6330,10/18/2022
2326,รถไฟระหว่างเมือง,แอร์พอร์ต เรล ลิงก์,A6,มักกะสัน,10818,11746,10/18/2022
2327,รถไฟระหว่างเมือง,แอร์พอร์ต เรล ลิงก์,A7,ราชปรารภ,3077,3197,10/18/2022
2328,รถไฟระหว่างเมือง,แอร์พอร์ต เรล ลิงก์,A8,พญาไท,12296,13086,10/18/2022
2329,รถไฟระหว่างเมือง,แอร์พอร์ต เรล ลิงก์,A1,สุวรรณภูมิ,10101,8198,10/19/2022
2330,รถไฟระหว่างเมือง,แอร์พอร์ต เรล ลิงก์,A2,ลาดกระบัง,9459,9400,10/19/2022
2331,รถไฟระหว่างเมือง,แอร์พอร์ต เรล ลิงก์,A3,บ้านทับช้าง,3509,3421,10/19/2022
2332,รถไฟระหว่างเมือง,แอร์พอร์ต เรล ลิงก์,A4,หัวหมาก,5349,5145,10/19/2022
2333,รถไฟระหว่างเมือง,แอร์พอร์ต เรล ลิงก์,A5,รามคำแหง,6161,6671,10/19/2022
2334,รถไฟระหว่างเมือง,แอร์พอร์ต เรล ลิงก์,A6,มักกะสัน,10913,11653,10/19/2022
2335,รถไฟระหว่างเมือง,แอร์พอร์ต เรล ลิงก์,A7,ราชปรารภ,3075,3243,10/19/2022
2336,รถไฟระหว่างเมือง,แอร์พอร์ต เรล ลิงก์,A8,พญาไท,12309,13145,10/19/2022
2337,รถไฟระหว่างเมือง,แอร์พอร์ต เรล ลิงก์,A1,สุวรรณภูมิ,10213,8208,10/20/2022
2338,รถไฟระหว่างเมือง,แอร์พอร์ต เรล ลิงก์,A2,ลาดกระบัง,9621,9305,10/20/2022
2339,รถไฟระหว่างเมือง,แอร์พอร์ต เรล ลิงก์,A3,บ้านทับช้าง,3375,3237,10/20/2022
2340,รถไฟระหว่างเมือง,แอร์พอร์ต เรล ลิงก์,A4,หัวหมาก,5319,5204,10/20/2022
2341,รถไฟระหว่างเมือง,แอร์พอร์ต เรล ลิงก์,A5,รามคำแหง,6023,6414,10/20/2022
2342,รถไฟระหว่างเมือง,แอร์พอร์ต เรล ลิงก์,A6,มักกะสัน,10657,11506,10/20/2022
2343,รถไฟระหว่างเมือง,แอร์พอร์ต เรล ลิงก์,A7,ราชปรารภ,3250,3406,10/20/2022
2344,รถไฟระหว่างเมือง,แอร์พอร์ต เรล ลิงก์,A8,พญาไท,12112,13290,10/20/2022
2345,รถไฟระหว่างเมือง,แอร์พอร์ต เรล ลิงก์,A1,สุวรรณภูมิ,11081,8519,10/21/2022
2346,รถไฟระหว่างเมือง,แอร์พอร์ต เรล ลิงก์,A2,ลาดกระบัง,10571,10132,10/21/2022
2347,รถไฟระหว่างเมือง,แอร์พอร์ต เรล ลิงก์,A3,บ้านทับช้าง,3345,3154,10/21/2022
2348,รถไฟระหว่างเมือง,แอร์พอร์ต เรล ลิงก์,A4,หัวหมาก,5329,5088,10/21/2022
2349,รถไฟระหว่างเมือง,แอร์พอร์ต เรล ลิงก์,A5,รามคำแหง,6116,6529,10/21/2022
2350,รถไฟระหว่างเมือง,แอร์พอร์ต เรล ลิงก์,A6,มักกะสัน,11343,12697,10/21/2022
2351,รถไฟระหว่างเมือง,แอร์พอร์ต เรล ลิงก์,A7,ราชปรารภ,3130,3291,10/21/2022
2352,รถไฟระหว่างเมือง,แอร์พอร์ต เรล ลิงก์,A8,พญาไท,12903,14408,10/21/2022
2353,รถไฟระหว่างเมือง,แอร์พอร์ต เรล ลิงก์,A1,สุวรรณภูมิ,9414,7347,10/22/2022
2354,รถไฟระหว่างเมือง,แอร์พอร์ต เรล ลิงก์,A2,ลาดกระบัง,8021,7917,10/22/2022
2355,รถไฟระหว่างเมือง,แอร์พอร์ต เรล ลิงก์,A3,บ้านทับช้าง,1853,1861,10/22/2022
2356,รถไฟระหว่างเมือง,แอร์พอร์ต เรล ลิงก์,A4,หัวหมาก,3536,3367,10/22/2022
2357,รถไฟระหว่างเมือง,แอร์พอร์ต เรล ลิงก์,A5,รามคำแหง,4114,4537,10/22/2022
2358,รถไฟระหว่างเมือง,แอร์พอร์ต เรล ลิงก์,A6,มักกะสัน,8448,9185,10/22/2022
2359,รถไฟระหว่างเมือง,แอร์พอร์ต เรล ลิงก์,A7,ราชปรารภ,2643,2703,10/22/2022
2360,รถไฟระหว่างเมือง,แอร์พอร์ต เรล ลิงก์,A8,พญาไท,9524,10636,10/22/2022
2361,รถไฟระหว่างเมือง,แอร์พอร์ต เรล ลิงก์,A1,สุวรรณภูมิ,8670,7432,10/23/2022
2362,รถไฟระหว่างเมือง,แอร์พอร์ต เรล ลิงก์,A2,ลาดกระบัง,6390,6529,10/23/2022
2363,รถไฟระหว่างเมือง,แอร์พอร์ต เรล ลิงก์,A3,บ้านทับช้าง,1514,1433,10/23/2022
2364,รถไฟระหว่างเมือง,แอร์พอร์ต เรล ลิงก์,A4,หัวหมาก,2831,2782,10/23/2022
2365,รถไฟระหว่างเมือง,แอร์พอร์ต เรล ลิงก์,A5,รามคำแหง,3164,3548,10/23/2022
2366,รถไฟระหว่างเมือง,แอร์พอร์ต เรล ลิงก์,A6,มักกะสัน,6932,7512,10/23/2022
2367,รถไฟระหว่างเมือง,แอร์พอร์ต เรล ลิงก์,A7,ราชปรารภ,2449,2294,10/23/2022
2368,รถไฟระหว่างเมือง,แอร์พอร์ต เรล ลิงก์,A8,พญาไท,7973,8393,10/23/2022
2369,รถไฟระหว่างเมือง,แอร์พอร์ต เรล ลิงก์,A1,สุวรรณภูมิ,9400,7614,10/24/2022
2370,รถไฟระหว่างเมือง,แอร์พอร์ต เรล ลิงก์,A2,ลาดกระบัง,5703,5692,10/24/2022
2371,รถไฟระหว่างเมือง,แอร์พอร์ต เรล ลิงก์,A3,บ้านทับช้าง,1430,1427,10/24/2022
2372,รถไฟระหว่างเมือง,แอร์พอร์ต เรล ลิงก์,A4,หัวหมาก,2717,2697,10/24/2022
2373,รถไฟระหว่างเมือง,แอร์พอร์ต เรล ลิงก์,A5,รามคำแหง,3498,3839,10/24/2022
2374,รถไฟระหว่างเมือง,แอร์พอร์ต เรล ลิงก์,A6,มักกะสัน,5692,6248,10/24/2022
2375,รถไฟระหว่างเมือง,แอร์พอร์ต เรล ลิงก์,A7,ราชปรารภ,2277,2170,10/24/2022
2376,รถไฟระหว่างเมือง,แอร์พอร์ต เรล ลิงก์,A8,พญาไท,7590,8620,10/24/2022
2377,รถไฟระหว่างเมือง,แอร์พอร์ต เรล ลิงก์,A1,สุวรรณภูมิ,10268,8339,10/25/2022
2378,รถไฟระหว่างเมือง,แอร์พอร์ต เรล ลิงก์,A2,ลาดกระบัง,9264,9385,10/25/2022
2379,รถไฟระหว่างเมือง,แอร์พอร์ต เรล ลิงก์,A3,บ้านทับช้าง,3481,3322,10/25/2022
2380,รถไฟระหว่างเมือง,แอร์พอร์ต เรล ลิงก์,A4,หัวหมาก,5225,5116,10/25/2022
2381,รถไฟระหว่างเมือง,แอร์พอร์ต เรล ลิงก์,A5,รามคำแหง,5828,6314,10/25/2022
2382,รถไฟระหว่างเมือง,แอร์พอร์ต เรล ลิงก์,A6,มักกะสัน,10522,11420,10/25/2022
2383,รถไฟระหว่างเมือง,แอร์พอร์ต เรล ลิงก์,A7,ราชปรารภ,3084,3161,10/25/2022
2384,รถไฟระหว่างเมือง,แอร์พอร์ต เรล ลิงก์,A8,พญาไท,12328,12943,10/25/2022
2385,รถไฟระหว่างเมือง,แอร์พอร์ต เรล ลิงก์,A1,สุวรรณภูมิ,10110,7968,10/26/2022
2386,รถไฟระหว่างเมือง,แอร์พอร์ต เรล ลิงก์,A2,ลาดกระบัง,9239,9273,10/26/2022
2387,รถไฟระหว่างเมือง,แอร์พอร์ต เรล ลิงก์,A3,บ้านทับช้าง,3502,3419,10/26/2022
2388,รถไฟระหว่างเมือง,แอร์พอร์ต เรล ลิงก์,A4,หัวหมาก,5284,5137,10/26/2022
2389,รถไฟระหว่างเมือง,แอร์พอร์ต เรล ลิงก์,A5,รามคำแหง,5933,6460,10/26/2022
2390,รถไฟระหว่างเมือง,แอร์พอร์ต เรล ลิงก์,A6,มักกะสัน,10499,11411,10/26/2022
2391,รถไฟระหว่างเมือง,แอร์พอร์ต เรล ลิงก์,A7,ราชปรารภ,3130,3223,10/26/2022
2392,รถไฟระหว่างเมือง,แอร์พอร์ต เรล ลิงก์,A8,พญาไท,12227,13033,10/26/2022
2393,รถไฟระหว่างเมือง,แอร์พอร์ต เรล ลิงก์,A1,สุวรรณภูมิ,10468,8082,10/27/2022
2394,รถไฟระหว่างเมือง,แอร์พอร์ต เรล ลิงก์,A2,ลาดกระบัง,9334,9253,10/27/2022
2395,รถไฟระหว่างเมือง,แอร์พอร์ต เรล ลิงก์,A3,บ้านทับช้าง,3480,3288,10/27/2022
2396,รถไฟระหว่างเมือง,แอร์พอร์ต เรล ลิงก์,A4,หัวหมาก,5108,5048,10/27/2022
2397,รถไฟระหว่างเมือง,แอร์พอร์ต เรล ลิงก์,A5,รามคำแหง,6039,6349,10/27/2022
2398,รถไฟระหว่างเมือง,แอร์พอร์ต เรล ลิงก์,A6,มักกะสัน,10322,11461,10/27/2022
2399,รถไฟระหว่างเมือง,แอร์พอร์ต เรล ลิงก์,A7,ราชปรารภ,3156,3416,10/27/2022
2400,รถไฟระหว่างเมือง,แอร์พอร์ต เรล ลิงก์,A8,พญาไท,12307,13317,10/27/2022
2401,รถไฟระหว่างเมือง,แอร์พอร์ต เรล ลิงก์,A1,สุวรรณภูมิ,10513,7744,10/28/2022
2402,รถไฟระหว่างเมือง,แอร์พอร์ต เรล ลิงก์,A2,ลาดกระบัง,10166,10023,10/28/2022
2403,รถไฟระหว่างเมือง,แอร์พอร์ต เรล ลิงก์,A3,บ้านทับช้าง,3544,3356,10/28/2022
2404,รถไฟระหว่างเมือง,แอร์พอร์ต เรล ลิงก์,A4,หัวหมาก,5438,5105,10/28/2022
2405,รถไฟระหว่างเมือง,แอร์พอร์ต เรล ลิงก์,A5,รามคำแหง,6112,6586,10/28/2022
2406,รถไฟระหว่างเมือง,แอร์พอร์ต เรล ลิงก์,A6,มักกะสัน,10702,11965,10/28/2022
2407,รถไฟระหว่างเมือง,แอร์พอร์ต เรล ลิงก์,A7,ราชปรารภ,3132,3436,10/28/2022
2408,รถไฟระหว่างเมือง,แอร์พอร์ต เรล ลิงก์,A8,พญาไท,13260,14652,10/28/2022
2409,รถไฟระหว่างเมือง,แอร์พอร์ต เรล ลิงก์,A1,สุวรรณภูมิ,9280,7446,10/29/2022
2410,รถไฟระหว่างเมือง,แอร์พอร์ต เรล ลิงก์,A2,ลาดกระบัง,7572,7517,10/29/2022
2411,รถไฟระหว่างเมือง,แอร์พอร์ต เรล ลิงก์,A3,บ้านทับช้าง,1898,1832,10/29/2022
2412,รถไฟระหว่างเมือง,แอร์พอร์ต เรล ลิงก์,A4,หัวหมาก,3563,3422,10/29/2022
2413,รถไฟระหว่างเมือง,แอร์พอร์ต เรล ลิงก์,A5,รามคำแหง,4327,4508,10/29/2022
2414,รถไฟระหว่างเมือง,แอร์พอร์ต เรล ลิงก์,A6,มักกะสัน,7187,8147,10/29/2022
2415,รถไฟระหว่างเมือง,แอร์พอร์ต เรล ลิงก์,A7,ราชปรารภ,2762,2787,10/29/2022
2416,รถไฟระหว่างเมือง,แอร์พอร์ต เรล ลิงก์,A8,พญาไท,10217,11147,10/29/2022
2417,รถไฟระหว่างเมือง,แอร์พอร์ต เรล ลิงก์,A1,สุวรรณภูมิ,9271,7388,10/30/2022
2418,รถไฟระหว่างเมือง,แอร์พอร์ต เรล ลิงก์,A2,ลาดกระบัง,6586,6659,10/30/2022
2419,รถไฟระหว่างเมือง,แอร์พอร์ต เรล ลิงก์,A3,บ้านทับช้าง,1467,1405,10/30/2022
2420,รถไฟระหว่างเมือง,แอร์พอร์ต เรล ลิงก์,A4,หัวหมาก,2883,2903,10/30/2022
2421,รถไฟระหว่างเมือง,แอร์พอร์ต เรล ลิงก์,A5,รามคำแหง,4127,4414,10/30/2022
2422,รถไฟระหว่างเมือง,แอร์พอร์ต เรล ลิงก์,A6,มักกะสัน,6438,7218,10/30/2022
2423,รถไฟระหว่างเมือง,แอร์พอร์ต เรล ลิงก์,A7,ราชปรารภ,2526,2418,10/30/2022
2424,รถไฟระหว่างเมือง,แอร์พอร์ต เรล ลิงก์,A8,พญาไท,8723,9616,10/30/2022
2425,รถไฟระหว่างเมือง,แอร์พอร์ต เรล ลิงก์,A1,สุวรรณภูมิ,10172,7944,10/31/2022
2426,รถไฟระหว่างเมือง,แอร์พอร์ต เรล ลิงก์,A2,ลาดกระบัง,9637,9723,10/31/2022
2427,รถไฟระหว่างเมือง,แอร์พอร์ต เรล ลิงก์,A3,บ้านทับช้าง,3434,3403,10/31/2022
2428,รถไฟระหว่างเมือง,แอร์พอร์ต เรล ลิงก์,A4,หัวหมาก,5300,5193,10/31/2022
2429,รถไฟระหว่างเมือง,แอร์พอร์ต เรล ลิงก์,A5,รามคำแหง,5944,6318,10/31/2022
2430,รถไฟระหว่างเมือง,แอร์พอร์ต เรล ลิงก์,A6,มักกะสัน,10493,11563,10/31/2022
2431,รถไฟระหว่างเมือง,แอร์พอร์ต เรล ลิงก์,A7,ราชปรารภ,3108,3242,10/31/2022
2432,รถไฟระหว่างเมือง,แอร์พอร์ต เรล ลิงก์,A8,พญาไท,12486,13188,10/31/2022
2433,รถไฟระหว่างเมือง,แอร์พอร์ต เรล ลิงก์,A1,สุวรรณภูมิ,10569,8471,11/1/2022
2434,รถไฟระหว่างเมือง,แอร์พอร์ต เรล ลิงก์,A2,ลาดกระบัง,9645,10060,11/1/2022
2435,รถไฟระหว่างเมือง,แอร์พอร์ต เรล ลิงก์,A3,บ้านทับช้าง,3600,3522,11/1/2022
2436,รถไฟระหว่างเมือง,แอร์พอร์ต เรล ลิงก์,A4,หัวหมาก,5568,5343,11/1/2022
2437,รถไฟระหว่างเมือง,แอร์พอร์ต เรล ลิงก์,A5,รามคำแหง,6179,6605,11/1/2022
2438,รถไฟระหว่างเมือง,แอร์พอร์ต เรล ลิงก์,A6,มักกะสัน,10674,11793,11/1/2022
2439,รถไฟระหว่างเมือง,แอร์พอร์ต เรล ลิงก์,A7,ราชปรารภ,3229,3373,11/1/2022
2440,รถไฟระหว่างเมือง,แอร์พอร์ต เรล ลิงก์,A8,พญาไท,13032,13329,11/1/2022
2441,รถไฟระหว่างเมือง,แอร์พอร์ต เรล ลิงก์,A1,สุวรรณภูมิ,9651,8114,11/2/2022
2442,รถไฟระหว่างเมือง,แอร์พอร์ต เรล ลิงก์,A2,ลาดกระบัง,9623,9654,11/2/2022
2443,รถไฟระหว่างเมือง,แอร์พอร์ต เรล ลิงก์,A3,บ้านทับช้าง,3618,3524,11/2/2022
2444,รถไฟระหว่างเมือง,แอร์พอร์ต เรล ลิงก์,A4,หัวหมาก,5527,5210,11/2/2022
2445,รถไฟระหว่างเมือง,แอร์พอร์ต เรล ลิงก์,A5,รามคำแหง,6260,6475,11/2/2022
2446,รถไฟระหว่างเมือง,แอร์พอร์ต เรล ลิงก์,A6,มักกะสัน,10849,11674,11/2/2022
2447,รถไฟระหว่างเมือง,แอร์พอร์ต เรล ลิงก์,A7,ราชปรารภ,3023,3248,11/2/2022
2448,รถไฟระหว่างเมือง,แอร์พอร์ต เรล ลิงก์,A8,พญาไท,12306,12958,11/2/2022
2449,รถไฟระหว่างเมือง,แอร์พอร์ต เรล ลิงก์,A1,สุวรรณภูมิ,10509,8157,11/3/2022
2450,รถไฟระหว่างเมือง,แอร์พอร์ต เรล ลิงก์,A2,ลาดกระบัง,9582,9457,11/3/2022
2451,รถไฟระหว่างเมือง,แอร์พอร์ต เรล ลิงก์,A3,บ้านทับช้าง,3453,3406,11/3/2022
2452,รถไฟระหว่างเมือง,แอร์พอร์ต เรล ลิงก์,A4,หัวหมาก,5469,5236,11/3/2022
2453,รถไฟระหว่างเมือง,แอร์พอร์ต เรล ลิงก์,A5,รามคำแหง,5940,5971,11/3/2022
2454,รถไฟระหว่างเมือง,แอร์พอร์ต เรล ลิงก์,A6,มักกะสัน,10299,11523,11/3/2022
2455,รถไฟระหว่างเมือง,แอร์พอร์ต เรล ลิงก์,A7,ราชปรารภ,3185,3516,11/3/2022
2456,รถไฟระหว่างเมือง,แอร์พอร์ต เรล ลิงก์,A8,พญาไท,12355,13526,11/3/2022
2457,รถไฟระหว่างเมือง,แอร์พอร์ต เรล ลิงก์,A1,สุวรรณภูมิ,11090,8294,11/4/2022
2458,รถไฟระหว่างเมือง,แอร์พอร์ต เรล ลิงก์,A2,ลาดกระบัง,11002,12139,11/4/2022
2459,รถไฟระหว่างเมือง,แอร์พอร์ต เรล ลิงก์,A3,บ้านทับช้าง,3519,3438,11/4/2022
2460,รถไฟระหว่างเมือง,แอร์พอร์ต เรล ลิงก์,A4,หัวหมาก,5743,5326,11/4/2022
2461,รถไฟระหว่างเมือง,แอร์พอร์ต เรล ลิงก์,A5,รามคำแหง,6095,6249,11/4/2022
2462,รถไฟระหว่างเมือง,แอร์พอร์ต เรล ลิงก์,A6,มักกะสัน,11554,12550,11/4/2022
2463,รถไฟระหว่างเมือง,แอร์พอร์ต เรล ลิงก์,A7,ราชปรารภ,3337,3429,11/4/2022
2464,รถไฟระหว่างเมือง,แอร์พอร์ต เรล ลิงก์,A8,พญาไท,14081,14996,11/4/2022
2465,รถไฟระหว่างเมือง,แอร์พอร์ต เรล ลิงก์,A1,สุวรรณภูมิ,10488,7333,11/5/2022
2466,รถไฟระหว่างเมือง,แอร์พอร์ต เรล ลิงก์,A2,ลาดกระบัง,8655,8449,11/5/2022
2467,รถไฟระหว่างเมือง,แอร์พอร์ต เรล ลิงก์,A3,บ้านทับช้าง,1897,1829,11/5/2022
2468,รถไฟระหว่างเมือง,แอร์พอร์ต เรล ลิงก์,A4,หัวหมาก,3647,3582,11/5/2022
2469,รถไฟระหว่างเมือง,แอร์พอร์ต เรล ลิงก์,A5,รามคำแหง,3928,4201,11/5/2022
2470,รถไฟระหว่างเมือง,แอร์พอร์ต เรล ลิงก์,A6,มักกะสัน,7538,8640,11/5/2022
2471,รถไฟระหว่างเมือง,แอร์พอร์ต เรล ลิงก์,A7,ราชปรารภ,2949,3156,11/5/2022
2472,รถไฟระหว่างเมือง,แอร์พอร์ต เรล ลิงก์,A8,พญาไท,10408,12320,11/5/2022
2473,รถไฟระหว่างเมือง,แอร์พอร์ต เรล ลิงก์,A1,สุวรรณภูมิ,9359,7467,11/6/2022
2474,รถไฟระหว่างเมือง,แอร์พอร์ต เรล ลิงก์,A2,ลาดกระบัง,6816,6524,11/6/2022
2475,รถไฟระหว่างเมือง,แอร์พอร์ต เรล ลิงก์,A3,บ้านทับช้าง,1381,1404,11/6/2022
2476,รถไฟระหว่างเมือง,แอร์พอร์ต เรล ลิงก์,A4,หัวหมาก,2713,2903,11/6/2022
2477,รถไฟระหว่างเมือง,แอร์พอร์ต เรล ลิงก์,A5,รามคำแหง,3235,3645,11/6/2022
2478,รถไฟระหว่างเมือง,แอร์พอร์ต เรล ลิงก์,A6,มักกะสัน,6007,6623,11/6/2022
2479,รถไฟระหว่างเมือง,แอร์พอร์ต เรล ลิงก์,A7,ราชปรารภ,2747,2797,11/6/2022
2480,รถไฟระหว่างเมือง,แอร์พอร์ต เรล ลิงก์,A8,พญาไท,8777,9672,11/6/2022
2481,รถไฟระหว่างเมือง,แอร์พอร์ต เรล ลิงก์,A1,สุวรรณภูมิ,10395,8171,11/7/2022
2482,รถไฟระหว่างเมือง,แอร์พอร์ต เรล ลิงก์,A2,ลาดกระบัง,9482,9433,11/7/2022
2483,รถไฟระหว่างเมือง,แอร์พอร์ต เรล ลิงก์,A3,บ้านทับช้าง,3397,3344,11/7/2022
2484,รถไฟระหว่างเมือง,แอร์พอร์ต เรล ลิงก์,A4,หัวหมาก,5297,5130,11/7/2022
2485,รถไฟระหว่างเมือง,แอร์พอร์ต เรล ลิงก์,A5,รามคำแหง,5389,5826,11/7/2022
2486,รถไฟระหว่างเมือง,แอร์พอร์ต เรล ลิงก์,A6,มักกะสัน,10315,11357,11/7/2022
2487,รถไฟระหว่างเมือง,แอร์พอร์ต เรล ลิงก์,A7,ราชปรารภ,3412,3628,11/7/2022
2488,รถไฟระหว่างเมือง,แอร์พอร์ต เรล ลิงก์,A8,พญาไท,12262,13060,11/7/2022
2489,รถไฟระหว่างเมือง,แอร์พอร์ต เรล ลิงก์,A1,สุวรรณภูมิ,10160,8134,11/8/2022
2490,รถไฟระหว่างเมือง,แอร์พอร์ต เรล ลิงก์,A2,ลาดกระบัง,10082,10349,11/8/2022
2491,รถไฟระหว่างเมือง,แอร์พอร์ต เรล ลิงก์,A3,บ้านทับช้าง,3671,3665,11/8/2022
2492,รถไฟระหว่างเมือง,แอร์พอร์ต เรล ลิงก์,A4,หัวหมาก,6113,5699,11/8/2022
2493,รถไฟระหว่างเมือง,แอร์พอร์ต เรล ลิงก์,A5,รามคำแหง,6622,6898,11/8/2022
2494,รถไฟระหว่างเมือง,แอร์พอร์ต เรล ลิงก์,A6,มักกะสัน,11499,12487,11/8/2022
2495,รถไฟระหว่างเมือง,แอร์พอร์ต เรล ลิงก์,A7,ราชปรารภ,3895,3807,11/8/2022
2496,รถไฟระหว่างเมือง,แอร์พอร์ต เรล ลิงก์,A8,พญาไท,13312,14315,11/8/2022
2497,รถไฟระหว่างเมือง,แอร์พอร์ต เรล ลิงก์,A1,สุวรรณภูมิ,11046,8921,11/9/2022
2498,รถไฟระหว่างเมือง,แอร์พอร์ต เรล ลิงก์,A2,ลาดกระบัง,9428,9458,11/9/2022
2499,รถไฟระหว่างเมือง,แอร์พอร์ต เรล ลิงก์,A3,บ้านทับช้าง,3616,3572,11/9/2022
2500,รถไฟระหว่างเมือง,แอร์พอร์ต เรล ลิงก์,A4,หัวหมาก,5476,5333,11/9/2022
2501,รถไฟระหว่างเมือง,แอร์พอร์ต เรล ลิงก์,A5,รามคำแหง,5838,6212,11/9/2022
2502,รถไฟระหว่างเมือง,แอร์พอร์ต เรล ลิงก์,A6,มักกะสัน,10732,11608,11/9/2022
2503,รถไฟระหว่างเมือง,แอร์พอร์ต เรล ลิงก์,A7,ราชปรารภ,3444,3630,11/9/2022
2504,รถไฟระหว่างเมือง,แอร์พอร์ต เรล ลิงก์,A8,พญาไท,12667,13513,11/9/2022
2505,รถไฟระหว่างเมือง,แอร์พอร์ต เรล ลิงก์,A1,สุวรรณภูมิ,11473,9280,11/10/2022
2506,รถไฟระหว่างเมือง,แอร์พอร์ต เรล ลิงก์,A2,ลาดกระบัง,9431,9818,11/10/2022
2507,รถไฟระหว่างเมือง,แอร์พอร์ต เรล ลิงก์,A3,บ้านทับช้าง,3243,3476,11/10/2022
2508,รถไฟระหว่างเมือง,แอร์พอร์ต เรล ลิงก์,A4,หัวหมาก,5130,5272,11/10/2022
2509,รถไฟระหว่างเมือง,แอร์พอร์ต เรล ลิงก์,A5,รามคำแหง,5511,6177,11/10/2022
2510,รถไฟระหว่างเมือง,แอร์พอร์ต เรล ลิงก์,A6,มักกะสัน,10809,10135,11/10/2022
2511,รถไฟระหว่างเมือง,แอร์พอร์ต เรล ลิงก์,A7,ราชปรารภ,3492,3756,11/10/2022
2512,รถไฟระหว่างเมือง,แอร์พอร์ต เรล ลิงก์,A8,พญาไท,12980,14155,11/10/2022
2513,รถไฟระหว่างเมือง,แอร์พอร์ต เรล ลิงก์,A1,สุวรรณภูมิ,11559,9164,11/11/2022
2514,รถไฟระหว่างเมือง,แอร์พอร์ต เรล ลิงก์,A2,ลาดกระบัง,10307,10410,11/11/2022
2515,รถไฟระหว่างเมือง,แอร์พอร์ต เรล ลิงก์,A3,บ้านทับช้าง,3341,3475,11/11/2022
2516,รถไฟระหว่างเมือง,แอร์พอร์ต เรล ลิงก์,A4,หัวหมาก,5513,5463,11/11/2022
2517,รถไฟระหว่างเมือง,แอร์พอร์ต เรล ลิงก์,A5,รามคำแหง,5893,6383,11/11/2022
2518,รถไฟระหว่างเมือง,แอร์พอร์ต เรล ลิงก์,A6,มักกะสัน,11363,11699,11/11/2022
2519,รถไฟระหว่างเมือง,แอร์พอร์ต เรล ลิงก์,A7,ราชปรารภ,3642,3855,11/11/2022
2520,รถไฟระหว่างเมือง,แอร์พอร์ต เรล ลิงก์,A8,พญาไท,13658,14827,11/11/2022
2521,รถไฟระหว่างเมือง,แอร์พอร์ต เรล ลิงก์,A1,สุวรรณภูมิ,11620,9159,11/12/2022
2522,รถไฟระหว่างเมือง,แอร์พอร์ต เรล ลิงก์,A2,ลาดกระบัง,9405,8858,11/12/2022
2523,รถไฟระหว่างเมือง,แอร์พอร์ต เรล ลิงก์,A3,บ้านทับช้าง,2136,2083,11/12/2022
2524,รถไฟระหว่างเมือง,แอร์พอร์ต เรล ลิงก์,A4,หัวหมาก,3902,3818,11/12/2022
2525,รถไฟระหว่างเมือง,แอร์พอร์ต เรล ลิงก์,A5,รามคำแหง,4418,5119,11/12/2022
2526,รถไฟระหว่างเมือง,แอร์พอร์ต เรล ลิงก์,A6,มักกะสัน,9950,10974,11/12/2022
2527,รถไฟระหว่างเมือง,แอร์พอร์ต เรล ลิงก์,A7,ราชปรารภ,3352,3153,11/12/2022
2528,รถไฟระหว่างเมือง,แอร์พอร์ต เรล ลิงก์,A8,พญาไท,12024,13643,11/12/2022
2529,รถไฟระหว่างเมือง,แอร์พอร์ต เรล ลิงก์,A1,สุวรรณภูมิ,9335,8617,11/13/2022
2530,รถไฟระหว่างเมือง,แอร์พอร์ต เรล ลิงก์,A2,ลาดกระบัง,7057,7207,11/13/2022
2531,รถไฟระหว่างเมือง,แอร์พอร์ต เรล ลิงก์,A3,บ้านทับช้าง,1591,1632,11/13/2022
2532,รถไฟระหว่างเมือง,แอร์พอร์ต เรล ลิงก์,A4,หัวหมาก,3125,3021,11/13/2022
2533,รถไฟระหว่างเมือง,แอร์พอร์ต เรล ลิงก์,A5,รามคำแหง,3529,4069,11/13/2022
2534,รถไฟระหว่างเมือง,แอร์พอร์ต เรล ลิงก์,A6,มักกะสัน,7662,8007,11/13/2022
2535,รถไฟระหว่างเมือง,แอร์พอร์ต เรล ลิงก์,A7,ราชปรารภ,2911,2572,11/13/2022
2536,รถไฟระหว่างเมือง,แอร์พอร์ต เรล ลิงก์,A8,พญาไท,9930,10015,11/13/2022
2537,รถไฟระหว่างเมือง,แอร์พอร์ต เรล ลิงก์,A1,สุวรรณภูมิ,10128,9606,11/14/2022
2538,รถไฟระหว่างเมือง,แอร์พอร์ต เรล ลิงก์,A2,ลาดกระบัง,9462,9386,11/14/2022
2539,รถไฟระหว่างเมือง,แอร์พอร์ต เรล ลิงก์,A3,บ้านทับช้าง,3397,3370,11/14/2022
2540,รถไฟระหว่างเมือง,แอร์พอร์ต เรล ลิงก์,A4,หัวหมาก,5345,5312,11/14/2022
2541,รถไฟระหว่างเมือง,แอร์พอร์ต เรล ลิงก์,A5,รามคำแหง,5784,6304,11/14/2022
2542,รถไฟระหว่างเมือง,แอร์พอร์ต เรล ลิงก์,A6,มักกะสัน,10592,11110,11/14/2022
2543,รถไฟระหว่างเมือง,แอร์พอร์ต เรล ลิงก์,A7,ราชปรารภ,3310,3337,11/14/2022
2544,รถไฟระหว่างเมือง,แอร์พอร์ต เรล ลิงก์,A8,พญาไท,13410,13003,11/14/2022
2545,รถไฟระหว่างเมือง,แอร์พอร์ต เรล ลิงก์,A1,สุวรรณภูมิ,9997,9737,11/15/2022
2546,รถไฟระหว่างเมือง,แอร์พอร์ต เรล ลิงก์,A2,ลาดกระบัง,9863,9744,11/15/2022
2547,รถไฟระหว่างเมือง,แอร์พอร์ต เรล ลิงก์,A3,บ้านทับช้าง,3492,3503,11/15/2022
2548,รถไฟระหว่างเมือง,แอร์พอร์ต เรล ลิงก์,A4,หัวหมาก,5480,5235,11/15/2022
2549,รถไฟระหว่างเมือง,แอร์พอร์ต เรล ลิงก์,A5,รามคำแหง,5740,6099,11/15/2022
2550,รถไฟระหว่างเมือง,แอร์พอร์ต เรล ลิงก์,A6,มักกะสัน,10738,11253,11/15/2022
2551,รถไฟระหว่างเมือง,แอร์พอร์ต เรล ลิงก์,A7,ราชปรารภ,3477,3603,11/15/2022
2552,รถไฟระหว่างเมือง,แอร์พอร์ต เรล ลิงก์,A8,พญาไท,13628,13241,11/15/2022
2553,รถไฟระหว่างเมือง,แอร์พอร์ต เรล ลิงก์,A1,สุวรรณภูมิ,9487,9274,11/16/2022
2554,รถไฟระหว่างเมือง,แอร์พอร์ต เรล ลิงก์,A2,ลาดกระบัง,8031,7713,11/16/2022
2555,รถไฟระหว่างเมือง,แอร์พอร์ต เรล ลิงก์,A3,บ้านทับช้าง,2818,2621,11/16/2022
2556,รถไฟระหว่างเมือง,แอร์พอร์ต เรล ลิงก์,A4,หัวหมาก,4408,4260,11/16/2022
2557,รถไฟระหว่างเมือง,แอร์พอร์ต เรล ลิงก์,A5,รามคำแหง,4874,5004,11/16/2022
2558,รถไฟระหว่างเมือง,แอร์พอร์ต เรล ลิงก์,A6,มักกะสัน,8775,9310,11/16/2022
2559,รถไฟระหว่างเมือง,แอร์พอร์ต เรล ลิงก์,A7,ราชปรารภ,2814,2971,11/16/2022
2560,รถไฟระหว่างเมือง,แอร์พอร์ต เรล ลิงก์,A8,พญาไท,11166,11220,11/16/2022
2561,รถไฟระหว่างเมือง,แอร์พอร์ต เรล ลิงก์,A1,สุวรรณภูมิ,10544,8582,11/17/2022
2562,รถไฟระหว่างเมือง,แอร์พอร์ต เรล ลิงก์,A2,ลาดกระบัง,7696,7784,11/17/2022
2563,รถไฟระหว่างเมือง,แอร์พอร์ต เรล ลิงก์,A3,บ้านทับช้าง,2604,2462,11/17/2022
2564,รถไฟระหว่างเมือง,แอร์พอร์ต เรล ลิงก์,A4,หัวหมาก,4230,4052,11/17/2022
2565,รถไฟระหว่างเมือง,แอร์พอร์ต เรล ลิงก์,A5,รามคำแหง,4806,5024,11/17/2022
2566,รถไฟระหว่างเมือง,แอร์พอร์ต เรล ลิงก์,A6,มักกะสัน,8288,9388,11/17/2022
2567,รถไฟระหว่างเมือง,แอร์พอร์ต เรล ลิงก์,A7,ราชปรารภ,2830,2908,11/17/2022
2568,รถไฟระหว่างเมือง,แอร์พอร์ต เรล ลิงก์,A8,พญาไท,10571,11369,11/17/2022
2569,รถไฟระหว่างเมือง,แอร์พอร์ต เรล ลิงก์,A1,สุวรรณภูมิ,10907,7947,11/18/2022
2570,รถไฟระหว่างเมือง,แอร์พอร์ต เรล ลิงก์,A2,ลาดกระบัง,7631,7955,11/18/2022
2571,รถไฟระหว่างเมือง,แอร์พอร์ต เรล ลิงก์,A3,บ้านทับช้าง,2514,2456,11/18/2022
2572,รถไฟระหว่างเมือง,แอร์พอร์ต เรล ลิงก์,A4,หัวหมาก,4271,4078,11/18/2022
2573,รถไฟระหว่างเมือง,แอร์พอร์ต เรล ลิงก์,A5,รามคำแหง,4864,5057,11/18/2022
2574,รถไฟระหว่างเมือง,แอร์พอร์ต เรล ลิงก์,A6,มักกะสัน,8278,9553,11/18/2022
2575,รถไฟระหว่างเมือง,แอร์พอร์ต เรล ลิงก์,A7,ราชปรารภ,2967,3094,11/18/2022
2576,รถไฟระหว่างเมือง,แอร์พอร์ต เรล ลิงก์,A8,พญาไท,10622,11914,11/18/2022
2577,รถไฟระหว่างเมือง,แอร์พอร์ต เรล ลิงก์,A1,สุวรรณภูมิ,10554,7532,11/19/2022
2578,รถไฟระหว่างเมือง,แอร์พอร์ต เรล ลิงก์,A2,ลาดกระบัง,6452,6270,11/19/2022
2579,รถไฟระหว่างเมือง,แอร์พอร์ต เรล ลิงก์,A3,บ้านทับช้าง,1643,1578,11/19/2022
2580,รถไฟระหว่างเมือง,แอร์พอร์ต เรล ลิงก์,A4,หัวหมาก,3232,3134,11/19/2022
2581,รถไฟระหว่างเมือง,แอร์พอร์ต เรล ลิงก์,A5,รามคำแหง,3722,4080,11/19/2022
2582,รถไฟระหว่างเมือง,แอร์พอร์ต เรล ลิงก์,A6,มักกะสัน,6508,7538,11/19/2022
2583,รถไฟระหว่างเมือง,แอร์พอร์ต เรล ลิงก์,A7,ราชปรารภ,2775,2750,11/19/2022
2584,รถไฟระหว่างเมือง,แอร์พอร์ต เรล ลิงก์,A8,พญาไท,8637,10641,11/19/2022
2585,รถไฟระหว่างเมือง,แอร์พอร์ต เรล ลิงก์,A1,สุวรรณภูมิ,10324,7709,11/20/2022
2586,รถไฟระหว่างเมือง,แอร์พอร์ต เรล ลิงก์,A2,ลาดกระบัง,5991,6284,11/20/2022
2587,รถไฟระหว่างเมือง,แอร์พอร์ต เรล ลิงก์,A3,บ้านทับช้าง,1391,1346,11/20/2022
2588,รถไฟระหว่างเมือง,แอร์พอร์ต เรล ลิงก์,A4,หัวหมาก,2793,2847,11/20/2022
2589,รถไฟระหว่างเมือง,แอร์พอร์ต เรล ลิงก์,A5,รามคำแหง,3184,3854,11/20/2022
2590,รถไฟระหว่างเมือง,แอร์พอร์ต เรล ลิงก์,A6,มักกะสัน,6012,6624,11/20/2022
2591,รถไฟระหว่างเมือง,แอร์พอร์ต เรล ลิงก์,A7,ราชปรารภ,2649,2540,11/20/2022
2592,รถไฟระหว่างเมือง,แอร์พอร์ต เรล ลิงก์,A8,พญาไท,8454,9594,11/20/2022
2593,รถไฟระหว่างเมือง,แอร์พอร์ต เรล ลิงก์,A1,สุวรรณภูมิ,11037,9166,11/21/2022
2594,รถไฟระหว่างเมือง,แอร์พอร์ต เรล ลิงก์,A2,ลาดกระบัง,9526,9653,11/21/2022
2595,รถไฟระหว่างเมือง,แอร์พอร์ต เรล ลิงก์,A3,บ้านทับช้าง,3398,3305,11/21/2022
2596,รถไฟระหว่างเมือง,แอร์พอร์ต เรล ลิงก์,A4,หัวหมาก,5654,5336,11/21/2022
2597,รถไฟระหว่างเมือง,แอร์พอร์ต เรล ลิงก์,A5,รามคำแหง,5722,6238,11/21/2022
2598,รถไฟระหว่างเมือง,แอร์พอร์ต เรล ลิงก์,A6,มักกะสัน,11040,11862,11/21/2022
2599,รถไฟระหว่างเมือง,แอร์พอร์ต เรล ลิงก์,A7,ราชปรารภ,3150,3374,11/21/2022
2600,รถไฟระหว่างเมือง,แอร์พอร์ต เรล ลิงก์,A8,พญาไท,12655,13248,11/21/2022
2601,รถไฟระหว่างเมือง,แอร์พอร์ต เรล ลิงก์,A1,สุวรรณภูมิ,10448,8465,11/22/2022
2602,รถไฟระหว่างเมือง,แอร์พอร์ต เรล ลิงก์,A2,ลาดกระบัง,9562,9697,11/22/2022
2603,รถไฟระหว่างเมือง,แอร์พอร์ต เรล ลิงก์,A3,บ้านทับช้าง,3576,3581,11/22/2022
2604,รถไฟระหว่างเมือง,แอร์พอร์ต เรล ลิงก์,A4,หัวหมาก,5745,5522,11/22/2022
2605,รถไฟระหว่างเมือง,แอร์พอร์ต เรล ลิงก์,A5,รามคำแหง,5867,6126,11/22/2022
2606,รถไฟระหว่างเมือง,แอร์พอร์ต เรล ลิงก์,A6,มักกะสัน,10993,11937,11/22/2022
2607,รถไฟระหว่างเมือง,แอร์พอร์ต เรล ลิงก์,A7,ราชปรารภ,3407,3771,11/22/2022
2608,รถไฟระหว่างเมือง,แอร์พอร์ต เรล ลิงก์,A8,พญาไท,12606,13105,11/22/2022
2609,รถไฟระหว่างเมือง,แอร์พอร์ต เรล ลิงก์,A1,สุวรรณภูมิ,10739,8636,11/23/2022
2610,รถไฟระหว่างเมือง,แอร์พอร์ต เรล ลิงก์,A2,ลาดกระบัง,9212,9308,11/23/2022
2611,รถไฟระหว่างเมือง,แอร์พอร์ต เรล ลิงก์,A3,บ้านทับช้าง,3630,3521,11/23/2022
2612,รถไฟระหว่างเมือง,แอร์พอร์ต เรล ลิงก์,A4,หัวหมาก,5594,5423,11/23/2022
2613,รถไฟระหว่างเมือง,แอร์พอร์ต เรล ลิงก์,A5,รามคำแหง,5930,6502,11/23/2022
2614,รถไฟระหว่างเมือง,แอร์พอร์ต เรล ลิงก์,A6,มักกะสัน,10912,11914,11/23/2022
2615,รถไฟระหว่างเมือง,แอร์พอร์ต เรล ลิงก์,A7,ราชปรารภ,3231,3550,11/23/2022
2616,รถไฟระหว่างเมือง,แอร์พอร์ต เรล ลิงก์,A8,พญาไท,12730,13124,11/23/2022
2617,รถไฟระหว่างเมือง,แอร์พอร์ต เรล ลิงก์,A1,สุวรรณภูมิ,11456,8772,11/24/2022
2618,รถไฟระหว่างเมือง,แอร์พอร์ต เรล ลิงก์,A2,ลาดกระบัง,9362,9541,11/24/2022
2619,รถไฟระหว่างเมือง,แอร์พอร์ต เรล ลิงก์,A3,บ้านทับช้าง,3416,3335,11/24/2022
2620,รถไฟระหว่างเมือง,แอร์พอร์ต เรล ลิงก์,A4,หัวหมาก,5538,5447,11/24/2022
2621,รถไฟระหว่างเมือง,แอร์พอร์ต เรล ลิงก์,A5,รามคำแหง,5806,6529,11/24/2022
2622,รถไฟระหว่างเมือง,แอร์พอร์ต เรล ลิงก์,A6,มักกะสัน,11017,11828,11/24/2022
2623,รถไฟระหว่างเมือง,แอร์พอร์ต เรล ลิงก์,A7,ราชปรารภ,3259,3804,11/24/2022
2624,รถไฟระหว่างเมือง,แอร์พอร์ต เรล ลิงก์,A8,พญาไท,13141,13739,11/24/2022
2625,รถไฟระหว่างเมือง,แอร์พอร์ต เรล ลิงก์,A1,สุวรรณภูมิ,12216,9175,11/25/2022
2626,รถไฟระหว่างเมือง,แอร์พอร์ต เรล ลิงก์,A2,ลาดกระบัง,10007,9985,11/25/2022
2627,รถไฟระหว่างเมือง,แอร์พอร์ต เรล ลิงก์,A3,บ้านทับช้าง,3506,3459,11/25/2022
2628,รถไฟระหว่างเมือง,แอร์พอร์ต เรล ลิงก์,A4,หัวหมาก,5779,5583,11/25/2022
2629,รถไฟระหว่างเมือง,แอร์พอร์ต เรล ลิงก์,A5,รามคำแหง,6208,7016,11/25/2022
2630,รถไฟระหว่างเมือง,แอร์พอร์ต เรล ลิงก์,A6,มักกะสัน,11456,12753,11/25/2022
2631,รถไฟระหว่างเมือง,แอร์พอร์ต เรล ลิงก์,A7,ราชปรารภ,3710,4009,11/25/2022
2632,รถไฟระหว่างเมือง,แอร์พอร์ต เรล ลิงก์,A8,พญาไท,14097,14999,11/25/2022
2633,รถไฟระหว่างเมือง,แอร์พอร์ต เรล ลิงก์,A1,สุวรรณภูมิ,10145,8255,11/26/2022
2634,รถไฟระหว่างเมือง,แอร์พอร์ต เรล ลิงก์,A2,ลาดกระบัง,7315,7352,11/26/2022
2635,รถไฟระหว่างเมือง,แอร์พอร์ต เรล ลิงก์,A3,บ้านทับช้าง,1773,1707,11/26/2022
2636,รถไฟระหว่างเมือง,แอร์พอร์ต เรล ลิงก์,A4,หัวหมาก,3521,3473,11/26/2022
2637,รถไฟระหว่างเมือง,แอร์พอร์ต เรล ลิงก์,A5,รามคำแหง,4123,4360,11/26/2022
2638,รถไฟระหว่างเมือง,แอร์พอร์ต เรล ลิงก์,A6,มักกะสัน,6996,7797,11/26/2022
2639,รถไฟระหว่างเมือง,แอร์พอร์ต เรล ลิงก์,A7,ราชปรารภ,3027,2991,11/26/2022
2640,รถไฟระหว่างเมือง,แอร์พอร์ต เรล ลิงก์,A8,พญาไท,10406,11371,11/26/2022
2641,รถไฟระหว่างเมือง,แอร์พอร์ต เรล ลิงก์,A1,สุวรรณภูมิ,9638,7920,11/27/2022
2642,รถไฟระหว่างเมือง,แอร์พอร์ต เรล ลิงก์,A2,ลาดกระบัง,6509,6349,11/27/2022
2643,รถไฟระหว่างเมือง,แอร์พอร์ต เรล ลิงก์,A3,บ้านทับช้าง,1491,1420,11/27/2022
2644,รถไฟระหว่างเมือง,แอร์พอร์ต เรล ลิงก์,A4,หัวหมาก,2842,2849,11/27/2022
2645,รถไฟระหว่างเมือง,แอร์พอร์ต เรล ลิงก์,A5,รามคำแหง,3404,3669,11/27/2022
2646,รถไฟระหว่างเมือง,แอร์พอร์ต เรล ลิงก์,A6,มักกะสัน,6069,6719,11/27/2022
2647,รถไฟระหว่างเมือง,แอร์พอร์ต เรล ลิงก์,A7,ราชปรารภ,2878,2749,11/27/2022
2648,รถไฟระหว่างเมือง,แอร์พอร์ต เรล ลิงก์,A8,พญาไท,9009,10165,11/27/2022
2649,รถไฟระหว่างเมือง,แอร์พอร์ต เรล ลิงก์,A1,สุวรรณภูมิ,10290,9568,11/28/2022
2650,รถไฟระหว่างเมือง,แอร์พอร์ต เรล ลิงก์,A2,ลาดกระบัง,9507,9316,11/28/2022
2651,รถไฟระหว่างเมือง,แอร์พอร์ต เรล ลิงก์,A3,บ้านทับช้าง,3460,3491,11/28/2022
2652,รถไฟระหว่างเมือง,แอร์พอร์ต เรล ลิงก์,A4,หัวหมาก,5615,5390,11/28/2022
2653,รถไฟระหว่างเมือง,แอร์พอร์ต เรล ลิงก์,A5,รามคำแหง,5941,6098,11/28/2022
2654,รถไฟระหว่างเมือง,แอร์พอร์ต เรล ลิงก์,A6,มักกะสัน,10860,11639,11/28/2022
2655,รถไฟระหว่างเมือง,แอร์พอร์ต เรล ลิงก์,A7,ราชปรารภ,3322,3482,11/28/2022
2656,รถไฟระหว่างเมือง,แอร์พอร์ต เรล ลิงก์,A8,พญาไท,12880,12891,11/28/2022
2657,รถไฟระหว่างเมือง,แอร์พอร์ต เรล ลิงก์,A1,สุวรรณภูมิ,9879,8651,11/29/2022
2658,รถไฟระหว่างเมือง,แอร์พอร์ต เรล ลิงก์,A2,ลาดกระบัง,9314,9577,11/29/2022
2659,รถไฟระหว่างเมือง,แอร์พอร์ต เรล ลิงก์,A3,บ้านทับช้าง,3558,3563,11/29/2022
2660,รถไฟระหว่างเมือง,แอร์พอร์ต เรล ลิงก์,A4,หัวหมาก,5669,5441,11/29/2022
2661,รถไฟระหว่างเมือง,แอร์พอร์ต เรล ลิงก์,A5,รามคำแหง,5866,6254,11/29/2022
2662,รถไฟระหว่างเมือง,แอร์พอร์ต เรล ลิงก์,A6,มักกะสัน,11064,11562,11/29/2022
2663,รถไฟระหว่างเมือง,แอร์พอร์ต เรล ลิงก์,A7,ราชปรารภ,3450,3707,11/29/2022
2664,รถไฟระหว่างเมือง,แอร์พอร์ต เรล ลิงก์,A8,พญาไท,12767,12812,11/29/2022
2665,รถไฟระหว่างเมือง,แอร์พอร์ต เรล ลิงก์,A1,สุวรรณภูมิ,10571,9280,11/30/2022
2666,รถไฟระหว่างเมือง,แอร์พอร์ต เรล ลิงก์,A2,ลาดกระบัง,9530,9432,11/30/2022
2667,รถไฟระหว่างเมือง,แอร์พอร์ต เรล ลิงก์,A3,บ้านทับช้าง,3648,3557,11/30/2022
2668,รถไฟระหว่างเมือง,แอร์พอร์ต เรล ลิงก์,A4,หัวหมาก,5738,5536,11/30/2022
2669,รถไฟระหว่างเมือง,แอร์พอร์ต เรล ลิงก์,A5,รามคำแหง,5960,6231,11/30/2022
2670,รถไฟระหว่างเมือง,แอร์พอร์ต เรล ลิงก์,A6,มักกะสัน,10950,11690,11/30/2022
2671,รถไฟระหว่างเมือง,แอร์พอร์ต เรล ลิงก์,A7,ราชปรารภ,3241,3531,11/30/2022
2672,รถไฟระหว่างเมือง,แอร์พอร์ต เรล ลิงก์,A8,พญาไท,13031,13412,11/30/2022
2673,รถไฟระหว่างเมือง,แอร์พอร์ต เรล ลิงก์,A1,สุวรรณภูมิ,10666,8993,12/1/2022
2674,รถไฟระหว่างเมือง,แอร์พอร์ต เรล ลิงก์,A2,ลาดกระบัง,9569,9417,12/1/2022
2675,รถไฟระหว่างเมือง,แอร์พอร์ต เรล ลิงก์,A3,บ้านทับช้าง,3546,3460,12/1/2022
2676,รถไฟระหว่างเมือง,แอร์พอร์ต เรล ลิงก์,A4,หัวหมาก,5746,5474,12/1/2022
2677,รถไฟระหว่างเมือง,แอร์พอร์ต เรล ลิงก์,A5,รามคำแหง,6041,6136,12/1/2022
2678,รถไฟระหว่างเมือง,แอร์พอร์ต เรล ลิงก์,A6,มักกะสัน,10843,11726,12/1/2022
2679,รถไฟระหว่างเมือง,แอร์พอร์ต เรล ลิงก์,A7,ราชปรารภ,3361,3565,12/1/2022
2680,รถไฟระหว่างเมือง,แอร์พอร์ต เรล ลิงก์,A8,พญาไท,12999,14000,12/1/2022
2681,รถไฟระหว่างเมือง,แอร์พอร์ต เรล ลิงก์,A1,สุวรรณภูมิ,13407,11372,12/2/2022
2682,รถไฟระหว่างเมือง,แอร์พอร์ต เรล ลิงก์,A2,ลาดกระบัง,10611,10433,12/2/2022
2683,รถไฟระหว่างเมือง,แอร์พอร์ต เรล ลิงก์,A3,บ้านทับช้าง,3617,3562,12/2/2022
2684,รถไฟระหว่างเมือง,แอร์พอร์ต เรล ลิงก์,A4,หัวหมาก,6210,5895,12/2/2022
2685,รถไฟระหว่างเมือง,แอร์พอร์ต เรล ลิงก์,A5,รามคำแหง,6296,6566,12/2/2022
2686,รถไฟระหว่างเมือง,แอร์พอร์ต เรล ลิงก์,A6,มักกะสัน,12264,13092,12/2/2022
2687,รถไฟระหว่างเมือง,แอร์พอร์ต เรล ลิงก์,A7,ราชปรารภ,3548,3809,12/2/2022
2688,รถไฟระหว่างเมือง,แอร์พอร์ต เรล ลิงก์,A8,พญาไท,14733,15957,12/2/2022
2689,รถไฟระหว่างเมือง,แอร์พอร์ต เรล ลิงก์,A1,สุวรรณภูมิ,11335,8897,12/3/2022
2690,รถไฟระหว่างเมือง,แอร์พอร์ต เรล ลิงก์,A2,ลาดกระบัง,7815,7812,12/3/2022
2691,รถไฟระหว่างเมือง,แอร์พอร์ต เรล ลิงก์,A3,บ้านทับช้าง,1787,1724,12/3/2022
2692,รถไฟระหว่างเมือง,แอร์พอร์ต เรล ลิงก์,A4,หัวหมาก,3673,3597,12/3/2022
2693,รถไฟระหว่างเมือง,แอร์พอร์ต เรล ลิงก์,A5,รามคำแหง,4164,4543,12/3/2022
2694,รถไฟระหว่างเมือง,แอร์พอร์ต เรล ลิงก์,A6,มักกะสัน,7532,8561,12/3/2022
2695,รถไฟระหว่างเมือง,แอร์พอร์ต เรล ลิงก์,A7,ราชปรารภ,3021,3059,12/3/2022
2696,รถไฟระหว่างเมือง,แอร์พอร์ต เรล ลิงก์,A8,พญาไท,11056,12190,12/3/2022
2697,รถไฟระหว่างเมือง,แอร์พอร์ต เรล ลิงก์,A1,สุวรรณภูมิ,8958,7899,12/4/2022
2698,รถไฟระหว่างเมือง,แอร์พอร์ต เรล ลิงก์,A2,ลาดกระบัง,6970,7185,12/4/2022
2699,รถไฟระหว่างเมือง,แอร์พอร์ต เรล ลิงก์,A3,บ้านทับช้าง,1469,1468,12/4/2022
2700,รถไฟระหว่างเมือง,แอร์พอร์ต เรล ลิงก์,A4,หัวหมาก,3036,2960,12/4/2022
2701,รถไฟระหว่างเมือง,แอร์พอร์ต เรล ลิงก์,A5,รามคำแหง,3346,3629,12/4/2022
2702,รถไฟระหว่างเมือง,แอร์พอร์ต เรล ลิงก์,A6,มักกะสัน,6430,6712,12/4/2022
2703,รถไฟระหว่างเมือง,แอร์พอร์ต เรล ลิงก์,A7,ราชปรารภ,3106,2962,12/4/2022
2704,รถไฟระหว่างเมือง,แอร์พอร์ต เรล ลิงก์,A8,พญาไท,9467,9967,12/4/2022
2705,รถไฟระหว่างเมือง,แอร์พอร์ต เรล ลิงก์,A1,สุวรรณภูมิ,9835,8928,12/5/2022
2706,รถไฟระหว่างเมือง,แอร์พอร์ต เรล ลิงก์,A2,ลาดกระบัง,6029,5713,12/5/2022
2707,รถไฟระหว่างเมือง,แอร์พอร์ต เรล ลิงก์,A3,บ้านทับช้าง,1346,1344,12/5/2022
2708,รถไฟระหว่างเมือง,แอร์พอร์ต เรล ลิงก์,A4,หัวหมาก,2685,2693,12/5/2022
2709,รถไฟระหว่างเมือง,แอร์พอร์ต เรล ลิงก์,A5,รามคำแหง,3166,3309,12/5/2022
2710,รถไฟระหว่างเมือง,แอร์พอร์ต เรล ลิงก์,A6,มักกะสัน,5878,6478,12/5/2022
2711,รถไฟระหว่างเมือง,แอร์พอร์ต เรล ลิงก์,A7,ราชปรารภ,2545,2680,12/5/2022
2712,รถไฟระหว่างเมือง,แอร์พอร์ต เรล ลิงก์,A8,พญาไท,8413,8752,12/5/2022
2713,รถไฟระหว่างเมือง,แอร์พอร์ต เรล ลิงก์,A1,สุวรรณภูมิ,11143,8978,12/6/2022
2714,รถไฟระหว่างเมือง,แอร์พอร์ต เรล ลิงก์,A2,ลาดกระบัง,9991,10001,12/6/2022
2715,รถไฟระหว่างเมือง,แอร์พอร์ต เรล ลิงก์,A3,บ้านทับช้าง,3618,3482,12/6/2022
2716,รถไฟระหว่างเมือง,แอร์พอร์ต เรล ลิงก์,A4,หัวหมาก,5622,5486,12/6/2022
2717,รถไฟระหว่างเมือง,แอร์พอร์ต เรล ลิงก์,A5,รามคำแหง,6033,6453,12/6/2022
2718,รถไฟระหว่างเมือง,แอร์พอร์ต เรล ลิงก์,A6,มักกะสัน,10897,12060,12/6/2022
2719,รถไฟระหว่างเมือง,แอร์พอร์ต เรล ลิงก์,A7,ราชปรารภ,3653,3859,12/6/2022
2720,รถไฟระหว่างเมือง,แอร์พอร์ต เรล ลิงก์,A8,พญาไท,13209,13847,12/6/2022
2721,รถไฟระหว่างเมือง,แอร์พอร์ต เรล ลิงก์,A1,สุวรรณภูมิ,10732,8563,12/7/2022
2722,รถไฟระหว่างเมือง,แอร์พอร์ต เรล ลิงก์,A2,ลาดกระบัง,9498,9477,12/7/2022
2723,รถไฟระหว่างเมือง,แอร์พอร์ต เรล ลิงก์,A3,บ้านทับช้าง,3545,3563,12/7/2022
2724,รถไฟระหว่างเมือง,แอร์พอร์ต เรล ลิงก์,A4,หัวหมาก,5693,5482,12/7/2022
2725,รถไฟระหว่างเมือง,แอร์พอร์ต เรล ลิงก์,A5,รามคำแหง,5927,6238,12/7/2022
2726,รถไฟระหว่างเมือง,แอร์พอร์ต เรล ลิงก์,A6,มักกะสัน,10922,11826,12/7/2022
2727,รถไฟระหว่างเมือง,แอร์พอร์ต เรล ลิงก์,A7,ราชปรารภ,3352,3690,12/7/2022
2728,รถไฟระหว่างเมือง,แอร์พอร์ต เรล ลิงก์,A8,พญาไท,12618,13448,12/7/2022
2729,รถไฟระหว่างเมือง,แอร์พอร์ต เรล ลิงก์,A1,สุวรรณภูมิ,11466,9008,12/8/2022
2730,รถไฟระหว่างเมือง,แอร์พอร์ต เรล ลิงก์,A2,ลาดกระบัง,9562,9760,12/8/2022
2731,รถไฟระหว่างเมือง,แอร์พอร์ต เรล ลิงก์,A3,บ้านทับช้าง,3569,3428,12/8/2022
2732,รถไฟระหว่างเมือง,แอร์พอร์ต เรล ลิงก์,A4,หัวหมาก,5706,5469,12/8/2022
2733,รถไฟระหว่างเมือง,แอร์พอร์ต เรล ลิงก์,A5,รามคำแหง,5984,6269,12/8/2022
2734,รถไฟระหว่างเมือง,แอร์พอร์ต เรล ลิงก์,A6,มักกะสัน,10858,11860,12/8/2022
2735,รถไฟระหว่างเมือง,แอร์พอร์ต เรล ลิงก์,A7,ราชปรารภ,3555,3822,12/8/2022
2736,รถไฟระหว่างเมือง,แอร์พอร์ต เรล ลิงก์,A8,พญาไท,13254,14338,12/8/2022
2737,รถไฟระหว่างเมือง,แอร์พอร์ต เรล ลิงก์,A1,สุวรรณภูมิ,12142,9397,12/9/2022
2738,รถไฟระหว่างเมือง,แอร์พอร์ต เรล ลิงก์,A2,ลาดกระบัง,10285,11006,12/9/2022
2739,รถไฟระหว่างเมือง,แอร์พอร์ต เรล ลิงก์,A3,บ้านทับช้าง,3554,3547,12/9/2022
2740,รถไฟระหว่างเมือง,แอร์พอร์ต เรล ลิงก์,A4,หัวหมาก,5979,5542,12/9/2022
2741,รถไฟระหว่างเมือง,แอร์พอร์ต เรล ลิงก์,A5,รามคำแหง,6287,6514,12/9/2022
2742,รถไฟระหว่างเมือง,แอร์พอร์ต เรล ลิงก์,A6,มักกะสัน,11926,12777,12/9/2022
2743,รถไฟระหว่างเมือง,แอร์พอร์ต เรล ลิงก์,A7,ราชปรารภ,3534,3769,12/9/2022
2744,รถไฟระหว่างเมือง,แอร์พอร์ต เรล ลิงก์,A8,พญาไท,14213,15368,12/9/2022
2745,รถไฟระหว่างเมือง,แอร์พอร์ต เรล ลิงก์,A1,สุวรรณภูมิ,10419,8377,12/10/2022
2746,รถไฟระหว่างเมือง,แอร์พอร์ต เรล ลิงก์,A2,ลาดกระบัง,11205,12194,12/10/2022
2747,รถไฟระหว่างเมือง,แอร์พอร์ต เรล ลิงก์,A3,บ้านทับช้าง,1912,1827,12/10/2022
2748,รถไฟระหว่างเมือง,แอร์พอร์ต เรล ลิงก์,A4,หัวหมาก,4412,4532,12/10/2022
2749,รถไฟระหว่างเมือง,แอร์พอร์ต เรล ลิงก์,A5,รามคำแหง,5206,5620,12/10/2022
2750,รถไฟระหว่างเมือง,แอร์พอร์ต เรล ลิงก์,A6,มักกะสัน,9947,10249,12/10/2022
2751,รถไฟระหว่างเมือง,แอร์พอร์ต เรล ลิงก์,A7,ราชปรารภ,3234,3194,12/10/2022
2752,รถไฟระหว่างเมือง,แอร์พอร์ต เรล ลิงก์,A8,พญาไท,13267,13609,12/10/2022
2753,รถไฟระหว่างเมือง,แอร์พอร์ต เรล ลิงก์,A1,สุวรรณภูมิ,9214,8484,12/11/2022
2754,รถไฟระหว่างเมือง,แอร์พอร์ต เรล ลิงก์,A2,ลาดกระบัง,11173,11214,12/11/2022
2755,รถไฟระหว่างเมือง,แอร์พอร์ต เรล ลิงก์,A3,บ้านทับช้าง,1629,1575,12/11/2022
2756,รถไฟระหว่างเมือง,แอร์พอร์ต เรล ลิงก์,A4,หัวหมาก,3615,3423,12/11/2022
2757,รถไฟระหว่างเมือง,แอร์พอร์ต เรล ลิงก์,A5,รามคำแหง,4007,4229,12/11/2022
2758,รถไฟระหว่างเมือง,แอร์พอร์ต เรล ลิงก์,A6,มักกะสัน,9894,10697,12/11/2022
2759,รถไฟระหว่างเมือง,แอร์พอร์ต เรล ลิงก์,A7,ราชปรารภ,3025,2971,12/11/2022
2760,รถไฟระหว่างเมือง,แอร์พอร์ต เรล ลิงก์,A8,พญาไท,11252,11216,12/11/2022
2761,รถไฟระหว่างเมือง,แอร์พอร์ต เรล ลิงก์,A1,สุวรรณภูมิ,10169,8814,12/12/2022
2762,รถไฟระหว่างเมือง,แอร์พอร์ต เรล ลิงก์,A2,ลาดกระบัง,7152,6587,12/12/2022
2763,รถไฟระหว่างเมือง,แอร์พอร์ต เรล ลิงก์,A3,บ้านทับช้าง,1870,1801,12/12/2022
2764,รถไฟระหว่างเมือง,แอร์พอร์ต เรล ลิงก์,A4,หัวหมาก,3512,3473,12/12/2022
2765,รถไฟระหว่างเมือง,แอร์พอร์ต เรล ลิงก์,A5,รามคำแหง,3881,4335,12/12/2022
2766,รถไฟระหว่างเมือง,แอร์พอร์ต เรล ลิงก์,A6,มักกะสัน,7465,8332,12/12/2022
2767,รถไฟระหว่างเมือง,แอร์พอร์ต เรล ลิงก์,A7,ราชปรารภ,2785,2821,12/12/2022
2768,รถไฟระหว่างเมือง,แอร์พอร์ต เรล ลิงก์,A8,พญาไท,9459,10130,12/12/2022
2769,รถไฟระหว่างเมือง,แอร์พอร์ต เรล ลิงก์,A1,สุวรรณภูมิ,11248,9949,12/13/2022
2770,รถไฟระหว่างเมือง,แอร์พอร์ต เรล ลิงก์,A2,ลาดกระบัง,9767,9576,12/13/2022
2771,รถไฟระหว่างเมือง,แอร์พอร์ต เรล ลิงก์,A3,บ้านทับช้าง,3495,3508,12/13/2022
2772,รถไฟระหว่างเมือง,แอร์พอร์ต เรล ลิงก์,A4,หัวหมาก,5681,5476,12/13/2022
2773,รถไฟระหว่างเมือง,แอร์พอร์ต เรล ลิงก์,A5,รามคำแหง,6074,6582,12/13/2022
2774,รถไฟระหว่างเมือง,แอร์พอร์ต เรล ลิงก์,A6,มักกะสัน,11436,13288,12/13/2022
2775,รถไฟระหว่างเมือง,แอร์พอร์ต เรล ลิงก์,A7,ราชปรารภ,3431,3540,12/13/2022
2776,รถไฟระหว่างเมือง,แอร์พอร์ต เรล ลิงก์,A8,พญาไท,13396,12609,12/13/2022
2777,รถไฟระหว่างเมือง,แอร์พอร์ต เรล ลิงก์,A1,สุวรรณภูมิ,11135,9418,12/14/2022
2778,รถไฟระหว่างเมือง,แอร์พอร์ต เรล ลิงก์,A2,ลาดกระบัง,9432,9344,12/14/2022
2779,รถไฟระหว่างเมือง,แอร์พอร์ต เรล ลิงก์,A3,บ้านทับช้าง,3529,3538,12/14/2022
2780,รถไฟระหว่างเมือง,แอร์พอร์ต เรล ลิงก์,A4,หัวหมาก,5755,5522,12/14/2022
2781,รถไฟระหว่างเมือง,แอร์พอร์ต เรล ลิงก์,A5,รามคำแหง,5884,6293,12/14/2022
2782,รถไฟระหว่างเมือง,แอร์พอร์ต เรล ลิงก์,A6,มักกะสัน,11249,11907,12/14/2022
2783,รถไฟระหว่างเมือง,แอร์พอร์ต เรล ลิงก์,A7,ราชปรารภ,3417,3717,12/14/2022
2784,รถไฟระหว่างเมือง,แอร์พอร์ต เรล ลิงก์,A8,พญาไท,12958,13620,12/14/2022
2785,รถไฟระหว่างเมือง,แอร์พอร์ต เรล ลิงก์,A1,สุวรรณภูมิ,10875,9217,12/15/2022
2786,รถไฟระหว่างเมือง,แอร์พอร์ต เรล ลิงก์,A2,ลาดกระบัง,9530,9374,12/15/2022
2787,รถไฟระหว่างเมือง,แอร์พอร์ต เรล ลิงก์,A3,บ้านทับช้าง,3447,3453,12/15/2022
2788,รถไฟระหว่างเมือง,แอร์พอร์ต เรล ลิงก์,A4,หัวหมาก,5586,5311,12/15/2022
2789,รถไฟระหว่างเมือง,แอร์พอร์ต เรล ลิงก์,A5,รามคำแหง,5990,6275,12/15/2022
2790,รถไฟระหว่างเมือง,แอร์พอร์ต เรล ลิงก์,A6,มักกะสัน,11151,11797,12/15/2022
2791,รถไฟระหว่างเมือง,แอร์พอร์ต เรล ลิงก์,A7,ราชปรารภ,3559,3952,12/15/2022
2792,รถไฟระหว่างเมือง,แอร์พอร์ต เรล ลิงก์,A8,พญาไท,12807,13566,12/15/2022
2793,รถไฟระหว่างเมือง,แอร์พอร์ต เรล ลิงก์,A1,สุวรรณภูมิ,11956,9543,12/16/2022
2794,รถไฟระหว่างเมือง,แอร์พอร์ต เรล ลิงก์,A2,ลาดกระบัง,9794,9916,12/16/2022
2795,รถไฟระหว่างเมือง,แอร์พอร์ต เรล ลิงก์,A3,บ้านทับช้าง,3555,3449,12/16/2022
2796,รถไฟระหว่างเมือง,แอร์พอร์ต เรล ลิงก์,A4,หัวหมาก,5947,5328,12/16/2022
2797,รถไฟระหว่างเมือง,แอร์พอร์ต เรล ลิงก์,A5,รามคำแหง,6107,6260,12/16/2022
2798,รถไฟระหว่างเมือง,แอร์พอร์ต เรล ลิงก์,A6,มักกะสัน,11440,12786,12/16/2022
2799,รถไฟระหว่างเมือง,แอร์พอร์ต เรล ลิงก์,A7,ราชปรารภ,3529,3931,12/16/2022
2800,รถไฟระหว่างเมือง,แอร์พอร์ต เรล ลิงก์,A8,พญาไท,13361,14476,12/16/2022
2801,รถไฟระหว่างเมือง,แอร์พอร์ต เรล ลิงก์,A1,สุวรรณภูมิ,10277,8483,12/17/2022
2802,รถไฟระหว่างเมือง,แอร์พอร์ต เรล ลิงก์,A2,ลาดกระบัง,8899,8836,12/17/2022
2803,รถไฟระหว่างเมือง,แอร์พอร์ต เรล ลิงก์,A3,บ้านทับช้าง,2163,2087,12/17/2022
2804,รถไฟระหว่างเมือง,แอร์พอร์ต เรล ลิงก์,A4,หัวหมาก,4146,3801,12/17/2022
2805,รถไฟระหว่างเมือง,แอร์พอร์ต เรล ลิงก์,A5,รามคำแหง,4416,4725,12/17/2022
2806,รถไฟระหว่างเมือง,แอร์พอร์ต เรล ลิงก์,A6,มักกะสัน,8246,9254,12/17/2022
2807,รถไฟระหว่างเมือง,แอร์พอร์ต เรล ลิงก์,A7,ราชปรารภ,3368,3483,12/17/2022
2808,รถไฟระหว่างเมือง,แอร์พอร์ต เรล ลิงก์,A8,พญาไท,12248,13094,12/17/2022
2809,รถไฟระหว่างเมือง,แอร์พอร์ต เรล ลิงก์,A1,สุวรรณภูมิ,9673,8360,12/18/2022
2810,รถไฟระหว่างเมือง,แอร์พอร์ต เรล ลิงก์,A2,ลาดกระบัง,8638,8620,12/18/2022
2811,รถไฟระหว่างเมือง,แอร์พอร์ต เรล ลิงก์,A3,บ้านทับช้าง,1876,1860,12/18/2022
2812,รถไฟระหว่างเมือง,แอร์พอร์ต เรล ลิงก์,A4,หัวหมาก,3544,3522,12/18/2022
2813,รถไฟระหว่างเมือง,แอร์พอร์ต เรล ลิงก์,A5,รามคำแหง,4033,4320,12/18/2022
2814,รถไฟระหว่างเมือง,แอร์พอร์ต เรล ลิงก์,A6,มักกะสัน,7955,8311,12/18/2022
2815,รถไฟระหว่างเมือง,แอร์พอร์ต เรล ลิงก์,A7,ราชปรารภ,3396,3126,12/18/2022
2816,รถไฟระหว่างเมือง,แอร์พอร์ต เรล ลิงก์,A8,พญาไท,12228,13224,12/18/2022
2817,รถไฟระหว่างเมือง,แอร์พอร์ต เรล ลิงก์,A1,สุวรรณภูมิ,10748,9556,12/19/2022
2818,รถไฟระหว่างเมือง,แอร์พอร์ต เรล ลิงก์,A2,ลาดกระบัง,9134,9091,12/19/2022
2819,รถไฟระหว่างเมือง,แอร์พอร์ต เรล ลิงก์,A3,บ้านทับช้าง,3386,3324,12/19/2022
2820,รถไฟระหว่างเมือง,แอร์พอร์ต เรล ลิงก์,A4,หัวหมาก,5312,5027,12/19/2022
2821,รถไฟระหว่างเมือง,แอร์พอร์ต เรล ลิงก์,A5,รามคำแหง,5504,6058,12/19/2022
2822,รถไฟระหว่างเมือง,แอร์พอร์ต เรล ลิงก์,A6,มักกะสัน,10440,11191,12/19/2022
2823,รถไฟระหว่างเมือง,แอร์พอร์ต เรล ลิงก์,A7,ราชปรารภ,3649,3676,12/19/2022
2824,รถไฟระหว่างเมือง,แอร์พอร์ต เรล ลิงก์,A8,พญาไท,12665,12915,12/19/2022
2825,รถไฟระหว่างเมือง,แอร์พอร์ต เรล ลิงก์,A1,สุวรรณภูมิ,10651,9511,12/20/2022
2826,รถไฟระหว่างเมือง,แอร์พอร์ต เรล ลิงก์,A2,ลาดกระบัง,9083,8922,12/20/2022
2827,รถไฟระหว่างเมือง,แอร์พอร์ต เรล ลิงก์,A3,บ้านทับช้าง,3474,3374,12/20/2022
2828,รถไฟระหว่างเมือง,แอร์พอร์ต เรล ลิงก์,A4,หัวหมาก,5541,5203,12/20/2022
2829,รถไฟระหว่างเมือง,แอร์พอร์ต เรล ลิงก์,A5,รามคำแหง,5552,6008,12/20/2022
2830,รถไฟระหว่างเมือง,แอร์พอร์ต เรล ลิงก์,A6,มักกะสัน,10672,11445,12/20/2022
2831,รถไฟระหว่างเมือง,แอร์พอร์ต เรล ลิงก์,A7,ราชปรารภ,3508,3634,12/20/2022
2832,รถไฟระหว่างเมือง,แอร์พอร์ต เรล ลิงก์,A8,พญาไท,12570,12954,12/20/2022
2833,รถไฟระหว่างเมือง,แอร์พอร์ต เรล ลิงก์,A1,สุวรรณภูมิ,10897,9196,12/21/2022
2834,รถไฟระหว่างเมือง,แอร์พอร์ต เรล ลิงก์,A2,ลาดกระบัง,9009,8892,12/21/2022
2835,รถไฟระหว่างเมือง,แอร์พอร์ต เรล ลิงก์,A3,บ้านทับช้าง,3420,3306,12/21/2022
2836,รถไฟระหว่างเมือง,แอร์พอร์ต เรล ลิงก์,A4,หัวหมาก,5469,5101,12/21/2022
2837,รถไฟระหว่างเมือง,แอร์พอร์ต เรล ลิงก์,A5,รามคำแหง,5662,5991,12/21/2022
2838,รถไฟระหว่างเมือง,แอร์พอร์ต เรล ลิงก์,A6,มักกะสัน,10142,11193,12/21/2022
2839,รถไฟระหว่างเมือง,แอร์พอร์ต เรล ลิงก์,A7,ราชปรารภ,3521,3651,12/21/2022
2840,รถไฟระหว่างเมือง,แอร์พอร์ต เรล ลิงก์,A8,พญาไท,12499,13289,12/21/2022
2841,รถไฟระหว่างเมือง,แอร์พอร์ต เรล ลิงก์,A1,สุวรรณภูมิ,11038,9120,12/22/2022
2842,รถไฟระหว่างเมือง,แอร์พอร์ต เรล ลิงก์,A2,ลาดกระบัง,9252,9095,12/22/2022
2843,รถไฟระหว่างเมือง,แอร์พอร์ต เรล ลิงก์,A3,บ้านทับช้าง,3430,3355,12/22/2022
2844,รถไฟระหว่างเมือง,แอร์พอร์ต เรล ลิงก์,A4,หัวหมาก,5463,5086,12/22/2022
2845,รถไฟระหว่างเมือง,แอร์พอร์ต เรล ลิงก์,A5,รามคำแหง,5608,5860,12/22/2022
2846,รถไฟระหว่างเมือง,แอร์พอร์ต เรล ลิงก์,A6,มักกะสัน,10225,11207,12/22/2022
2847,รถไฟระหว่างเมือง,แอร์พอร์ต เรล ลิงก์,A7,ราชปรารภ,3495,3674,12/22/2022
2848,รถไฟระหว่างเมือง,แอร์พอร์ต เรล ลิงก์,A8,พญาไท,12544,13658,12/22/2022
2849,รถไฟระหว่างเมือง,แอร์พอร์ต เรล ลิงก์,A1,สุวรรณภูมิ,11721,9249,12/23/2022
2850,รถไฟระหว่างเมือง,แอร์พอร์ต เรล ลิงก์,A2,ลาดกระบัง,9761,9877,12/23/2022
2851,รถไฟระหว่างเมือง,แอร์พอร์ต เรล ลิงก์,A3,บ้านทับช้าง,3411,3306,12/23/2022
2852,รถไฟระหว่างเมือง,แอร์พอร์ต เรล ลิงก์,A4,หัวหมาก,5549,5183,12/23/2022
2853,รถไฟระหว่างเมือง,แอร์พอร์ต เรล ลิงก์,A5,รามคำแหง,5880,6359,12/23/2022
2854,รถไฟระหว่างเมือง,แอร์พอร์ต เรล ลิงก์,A6,มักกะสัน,10464,11578,12/23/2022
2855,รถไฟระหว่างเมือง,แอร์พอร์ต เรล ลิงก์,A7,ราชปรารภ,3765,4082,12/23/2022
2856,รถไฟระหว่างเมือง,แอร์พอร์ต เรล ลิงก์,A8,พญาไท,14058,14975,12/23/2022
2857,รถไฟระหว่างเมือง,แอร์พอร์ต เรล ลิงก์,A1,สุวรรณภูมิ,10633,8382,12/24/2022
2858,รถไฟระหว่างเมือง,แอร์พอร์ต เรล ลิงก์,A2,ลาดกระบัง,8810,8814,12/24/2022
2859,รถไฟระหว่างเมือง,แอร์พอร์ต เรล ลิงก์,A3,บ้านทับช้าง,1969,1867,12/24/2022
2860,รถไฟระหว่างเมือง,แอร์พอร์ต เรล ลิงก์,A4,หัวหมาก,3775,3484,12/24/2022
2861,รถไฟระหว่างเมือง,แอร์พอร์ต เรล ลิงก์,A5,รามคำแหง,4327,4580,12/24/2022
2862,รถไฟระหว่างเมือง,แอร์พอร์ต เรล ลิงก์,A6,มักกะสัน,7713,8508,12/24/2022
2863,รถไฟระหว่างเมือง,แอร์พอร์ต เรล ลิงก์,A7,ราชปรารภ,3540,3510,12/24/2022
2864,รถไฟระหว่างเมือง,แอร์พอร์ต เรล ลิงก์,A8,พญาไท,11372,12994,12/24/2022
2865,รถไฟระหว่างเมือง,แอร์พอร์ต เรล ลิงก์,A1,สุวรรณภูมิ,9581,7466,12/25/2022
2866,รถไฟระหว่างเมือง,แอร์พอร์ต เรล ลิงก์,A2,ลาดกระบัง,9705,9257,12/25/2022
2867,รถไฟระหว่างเมือง,แอร์พอร์ต เรล ลิงก์,A3,บ้านทับช้าง,1726,1663,12/25/2022
2868,รถไฟระหว่างเมือง,แอร์พอร์ต เรล ลิงก์,A4,หัวหมาก,3369,3317,12/25/2022
2869,รถไฟระหว่างเมือง,แอร์พอร์ต เรล ลิงก์,A5,รามคำแหง,4134,4426,12/25/2022
2870,รถไฟระหว่างเมือง,แอร์พอร์ต เรล ลิงก์,A6,มักกะสัน,6744,7729,12/25/2022
2871,รถไฟระหว่างเมือง,แอร์พอร์ต เรล ลิงก์,A7,ราชปรารภ,3454,3237,12/25/2022
2872,รถไฟระหว่างเมือง,แอร์พอร์ต เรล ลิงก์,A8,พญาไท,11430,13048,12/25/2022
2873,รถไฟระหว่างเมือง,แอร์พอร์ต เรล ลิงก์,A1,สุวรรณภูมิ,10629,8938,12/26/2022
2874,รถไฟระหว่างเมือง,แอร์พอร์ต เรล ลิงก์,A2,ลาดกระบัง,8693,8390,12/26/2022
2875,รถไฟระหว่างเมือง,แอร์พอร์ต เรล ลิงก์,A3,บ้านทับช้าง,3018,2947,12/26/2022
2876,รถไฟระหว่างเมือง,แอร์พอร์ต เรล ลิงก์,A4,หัวหมาก,4809,4618,12/26/2022
2877,รถไฟระหว่างเมือง,แอร์พอร์ต เรล ลิงก์,A5,รามคำแหง,5017,5368,12/26/2022
2878,รถไฟระหว่างเมือง,แอร์พอร์ต เรล ลิงก์,A6,มักกะสัน,9242,10185,12/26/2022
2879,รถไฟระหว่างเมือง,แอร์พอร์ต เรล ลิงก์,A7,ราชปรารภ,3482,3639,12/26/2022
2880,รถไฟระหว่างเมือง,แอร์พอร์ต เรล ลิงก์,A8,พญาไท,11848,12653,12/26/2022
2881,รถไฟระหว่างเมือง,แอร์พอร์ต เรล ลิงก์,A1,สุวรรณภูมิ,10552,9188,12/27/2022
2882,รถไฟระหว่างเมือง,แอร์พอร์ต เรล ลิงก์,A2,ลาดกระบัง,8679,8803,12/27/2022
2883,รถไฟระหว่างเมือง,แอร์พอร์ต เรล ลิงก์,A3,บ้านทับช้าง,2970,2948,12/27/2022
2884,รถไฟระหว่างเมือง,แอร์พอร์ต เรล ลิงก์,A4,หัวหมาก,4777,4581,12/27/2022
2885,รถไฟระหว่างเมือง,แอร์พอร์ต เรล ลิงก์,A5,รามคำแหง,5044,5529,12/27/2022
2886,รถไฟระหว่างเมือง,แอร์พอร์ต เรล ลิงก์,A6,มักกะสัน,9611,10087,12/27/2022
2887,รถไฟระหว่างเมือง,แอร์พอร์ต เรล ลิงก์,A7,ราชปรารภ,3595,3551,12/27/2022
2888,รถไฟระหว่างเมือง,แอร์พอร์ต เรล ลิงก์,A8,พญาไท,12057,12598,12/27/2022
2889,รถไฟระหว่างเมือง,แอร์พอร์ต เรล ลิงก์,A1,สุวรรณภูมิ,10543,8708,12/28/2022
2890,รถไฟระหว่างเมือง,แอร์พอร์ต เรล ลิงก์,A2,ลาดกระบัง,8326,8011,12/28/2022
2891,รถไฟระหว่างเมือง,แอร์พอร์ต เรล ลิงก์,A3,บ้านทับช้าง,2806,2701,12/28/2022
2892,รถไฟระหว่างเมือง,แอร์พอร์ต เรล ลิงก์,A4,หัวหมาก,4461,4015,12/28/2022
2893,รถไฟระหว่างเมือง,แอร์พอร์ต เรล ลิงก์,A5,รามคำแหง,4983,5032,12/28/2022
2894,รถไฟระหว่างเมือง,แอร์พอร์ต เรล ลิงก์,A6,มักกะสัน,8287,9607,12/28/2022
2895,รถไฟระหว่างเมือง,แอร์พอร์ต เรล ลิงก์,A7,ราชปรารภ,3344,3407,12/28/2022
2896,รถไฟระหว่างเมือง,แอร์พอร์ต เรล ลิงก์,A8,พญาไท,10837,12106,12/28/2022
2897,รถไฟระหว่างเมือง,แอร์พอร์ต เรล ลิงก์,A1,สุวรรณภูมิ,11100,8830,12/29/2022
2898,รถไฟระหว่างเมือง,แอร์พอร์ต เรล ลิงก์,A2,ลาดกระบัง,7941,7744,12/29/2022
2899,รถไฟระหว่างเมือง,แอร์พอร์ต เรล ลิงก์,A3,บ้านทับช้าง,2562,2340,12/29/2022
2900,รถไฟระหว่างเมือง,แอร์พอร์ต เรล ลิงก์,A4,หัวหมาก,4164,3871,12/29/2022
2901,รถไฟระหว่างเมือง,แอร์พอร์ต เรล ลิงก์,A5,รามคำแหง,4442,4525,12/29/2022
2902,รถไฟระหว่างเมือง,แอร์พอร์ต เรล ลิงก์,A6,มักกะสัน,7872,9434,12/29/2022
2903,รถไฟระหว่างเมือง,แอร์พอร์ต เรล ลิงก์,A7,ราชปรารภ,3312,3251,12/29/2022
2904,รถไฟระหว่างเมือง,แอร์พอร์ต เรล ลิงก์,A8,พญาไท,10886,12284,12/29/2022
2905,รถไฟระหว่างเมือง,แอร์พอร์ต เรล ลิงก์,A1,สุวรรณภูมิ,11878,9205,12/30/2022
2906,รถไฟระหว่างเมือง,แอร์พอร์ต เรล ลิงก์,A2,ลาดกระบัง,7055,6970,12/30/2022
2907,รถไฟระหว่างเมือง,แอร์พอร์ต เรล ลิงก์,A3,บ้านทับช้าง,1879,1704,12/30/2022
2908,รถไฟระหว่างเมือง,แอร์พอร์ต เรล ลิงก์,A4,หัวหมาก,3408,3122,12/30/2022
2909,รถไฟระหว่างเมือง,แอร์พอร์ต เรล ลิงก์,A5,รามคำแหง,3866,3960,12/30/2022
2910,รถไฟระหว่างเมือง,แอร์พอร์ต เรล ลิงก์,A6,มักกะสัน,6962,8442,12/30/2022
2911,รถไฟระหว่างเมือง,แอร์พอร์ต เรล ลิงก์,A7,ราชปรารภ,3042,3214,12/30/2022
2912,รถไฟระหว่างเมือง,แอร์พอร์ต เรล ลิงก์,A8,พญาไท,9956,11429,12/30/2022
2913,รถไฟระหว่างเมือง,แอร์พอร์ต เรล ลิงก์,A1,สุวรรณภูมิ,10821,7841,12/31/2022
2914,รถไฟระหว่างเมือง,แอร์พอร์ต เรล ลิงก์,A2,ลาดกระบัง,7845,5854,12/31/2022
2915,รถไฟระหว่างเมือง,แอร์พอร์ต เรล ลิงก์,A3,บ้านทับช้าง,1595,1159,12/31/2022
2916,รถไฟระหว่างเมือง,แอร์พอร์ต เรล ลิงก์,A4,หัวหมาก,3449,2510,12/31/2022
2917,รถไฟระหว่างเมือง,แอร์พอร์ต เรล ลิงก์,A5,รามคำแหง,4297,3695,12/31/2022
2918,รถไฟระหว่างเมือง,แอร์พอร์ต เรล ลิงก์,A6,มักกะสัน,5437,7264,12/31/2022
2919,รถไฟระหว่างเมือง,แอร์พอร์ต เรล ลิงก์,A7,ราชปรารภ,3257,3606,12/31/2022
2920,รถไฟระหว่างเมือง,แอร์พอร์ต เรล ลิงก์,A8,พญาไท,8937,13709,12/31/2022
2921,รถไฟระหว่างเมือง,แอร์พอร์ต เรล ลิงก์,A1,สุวรรณภูมิ,9351,8093,1/1/2023
2922,รถไฟระหว่างเมือง,แอร์พอร์ต เรล ลิงก์,A2,ลาดกระบัง,4912,5562,1/1/2023
2923,รถไฟระหว่างเมือง,แอร์พอร์ต เรล ลิงก์,A3,บ้านทับช้าง,1010,1139,1/1/2023
2924,รถไฟระหว่างเมือง,แอร์พอร์ต เรล ลิงก์,A4,หัวหมาก,2032,2172,1/1/2023
2925,รถไฟระหว่างเมือง,แอร์พอร์ต เรล ลิงก์,A5,รามคำแหง,2864,3150,1/1/2023
2926,รถไฟระหว่างเมือง,แอร์พอร์ต เรล ลิงก์,A6,มักกะสัน,5517,6030,1/1/2023
2927,รถไฟระหว่างเมือง,แอร์พอร์ต เรล ลิงก์,A7,ราชปรารภ,2529,2162,1/1/2023
2928,รถไฟระหว่างเมือง,แอร์พอร์ต เรล ลิงก์,A8,พญาไท,7992,7899,1/1/2023
2929,รถไฟระหว่างเมือง,แอร์พอร์ต เรล ลิงก์,A1,สุวรรณภูมิ,10190,8191,1/2/2023
2930,รถไฟระหว่างเมือง,แอร์พอร์ต เรล ลิงก์,A2,ลาดกระบัง,5493,5568,1/2/2023
2931,รถไฟระหว่างเมือง,แอร์พอร์ต เรล ลิงก์,A3,บ้านทับช้าง,1118,1093,1/2/2023
2932,รถไฟระหว่างเมือง,แอร์พอร์ต เรล ลิงก์,A4,หัวหมาก,2186,2249,1/2/2023
2933,รถไฟระหว่างเมือง,แอร์พอร์ต เรล ลิงก์,A5,รามคำแหง,2659,3197,1/2/2023
2934,รถไฟระหว่างเมือง,แอร์พอร์ต เรล ลิงก์,A6,มักกะสัน,5418,6211,1/2/2023
2935,รถไฟระหว่างเมือง,แอร์พอร์ต เรล ลิงก์,A7,ราชปรารภ,2428,2354,1/2/2023
2936,รถไฟระหว่างเมือง,แอร์พอร์ต เรล ลิงก์,A8,พญาไท,7889,8518,1/2/2023
2937,รถไฟระหว่างเมือง,แอร์พอร์ต เรล ลิงก์,A1,สุวรรณภูมิ,10232,8341,1/3/2023
2938,รถไฟระหว่างเมือง,แอร์พอร์ต เรล ลิงก์,A2,ลาดกระบัง,7891,8457,1/3/2023
2939,รถไฟระหว่างเมือง,แอร์พอร์ต เรล ลิงก์,A3,บ้านทับช้าง,2709,2731,1/3/2023
2940,รถไฟระหว่างเมือง,แอร์พอร์ต เรล ลิงก์,A4,หัวหมาก,4315,4287,1/3/2023
2941,รถไฟระหว่างเมือง,แอร์พอร์ต เรล ลิงก์,A5,รามคำแหง,4197,4945,1/3/2023
2942,รถไฟระหว่างเมือง,แอร์พอร์ต เรล ลิงก์,A6,มักกะสัน,8917,9248,1/3/2023
2943,รถไฟระหว่างเมือง,แอร์พอร์ต เรล ลิงก์,A7,ราชปรารภ,2844,3069,1/3/2023
2944,รถไฟระหว่างเมือง,แอร์พอร์ต เรล ลิงก์,A8,พญาไท,11100,11127,1/3/2023
2945,รถไฟระหว่างเมือง,แอร์พอร์ต เรล ลิงก์,A1,สุวรรณภูมิ,11233,9096,1/4/2023
2946,รถไฟระหว่างเมือง,แอร์พอร์ต เรล ลิงก์,A2,ลาดกระบัง,9186,9402,1/4/2023
2947,รถไฟระหว่างเมือง,แอร์พอร์ต เรล ลิงก์,A3,บ้านทับช้าง,3178,3121,1/4/2023
2948,รถไฟระหว่างเมือง,แอร์พอร์ต เรล ลิงก์,A4,หัวหมาก,4956,4952,1/4/2023
2949,รถไฟระหว่างเมือง,แอร์พอร์ต เรล ลิงก์,A5,รามคำแหง,5117,5858,1/4/2023
2950,รถไฟระหว่างเมือง,แอร์พอร์ต เรล ลิงก์,A6,มักกะสัน,10081,10697,1/4/2023
2951,รถไฟระหว่างเมือง,แอร์พอร์ต เรล ลิงก์,A7,ราชปรารภ,3238,3181,1/4/2023
2952,รถไฟระหว่างเมือง,แอร์พอร์ต เรล ลิงก์,A8,พญาไท,12386,13068,1/4/2023
2953,รถไฟระหว่างเมือง,แอร์พอร์ต เรล ลิงก์,A1,สุวรรณภูมิ,12560,9416,1/5/2023
2954,รถไฟระหว่างเมือง,แอร์พอร์ต เรล ลิงก์,A2,ลาดกระบัง,8979,9233,1/5/2023
2955,รถไฟระหว่างเมือง,แอร์พอร์ต เรล ลิงก์,A3,บ้านทับช้าง,3205,3188,1/5/2023
2956,รถไฟระหว่างเมือง,แอร์พอร์ต เรล ลิงก์,A4,หัวหมาก,5195,5124,1/5/2023
2957,รถไฟระหว่างเมือง,แอร์พอร์ต เรล ลิงก์,A5,รามคำแหง,5351,6010,1/5/2023
2958,รถไฟระหว่างเมือง,แอร์พอร์ต เรล ลิงก์,A6,มักกะสัน,10392,11325,1/5/2023
2959,รถไฟระหว่างเมือง,แอร์พอร์ต เรล ลิงก์,A7,ราชปรารภ,3415,3670,1/5/2023
2960,รถไฟระหว่างเมือง,แอร์พอร์ต เรล ลิงก์,A8,พญาไท,12220,13351,1/5/2023
2961,รถไฟระหว่างเมือง,แอร์พอร์ต เรล ลิงก์,A1,สุวรรณภูมิ,12403,8575,1/6/2023
2962,รถไฟระหว่างเมือง,แอร์พอร์ต เรล ลิงก์,A2,ลาดกระบัง,9404,9748,1/6/2023
2963,รถไฟระหว่างเมือง,แอร์พอร์ต เรล ลิงก์,A3,บ้านทับช้าง,3260,3184,1/6/2023
2964,รถไฟระหว่างเมือง,แอร์พอร์ต เรล ลิงก์,A4,หัวหมาก,5433,5193,1/6/2023
2965,รถไฟระหว่างเมือง,แอร์พอร์ต เรล ลิงก์,A5,รามคำแหง,5723,6213,1/6/2023
2966,รถไฟระหว่างเมือง,แอร์พอร์ต เรล ลิงก์,A6,มักกะสัน,10479,11885,1/6/2023
2967,รถไฟระหว่างเมือง,แอร์พอร์ต เรล ลิงก์,A7,ราชปรารภ,3407,3747,1/6/2023
2968,รถไฟระหว่างเมือง,แอร์พอร์ต เรล ลิงก์,A8,พญาไท,12933,14497,1/6/2023
2969,รถไฟระหว่างเมือง,แอร์พอร์ต เรล ลิงก์,A1,สุวรรณภูมิ,12332,9286,1/7/2023
2970,รถไฟระหว่างเมือง,แอร์พอร์ต เรล ลิงก์,A2,ลาดกระบัง,8015,8328,1/7/2023
2971,รถไฟระหว่างเมือง,แอร์พอร์ต เรล ลิงก์,A3,บ้านทับช้าง,1855,1813,1/7/2023
2972,รถไฟระหว่างเมือง,แอร์พอร์ต เรล ลิงก์,A4,หัวหมาก,4663,6063,1/7/2023
2973,รถไฟระหว่างเมือง,แอร์พอร์ต เรล ลิงก์,A5,รามคำแหง,8124,9617,1/7/2023
2974,รถไฟระหว่างเมือง,แอร์พอร์ต เรล ลิงก์,A6,มักกะสัน,9935,9839,1/7/2023
2975,รถไฟระหว่างเมือง,แอร์พอร์ต เรล ลิงก์,A7,ราชปรารภ,3209,3149,1/7/2023
2976,รถไฟระหว่างเมือง,แอร์พอร์ต เรล ลิงก์,A8,พญาไท,14876,14914,1/7/2023
2977,รถไฟระหว่างเมือง,แอร์พอร์ต เรล ลิงก์,A1,สุวรรณภูมิ,10963,8760,1/8/2023
2978,รถไฟระหว่างเมือง,แอร์พอร์ต เรล ลิงก์,A2,ลาดกระบัง,7168,7809,1/8/2023
2979,รถไฟระหว่างเมือง,แอร์พอร์ต เรล ลิงก์,A3,บ้านทับช้าง,1493,1452,1/8/2023
2980,รถไฟระหว่างเมือง,แอร์พอร์ต เรล ลิงก์,A4,หัวหมาก,3353,3024,1/8/2023
2981,รถไฟระหว่างเมือง,แอร์พอร์ต เรล ลิงก์,A5,รามคำแหง,4280,4052,1/8/2023
2982,รถไฟระหว่างเมือง,แอร์พอร์ต เรล ลิงก์,A6,มักกะสัน,6776,7620,1/8/2023
2983,รถไฟระหว่างเมือง,แอร์พอร์ต เรล ลิงก์,A7,ราชปรารภ,3042,2712,1/8/2023
2984,รถไฟระหว่างเมือง,แอร์พอร์ต เรล ลิงก์,A8,พญาไท,10446,12092,1/8/2023
2985,รถไฟระหว่างเมือง,แอร์พอร์ต เรล ลิงก์,A1,สุวรรณภูมิ,11195,9920,1/9/2023
2986,รถไฟระหว่างเมือง,แอร์พอร์ต เรล ลิงก์,A2,ลาดกระบัง,11031,11466,1/9/2023
2987,รถไฟระหว่างเมือง,แอร์พอร์ต เรล ลิงก์,A3,บ้านทับช้าง,3639,3597,1/9/2023
2988,รถไฟระหว่างเมือง,แอร์พอร์ต เรล ลิงก์,A4,หัวหมาก,5805,5679,1/9/2023
2989,รถไฟระหว่างเมือง,แอร์พอร์ต เรล ลิงก์,A5,รามคำแหง,6032,6597,1/9/2023
2990,รถไฟระหว่างเมือง,แอร์พอร์ต เรล ลิงก์,A6,มักกะสัน,12192,13042,1/9/2023
2991,รถไฟระหว่างเมือง,แอร์พอร์ต เรล ลิงก์,A7,ราชปรารภ,3637,3585,1/9/2023
2992,รถไฟระหว่างเมือง,แอร์พอร์ต เรล ลิงก์,A8,พญาไท,14503,14148,1/9/2023
2993,รถไฟระหว่างเมือง,แอร์พอร์ต เรล ลิงก์,A1,สุวรรณภูมิ,11177,9504,1/10/2023
2994,รถไฟระหว่างเมือง,แอร์พอร์ต เรล ลิงก์,A2,ลาดกระบัง,9870,10123,1/10/2023
2995,รถไฟระหว่างเมือง,แอร์พอร์ต เรล ลิงก์,A3,บ้านทับช้าง,3723,3788,1/10/2023
2996,รถไฟระหว่างเมือง,แอร์พอร์ต เรล ลิงก์,A4,หัวหมาก,5975,5754,1/10/2023
2997,รถไฟระหว่างเมือง,แอร์พอร์ต เรล ลิงก์,A5,รามคำแหง,6292,6840,1/10/2023
2998,รถไฟระหว่างเมือง,แอร์พอร์ต เรล ลิงก์,A6,มักกะสัน,12115,12685,1/10/2023
2999,รถไฟระหว่างเมือง,แอร์พอร์ต เรล ลิงก์,A7,ราชปรารภ,3629,3366,1/10/2023
3000,รถไฟระหว่างเมือง,แอร์พอร์ต เรล ลิงก์,A8,พญาไท,13314,14035,1/10/2023
3001,รถไฟระหว่างเมือง,แอร์พอร์ต เรล ลิงก์,A1,สุวรรณภูมิ,10964,9296,1/11/2023
3002,รถไฟระหว่างเมือง,แอร์พอร์ต เรล ลิงก์,A2,ลาดกระบัง,9915,9809,1/11/2023
3003,รถไฟระหว่างเมือง,แอร์พอร์ต เรล ลิงก์,A3,บ้านทับช้าง,3785,3712,1/11/2023
3004,รถไฟระหว่างเมือง,แอร์พอร์ต เรล ลิงก์,A4,หัวหมาก,5831,5769,1/11/2023
3005,รถไฟระหว่างเมือง,แอร์พอร์ต เรล ลิงก์,A5,รามคำแหง,6172,6480,1/11/2023
3006,รถไฟระหว่างเมือง,แอร์พอร์ต เรล ลิงก์,A6,มักกะสัน,11646,12629,1/11/2023
3007,รถไฟระหว่างเมือง,แอร์พอร์ต เรล ลิงก์,A7,ราชปรารภ,3399,3542,1/11/2023
3008,รถไฟระหว่างเมือง,แอร์พอร์ต เรล ลิงก์,A8,พญาไท,13098,13573,1/11/2023
3009,รถไฟระหว่างเมือง,แอร์พอร์ต เรล ลิงก์,A1,สุวรรณภูมิ,12336,10104,1/12/2023
3010,รถไฟระหว่างเมือง,แอร์พอร์ต เรล ลิงก์,A2,ลาดกระบัง,9698,9670,1/12/2023
3011,รถไฟระหว่างเมือง,แอร์พอร์ต เรล ลิงก์,A3,บ้านทับช้าง,3730,3699,1/12/2023
3012,รถไฟระหว่างเมือง,แอร์พอร์ต เรล ลิงก์,A4,หัวหมาก,5895,5559,1/12/2023
3013,รถไฟระหว่างเมือง,แอร์พอร์ต เรล ลิงก์,A5,รามคำแหง,6133,6473,1/12/2023
3014,รถไฟระหว่างเมือง,แอร์พอร์ต เรล ลิงก์,A6,มักกะสัน,11635,12696,1/12/2023
3015,รถไฟระหว่างเมือง,แอร์พอร์ต เรล ลิงก์,A7,ราชปรารภ,3579,3764,1/12/2023
3016,รถไฟระหว่างเมือง,แอร์พอร์ต เรล ลิงก์,A8,พญาไท,13080,14121,1/12/2023
3017,รถไฟระหว่างเมือง,แอร์พอร์ต เรล ลิงก์,A1,สุวรรณภูมิ,11535,9485,1/13/2023
3018,รถไฟระหว่างเมือง,แอร์พอร์ต เรล ลิงก์,A2,ลาดกระบัง,10586,10593,1/13/2023
3019,รถไฟระหว่างเมือง,แอร์พอร์ต เรล ลิงก์,A3,บ้านทับช้าง,3722,3532,1/13/2023
3020,รถไฟระหว่างเมือง,แอร์พอร์ต เรล ลิงก์,A4,หัวหมาก,6000,5407,1/13/2023
3021,รถไฟระหว่างเมือง,แอร์พอร์ต เรล ลิงก์,A5,รามคำแหง,6224,6521,1/13/2023
3022,รถไฟระหว่างเมือง,แอร์พอร์ต เรล ลิงก์,A6,มักกะสัน,11748,13108,1/13/2023
3023,รถไฟระหว่างเมือง,แอร์พอร์ต เรล ลิงก์,A7,ราชปรารภ,3386,3586,1/13/2023
3024,รถไฟระหว่างเมือง,แอร์พอร์ต เรล ลิงก์,A8,พญาไท,13532,14501,1/13/2023
3025,รถไฟระหว่างเมือง,แอร์พอร์ต เรล ลิงก์,A1,สุวรรณภูมิ,11112,8595,1/14/2023
3026,รถไฟระหว่างเมือง,แอร์พอร์ต เรล ลิงก์,A2,ลาดกระบัง,8349,8006,1/14/2023
3027,รถไฟระหว่างเมือง,แอร์พอร์ต เรล ลิงก์,A3,บ้านทับช้าง,1892,1913,1/14/2023
3028,รถไฟระหว่างเมือง,แอร์พอร์ต เรล ลิงก์,A4,หัวหมาก,3837,3591,1/14/2023
3029,รถไฟระหว่างเมือง,แอร์พอร์ต เรล ลิงก์,A5,รามคำแหง,4101,4389,1/14/2023
3030,รถไฟระหว่างเมือง,แอร์พอร์ต เรล ลิงก์,A6,มักกะสัน,7653,8835,1/14/2023
3031,รถไฟระหว่างเมือง,แอร์พอร์ต เรล ลิงก์,A7,ราชปรารภ,2958,2878,1/14/2023
3032,รถไฟระหว่างเมือง,แอร์พอร์ต เรล ลิงก์,A8,พญาไท,10734,12429,1/14/2023
3033,รถไฟระหว่างเมือง,แอร์พอร์ต เรล ลิงก์,A1,สุวรรณภูมิ,10269,8261,1/15/2023
3034,รถไฟระหว่างเมือง,แอร์พอร์ต เรล ลิงก์,A2,ลาดกระบัง,6834,6894,1/15/2023
3035,รถไฟระหว่างเมือง,แอร์พอร์ต เรล ลิงก์,A3,บ้านทับช้าง,1602,1559,1/15/2023
3036,รถไฟระหว่างเมือง,แอร์พอร์ต เรล ลิงก์,A4,หัวหมาก,2809,2929,1/15/2023
3037,รถไฟระหว่างเมือง,แอร์พอร์ต เรล ลิงก์,A5,รามคำแหง,3342,3838,1/15/2023
3038,รถไฟระหว่างเมือง,แอร์พอร์ต เรล ลิงก์,A6,มักกะสัน,6837,7555,1/15/2023
3039,รถไฟระหว่างเมือง,แอร์พอร์ต เรล ลิงก์,A7,ราชปรารภ,2904,2704,1/15/2023
3040,รถไฟระหว่างเมือง,แอร์พอร์ต เรล ลิงก์,A8,พญาไท,9043,9900,1/15/2023
3041,รถไฟระหว่างเมือง,แอร์พอร์ต เรล ลิงก์,A1,สุวรรณภูมิ,11136,9216,1/16/2023
3042,รถไฟระหว่างเมือง,แอร์พอร์ต เรล ลิงก์,A2,ลาดกระบัง,10031,9843,1/16/2023
3043,รถไฟระหว่างเมือง,แอร์พอร์ต เรล ลิงก์,A3,บ้านทับช้าง,3573,3428,1/16/2023
3044,รถไฟระหว่างเมือง,แอร์พอร์ต เรล ลิงก์,A4,หัวหมาก,5413,5312,1/16/2023
3045,รถไฟระหว่างเมือง,แอร์พอร์ต เรล ลิงก์,A5,รามคำแหง,5774,6192,1/16/2023
3046,รถไฟระหว่างเมือง,แอร์พอร์ต เรล ลิงก์,A6,มักกะสัน,11434,12577,1/16/2023
3047,รถไฟระหว่างเมือง,แอร์พอร์ต เรล ลิงก์,A7,ราชปรารภ,3432,3347,1/16/2023
3048,รถไฟระหว่างเมือง,แอร์พอร์ต เรล ลิงก์,A8,พญาไท,12294,13172,1/16/2023
3049,รถไฟระหว่างเมือง,แอร์พอร์ต เรล ลิงก์,A1,สุวรรณภูมิ,11206,9098,1/17/2023
3050,รถไฟระหว่างเมือง,แอร์พอร์ต เรล ลิงก์,A2,ลาดกระบัง,9894,9204,1/17/2023
3051,รถไฟระหว่างเมือง,แอร์พอร์ต เรล ลิงก์,A3,บ้านทับช้าง,3718,3682,1/17/2023
3052,รถไฟระหว่างเมือง,แอร์พอร์ต เรล ลิงก์,A4,หัวหมาก,5996,5783,1/17/2023
3053,รถไฟระหว่างเมือง,แอร์พอร์ต เรล ลิงก์,A5,รามคำแหง,5964,6514,1/17/2023
3054,รถไฟระหว่างเมือง,แอร์พอร์ต เรล ลิงก์,A6,มักกะสัน,11692,13039,1/17/2023
3055,รถไฟระหว่างเมือง,แอร์พอร์ต เรล ลิงก์,A7,ราชปรารภ,3459,3517,1/17/2023
3056,รถไฟระหว่างเมือง,แอร์พอร์ต เรล ลิงก์,A8,พญาไท,12492,13584,1/17/2023
3057,รถไฟระหว่างเมือง,แอร์พอร์ต เรล ลิงก์,A1,สุวรรณภูมิ,12183,9966,1/18/2023
3058,รถไฟระหว่างเมือง,แอร์พอร์ต เรล ลิงก์,A2,ลาดกระบัง,9857,9906,1/18/2023
3059,รถไฟระหว่างเมือง,แอร์พอร์ต เรล ลิงก์,A3,บ้านทับช้าง,3712,3645,1/18/2023
3060,รถไฟระหว่างเมือง,แอร์พอร์ต เรล ลิงก์,A4,หัวหมาก,6029,5821,1/18/2023
3061,รถไฟระหว่างเมือง,แอร์พอร์ต เรล ลิงก์,A5,รามคำแหง,6004,6789,1/18/2023
3062,รถไฟระหว่างเมือง,แอร์พอร์ต เรล ลิงก์,A6,มักกะสัน,12084,13107,1/18/2023
3063,รถไฟระหว่างเมือง,แอร์พอร์ต เรล ลิงก์,A7,ราชปรารภ,3575,3771,1/18/2023
3064,รถไฟระหว่างเมือง,แอร์พอร์ต เรล ลิงก์,A8,พญาไท,13401,13840,1/18/2023
3065,รถไฟระหว่างเมือง,แอร์พอร์ต เรล ลิงก์,A1,สุวรรณภูมิ,11697,9609,1/19/2023
3066,รถไฟระหว่างเมือง,แอร์พอร์ต เรล ลิงก์,A2,ลาดกระบัง,9874,9728,1/19/2023
3067,รถไฟระหว่างเมือง,แอร์พอร์ต เรล ลิงก์,A3,บ้านทับช้าง,3671,3556,1/19/2023
3068,รถไฟระหว่างเมือง,แอร์พอร์ต เรล ลิงก์,A4,หัวหมาก,5854,5501,1/19/2023
3069,รถไฟระหว่างเมือง,แอร์พอร์ต เรล ลิงก์,A5,รามคำแหง,6311,6619,1/19/2023
3070,รถไฟระหว่างเมือง,แอร์พอร์ต เรล ลิงก์,A6,มักกะสัน,11505,12783,1/19/2023
3071,รถไฟระหว่างเมือง,แอร์พอร์ต เรล ลิงก์,A7,ราชปรารภ,3466,3507,1/19/2023
3072,รถไฟระหว่างเมือง,แอร์พอร์ต เรล ลิงก์,A8,พญาไท,12762,13837,1/19/2023
3073,รถไฟระหว่างเมือง,แอร์พอร์ต เรล ลิงก์,A1,สุวรรณภูมิ,12817,9925,1/20/2023
3074,รถไฟระหว่างเมือง,แอร์พอร์ต เรล ลิงก์,A2,ลาดกระบัง,10765,10646,1/20/2023
3075,รถไฟระหว่างเมือง,แอร์พอร์ต เรล ลิงก์,A3,บ้านทับช้าง,3702,3640,1/20/2023
3076,รถไฟระหว่างเมือง,แอร์พอร์ต เรล ลิงก์,A4,หัวหมาก,5961,5809,1/20/2023
3077,รถไฟระหว่างเมือง,แอร์พอร์ต เรล ลิงก์,A5,รามคำแหง,6507,6883,1/20/2023
3078,รถไฟระหว่างเมือง,แอร์พอร์ต เรล ลิงก์,A6,มักกะสัน,12427,13775,1/20/2023
3079,รถไฟระหว่างเมือง,แอร์พอร์ต เรล ลิงก์,A7,ราชปรารภ,3470,3787,1/20/2023
3080,รถไฟระหว่างเมือง,แอร์พอร์ต เรล ลิงก์,A8,พญาไท,13956,15140,1/20/2023
3081,รถไฟระหว่างเมือง,แอร์พอร์ต เรล ลิงก์,A1,สุวรรณภูมิ,10978,7874,1/21/2023
3082,รถไฟระหว่างเมือง,แอร์พอร์ต เรล ลิงก์,A2,ลาดกระบัง,7345,7309,1/21/2023
3083,รถไฟระหว่างเมือง,แอร์พอร์ต เรล ลิงก์,A3,บ้านทับช้าง,1736,1701,1/21/2023
3084,รถไฟระหว่างเมือง,แอร์พอร์ต เรล ลิงก์,A4,หัวหมาก,3278,3160,1/21/2023
3085,รถไฟระหว่างเมือง,แอร์พอร์ต เรล ลิงก์,A5,รามคำแหง,4092,4130,1/21/2023
3086,รถไฟระหว่างเมือง,แอร์พอร์ต เรล ลิงก์,A6,มักกะสัน,7271,8591,1/21/2023
3087,รถไฟระหว่างเมือง,แอร์พอร์ต เรล ลิงก์,A7,ราชปรารภ,2743,2973,1/21/2023
3088,รถไฟระหว่างเมือง,แอร์พอร์ต เรล ลิงก์,A8,พญาไท,9061,10766,1/21/2023
3089,รถไฟระหว่างเมือง,แอร์พอร์ต เรล ลิงก์,A1,สุวรรณภูมิ,10496,7587,1/22/2023
3090,รถไฟระหว่างเมือง,แอร์พอร์ต เรล ลิงก์,A2,ลาดกระบัง,6796,6953,1/22/2023
3091,รถไฟระหว่างเมือง,แอร์พอร์ต เรล ลิงก์,A3,บ้านทับช้าง,1455,1402,1/22/2023
3092,รถไฟระหว่างเมือง,แอร์พอร์ต เรล ลิงก์,A4,หัวหมาก,2816,2880,1/22/2023
3093,รถไฟระหว่างเมือง,แอร์พอร์ต เรล ลิงก์,A5,รามคำแหง,3699,3988,1/22/2023
3094,รถไฟระหว่างเมือง,แอร์พอร์ต เรล ลิงก์,A6,มักกะสัน,7061,7940,1/22/2023
3095,รถไฟระหว่างเมือง,แอร์พอร์ต เรล ลิงก์,A7,ราชปรารภ,2556,2694,1/22/2023
3096,รถไฟระหว่างเมือง,แอร์พอร์ต เรล ลิงก์,A8,พญาไท,8375,9810,1/22/2023
3097,รถไฟระหว่างเมือง,แอร์พอร์ต เรล ลิงก์,A1,สุวรรณภูมิ,11776,9434,1/23/2023
3098,รถไฟระหว่างเมือง,แอร์พอร์ต เรล ลิงก์,A2,ลาดกระบัง,9917,9969,1/23/2023
3099,รถไฟระหว่างเมือง,แอร์พอร์ต เรล ลิงก์,A3,บ้านทับช้าง,3633,3621,1/23/2023
3100,รถไฟระหว่างเมือง,แอร์พอร์ต เรล ลิงก์,A4,หัวหมาก,5603,5370,1/23/2023
3101,รถไฟระหว่างเมือง,แอร์พอร์ต เรล ลิงก์,A5,รามคำแหง,6038,6443,1/23/2023
3102,รถไฟระหว่างเมือง,แอร์พอร์ต เรล ลิงก์,A6,มักกะสัน,11699,12657,1/23/2023
3103,รถไฟระหว่างเมือง,แอร์พอร์ต เรล ลิงก์,A7,ราชปรารภ,3381,3622,1/23/2023
3104,รถไฟระหว่างเมือง,แอร์พอร์ต เรล ลิงก์,A8,พญาไท,12917,13848,1/23/2023
3105,รถไฟระหว่างเมือง,แอร์พอร์ต เรล ลิงก์,A1,สุวรรณภูมิ,11350,9511,1/24/2023
3106,รถไฟระหว่างเมือง,แอร์พอร์ต เรล ลิงก์,A2,ลาดกระบัง,9839,9711,1/24/2023
3107,รถไฟระหว่างเมือง,แอร์พอร์ต เรล ลิงก์,A3,บ้านทับช้าง,3759,3743,1/24/2023
3108,รถไฟระหว่างเมือง,แอร์พอร์ต เรล ลิงก์,A4,หัวหมาก,5794,5567,1/24/2023
3109,รถไฟระหว่างเมือง,แอร์พอร์ต เรล ลิงก์,A5,รามคำแหง,6106,6602,1/24/2023
3110,รถไฟระหว่างเมือง,แอร์พอร์ต เรล ลิงก์,A6,มักกะสัน,12006,12991,1/24/2023
3111,รถไฟระหว่างเมือง,แอร์พอร์ต เรล ลิงก์,A7,ราชปรารภ,3695,3694,1/24/2023
3112,รถไฟระหว่างเมือง,แอร์พอร์ต เรล ลิงก์,A8,พญาไท,12998,13728,1/24/2023
3113,รถไฟระหว่างเมือง,แอร์พอร์ต เรล ลิงก์,A1,สุวรรณภูมิ,11542,9617,1/25/2023
3114,รถไฟระหว่างเมือง,แอร์พอร์ต เรล ลิงก์,A2,ลาดกระบัง,9798,9784,1/25/2023
3115,รถไฟระหว่างเมือง,แอร์พอร์ต เรล ลิงก์,A3,บ้านทับช้าง,3742,3625,1/25/2023
3116,รถไฟระหว่างเมือง,แอร์พอร์ต เรล ลิงก์,A4,หัวหมาก,5660,5666,1/25/2023
3117,รถไฟระหว่างเมือง,แอร์พอร์ต เรล ลิงก์,A5,รามคำแหง,5921,6621,1/25/2023
3118,รถไฟระหว่างเมือง,แอร์พอร์ต เรล ลิงก์,A6,มักกะสัน,12359,12885,1/25/2023
3119,รถไฟระหว่างเมือง,แอร์พอร์ต เรล ลิงก์,A7,ราชปรารภ,3696,3777,1/25/2023
3120,รถไฟระหว่างเมือง,แอร์พอร์ต เรล ลิงก์,A8,พญาไท,12826,13569,1/25/2023
3121,รถไฟระหว่างเมือง,แอร์พอร์ต เรล ลิงก์,A1,สุวรรณภูมิ,12768,10549,1/26/2023
3122,รถไฟระหว่างเมือง,แอร์พอร์ต เรล ลิงก์,A2,ลาดกระบัง,9860,9757,1/26/2023
3123,รถไฟระหว่างเมือง,แอร์พอร์ต เรล ลิงก์,A3,บ้านทับช้าง,3616,3584,1/26/2023
3124,รถไฟระหว่างเมือง,แอร์พอร์ต เรล ลิงก์,A4,หัวหมาก,5863,5652,1/26/2023
3125,รถไฟระหว่างเมือง,แอร์พอร์ต เรล ลิงก์,A5,รามคำแหง,5868,6347,1/26/2023
3126,รถไฟระหว่างเมือง,แอร์พอร์ต เรล ลิงก์,A6,มักกะสัน,11923,12926,1/26/2023
3127,รถไฟระหว่างเมือง,แอร์พอร์ต เรล ลิงก์,A7,ราชปรารภ,3640,3868,1/26/2023
3128,รถไฟระหว่างเมือง,แอร์พอร์ต เรล ลิงก์,A8,พญาไท,13777,14632,1/26/2023
3129,รถไฟระหว่างเมือง,แอร์พอร์ต เรล ลิงก์,A1,สุวรรณภูมิ,12703,10521,1/27/2023
3130,รถไฟระหว่างเมือง,แอร์พอร์ต เรล ลิงก์,A2,ลาดกระบัง,10907,10520,1/27/2023
3131,รถไฟระหว่างเมือง,แอร์พอร์ต เรล ลิงก์,A3,บ้านทับช้าง,3708,3574,1/27/2023
3132,รถไฟระหว่างเมือง,แอร์พอร์ต เรล ลิงก์,A4,หัวหมาก,6037,5846,1/27/2023
3133,รถไฟระหว่างเมือง,แอร์พอร์ต เรล ลิงก์,A5,รามคำแหง,6266,6699,1/27/2023
3134,รถไฟระหว่างเมือง,แอร์พอร์ต เรล ลิงก์,A6,มักกะสัน,12477,13961,1/27/2023
3135,รถไฟระหว่างเมือง,แอร์พอร์ต เรล ลิงก์,A7,ราชปรารภ,3835,3995,1/27/2023
3136,รถไฟระหว่างเมือง,แอร์พอร์ต เรล ลิงก์,A8,พญาไท,14486,15303,1/27/2023
3137,รถไฟระหว่างเมือง,แอร์พอร์ต เรล ลิงก์,A1,สุวรรณภูมิ,10493,8792,1/28/2023
3138,รถไฟระหว่างเมือง,แอร์พอร์ต เรล ลิงก์,A2,ลาดกระบัง,7605,7850,1/28/2023
3139,รถไฟระหว่างเมือง,แอร์พอร์ต เรล ลิงก์,A3,บ้านทับช้าง,1926,1900,1/28/2023
3140,รถไฟระหว่างเมือง,แอร์พอร์ต เรล ลิงก์,A4,หัวหมาก,3723,3583,1/28/2023
3141,รถไฟระหว่างเมือง,แอร์พอร์ต เรล ลิงก์,A5,รามคำแหง,4270,4549,1/28/2023
3142,รถไฟระหว่างเมือง,แอร์พอร์ต เรล ลิงก์,A6,มักกะสัน,8123,8582,1/28/2023
3143,รถไฟระหว่างเมือง,แอร์พอร์ต เรล ลิงก์,A7,ราชปรารภ,3212,3088,1/28/2023
3144,รถไฟระหว่างเมือง,แอร์พอร์ต เรล ลิงก์,A8,พญาไท,10437,11445,1/28/2023
3145,รถไฟระหว่างเมือง,แอร์พอร์ต เรล ลิงก์,A1,สุวรรณภูมิ,10299,9272,1/29/2023
3146,รถไฟระหว่างเมือง,แอร์พอร์ต เรล ลิงก์,A2,ลาดกระบัง,6705,6668,1/29/2023
3147,รถไฟระหว่างเมือง,แอร์พอร์ต เรล ลิงก์,A3,บ้านทับช้าง,1503,1524,1/29/2023
3148,รถไฟระหว่างเมือง,แอร์พอร์ต เรล ลิงก์,A4,หัวหมาก,2918,2876,1/29/2023
3149,รถไฟระหว่างเมือง,แอร์พอร์ต เรล ลิงก์,A5,รามคำแหง,3530,3910,1/29/2023
3150,รถไฟระหว่างเมือง,แอร์พอร์ต เรล ลิงก์,A6,มักกะสัน,6882,7305,1/29/2023
3151,รถไฟระหว่างเมือง,แอร์พอร์ต เรล ลิงก์,A7,ราชปรารภ,2880,2883,1/29/2023
3152,รถไฟระหว่างเมือง,แอร์พอร์ต เรล ลิงก์,A8,พญาไท,9602,9881,1/29/2023
3153,รถไฟระหว่างเมือง,แอร์พอร์ต เรล ลิงก์,A1,สุวรรณภูมิ,11171,9978,1/30/2023
3154,รถไฟระหว่างเมือง,แอร์พอร์ต เรล ลิงก์,A2,ลาดกระบัง,9838,9935,1/30/2023
3155,รถไฟระหว่างเมือง,แอร์พอร์ต เรล ลิงก์,A3,บ้านทับช้าง,3676,3617,1/30/2023
3156,รถไฟระหว่างเมือง,แอร์พอร์ต เรล ลิงก์,A4,หัวหมาก,5626,5650,1/30/2023
3157,รถไฟระหว่างเมือง,แอร์พอร์ต เรล ลิงก์,A5,รามคำแหง,5936,6399,1/30/2023
3158,รถไฟระหว่างเมือง,แอร์พอร์ต เรล ลิงก์,A6,มักกะสัน,11967,12620,1/30/2023
3159,รถไฟระหว่างเมือง,แอร์พอร์ต เรล ลิงก์,A7,ราชปรารภ,3681,3607,1/30/2023
3160,รถไฟระหว่างเมือง,แอร์พอร์ต เรล ลิงก์,A8,พญาไท,13435,13524,1/30/2023
3161,รถไฟระหว่างเมือง,แอร์พอร์ต เรล ลิงก์,A1,สุวรรณภูมิ,11356,9735,1/31/2023
3162,รถไฟระหว่างเมือง,แอร์พอร์ต เรล ลิงก์,A2,ลาดกระบัง,9962,9915,1/31/2023
3163,รถไฟระหว่างเมือง,แอร์พอร์ต เรล ลิงก์,A3,บ้านทับช้าง,3826,3825,1/31/2023
3164,รถไฟระหว่างเมือง,แอร์พอร์ต เรล ลิงก์,A4,หัวหมาก,5972,5775,1/31/2023
3165,รถไฟระหว่างเมือง,แอร์พอร์ต เรล ลิงก์,A5,รามคำแหง,6267,6709,1/31/2023
3166,รถไฟระหว่างเมือง,แอร์พอร์ต เรล ลิงก์,A6,มักกะสัน,12211,13038,1/31/2023
3167,รถไฟระหว่างเมือง,แอร์พอร์ต เรล ลิงก์,A7,ราชปรารภ,3600,3635,1/31/2023
3168,รถไฟระหว่างเมือง,แอร์พอร์ต เรล ลิงก์,A8,พญาไท,13375,13937,1/31/2023
3169,รถไฟระหว่างเมือง,แอร์พอร์ต เรล ลิงก์,A1,สุวรรณภูมิ,11435,9790,2/1/2023
3170,รถไฟระหว่างเมือง,แอร์พอร์ต เรล ลิงก์,A2,ลาดกระบัง,10009,9918,2/1/2023
3171,รถไฟระหว่างเมือง,แอร์พอร์ต เรล ลิงก์,A3,บ้านทับช้าง,3899,3851,2/1/2023
3172,รถไฟระหว่างเมือง,แอร์พอร์ต เรล ลิงก์,A4,หัวหมาก,5912,5834,2/1/2023
3173,รถไฟระหว่างเมือง,แอร์พอร์ต เรล ลิงก์,A5,รามคำแหง,6292,6564,2/1/2023
3174,รถไฟระหว่างเมือง,แอร์พอร์ต เรล ลิงก์,A6,มักกะสัน,12120,13125,2/1/2023
3175,รถไฟระหว่างเมือง,แอร์พอร์ต เรล ลิงก์,A7,ราชปรารภ,3647,3711,2/1/2023
3176,รถไฟระหว่างเมือง,แอร์พอร์ต เรล ลิงก์,A8,พญาไท,13446,13967,2/1/2023
3177,รถไฟระหว่างเมือง,แอร์พอร์ต เรล ลิงก์,A1,สุวรรณภูมิ,11363,9332,2/2/2023
3178,รถไฟระหว่างเมือง,แอร์พอร์ต เรล ลิงก์,A2,ลาดกระบัง,9754,9311,2/2/2023
3179,รถไฟระหว่างเมือง,แอร์พอร์ต เรล ลิงก์,A3,บ้านทับช้าง,3683,3419,2/2/2023
3180,รถไฟระหว่างเมือง,แอร์พอร์ต เรล ลิงก์,A4,หัวหมาก,5811,5303,2/2/2023
3181,รถไฟระหว่างเมือง,แอร์พอร์ต เรล ลิงก์,A5,รามคำแหง,6021,5949,2/2/2023
3182,รถไฟระหว่างเมือง,แอร์พอร์ต เรล ลิงก์,A6,มักกะสัน,10596,12465,2/2/2023
3183,รถไฟระหว่างเมือง,แอร์พอร์ต เรล ลิงก์,A7,ราชปรารภ,3439,3624,2/2/2023
3184,รถไฟระหว่างเมือง,แอร์พอร์ต เรล ลิงก์,A8,พญาไท,12599,13863,2/2/2023
3185,รถไฟระหว่างเมือง,แอร์พอร์ต เรล ลิงก์,A1,สุวรรณภูมิ,12577,9880,2/3/2023
3186,รถไฟระหว่างเมือง,แอร์พอร์ต เรล ลิงก์,A2,ลาดกระบัง,10727,10482,2/3/2023
3187,รถไฟระหว่างเมือง,แอร์พอร์ต เรล ลิงก์,A3,บ้านทับช้าง,3741,3674,2/3/2023
3188,รถไฟระหว่างเมือง,แอร์พอร์ต เรล ลิงก์,A4,หัวหมาก,6113,5702,2/3/2023
3189,รถไฟระหว่างเมือง,แอร์พอร์ต เรล ลิงก์,A5,รามคำแหง,6181,6605,2/3/2023
3190,รถไฟระหว่างเมือง,แอร์พอร์ต เรล ลิงก์,A6,มักกะสัน,11922,13412,2/3/2023
3191,รถไฟระหว่างเมือง,แอร์พอร์ต เรล ลิงก์,A7,ราชปรารภ,3630,4137,2/3/2023
3192,รถไฟระหว่างเมือง,แอร์พอร์ต เรล ลิงก์,A8,พญาไท,14237,15236,2/3/2023
3193,รถไฟระหว่างเมือง,แอร์พอร์ต เรล ลิงก์,A1,สุวรรณภูมิ,10566,8549,2/4/2023
3194,รถไฟระหว่างเมือง,แอร์พอร์ต เรล ลิงก์,A2,ลาดกระบัง,8095,8286,2/4/2023
3195,รถไฟระหว่างเมือง,แอร์พอร์ต เรล ลิงก์,A3,บ้านทับช้าง,2029,1996,2/4/2023
3196,รถไฟระหว่างเมือง,แอร์พอร์ต เรล ลิงก์,A4,หัวหมาก,3882,3686,2/4/2023
3197,รถไฟระหว่างเมือง,แอร์พอร์ต เรล ลิงก์,A5,รามคำแหง,4475,4644,2/4/2023
3198,รถไฟระหว่างเมือง,แอร์พอร์ต เรล ลิงก์,A6,มักกะสัน,7791,8624,2/4/2023
3199,รถไฟระหว่างเมือง,แอร์พอร์ต เรล ลิงก์,A7,ราชปรารภ,3132,3208,2/4/2023
3200,รถไฟระหว่างเมือง,แอร์พอร์ต เรล ลิงก์,A8,พญาไท,11239,12216,2/4/2023
3201,รถไฟระหว่างเมือง,แอร์พอร์ต เรล ลิงก์,A1,สุวรรณภูมิ,10331,9293,2/5/2023
3202,รถไฟระหว่างเมือง,แอร์พอร์ต เรล ลิงก์,A2,ลาดกระบัง,7452,7477,2/5/2023
3203,รถไฟระหว่างเมือง,แอร์พอร์ต เรล ลิงก์,A3,บ้านทับช้าง,1554,1591,2/5/2023
3204,รถไฟระหว่างเมือง,แอร์พอร์ต เรล ลิงก์,A4,หัวหมาก,2954,3052,2/5/2023
3205,รถไฟระหว่างเมือง,แอร์พอร์ต เรล ลิงก์,A5,รามคำแหง,3593,3932,2/5/2023
3206,รถไฟระหว่างเมือง,แอร์พอร์ต เรล ลิงก์,A6,มักกะสัน,7059,7539,2/5/2023
3207,รถไฟระหว่างเมือง,แอร์พอร์ต เรล ลิงก์,A7,ราชปรารภ,3218,2763,2/5/2023
3208,รถไฟระหว่างเมือง,แอร์พอร์ต เรล ลิงก์,A8,พญาไท,10277,10791,2/5/2023
3209,รถไฟระหว่างเมือง,แอร์พอร์ต เรล ลิงก์,A1,สุวรรณภูมิ,11350,10201,2/6/2023
3210,รถไฟระหว่างเมือง,แอร์พอร์ต เรล ลิงก์,A2,ลาดกระบัง,10176,10114,2/6/2023
3211,รถไฟระหว่างเมือง,แอร์พอร์ต เรล ลิงก์,A3,บ้านทับช้าง,3709,3646,2/6/2023
3212,รถไฟระหว่างเมือง,แอร์พอร์ต เรล ลิงก์,A4,หัวหมาก,5800,5643,2/6/2023
3213,รถไฟระหว่างเมือง,แอร์พอร์ต เรล ลิงก์,A5,รามคำแหง,6074,6502,2/6/2023
3214,รถไฟระหว่างเมือง,แอร์พอร์ต เรล ลิงก์,A6,มักกะสัน,11820,12573,2/6/2023
3215,รถไฟระหว่างเมือง,แอร์พอร์ต เรล ลิงก์,A7,ราชปรารภ,3467,3623,2/6/2023
3216,รถไฟระหว่างเมือง,แอร์พอร์ต เรล ลิงก์,A8,พญาไท,13935,14029,2/6/2023
3217,รถไฟระหว่างเมือง,แอร์พอร์ต เรล ลิงก์,A1,สุวรรณภูมิ,11470,9820,2/7/2023
3218,รถไฟระหว่างเมือง,แอร์พอร์ต เรล ลิงก์,A2,ลาดกระบัง,10177,9572,2/7/2023
3219,รถไฟระหว่างเมือง,แอร์พอร์ต เรล ลิงก์,A3,บ้านทับช้าง,3817,3635,2/7/2023
3220,รถไฟระหว่างเมือง,แอร์พอร์ต เรล ลิงก์,A4,หัวหมาก,5911,5681,2/7/2023
3221,รถไฟระหว่างเมือง,แอร์พอร์ต เรล ลิงก์,A5,รามคำแหง,6000,6609,2/7/2023
3222,รถไฟระหว่างเมือง,แอร์พอร์ต เรล ลิงก์,A6,มักกะสัน,11620,12844,2/7/2023
3223,รถไฟระหว่างเมือง,แอร์พอร์ต เรล ลิงก์,A7,ราชปรารภ,3429,3766,2/7/2023
3224,รถไฟระหว่างเมือง,แอร์พอร์ต เรล ลิงก์,A8,พญาไท,13380,13877,2/7/2023
3225,รถไฟระหว่างเมือง,แอร์พอร์ต เรล ลิงก์,A1,สุวรรณภูมิ,11441,9507,2/8/2023
3226,รถไฟระหว่างเมือง,แอร์พอร์ต เรล ลิงก์,A2,ลาดกระบัง,10223,10129,2/8/2023
3227,รถไฟระหว่างเมือง,แอร์พอร์ต เรล ลิงก์,A3,บ้านทับช้าง,3891,3777,2/8/2023
3228,รถไฟระหว่างเมือง,แอร์พอร์ต เรล ลิงก์,A4,หัวหมาก,6066,5806,2/8/2023
3229,รถไฟระหว่างเมือง,แอร์พอร์ต เรล ลิงก์,A5,รามคำแหง,6336,6630,2/8/2023
3230,รถไฟระหว่างเมือง,แอร์พอร์ต เรล ลิงก์,A6,มักกะสัน,11894,13081,2/8/2023
3231,รถไฟระหว่างเมือง,แอร์พอร์ต เรล ลิงก์,A7,ราชปรารภ,3524,3616,2/8/2023
3232,รถไฟระหว่างเมือง,แอร์พอร์ต เรล ลิงก์,A8,พญาไท,13760,14589,2/8/2023
3233,รถไฟระหว่างเมือง,แอร์พอร์ต เรล ลิงก์,A1,สุวรรณภูมิ,11500,7721,2/9/2023
3234,รถไฟระหว่างเมือง,แอร์พอร์ต เรล ลิงก์,A2,ลาดกระบัง,9782,9939,2/9/2023
3235,รถไฟระหว่างเมือง,แอร์พอร์ต เรล ลิงก์,A3,บ้านทับช้าง,3643,3645,2/9/2023
3236,รถไฟระหว่างเมือง,แอร์พอร์ต เรล ลิงก์,A4,หัวหมาก,5670,5581,2/9/2023
3237,รถไฟระหว่างเมือง,แอร์พอร์ต เรล ลิงก์,A5,รามคำแหง,5854,6346,2/9/2023
3238,รถไฟระหว่างเมือง,แอร์พอร์ต เรล ลิงก์,A6,มักกะสัน,11024,12703,2/9/2023
3239,รถไฟระหว่างเมือง,แอร์พอร์ต เรล ลิงก์,A7,ราชปรารภ,3328,3803,2/9/2023
3240,รถไฟระหว่างเมือง,แอร์พอร์ต เรล ลิงก์,A8,พญาไท,12880,13943,2/9/2023
3241,รถไฟระหว่างเมือง,แอร์พอร์ต เรล ลิงก์,A1,สุวรรณภูมิ,13834,10934,2/10/2023
3242,รถไฟระหว่างเมือง,แอร์พอร์ต เรล ลิงก์,A2,ลาดกระบัง,11175,11003,2/10/2023
3243,รถไฟระหว่างเมือง,แอร์พอร์ต เรล ลิงก์,A3,บ้านทับช้าง,3798,3619,2/10/2023
3244,รถไฟระหว่างเมือง,แอร์พอร์ต เรล ลิงก์,A4,หัวหมาก,6118,5840,2/10/2023
3245,รถไฟระหว่างเมือง,แอร์พอร์ต เรล ลิงก์,A5,รามคำแหง,6596,6859,2/10/2023
3246,รถไฟระหว่างเมือง,แอร์พอร์ต เรล ลิงก์,A6,มักกะสัน,12390,13828,2/10/2023
3247,รถไฟระหว่างเมือง,แอร์พอร์ต เรล ลิงก์,A7,ราชปรารภ,3592,3930,2/10/2023
3248,รถไฟระหว่างเมือง,แอร์พอร์ต เรล ลิงก์,A8,พญาไท,15234,16724,2/10/2023
3249,รถไฟระหว่างเมือง,แอร์พอร์ต เรล ลิงก์,A1,สุวรรณภูมิ,11444,8931,2/11/2023
3250,รถไฟระหว่างเมือง,แอร์พอร์ต เรล ลิงก์,A2,ลาดกระบัง,8233,8418,2/11/2023
3251,รถไฟระหว่างเมือง,แอร์พอร์ต เรล ลิงก์,A3,บ้านทับช้าง,2016,1989,2/11/2023
3252,รถไฟระหว่างเมือง,แอร์พอร์ต เรล ลิงก์,A4,หัวหมาก,3884,3568,2/11/2023
3253,รถไฟระหว่างเมือง,แอร์พอร์ต เรล ลิงก์,A5,รามคำแหง,4340,4589,2/11/2023
3254,รถไฟระหว่างเมือง,แอร์พอร์ต เรล ลิงก์,A6,มักกะสัน,8191,8962,2/11/2023
3255,รถไฟระหว่างเมือง,แอร์พอร์ต เรล ลิงก์,A7,ราชปรารภ,3068,3233,2/11/2023
3256,รถไฟระหว่างเมือง,แอร์พอร์ต เรล ลิงก์,A8,พญาไท,11332,12818,2/11/2023
3257,รถไฟระหว่างเมือง,แอร์พอร์ต เรล ลิงก์,A1,สุวรรณภูมิ,10459,9227,2/12/2023
3258,รถไฟระหว่างเมือง,แอร์พอร์ต เรล ลิงก์,A2,ลาดกระบัง,6771,6842,2/12/2023
3259,รถไฟระหว่างเมือง,แอร์พอร์ต เรล ลิงก์,A3,บ้านทับช้าง,1487,1510,2/12/2023
3260,รถไฟระหว่างเมือง,แอร์พอร์ต เรล ลิงก์,A4,หัวหมาก,3174,2946,2/12/2023
3261,รถไฟระหว่างเมือง,แอร์พอร์ต เรล ลิงก์,A5,รามคำแหง,3513,3909,2/12/2023
3262,รถไฟระหว่างเมือง,แอร์พอร์ต เรล ลิงก์,A6,มักกะสัน,7335,7861,2/12/2023
3263,รถไฟระหว่างเมือง,แอร์พอร์ต เรล ลิงก์,A7,ราชปรารภ,2891,2640,2/12/2023
3264,รถไฟระหว่างเมือง,แอร์พอร์ต เรล ลิงก์,A8,พญาไท,9268,9963,2/12/2023
3265,รถไฟระหว่างเมือง,แอร์พอร์ต เรล ลิงก์,A1,สุวรรณภูมิ,11884,10076,2/13/2023
3266,รถไฟระหว่างเมือง,แอร์พอร์ต เรล ลิงก์,A2,ลาดกระบัง,9991,10075,2/13/2023
3267,รถไฟระหว่างเมือง,แอร์พอร์ต เรล ลิงก์,A3,บ้านทับช้าง,3673,3660,2/13/2023
3268,รถไฟระหว่างเมือง,แอร์พอร์ต เรล ลิงก์,A4,หัวหมาก,5736,5497,2/13/2023
3269,รถไฟระหว่างเมือง,แอร์พอร์ต เรล ลิงก์,A5,รามคำแหง,6061,6650,2/13/2023
3270,รถไฟระหว่างเมือง,แอร์พอร์ต เรล ลิงก์,A6,มักกะสัน,11965,12750,2/13/2023
3271,รถไฟระหว่างเมือง,แอร์พอร์ต เรล ลิงก์,A7,ราชปรารภ,3603,3629,2/13/2023
3272,รถไฟระหว่างเมือง,แอร์พอร์ต เรล ลิงก์,A8,พญาไท,13367,13943,2/13/2023
3273,รถไฟระหว่างเมือง,แอร์พอร์ต เรล ลิงก์,A1,สุวรรณภูมิ,11453,9772,2/14/2023
3274,รถไฟระหว่างเมือง,แอร์พอร์ต เรล ลิงก์,A2,ลาดกระบัง,10533,10675,2/14/2023
3275,รถไฟระหว่างเมือง,แอร์พอร์ต เรล ลิงก์,A3,บ้านทับช้าง,3859,3735,2/14/2023
3276,รถไฟระหว่างเมือง,แอร์พอร์ต เรล ลิงก์,A4,หัวหมาก,6090,5891,2/14/2023
3277,รถไฟระหว่างเมือง,แอร์พอร์ต เรล ลิงก์,A5,รามคำแหง,6247,7033,2/14/2023
3278,รถไฟระหว่างเมือง,แอร์พอร์ต เรล ลิงก์,A6,มักกะสัน,12527,13446,2/14/2023
3279,รถไฟระหว่างเมือง,แอร์พอร์ต เรล ลิงก์,A7,ราชปรารภ,3638,3804,2/14/2023
3280,รถไฟระหว่างเมือง,แอร์พอร์ต เรล ลิงก์,A8,พญาไท,14363,14354,2/14/2023
3281,รถไฟระหว่างเมือง,แอร์พอร์ต เรล ลิงก์,A1,สุวรรณภูมิ,11933,9604,2/15/2023
3282,รถไฟระหว่างเมือง,แอร์พอร์ต เรล ลิงก์,A2,ลาดกระบัง,9208,9394,2/15/2023
3283,รถไฟระหว่างเมือง,แอร์พอร์ต เรล ลิงก์,A3,บ้านทับช้าง,3586,3530,2/15/2023
3284,รถไฟระหว่างเมือง,แอร์พอร์ต เรล ลิงก์,A4,หัวหมาก,5443,5269,2/15/2023
3285,รถไฟระหว่างเมือง,แอร์พอร์ต เรล ลิงก์,A5,รามคำแหง,6399,6481,2/15/2023
3286,รถไฟระหว่างเมือง,แอร์พอร์ต เรล ลิงก์,A6,มักกะสัน,11398,12477,2/15/2023
3287,รถไฟระหว่างเมือง,แอร์พอร์ต เรล ลิงก์,A7,ราชปรารภ,3375,3541,2/15/2023
3288,รถไฟระหว่างเมือง,แอร์พอร์ต เรล ลิงก์,A8,พญาไท,12995,14041,2/15/2023
3289,รถไฟระหว่างเมือง,แอร์พอร์ต เรล ลิงก์,A1,สุวรรณภูมิ,11899,9966,2/16/2023
3290,รถไฟระหว่างเมือง,แอร์พอร์ต เรล ลิงก์,A2,ลาดกระบัง,10008,9875,2/16/2023
3291,รถไฟระหว่างเมือง,แอร์พอร์ต เรล ลิงก์,A3,บ้านทับช้าง,3821,3626,2/16/2023
3292,รถไฟระหว่างเมือง,แอร์พอร์ต เรล ลิงก์,A4,หัวหมาก,5943,5639,2/16/2023
3293,รถไฟระหว่างเมือง,แอร์พอร์ต เรล ลิงก์,A5,รามคำแหง,6414,6920,2/16/2023
3294,รถไฟระหว่างเมือง,แอร์พอร์ต เรล ลิงก์,A6,มักกะสัน,12016,12979,2/16/2023
3295,รถไฟระหว่างเมือง,แอร์พอร์ต เรล ลิงก์,A7,ราชปรารภ,3713,3885,2/16/2023
3296,รถไฟระหว่างเมือง,แอร์พอร์ต เรล ลิงก์,A8,พญาไท,13367,14291,2/16/2023
3297,รถไฟระหว่างเมือง,แอร์พอร์ต เรล ลิงก์,A1,สุวรรณภูมิ,13510,10887,2/17/2023
3298,รถไฟระหว่างเมือง,แอร์พอร์ต เรล ลิงก์,A2,ลาดกระบัง,10649,10685,2/17/2023
3299,รถไฟระหว่างเมือง,แอร์พอร์ต เรล ลิงก์,A3,บ้านทับช้าง,3801,3705,2/17/2023
3300,รถไฟระหว่างเมือง,แอร์พอร์ต เรล ลิงก์,A4,หัวหมาก,6099,5898,2/17/2023
3301,รถไฟระหว่างเมือง,แอร์พอร์ต เรล ลิงก์,A5,รามคำแหง,6606,6938,2/17/2023
3302,รถไฟระหว่างเมือง,แอร์พอร์ต เรล ลิงก์,A6,มักกะสัน,12880,13997,2/17/2023
3303,รถไฟระหว่างเมือง,แอร์พอร์ต เรล ลิงก์,A7,ราชปรารภ,3912,4221,2/17/2023
3304,รถไฟระหว่างเมือง,แอร์พอร์ต เรล ลิงก์,A8,พญาไท,14570,15696,2/17/2023
3305,รถไฟระหว่างเมือง,แอร์พอร์ต เรล ลิงก์,A1,สุวรรณภูมิ,10868,8804,2/18/2023
3306,รถไฟระหว่างเมือง,แอร์พอร์ต เรล ลิงก์,A2,ลาดกระบัง,7830,7957,2/18/2023
3307,รถไฟระหว่างเมือง,แอร์พอร์ต เรล ลิงก์,A3,บ้านทับช้าง,1901,1867,2/18/2023
3308,รถไฟระหว่างเมือง,แอร์พอร์ต เรล ลิงก์,A4,หัวหมาก,3725,3542,2/18/2023
3309,รถไฟระหว่างเมือง,แอร์พอร์ต เรล ลิงก์,A5,รามคำแหง,4223,4489,2/18/2023
3310,รถไฟระหว่างเมือง,แอร์พอร์ต เรล ลิงก์,A6,มักกะสัน,7930,8832,2/18/2023
3311,รถไฟระหว่างเมือง,แอร์พอร์ต เรล ลิงก์,A7,ราชปรารภ,3336,3131,2/18/2023
3312,รถไฟระหว่างเมือง,แอร์พอร์ต เรล ลิงก์,A8,พญาไท,10124,11315,2/18/2023
3313,รถไฟระหว่างเมือง,แอร์พอร์ต เรล ลิงก์,A1,สุวรรณภูมิ,10106,8901,2/19/2023
3314,รถไฟระหว่างเมือง,แอร์พอร์ต เรล ลิงก์,A2,ลาดกระบัง,6727,6696,2/19/2023
3315,รถไฟระหว่างเมือง,แอร์พอร์ต เรล ลิงก์,A3,บ้านทับช้าง,1499,1470,2/19/2023
3316,รถไฟระหว่างเมือง,แอร์พอร์ต เรล ลิงก์,A4,หัวหมาก,3006,2857,2/19/2023
3317,รถไฟระหว่างเมือง,แอร์พอร์ต เรล ลิงก์,A5,รามคำแหง,3451,3758,2/19/2023
3318,รถไฟระหว่างเมือง,แอร์พอร์ต เรล ลิงก์,A6,มักกะสัน,6987,7803,2/19/2023
3319,รถไฟระหว่างเมือง,แอร์พอร์ต เรล ลิงก์,A7,ราชปรารภ,3014,2745,2/19/2023
3320,รถไฟระหว่างเมือง,แอร์พอร์ต เรล ลิงก์,A8,พญาไท,9005,9565,2/19/2023
3321,รถไฟระหว่างเมือง,แอร์พอร์ต เรล ลิงก์,A1,สุวรรณภูมิ,12093,10634,2/20/2023
3322,รถไฟระหว่างเมือง,แอร์พอร์ต เรล ลิงก์,A2,ลาดกระบัง,10158,9901,2/20/2023
3323,รถไฟระหว่างเมือง,แอร์พอร์ต เรล ลิงก์,A3,บ้านทับช้าง,3716,3576,2/20/2023
3324,รถไฟระหว่างเมือง,แอร์พอร์ต เรล ลิงก์,A4,หัวหมาก,5749,5575,2/20/2023
3325,รถไฟระหว่างเมือง,แอร์พอร์ต เรล ลิงก์,A5,รามคำแหง,5971,6561,2/20/2023
3326,รถไฟระหว่างเมือง,แอร์พอร์ต เรล ลิงก์,A6,มักกะสัน,12093,12820,2/20/2023
3327,รถไฟระหว่างเมือง,แอร์พอร์ต เรล ลิงก์,A7,ราชปรารภ,3690,3666,2/20/2023
3328,รถไฟระหว่างเมือง,แอร์พอร์ต เรล ลิงก์,A8,พญาไท,13268,14005,2/20/2023
3329,รถไฟระหว่างเมือง,แอร์พอร์ต เรล ลิงก์,A1,สุวรรณภูมิ,11616,10171,2/21/2023
3330,รถไฟระหว่างเมือง,แอร์พอร์ต เรล ลิงก์,A2,ลาดกระบัง,9775,9941,2/21/2023
3331,รถไฟระหว่างเมือง,แอร์พอร์ต เรล ลิงก์,A3,บ้านทับช้าง,3671,3743,2/21/2023
3332,รถไฟระหว่างเมือง,แอร์พอร์ต เรล ลิงก์,A4,หัวหมาก,5563,5577,2/21/2023
3333,รถไฟระหว่างเมือง,แอร์พอร์ต เรล ลิงก์,A5,รามคำแหง,5857,6588,2/21/2023
3334,รถไฟระหว่างเมือง,แอร์พอร์ต เรล ลิงก์,A6,มักกะสัน,12184,11801,2/21/2023
3335,รถไฟระหว่างเมือง,แอร์พอร์ต เรล ลิงก์,A7,ราชปรารภ,3638,3798,2/21/2023
3336,รถไฟระหว่างเมือง,แอร์พอร์ต เรล ลิงก์,A8,พญาไท,13315,14000,2/21/2023
3337,รถไฟระหว่างเมือง,แอร์พอร์ต เรล ลิงก์,A1,สุวรรณภูมิ,12103,9779,2/22/2023
3338,รถไฟระหว่างเมือง,แอร์พอร์ต เรล ลิงก์,A2,ลาดกระบัง,9867,9791,2/22/2023
3339,รถไฟระหว่างเมือง,แอร์พอร์ต เรล ลิงก์,A3,บ้านทับช้าง,3788,3639,2/22/2023
3340,รถไฟระหว่างเมือง,แอร์พอร์ต เรล ลิงก์,A4,หัวหมาก,5720,5430,2/22/2023
3341,รถไฟระหว่างเมือง,แอร์พอร์ต เรล ลิงก์,A5,รามคำแหง,6102,6726,2/22/2023
3342,รถไฟระหว่างเมือง,แอร์พอร์ต เรล ลิงก์,A6,มักกะสัน,11825,12754,2/22/2023
3343,รถไฟระหว่างเมือง,แอร์พอร์ต เรล ลิงก์,A7,ราชปรารภ,3578,3812,2/22/2023
3344,รถไฟระหว่างเมือง,แอร์พอร์ต เรล ลิงก์,A8,พญาไท,13164,14216,2/22/2023
3345,รถไฟระหว่างเมือง,แอร์พอร์ต เรล ลิงก์,A1,สุวรรณภูมิ,12987,10537,2/23/2023
3346,รถไฟระหว่างเมือง,แอร์พอร์ต เรล ลิงก์,A2,ลาดกระบัง,9859,9589,2/23/2023
3347,รถไฟระหว่างเมือง,แอร์พอร์ต เรล ลิงก์,A3,บ้านทับช้าง,3708,3620,2/23/2023
3348,รถไฟระหว่างเมือง,แอร์พอร์ต เรล ลิงก์,A4,หัวหมาก,5570,5294,2/23/2023
3349,รถไฟระหว่างเมือง,แอร์พอร์ต เรล ลิงก์,A5,รามคำแหง,6280,6820,2/23/2023
3350,รถไฟระหว่างเมือง,แอร์พอร์ต เรล ลิงก์,A6,มักกะสัน,11650,13119,2/23/2023
3351,รถไฟระหว่างเมือง,แอร์พอร์ต เรล ลิงก์,A7,ราชปรารภ,3675,3912,2/23/2023
3352,รถไฟระหว่างเมือง,แอร์พอร์ต เรล ลิงก์,A8,พญาไท,13635,14473,2/23/2023
3353,รถไฟระหว่างเมือง,แอร์พอร์ต เรล ลิงก์,A1,สุวรรณภูมิ,12370,10435,2/24/2023
3354,รถไฟระหว่างเมือง,แอร์พอร์ต เรล ลิงก์,A2,ลาดกระบัง,10498,10384,2/24/2023
3355,รถไฟระหว่างเมือง,แอร์พอร์ต เรล ลิงก์,A3,บ้านทับช้าง,3632,3512,2/24/2023
3356,รถไฟระหว่างเมือง,แอร์พอร์ต เรล ลิงก์,A4,หัวหมาก,5751,5476,2/24/2023
3357,รถไฟระหว่างเมือง,แอร์พอร์ต เรล ลิงก์,A5,รามคำแหง,6375,6553,2/24/2023
3358,รถไฟระหว่างเมือง,แอร์พอร์ต เรล ลิงก์,A6,มักกะสัน,12232,13189,2/24/2023
3359,รถไฟระหว่างเมือง,แอร์พอร์ต เรล ลิงก์,A7,ราชปรารภ,3719,3901,2/24/2023
3360,รถไฟระหว่างเมือง,แอร์พอร์ต เรล ลิงก์,A8,พญาไท,13912,15039,2/24/2023
3361,รถไฟระหว่างเมือง,แอร์พอร์ต เรล ลิงก์,A1,สุวรรณภูมิ,11068,9427,2/25/2023
3362,รถไฟระหว่างเมือง,แอร์พอร์ต เรล ลิงก์,A2,ลาดกระบัง,7155,7290,2/25/2023
3363,รถไฟระหว่างเมือง,แอร์พอร์ต เรล ลิงก์,A3,บ้านทับช้าง,1706,1783,2/25/2023
3364,รถไฟระหว่างเมือง,แอร์พอร์ต เรล ลิงก์,A4,หัวหมาก,3538,3558,2/25/2023
3365,รถไฟระหว่างเมือง,แอร์พอร์ต เรล ลิงก์,A5,รามคำแหง,4234,4363,2/25/2023
3366,รถไฟระหว่างเมือง,แอร์พอร์ต เรล ลิงก์,A6,มักกะสัน,7719,8148,2/25/2023
3367,รถไฟระหว่างเมือง,แอร์พอร์ต เรล ลิงก์,A7,ราชปรารภ,3430,3310,2/25/2023
3368,รถไฟระหว่างเมือง,แอร์พอร์ต เรล ลิงก์,A8,พญาไท,10396,11367,2/25/2023
3369,รถไฟระหว่างเมือง,แอร์พอร์ต เรล ลิงก์,A1,สุวรรณภูมิ,10437,9051,2/26/2023
3370,รถไฟระหว่างเมือง,แอร์พอร์ต เรล ลิงก์,A2,ลาดกระบัง,6398,6265,2/26/2023
3371,รถไฟระหว่างเมือง,แอร์พอร์ต เรล ลิงก์,A3,บ้านทับช้าง,1409,1411,2/26/2023
3372,รถไฟระหว่างเมือง,แอร์พอร์ต เรล ลิงก์,A4,หัวหมาก,2986,2871,2/26/2023
3373,รถไฟระหว่างเมือง,แอร์พอร์ต เรล ลิงก์,A5,รามคำแหง,3556,3732,2/26/2023
3374,รถไฟระหว่างเมือง,แอร์พอร์ต เรล ลิงก์,A6,มักกะสัน,6478,7289,2/26/2023
3375,รถไฟระหว่างเมือง,แอร์พอร์ต เรล ลิงก์,A7,ราชปรารภ,2958,2792,2/26/2023
3376,รถไฟระหว่างเมือง,แอร์พอร์ต เรล ลิงก์,A8,พญาไท,8901,9712,2/26/2023
3377,รถไฟระหว่างเมือง,แอร์พอร์ต เรล ลิงก์,A1,สุวรรณภูมิ,11926,10726,2/27/2023
3378,รถไฟระหว่างเมือง,แอร์พอร์ต เรล ลิงก์,A2,ลาดกระบัง,10039,9919,2/27/2023
3379,รถไฟระหว่างเมือง,แอร์พอร์ต เรล ลิงก์,A3,บ้านทับช้าง,3598,3474,2/27/2023
3380,รถไฟระหว่างเมือง,แอร์พอร์ต เรล ลิงก์,A4,หัวหมาก,5398,5264,2/27/2023
3381,รถไฟระหว่างเมือง,แอร์พอร์ต เรล ลิงก์,A5,รามคำแหง,5803,6369,2/27/2023
3382,รถไฟระหว่างเมือง,แอร์พอร์ต เรล ลิงก์,A6,มักกะสัน,11767,12507,2/27/2023
3383,รถไฟระหว่างเมือง,แอร์พอร์ต เรล ลิงก์,A7,ราชปรารภ,3648,3662,2/27/2023
3384,รถไฟระหว่างเมือง,แอร์พอร์ต เรล ลิงก์,A8,พญาไท,13641,13899,2/27/2023
3385,รถไฟระหว่างเมือง,แอร์พอร์ต เรล ลิงก์,A1,สุวรรณภูมิ,11354,10053,2/28/2023
3386,รถไฟระหว่างเมือง,แอร์พอร์ต เรล ลิงก์,A2,ลาดกระบัง,10010,9953,2/28/2023
3387,รถไฟระหว่างเมือง,แอร์พอร์ต เรล ลิงก์,A3,บ้านทับช้าง,3779,3606,2/28/2023
3388,รถไฟระหว่างเมือง,แอร์พอร์ต เรล ลิงก์,A4,หัวหมาก,5651,5538,2/28/2023
3389,รถไฟระหว่างเมือง,แอร์พอร์ต เรล ลิงก์,A5,รามคำแหง,6055,6543,2/28/2023
3390,รถไฟระหว่างเมือง,แอร์พอร์ต เรล ลิงก์,A6,มักกะสัน,12094,12740,2/28/2023
3391,รถไฟระหว่างเมือง,แอร์พอร์ต เรล ลิงก์,A7,ราชปรารภ,3697,3750,2/28/2023
3392,รถไฟระหว่างเมือง,แอร์พอร์ต เรล ลิงก์,A8,พญาไท,13385,13842,2/28/2023
3393,รถไฟระหว่างเมือง,แอร์พอร์ต เรล ลิงก์,A1,สุวรรณภูมิ,11181,10320,3/1/2023
3394,รถไฟระหว่างเมือง,แอร์พอร์ต เรล ลิงก์,A2,ลาดกระบัง,9999,9733,3/1/2023
3395,รถไฟระหว่างเมือง,แอร์พอร์ต เรล ลิงก์,A3,บ้านทับช้าง,3825,3638,3/1/2023
3396,รถไฟระหว่างเมือง,แอร์พอร์ต เรล ลิงก์,A4,หัวหมาก,5806,5473,3/1/2023
3397,รถไฟระหว่างเมือง,แอร์พอร์ต เรล ลิงก์,A5,รามคำแหง,6209,6473,3/1/2023
3398,รถไฟระหว่างเมือง,แอร์พอร์ต เรล ลิงก์,A6,มักกะสัน,11878,12699,3/1/2023
3399,รถไฟระหว่างเมือง,แอร์พอร์ต เรล ลิงก์,A7,ราชปรารภ,3740,3832,3/1/2023
3400,รถไฟระหว่างเมือง,แอร์พอร์ต เรล ลิงก์,A8,พญาไท,13489,13959,3/1/2023
3401,รถไฟระหว่างเมือง,แอร์พอร์ต เรล ลิงก์,A1,สุวรรณภูมิ,11744,10262,3/2/2023
3402,รถไฟระหว่างเมือง,แอร์พอร์ต เรล ลิงก์,A2,ลาดกระบัง,10046,9875,3/2/2023
3403,รถไฟระหว่างเมือง,แอร์พอร์ต เรล ลิงก์,A3,บ้านทับช้าง,3706,3620,3/2/2023
3404,รถไฟระหว่างเมือง,แอร์พอร์ต เรล ลิงก์,A4,หัวหมาก,5639,5309,3/2/2023
3405,รถไฟระหว่างเมือง,แอร์พอร์ต เรล ลิงก์,A5,รามคำแหง,6137,6309,3/2/2023
3406,รถไฟระหว่างเมือง,แอร์พอร์ต เรล ลิงก์,A6,มักกะสัน,11530,12472,3/2/2023
3407,รถไฟระหว่างเมือง,แอร์พอร์ต เรล ลิงก์,A7,ราชปรารภ,3610,3894,3/2/2023
3408,รถไฟระหว่างเมือง,แอร์พอร์ต เรล ลิงก์,A8,พญาไท,13414,14085,3/2/2023
3409,รถไฟระหว่างเมือง,แอร์พอร์ต เรล ลิงก์,A1,สุวรรณภูมิ,13040,11009,3/3/2023
3410,รถไฟระหว่างเมือง,แอร์พอร์ต เรล ลิงก์,A2,ลาดกระบัง,10857,10586,3/3/2023
3411,รถไฟระหว่างเมือง,แอร์พอร์ต เรล ลิงก์,A3,บ้านทับช้าง,3662,3473,3/3/2023
3412,รถไฟระหว่างเมือง,แอร์พอร์ต เรล ลิงก์,A4,หัวหมาก,5617,5419,3/3/2023
3413,รถไฟระหว่างเมือง,แอร์พอร์ต เรล ลิงก์,A5,รามคำแหง,6360,6433,3/3/2023
3414,รถไฟระหว่างเมือง,แอร์พอร์ต เรล ลิงก์,A6,มักกะสัน,12340,13399,3/3/2023
3415,รถไฟระหว่างเมือง,แอร์พอร์ต เรล ลิงก์,A7,ราชปรารภ,3662,3930,3/3/2023
3416,รถไฟระหว่างเมือง,แอร์พอร์ต เรล ลิงก์,A8,พญาไท,14582,15871,3/3/2023
3417,รถไฟระหว่างเมือง,แอร์พอร์ต เรล ลิงก์,A1,สุวรรณภูมิ,10960,9134,3/4/2023
3418,รถไฟระหว่างเมือง,แอร์พอร์ต เรล ลิงก์,A2,ลาดกระบัง,7359,7264,3/4/2023
3419,รถไฟระหว่างเมือง,แอร์พอร์ต เรล ลิงก์,A3,บ้านทับช้าง,1739,1743,3/4/2023
3420,รถไฟระหว่างเมือง,แอร์พอร์ต เรล ลิงก์,A4,หัวหมาก,3470,3249,3/4/2023
3421,รถไฟระหว่างเมือง,แอร์พอร์ต เรล ลิงก์,A5,รามคำแหง,4114,4177,3/4/2023
3422,รถไฟระหว่างเมือง,แอร์พอร์ต เรล ลิงก์,A6,มักกะสัน,7723,8332,3/4/2023
3423,รถไฟระหว่างเมือง,แอร์พอร์ต เรล ลิงก์,A7,ราชปรารภ,3123,3269,3/4/2023
3424,รถไฟระหว่างเมือง,แอร์พอร์ต เรล ลิงก์,A8,พญาไท,9924,11244,3/4/2023
3425,รถไฟระหว่างเมือง,แอร์พอร์ต เรล ลิงก์,A1,สุวรรณภูมิ,10096,8874,3/5/2023
3426,รถไฟระหว่างเมือง,แอร์พอร์ต เรล ลิงก์,A2,ลาดกระบัง,6592,6827,3/5/2023
3427,รถไฟระหว่างเมือง,แอร์พอร์ต เรล ลิงก์,A3,บ้านทับช้าง,1471,1435,3/5/2023
3428,รถไฟระหว่างเมือง,แอร์พอร์ต เรล ลิงก์,A4,หัวหมาก,2846,2849,3/5/2023
3429,รถไฟระหว่างเมือง,แอร์พอร์ต เรล ลิงก์,A5,รามคำแหง,3517,3798,3/5/2023
3430,รถไฟระหว่างเมือง,แอร์พอร์ต เรล ลิงก์,A6,มักกะสัน,6858,7298,3/5/2023
3431,รถไฟระหว่างเมือง,แอร์พอร์ต เรล ลิงก์,A7,ราชปรารภ,2964,2748,3/5/2023
3432,รถไฟระหว่างเมือง,แอร์พอร์ต เรล ลิงก์,A8,พญาไท,9318,9833,3/5/2023
3433,รถไฟระหว่างเมือง,แอร์พอร์ต เรล ลิงก์,A1,สุวรรณภูมิ,10949,9147,3/6/2023
3434,รถไฟระหว่างเมือง,แอร์พอร์ต เรล ลิงก์,A2,ลาดกระบัง,6104,5930,3/6/2023
3435,รถไฟระหว่างเมือง,แอร์พอร์ต เรล ลิงก์,A3,บ้านทับช้าง,1411,1422,3/6/2023
3436,รถไฟระหว่างเมือง,แอร์พอร์ต เรล ลิงก์,A4,หัวหมาก,2695,2841,3/6/2023
3437,รถไฟระหว่างเมือง,แอร์พอร์ต เรล ลิงก์,A5,รามคำแหง,3251,3588,3/6/2023
3438,รถไฟระหว่างเมือง,แอร์พอร์ต เรล ลิงก์,A6,มักกะสัน,6161,7097,3/6/2023
3439,รถไฟระหว่างเมือง,แอร์พอร์ต เรล ลิงก์,A7,ราชปรารภ,2772,2537,3/6/2023
3440,รถไฟระหว่างเมือง,แอร์พอร์ต เรล ลิงก์,A8,พญาไท,8492,9273,3/6/2023
3441,รถไฟระหว่างเมือง,แอร์พอร์ต เรล ลิงก์,A1,สุวรรณภูมิ,12348,10335,3/7/2023
3442,รถไฟระหว่างเมือง,แอร์พอร์ต เรล ลิงก์,A2,ลาดกระบัง,10176,9726,3/7/2023
3443,รถไฟระหว่างเมือง,แอร์พอร์ต เรล ลิงก์,A3,บ้านทับช้าง,3777,3624,3/7/2023
3444,รถไฟระหว่างเมือง,แอร์พอร์ต เรล ลิงก์,A4,หัวหมาก,5493,5364,3/7/2023
3445,รถไฟระหว่างเมือง,แอร์พอร์ต เรล ลิงก์,A5,รามคำแหง,5997,6402,3/7/2023
3446,รถไฟระหว่างเมือง,แอร์พอร์ต เรล ลิงก์,A6,มักกะสัน,11577,12699,3/7/2023
3447,รถไฟระหว่างเมือง,แอร์พอร์ต เรล ลิงก์,A7,ราชปรารภ,3560,3632,3/7/2023
3448,รถไฟระหว่างเมือง,แอร์พอร์ต เรล ลิงก์,A8,พญาไท,13443,14589,3/7/2023
3449,รถไฟระหว่างเมือง,แอร์พอร์ต เรล ลิงก์,A1,สุวรรณภูมิ,12382,10144,3/8/2023
3450,รถไฟระหว่างเมือง,แอร์พอร์ต เรล ลิงก์,A2,ลาดกระบัง,9798,9696,3/8/2023
3451,รถไฟระหว่างเมือง,แอร์พอร์ต เรล ลิงก์,A3,บ้านทับช้าง,3712,3665,3/8/2023
3452,รถไฟระหว่างเมือง,แอร์พอร์ต เรล ลิงก์,A4,หัวหมาก,5599,5431,3/8/2023
3453,รถไฟระหว่างเมือง,แอร์พอร์ต เรล ลิงก์,A5,รามคำแหง,5839,6275,3/8/2023
3454,รถไฟระหว่างเมือง,แอร์พอร์ต เรล ลิงก์,A6,มักกะสัน,11431,12421,3/8/2023
3455,รถไฟระหว่างเมือง,แอร์พอร์ต เรล ลิงก์,A7,ราชปรารภ,3429,3663,3/8/2023
3456,รถไฟระหว่างเมือง,แอร์พอร์ต เรล ลิงก์,A8,พญาไท,13394,14289,3/8/2023
3457,รถไฟระหว่างเมือง,แอร์พอร์ต เรล ลิงก์,A1,สุวรรณภูมิ,12195,10126,3/9/2023
3458,รถไฟระหว่างเมือง,แอร์พอร์ต เรล ลิงก์,A2,ลาดกระบัง,9530,9413,3/9/2023
3459,รถไฟระหว่างเมือง,แอร์พอร์ต เรล ลิงก์,A3,บ้านทับช้าง,3570,3472,3/9/2023
3460,รถไฟระหว่างเมือง,แอร์พอร์ต เรล ลิงก์,A4,หัวหมาก,5541,5197,3/9/2023
3461,รถไฟระหว่างเมือง,แอร์พอร์ต เรล ลิงก์,A5,รามคำแหง,5935,6227,3/9/2023
3462,รถไฟระหว่างเมือง,แอร์พอร์ต เรล ลิงก์,A6,มักกะสัน,11301,12466,3/9/2023
3463,รถไฟระหว่างเมือง,แอร์พอร์ต เรล ลิงก์,A7,ราชปรารภ,3748,3833,3/9/2023
3464,รถไฟระหว่างเมือง,แอร์พอร์ต เรล ลิงก์,A8,พญาไท,13014,14100,3/9/2023
3465,รถไฟระหว่างเมือง,แอร์พอร์ต เรล ลิงก์,A1,สุวรรณภูมิ,13048,10037,3/10/2023
3466,รถไฟระหว่างเมือง,แอร์พอร์ต เรล ลิงก์,A2,ลาดกระบัง,10196,10109,3/10/2023
3467,รถไฟระหว่างเมือง,แอร์พอร์ต เรล ลิงก์,A3,บ้านทับช้าง,3538,3473,3/10/2023
3468,รถไฟระหว่างเมือง,แอร์พอร์ต เรล ลิงก์,A4,หัวหมาก,5557,5376,3/10/2023
3469,รถไฟระหว่างเมือง,แอร์พอร์ต เรล ลิงก์,A5,รามคำแหง,6092,6749,3/10/2023
3470,รถไฟระหว่างเมือง,แอร์พอร์ต เรล ลิงก์,A6,มักกะสัน,11380,12441,3/10/2023
3471,รถไฟระหว่างเมือง,แอร์พอร์ต เรล ลิงก์,A7,ราชปรารภ,3752,4056,3/10/2023
3472,รถไฟระหว่างเมือง,แอร์พอร์ต เรล ลิงก์,A8,พญาไท,14041,15363,3/10/2023
3473,รถไฟระหว่างเมือง,แอร์พอร์ต เรล ลิงก์,A1,สุวรรณภูมิ,11268,8669,3/11/2023
3474,รถไฟระหว่างเมือง,แอร์พอร์ต เรล ลิงก์,A2,ลาดกระบัง,7376,7560,3/11/2023
3475,รถไฟระหว่างเมือง,แอร์พอร์ต เรล ลิงก์,A3,บ้านทับช้าง,1865,1779,3/11/2023
3476,รถไฟระหว่างเมือง,แอร์พอร์ต เรล ลิงก์,A4,หัวหมาก,4189,5128,3/11/2023
3477,รถไฟระหว่างเมือง,แอร์พอร์ต เรล ลิงก์,A5,รามคำแหง,6296,7230,3/11/2023
3478,รถไฟระหว่างเมือง,แอร์พอร์ต เรล ลิงก์,A6,มักกะสัน,9192,9409,3/11/2023
3479,รถไฟระหว่างเมือง,แอร์พอร์ต เรล ลิงก์,A7,ราชปรารภ,3240,3074,3/11/2023
3480,รถไฟระหว่างเมือง,แอร์พอร์ต เรล ลิงก์,A8,พญาไท,12298,12875,3/11/2023
3481,รถไฟระหว่างเมือง,แอร์พอร์ต เรล ลิงก์,A1,สุวรรณภูมิ,10616,9545,3/12/2023
3482,รถไฟระหว่างเมือง,แอร์พอร์ต เรล ลิงก์,A2,ลาดกระบัง,6749,6886,3/12/2023
3483,รถไฟระหว่างเมือง,แอร์พอร์ต เรล ลิงก์,A3,บ้านทับช้าง,1448,1514,3/12/2023
3484,รถไฟระหว่างเมือง,แอร์พอร์ต เรล ลิงก์,A4,หัวหมาก,3034,2963,3/12/2023
3485,รถไฟระหว่างเมือง,แอร์พอร์ต เรล ลิงก์,A5,รามคำแหง,4473,4513,3/12/2023
3486,รถไฟระหว่างเมือง,แอร์พอร์ต เรล ลิงก์,A6,มักกะสัน,7446,7760,3/12/2023
3487,รถไฟระหว่างเมือง,แอร์พอร์ต เรล ลิงก์,A7,ราชปรารภ,3072,2841,3/12/2023
3488,รถไฟระหว่างเมือง,แอร์พอร์ต เรล ลิงก์,A8,พญาไท,9526,10342,3/12/2023
3489,รถไฟระหว่างเมือง,แอร์พอร์ต เรล ลิงก์,A1,สุวรรณภูมิ,11712,10620,3/13/2023
3490,รถไฟระหว่างเมือง,แอร์พอร์ต เรล ลิงก์,A2,ลาดกระบัง,9866,9526,3/13/2023
3491,รถไฟระหว่างเมือง,แอร์พอร์ต เรล ลิงก์,A3,บ้านทับช้าง,3609,3423,3/13/2023
3492,รถไฟระหว่างเมือง,แอร์พอร์ต เรล ลิงก์,A4,หัวหมาก,5288,5175,3/13/2023
3493,รถไฟระหว่างเมือง,แอร์พอร์ต เรล ลิงก์,A5,รามคำแหง,5953,6182,3/13/2023
3494,รถไฟระหว่างเมือง,แอร์พอร์ต เรล ลิงก์,A6,มักกะสัน,11172,12148,3/13/2023
3495,รถไฟระหว่างเมือง,แอร์พอร์ต เรล ลิงก์,A7,ราชปรารภ,3475,3476,3/13/2023
3496,รถไฟระหว่างเมือง,แอร์พอร์ต เรล ลิงก์,A8,พญาไท,13351,13876,3/13/2023
3497,รถไฟระหว่างเมือง,แอร์พอร์ต เรล ลิงก์,A1,สุวรรณภูมิ,11299,10316,3/14/2023
3498,รถไฟระหว่างเมือง,แอร์พอร์ต เรล ลิงก์,A2,ลาดกระบัง,9747,9520,3/14/2023
3499,รถไฟระหว่างเมือง,แอร์พอร์ต เรล ลิงก์,A3,บ้านทับช้าง,3638,3513,3/14/2023
3500,รถไฟระหว่างเมือง,แอร์พอร์ต เรล ลิงก์,A4,หัวหมาก,5373,5202,3/14/2023
3501,รถไฟระหว่างเมือง,แอร์พอร์ต เรล ลิงก์,A5,รามคำแหง,6004,6439,3/14/2023
3502,รถไฟระหว่างเมือง,แอร์พอร์ต เรล ลิงก์,A6,มักกะสัน,11077,11730,3/14/2023
3503,รถไฟระหว่างเมือง,แอร์พอร์ต เรล ลิงก์,A7,ราชปรารภ,3479,3615,3/14/2023
3504,รถไฟระหว่างเมือง,แอร์พอร์ต เรล ลิงก์,A8,พญาไท,13095,13377,3/14/2023
3505,รถไฟระหว่างเมือง,แอร์พอร์ต เรล ลิงก์,A1,สุวรรณภูมิ,11530,10007,3/15/2023
3506,รถไฟระหว่างเมือง,แอร์พอร์ต เรล ลิงก์,A2,ลาดกระบัง,9837,9688,3/15/2023
3507,รถไฟระหว่างเมือง,แอร์พอร์ต เรล ลิงก์,A3,บ้านทับช้าง,3729,3591,3/15/2023
3508,รถไฟระหว่างเมือง,แอร์พอร์ต เรล ลิงก์,A4,หัวหมาก,5480,5250,3/15/2023
3509,รถไฟระหว่างเมือง,แอร์พอร์ต เรล ลิงก์,A5,รามคำแหง,6332,6779,3/15/2023
3510,รถไฟระหว่างเมือง,แอร์พอร์ต เรล ลิงก์,A6,มักกะสัน,11279,12091,3/15/2023
3511,รถไฟระหว่างเมือง,แอร์พอร์ต เรล ลิงก์,A7,ราชปรารภ,3515,3598,3/15/2023
3512,รถไฟระหว่างเมือง,แอร์พอร์ต เรล ลิงก์,A8,พญาไท,13165,13863,3/15/2023
3513,รถไฟระหว่างเมือง,แอร์พอร์ต เรล ลิงก์,A1,สุวรรณภูมิ,11810,10129,3/16/2023
3514,รถไฟระหว่างเมือง,แอร์พอร์ต เรล ลิงก์,A2,ลาดกระบัง,9712,9680,3/16/2023
3515,รถไฟระหว่างเมือง,แอร์พอร์ต เรล ลิงก์,A3,บ้านทับช้าง,3609,3458,3/16/2023
3516,รถไฟระหว่างเมือง,แอร์พอร์ต เรล ลิงก์,A4,หัวหมาก,5375,5243,3/16/2023
3517,รถไฟระหว่างเมือง,แอร์พอร์ต เรล ลิงก์,A5,รามคำแหง,6130,6429,3/16/2023
3518,รถไฟระหว่างเมือง,แอร์พอร์ต เรล ลิงก์,A6,มักกะสัน,11280,12271,3/16/2023
3519,รถไฟระหว่างเมือง,แอร์พอร์ต เรล ลิงก์,A7,ราชปรารภ,3449,3652,3/16/2023
3520,รถไฟระหว่างเมือง,แอร์พอร์ต เรล ลิงก์,A8,พญาไท,13209,13712,3/16/2023
3521,รถไฟระหว่างเมือง,แอร์พอร์ต เรล ลิงก์,A1,สุวรรณภูมิ,13117,10984,3/17/2023
3522,รถไฟระหว่างเมือง,แอร์พอร์ต เรล ลิงก์,A2,ลาดกระบัง,10576,10170,3/17/2023
3523,รถไฟระหว่างเมือง,แอร์พอร์ต เรล ลิงก์,A3,บ้านทับช้าง,3528,3362,3/17/2023
3524,รถไฟระหว่างเมือง,แอร์พอร์ต เรล ลิงก์,A4,หัวหมาก,5454,5349,3/17/2023
3525,รถไฟระหว่างเมือง,แอร์พอร์ต เรล ลิงก์,A5,รามคำแหง,6276,6669,3/17/2023
3526,รถไฟระหว่างเมือง,แอร์พอร์ต เรล ลิงก์,A6,มักกะสัน,11807,13128,3/17/2023
3527,รถไฟระหว่างเมือง,แอร์พอร์ต เรล ลิงก์,A7,ราชปรารภ,3674,3867,3/17/2023
3528,รถไฟระหว่างเมือง,แอร์พอร์ต เรล ลิงก์,A8,พญาไท,14077,14980,3/17/2023
3529,รถไฟระหว่างเมือง,แอร์พอร์ต เรล ลิงก์,A1,สุวรรณภูมิ,11226,9116,3/18/2023
3530,รถไฟระหว่างเมือง,แอร์พอร์ต เรล ลิงก์,A2,ลาดกระบัง,7660,7989,3/18/2023
3531,รถไฟระหว่างเมือง,แอร์พอร์ต เรล ลิงก์,A3,บ้านทับช้าง,1825,1795,3/18/2023
3532,รถไฟระหว่างเมือง,แอร์พอร์ต เรล ลิงก์,A4,หัวหมาก,3598,3511,3/18/2023
3533,รถไฟระหว่างเมือง,แอร์พอร์ต เรล ลิงก์,A5,รามคำแหง,4434,4668,3/18/2023
3534,รถไฟระหว่างเมือง,แอร์พอร์ต เรล ลิงก์,A6,มักกะสัน,7935,8621,3/18/2023
3535,รถไฟระหว่างเมือง,แอร์พอร์ต เรล ลิงก์,A7,ราชปรารภ,3144,3079,3/18/2023
3536,รถไฟระหว่างเมือง,แอร์พอร์ต เรล ลิงก์,A8,พญาไท,10350,11393,3/18/2023
3537,รถไฟระหว่างเมือง,แอร์พอร์ต เรล ลิงก์,A1,สุวรรณภูมิ,10951,9649,3/19/2023
3538,รถไฟระหว่างเมือง,แอร์พอร์ต เรล ลิงก์,A2,ลาดกระบัง,7192,7117,3/19/2023
3539,รถไฟระหว่างเมือง,แอร์พอร์ต เรล ลิงก์,A3,บ้านทับช้าง,1510,1508,3/19/2023
3540,รถไฟระหว่างเมือง,แอร์พอร์ต เรล ลิงก์,A4,หัวหมาก,2961,2954,3/19/2023
3541,รถไฟระหว่างเมือง,แอร์พอร์ต เรล ลิงก์,A5,รามคำแหง,3761,4224,3/19/2023
3542,รถไฟระหว่างเมือง,แอร์พอร์ต เรล ลิงก์,A6,มักกะสัน,7119,7547,3/19/2023
3543,รถไฟระหว่างเมือง,แอร์พอร์ต เรล ลิงก์,A7,ราชปรารภ,2982,2823,3/19/2023
3544,รถไฟระหว่างเมือง,แอร์พอร์ต เรล ลิงก์,A8,พญาไท,9630,10284,3/19/2023
3545,รถไฟระหว่างเมือง,แอร์พอร์ต เรล ลิงก์,A1,สุวรรณภูมิ,11832,10807,3/20/2023
3546,รถไฟระหว่างเมือง,แอร์พอร์ต เรล ลิงก์,A2,ลาดกระบัง,10150,10022,3/20/2023
3547,รถไฟระหว่างเมือง,แอร์พอร์ต เรล ลิงก์,A3,บ้านทับช้าง,3603,3545,3/20/2023
3548,รถไฟระหว่างเมือง,แอร์พอร์ต เรล ลิงก์,A4,หัวหมาก,5511,5289,3/20/2023
3549,รถไฟระหว่างเมือง,แอร์พอร์ต เรล ลิงก์,A5,รามคำแหง,5965,6379,3/20/2023
3550,รถไฟระหว่างเมือง,แอร์พอร์ต เรล ลิงก์,A6,มักกะสัน,11624,12242,3/20/2023
3551,รถไฟระหว่างเมือง,แอร์พอร์ต เรล ลิงก์,A7,ราชปรารภ,3533,3536,3/20/2023
3552,รถไฟระหว่างเมือง,แอร์พอร์ต เรล ลิงก์,A8,พญาไท,13526,13924,3/20/2023
3553,รถไฟระหว่างเมือง,แอร์พอร์ต เรล ลิงก์,A1,สุวรรณภูมิ,11151,10214,3/21/2023
3554,รถไฟระหว่างเมือง,แอร์พอร์ต เรล ลิงก์,A2,ลาดกระบัง,9902,9846,3/21/2023
3555,รถไฟระหว่างเมือง,แอร์พอร์ต เรล ลิงก์,A3,บ้านทับช้าง,3705,3540,3/21/2023
3556,รถไฟระหว่างเมือง,แอร์พอร์ต เรล ลิงก์,A4,หัวหมาก,5426,5352,3/21/2023
3557,รถไฟระหว่างเมือง,แอร์พอร์ต เรล ลิงก์,A5,รามคำแหง,6134,6485,3/21/2023
3558,รถไฟระหว่างเมือง,แอร์พอร์ต เรล ลิงก์,A6,มักกะสัน,11509,12098,3/21/2023
3559,รถไฟระหว่างเมือง,แอร์พอร์ต เรล ลิงก์,A7,ราชปรารภ,3669,3594,3/21/2023
3560,รถไฟระหว่างเมือง,แอร์พอร์ต เรล ลิงก์,A8,พญาไท,13413,13780,3/21/2023
3561,รถไฟระหว่างเมือง,แอร์พอร์ต เรล ลิงก์,A1,สุวรรณภูมิ,11468,10129,3/22/2023
3562,รถไฟระหว่างเมือง,แอร์พอร์ต เรล ลิงก์,A2,ลาดกระบัง,9972,9818,3/22/2023
3563,รถไฟระหว่างเมือง,แอร์พอร์ต เรล ลิงก์,A3,บ้านทับช้าง,3576,3466,3/22/2023
3564,รถไฟระหว่างเมือง,แอร์พอร์ต เรล ลิงก์,A4,หัวหมาก,5367,5258,3/22/2023
3565,รถไฟระหว่างเมือง,แอร์พอร์ต เรล ลิงก์,A5,รามคำแหง,6163,6540,3/22/2023
3566,รถไฟระหว่างเมือง,แอร์พอร์ต เรล ลิงก์,A6,มักกะสัน,11354,12173,3/22/2023
3567,รถไฟระหว่างเมือง,แอร์พอร์ต เรล ลิงก์,A7,ราชปรารภ,3540,3756,3/22/2023
3568,รถไฟระหว่างเมือง,แอร์พอร์ต เรล ลิงก์,A8,พญาไท,13340,13640,3/22/2023
3569,รถไฟระหว่างเมือง,แอร์พอร์ต เรล ลิงก์,A1,สุวรรณภูมิ,11974,9628,3/23/2023
3570,รถไฟระหว่างเมือง,แอร์พอร์ต เรล ลิงก์,A2,ลาดกระบัง,9870,9986,3/23/2023
3571,รถไฟระหว่างเมือง,แอร์พอร์ต เรล ลิงก์,A3,บ้านทับช้าง,3519,3529,3/23/2023
3572,รถไฟระหว่างเมือง,แอร์พอร์ต เรล ลิงก์,A4,หัวหมาก,5512,5314,3/23/2023
3573,รถไฟระหว่างเมือง,แอร์พอร์ต เรล ลิงก์,A5,รามคำแหง,5845,6260,3/23/2023
3574,รถไฟระหว่างเมือง,แอร์พอร์ต เรล ลิงก์,A6,มักกะสัน,11400,12298,3/23/2023
3575,รถไฟระหว่างเมือง,แอร์พอร์ต เรล ลิงก์,A7,ราชปรารภ,3437,3742,3/23/2023
3576,รถไฟระหว่างเมือง,แอร์พอร์ต เรล ลิงก์,A8,พญาไท,13091,13891,3/23/2023
3577,รถไฟระหว่างเมือง,แอร์พอร์ต เรล ลิงก์,A1,สุวรรณภูมิ,12677,10244,3/24/2023
3578,รถไฟระหว่างเมือง,แอร์พอร์ต เรล ลิงก์,A2,ลาดกระบัง,10682,10739,3/24/2023
3579,รถไฟระหว่างเมือง,แอร์พอร์ต เรล ลิงก์,A3,บ้านทับช้าง,3528,3342,3/24/2023
3580,รถไฟระหว่างเมือง,แอร์พอร์ต เรล ลิงก์,A4,หัวหมาก,5431,5330,3/24/2023
3581,รถไฟระหว่างเมือง,แอร์พอร์ต เรล ลิงก์,A5,รามคำแหง,5921,6454,3/24/2023
3582,รถไฟระหว่างเมือง,แอร์พอร์ต เรล ลิงก์,A6,มักกะสัน,11692,12798,3/24/2023
3583,รถไฟระหว่างเมือง,แอร์พอร์ต เรล ลิงก์,A7,ราชปรารภ,3636,3671,3/24/2023
3584,รถไฟระหว่างเมือง,แอร์พอร์ต เรล ลิงก์,A8,พญาไท,14129,15118,3/24/2023
3585,รถไฟระหว่างเมือง,แอร์พอร์ต เรล ลิงก์,A1,สุวรรณภูมิ,11044,8814,3/25/2023
3586,รถไฟระหว่างเมือง,แอร์พอร์ต เรล ลิงก์,A2,ลาดกระบัง,8374,8051,3/25/2023
3587,รถไฟระหว่างเมือง,แอร์พอร์ต เรล ลิงก์,A3,บ้านทับช้าง,1825,1847,3/25/2023
3588,รถไฟระหว่างเมือง,แอร์พอร์ต เรล ลิงก์,A4,หัวหมาก,3468,3415,3/25/2023
3589,รถไฟระหว่างเมือง,แอร์พอร์ต เรล ลิงก์,A5,รามคำแหง,4300,4528,3/25/2023
3590,รถไฟระหว่างเมือง,แอร์พอร์ต เรล ลิงก์,A6,มักกะสัน,7772,8483,3/25/2023
3591,รถไฟระหว่างเมือง,แอร์พอร์ต เรล ลิงก์,A7,ราชปรารภ,3221,3253,3/25/2023
3592,รถไฟระหว่างเมือง,แอร์พอร์ต เรล ลิงก์,A8,พญาไท,10622,12235,3/25/2023
3593,รถไฟระหว่างเมือง,แอร์พอร์ต เรล ลิงก์,A1,สุวรรณภูมิ,10303,8724,3/26/2023
3594,รถไฟระหว่างเมือง,แอร์พอร์ต เรล ลิงก์,A2,ลาดกระบัง,6893,6903,3/26/2023
3595,รถไฟระหว่างเมือง,แอร์พอร์ต เรล ลิงก์,A3,บ้านทับช้าง,1486,1398,3/26/2023
3596,รถไฟระหว่างเมือง,แอร์พอร์ต เรล ลิงก์,A4,หัวหมาก,2848,2858,3/26/2023
3597,รถไฟระหว่างเมือง,แอร์พอร์ต เรล ลิงก์,A5,รามคำแหง,3459,3701,3/26/2023
3598,รถไฟระหว่างเมือง,แอร์พอร์ต เรล ลิงก์,A6,มักกะสัน,6637,7323,3/26/2023
3599,รถไฟระหว่างเมือง,แอร์พอร์ต เรล ลิงก์,A7,ราชปรารภ,3001,2829,3/26/2023
3600,รถไฟระหว่างเมือง,แอร์พอร์ต เรล ลิงก์,A8,พญาไท,9078,9969,3/26/2023
3601,รถไฟระหว่างเมือง,แอร์พอร์ต เรล ลิงก์,A1,สุวรรณภูมิ,11379,10331,3/27/2023
3602,รถไฟระหว่างเมือง,แอร์พอร์ต เรล ลิงก์,A2,ลาดกระบัง,9932,9417,3/27/2023
3603,รถไฟระหว่างเมือง,แอร์พอร์ต เรล ลิงก์,A3,บ้านทับช้าง,3490,3382,3/27/2023
3604,รถไฟระหว่างเมือง,แอร์พอร์ต เรล ลิงก์,A4,หัวหมาก,5382,5155,3/27/2023
3605,รถไฟระหว่างเมือง,แอร์พอร์ต เรล ลิงก์,A5,รามคำแหง,5778,6245,3/27/2023
3606,รถไฟระหว่างเมือง,แอร์พอร์ต เรล ลิงก์,A6,มักกะสัน,11300,12186,3/27/2023
3607,รถไฟระหว่างเมือง,แอร์พอร์ต เรล ลิงก์,A7,ราชปรารภ,3445,3491,3/27/2023
3608,รถไฟระหว่างเมือง,แอร์พอร์ต เรล ลิงก์,A8,พญาไท,13125,13624,3/27/2023
3609,รถไฟระหว่างเมือง,แอร์พอร์ต เรล ลิงก์,A1,สุวรรณภูมิ,11989,10690,3/28/2023
3610,รถไฟระหว่างเมือง,แอร์พอร์ต เรล ลิงก์,A2,ลาดกระบัง,10084,9756,3/28/2023
3611,รถไฟระหว่างเมือง,แอร์พอร์ต เรล ลิงก์,A3,บ้านทับช้าง,3585,3497,3/28/2023
3612,รถไฟระหว่างเมือง,แอร์พอร์ต เรล ลิงก์,A4,หัวหมาก,5589,5385,3/28/2023
3613,รถไฟระหว่างเมือง,แอร์พอร์ต เรล ลิงก์,A5,รามคำแหง,6154,6550,3/28/2023
3614,รถไฟระหว่างเมือง,แอร์พอร์ต เรล ลิงก์,A6,มักกะสัน,11702,12695,3/28/2023
3615,รถไฟระหว่างเมือง,แอร์พอร์ต เรล ลิงก์,A7,ราชปรารภ,3664,3686,3/28/2023
3616,รถไฟระหว่างเมือง,แอร์พอร์ต เรล ลิงก์,A8,พญาไท,13631,14139,3/28/2023
3617,รถไฟระหว่างเมือง,แอร์พอร์ต เรล ลิงก์,A1,สุวรรณภูมิ,11373,10557,3/29/2023
3618,รถไฟระหว่างเมือง,แอร์พอร์ต เรล ลิงก์,A2,ลาดกระบัง,9896,9847,3/29/2023
3619,รถไฟระหว่างเมือง,แอร์พอร์ต เรล ลิงก์,A3,บ้านทับช้าง,3617,3452,3/29/2023
3620,รถไฟระหว่างเมือง,แอร์พอร์ต เรล ลิงก์,A4,หัวหมาก,5659,5373,3/29/2023
3621,รถไฟระหว่างเมือง,แอร์พอร์ต เรล ลิงก์,A5,รามคำแหง,5966,6286,3/29/2023
3622,รถไฟระหว่างเมือง,แอร์พอร์ต เรล ลิงก์,A6,มักกะสัน,11497,12307,3/29/2023
3623,รถไฟระหว่างเมือง,แอร์พอร์ต เรล ลิงก์,A7,ราชปรารภ,3559,3456,3/29/2023
3624,รถไฟระหว่างเมือง,แอร์พอร์ต เรล ลิงก์,A8,พญาไท,13563,13852,3/29/2023
3625,รถไฟระหว่างเมือง,แอร์พอร์ต เรล ลิงก์,A1,สุวรรณภูมิ,12503,10195,3/30/2023
3626,รถไฟระหว่างเมือง,แอร์พอร์ต เรล ลิงก์,A2,ลาดกระบัง,10134,10022,3/30/2023
3627,รถไฟระหว่างเมือง,แอร์พอร์ต เรล ลิงก์,A3,บ้านทับช้าง,3598,3437,3/30/2023
3628,รถไฟระหว่างเมือง,แอร์พอร์ต เรล ลิงก์,A4,หัวหมาก,5613,5454,3/30/2023
3629,รถไฟระหว่างเมือง,แอร์พอร์ต เรล ลิงก์,A5,รามคำแหง,5841,6205,3/30/2023
3630,รถไฟระหว่างเมือง,แอร์พอร์ต เรล ลิงก์,A6,มักกะสัน,11912,12854,3/30/2023
3631,รถไฟระหว่างเมือง,แอร์พอร์ต เรล ลิงก์,A7,ราชปรารภ,3565,3803,3/30/2023
3632,รถไฟระหว่างเมือง,แอร์พอร์ต เรล ลิงก์,A8,พญาไท,13262,14458,3/30/2023
3633,รถไฟระหว่างเมือง,แอร์พอร์ต เรล ลิงก์,A1,สุวรรณภูมิ,12978,10339,3/31/2023
3634,รถไฟระหว่างเมือง,แอร์พอร์ต เรล ลิงก์,A2,ลาดกระบัง,11465,11102,3/31/2023
3635,รถไฟระหว่างเมือง,แอร์พอร์ต เรล ลิงก์,A3,บ้านทับช้าง,3656,3465,3/31/2023
3636,รถไฟระหว่างเมือง,แอร์พอร์ต เรล ลิงก์,A4,หัวหมาก,5834,5654,3/31/2023
3637,รถไฟระหว่างเมือง,แอร์พอร์ต เรล ลิงก์,A5,รามคำแหง,6269,6555,3/31/2023
3638,รถไฟระหว่างเมือง,แอร์พอร์ต เรล ลิงก์,A6,มักกะสัน,12522,13840,3/31/2023
3639,รถไฟระหว่างเมือง,แอร์พอร์ต เรล ลิงก์,A7,ราชปรารภ,3643,3853,3/31/2023
3640,รถไฟระหว่างเมือง,แอร์พอร์ต เรล ลิงก์,A8,พญาไท,14744,16303,3/31/2023
3641,รถไฟระหว่างเมือง,แอร์พอร์ต เรล ลิงก์,A1,สุวรรณภูมิ,10996,9362,4/1/2023
3642,รถไฟระหว่างเมือง,แอร์พอร์ต เรล ลิงก์,A2,ลาดกระบัง,9882,9624,4/1/2023
3643,รถไฟระหว่างเมือง,แอร์พอร์ต เรล ลิงก์,A3,บ้านทับช้าง,2287,2181,4/1/2023
3644,รถไฟระหว่างเมือง,แอร์พอร์ต เรล ลิงก์,A4,หัวหมาก,4224,3972,4/1/2023
3645,รถไฟระหว่างเมือง,แอร์พอร์ต เรล ลิงก์,A5,รามคำแหง,4553,4905,4/1/2023
3646,รถไฟระหว่างเมือง,แอร์พอร์ต เรล ลิงก์,A6,มักกะสัน,9557,10487,4/1/2023
3647,รถไฟระหว่างเมือง,แอร์พอร์ต เรล ลิงก์,A7,ราชปรารภ,3185,3199,4/1/2023
3648,รถไฟระหว่างเมือง,แอร์พอร์ต เรล ลิงก์,A8,พญาไท,12329,13283,4/1/2023
3649,รถไฟระหว่างเมือง,แอร์พอร์ต เรล ลิงก์,A1,สุวรรณภูมิ,10380,9454,4/2/2023
3650,รถไฟระหว่างเมือง,แอร์พอร์ต เรล ลิงก์,A2,ลาดกระบัง,8599,8841,4/2/2023
3651,รถไฟระหว่างเมือง,แอร์พอร์ต เรล ลิงก์,A3,บ้านทับช้าง,1754,1763,4/2/2023
3652,รถไฟระหว่างเมือง,แอร์พอร์ต เรล ลิงก์,A4,หัวหมาก,3350,3315,4/2/2023
3653,รถไฟระหว่างเมือง,แอร์พอร์ต เรล ลิงก์,A5,รามคำแหง,3972,4313,4/2/2023
3654,รถไฟระหว่างเมือง,แอร์พอร์ต เรล ลิงก์,A6,มักกะสัน,8329,8764,4/2/2023
3655,รถไฟระหว่างเมือง,แอร์พอร์ต เรล ลิงก์,A7,ราชปรารภ,3268,2854,4/2/2023
3656,รถไฟระหว่างเมือง,แอร์พอร์ต เรล ลิงก์,A8,พญาไท,11108,11456,4/2/2023
3657,รถไฟระหว่างเมือง,แอร์พอร์ต เรล ลิงก์,A1,สุวรรณภูมิ,11922,11158,4/3/2023
3658,รถไฟระหว่างเมือง,แอร์พอร์ต เรล ลิงก์,A2,ลาดกระบัง,10606,10579,4/3/2023
3659,รถไฟระหว่างเมือง,แอร์พอร์ต เรล ลิงก์,A3,บ้านทับช้าง,3710,3586,4/3/2023
3660,รถไฟระหว่างเมือง,แอร์พอร์ต เรล ลิงก์,A4,หัวหมาก,5707,5547,4/3/2023
3661,รถไฟระหว่างเมือง,แอร์พอร์ต เรล ลิงก์,A5,รามคำแหง,6059,6473,4/3/2023
3662,รถไฟระหว่างเมือง,แอร์พอร์ต เรล ลิงก์,A6,มักกะสัน,12557,13122,4/3/2023
3663,รถไฟระหว่างเมือง,แอร์พอร์ต เรล ลิงก์,A7,ราชปรารภ,3411,3540,4/3/2023
3664,รถไฟระหว่างเมือง,แอร์พอร์ต เรล ลิงก์,A8,พญาไท,14242,14209,4/3/2023
3665,รถไฟระหว่างเมือง,แอร์พอร์ต เรล ลิงก์,A1,สุวรรณภูมิ,10993,10371,4/4/2023
3666,รถไฟระหว่างเมือง,แอร์พอร์ต เรล ลิงก์,A2,ลาดกระบัง,10579,10308,4/4/2023
3667,รถไฟระหว่างเมือง,แอร์พอร์ต เรล ลิงก์,A3,บ้านทับช้าง,3709,3548,4/4/2023
3668,รถไฟระหว่างเมือง,แอร์พอร์ต เรล ลิงก์,A4,หัวหมาก,5727,5400,4/4/2023
3669,รถไฟระหว่างเมือง,แอร์พอร์ต เรล ลิงก์,A5,รามคำแหง,6134,6496,4/4/2023
3670,รถไฟระหว่างเมือง,แอร์พอร์ต เรล ลิงก์,A6,มักกะสัน,12135,12853,4/4/2023
3671,รถไฟระหว่างเมือง,แอร์พอร์ต เรล ลิงก์,A7,ราชปรารภ,3517,3462,4/4/2023
3672,รถไฟระหว่างเมือง,แอร์พอร์ต เรล ลิงก์,A8,พญาไท,13621,13977,4/4/2023
3673,รถไฟระหว่างเมือง,แอร์พอร์ต เรล ลิงก์,A1,สุวรรณภูมิ,11332,10518,4/5/2023
3674,รถไฟระหว่างเมือง,แอร์พอร์ต เรล ลิงก์,A2,ลาดกระบัง,10827,10689,4/5/2023
3675,รถไฟระหว่างเมือง,แอร์พอร์ต เรล ลิงก์,A3,บ้านทับช้าง,3778,3612,4/5/2023
3676,รถไฟระหว่างเมือง,แอร์พอร์ต เรล ลิงก์,A4,หัวหมาก,5725,5474,4/5/2023
3677,รถไฟระหว่างเมือง,แอร์พอร์ต เรล ลิงก์,A5,รามคำแหง,6074,6326,4/5/2023
3678,รถไฟระหว่างเมือง,แอร์พอร์ต เรล ลิงก์,A6,มักกะสัน,12265,13222,4/5/2023
3679,รถไฟระหว่างเมือง,แอร์พอร์ต เรล ลิงก์,A7,ราชปรารภ,3461,3543,4/5/2023
3680,รถไฟระหว่างเมือง,แอร์พอร์ต เรล ลิงก์,A8,พญาไท,14175,14253,4/5/2023
3681,รถไฟระหว่างเมือง,แอร์พอร์ต เรล ลิงก์,A1,สุวรรณภูมิ,9907,8958,4/6/2023
3682,รถไฟระหว่างเมือง,แอร์พอร์ต เรล ลิงก์,A2,ลาดกระบัง,6974,6866,4/6/2023
3683,รถไฟระหว่างเมือง,แอร์พอร์ต เรล ลิงก์,A3,บ้านทับช้าง,1729,1655,4/6/2023
3684,รถไฟระหว่างเมือง,แอร์พอร์ต เรล ลิงก์,A4,หัวหมาก,3255,3124,4/6/2023
3685,รถไฟระหว่างเมือง,แอร์พอร์ต เรล ลิงก์,A5,รามคำแหง,3709,3742,4/6/2023
3686,รถไฟระหว่างเมือง,แอร์พอร์ต เรล ลิงก์,A6,มักกะสัน,7608,8115,4/6/2023
3687,รถไฟระหว่างเมือง,แอร์พอร์ต เรล ลิงก์,A7,ราชปรารภ,2737,2940,4/6/2023
3688,รถไฟระหว่างเมือง,แอร์พอร์ต เรล ลิงก์,A8,พญาไท,8431,8950,4/6/2023
3689,รถไฟระหว่างเมือง,แอร์พอร์ต เรล ลิงก์,A1,สุวรรณภูมิ,11632,10071,4/7/2023
3690,รถไฟระหว่างเมือง,แอร์พอร์ต เรล ลิงก์,A2,ลาดกระบัง,10265,9979,4/7/2023
3691,รถไฟระหว่างเมือง,แอร์พอร์ต เรล ลิงก์,A3,บ้านทับช้าง,3273,3117,4/7/2023
3692,รถไฟระหว่างเมือง,แอร์พอร์ต เรล ลิงก์,A4,หัวหมาก,5068,4841,4/7/2023
3693,รถไฟระหว่างเมือง,แอร์พอร์ต เรล ลิงก์,A5,รามคำแหง,5533,5689,4/7/2023
3694,รถไฟระหว่างเมือง,แอร์พอร์ต เรล ลิงก์,A6,มักกะสัน,10934,12020,4/7/2023
3695,รถไฟระหว่างเมือง,แอร์พอร์ต เรล ลิงก์,A7,ราชปรารภ,3321,3469,4/7/2023
3696,รถไฟระหว่างเมือง,แอร์พอร์ต เรล ลิงก์,A8,พญาไท,12859,13699,4/7/2023
3697,รถไฟระหว่างเมือง,แอร์พอร์ต เรล ลิงก์,A1,สุวรรณภูมิ,10187,8560,4/8/2023
3698,รถไฟระหว่างเมือง,แอร์พอร์ต เรล ลิงก์,A2,ลาดกระบัง,8059,7661,4/8/2023
3699,รถไฟระหว่างเมือง,แอร์พอร์ต เรล ลิงก์,A3,บ้านทับช้าง,1776,1668,4/8/2023
3700,รถไฟระหว่างเมือง,แอร์พอร์ต เรล ลิงก์,A4,หัวหมาก,3388,3393,4/8/2023
3701,รถไฟระหว่างเมือง,แอร์พอร์ต เรล ลิงก์,A5,รามคำแหง,3614,3906,4/8/2023
3702,รถไฟระหว่างเมือง,แอร์พอร์ต เรล ลิงก์,A6,มักกะสัน,7776,8429,4/8/2023
3703,รถไฟระหว่างเมือง,แอร์พอร์ต เรล ลิงก์,A7,ราชปรารภ,2748,2721,4/8/2023
3704,รถไฟระหว่างเมือง,แอร์พอร์ต เรล ลิงก์,A8,พญาไท,9329,10539,4/8/2023
3705,รถไฟระหว่างเมือง,แอร์พอร์ต เรล ลิงก์,A1,สุวรรณภูมิ,9900,8753,4/9/2023
3706,รถไฟระหว่างเมือง,แอร์พอร์ต เรล ลิงก์,A2,ลาดกระบัง,6988,6633,4/9/2023
3707,รถไฟระหว่างเมือง,แอร์พอร์ต เรล ลิงก์,A3,บ้านทับช้าง,1370,1396,4/9/2023
3708,รถไฟระหว่างเมือง,แอร์พอร์ต เรล ลิงก์,A4,หัวหมาก,2786,2804,4/9/2023
3709,รถไฟระหว่างเมือง,แอร์พอร์ต เรล ลิงก์,A5,รามคำแหง,3241,3661,4/9/2023
3710,รถไฟระหว่างเมือง,แอร์พอร์ต เรล ลิงก์,A6,มักกะสัน,6785,7514,4/9/2023
3711,รถไฟระหว่างเมือง,แอร์พอร์ต เรล ลิงก์,A7,ราชปรารภ,2728,2602,4/9/2023
3712,รถไฟระหว่างเมือง,แอร์พอร์ต เรล ลิงก์,A8,พญาไท,8562,8997,4/9/2023
3713,รถไฟระหว่างเมือง,แอร์พอร์ต เรล ลิงก์,A1,สุวรรณภูมิ,10578,9817,4/10/2023
3714,รถไฟระหว่างเมือง,แอร์พอร์ต เรล ลิงก์,A2,ลาดกระบัง,9489,9050,4/10/2023
3715,รถไฟระหว่างเมือง,แอร์พอร์ต เรล ลิงก์,A3,บ้านทับช้าง,3063,3013,4/10/2023
3716,รถไฟระหว่างเมือง,แอร์พอร์ต เรล ลิงก์,A4,หัวหมาก,4708,4601,4/10/2023
3717,รถไฟระหว่างเมือง,แอร์พอร์ต เรล ลิงก์,A5,รามคำแหง,5040,5378,4/10/2023
3718,รถไฟระหว่างเมือง,แอร์พอร์ต เรล ลิงก์,A6,มักกะสัน,10224,10837,4/10/2023
3719,รถไฟระหว่างเมือง,แอร์พอร์ต เรล ลิงก์,A7,ราชปรารภ,3199,3215,4/10/2023
3720,รถไฟระหว่างเมือง,แอร์พอร์ต เรล ลิงก์,A8,พญาไท,11912,12302,4/10/2023
3721,รถไฟระหว่างเมือง,แอร์พอร์ต เรล ลิงก์,A1,สุวรรณภูมิ,10990,9595,4/11/2023
3722,รถไฟระหว่างเมือง,แอร์พอร์ต เรล ลิงก์,A2,ลาดกระบัง,9172,8833,4/11/2023
3723,รถไฟระหว่างเมือง,แอร์พอร์ต เรล ลิงก์,A3,บ้านทับช้าง,3068,2941,4/11/2023
3724,รถไฟระหว่างเมือง,แอร์พอร์ต เรล ลิงก์,A4,หัวหมาก,4618,4426,4/11/2023
3725,รถไฟระหว่างเมือง,แอร์พอร์ต เรล ลิงก์,A5,รามคำแหง,4862,5119,4/11/2023
3726,รถไฟระหว่างเมือง,แอร์พอร์ต เรล ลิงก์,A6,มักกะสัน,9681,10528,4/11/2023
3727,รถไฟระหว่างเมือง,แอร์พอร์ต เรล ลิงก์,A7,ราชปรารภ,3286,3355,4/11/2023
3728,รถไฟระหว่างเมือง,แอร์พอร์ต เรล ลิงก์,A8,พญาไท,11624,12504,4/11/2023
3729,รถไฟระหว่างเมือง,แอร์พอร์ต เรล ลิงก์,A1,สุวรรณภูมิ,11062,9963,4/12/2023
3730,รถไฟระหว่างเมือง,แอร์พอร์ต เรล ลิงก์,A2,ลาดกระบัง,8698,8611,4/12/2023
3731,รถไฟระหว่างเมือง,แอร์พอร์ต เรล ลิงก์,A3,บ้านทับช้าง,2671,2502,4/12/2023
3732,รถไฟระหว่างเมือง,แอร์พอร์ต เรล ลิงก์,A4,หัวหมาก,4255,3919,4/12/2023
3733,รถไฟระหว่างเมือง,แอร์พอร์ต เรล ลิงก์,A5,รามคำแหง,4585,4731,4/12/2023
3734,รถไฟระหว่างเมือง,แอร์พอร์ต เรล ลิงก์,A6,มักกะสัน,9139,9914,4/12/2023
3735,รถไฟระหว่างเมือง,แอร์พอร์ต เรล ลิงก์,A7,ราชปรารภ,2925,2937,4/12/2023
3736,รถไฟระหว่างเมือง,แอร์พอร์ต เรล ลิงก์,A8,พญาไท,11377,12135,4/12/2023
3737,รถไฟระหว่างเมือง,แอร์พอร์ต เรล ลิงก์,A1,สุวรรณภูมิ,10366,9202,4/13/2023
3738,รถไฟระหว่างเมือง,แอร์พอร์ต เรล ลิงก์,A2,ลาดกระบัง,7168,6834,4/13/2023
3739,รถไฟระหว่างเมือง,แอร์พอร์ต เรล ลิงก์,A3,บ้านทับช้าง,1443,1265,4/13/2023
3740,รถไฟระหว่างเมือง,แอร์พอร์ต เรล ลิงก์,A4,หัวหมาก,2936,2441,4/13/2023
3741,รถไฟระหว่างเมือง,แอร์พอร์ต เรล ลิงก์,A5,รามคำแหง,3428,3376,4/13/2023
3742,รถไฟระหว่างเมือง,แอร์พอร์ต เรล ลิงก์,A6,มักกะสัน,6000,6862,4/13/2023
3743,รถไฟระหว่างเมือง,แอร์พอร์ต เรล ลิงก์,A7,ราชปรารภ,2538,2542,4/13/2023
3744,รถไฟระหว่างเมือง,แอร์พอร์ต เรล ลิงก์,A8,พญาไท,9401,10758,4/13/2023
3745,รถไฟระหว่างเมือง,แอร์พอร์ต เรล ลิงก์,A1,สุวรรณภูมิ,9933,7998,4/14/2023
3746,รถไฟระหว่างเมือง,แอร์พอร์ต เรล ลิงก์,A2,ลาดกระบัง,7171,6956,4/14/2023
3747,รถไฟระหว่างเมือง,แอร์พอร์ต เรล ลิงก์,A3,บ้านทับช้าง,1408,1280,4/14/2023
3748,รถไฟระหว่างเมือง,แอร์พอร์ต เรล ลิงก์,A4,หัวหมาก,2748,2473,4/14/2023
3749,รถไฟระหว่างเมือง,แอร์พอร์ต เรล ลิงก์,A5,รามคำแหง,3284,3526,4/14/2023
3750,รถไฟระหว่างเมือง,แอร์พอร์ต เรล ลิงก์,A6,มักกะสัน,5731,6683,4/14/2023
3751,รถไฟระหว่างเมือง,แอร์พอร์ต เรล ลิงก์,A7,ราชปรารภ,2668,2584,4/14/2023
3752,รถไฟระหว่างเมือง,แอร์พอร์ต เรล ลิงก์,A8,พญาไท,9039,10482,4/14/2023
3753,รถไฟระหว่างเมือง,แอร์พอร์ต เรล ลิงก์,A1,สุวรรณภูมิ,9527,7659,4/15/2023
3754,รถไฟระหว่างเมือง,แอร์พอร์ต เรล ลิงก์,A2,ลาดกระบัง,7959,8040,4/15/2023
3755,รถไฟระหว่างเมือง,แอร์พอร์ต เรล ลิงก์,A3,บ้านทับช้าง,1462,1381,4/15/2023
3756,รถไฟระหว่างเมือง,แอร์พอร์ต เรล ลิงก์,A4,หัวหมาก,2922,2720,4/15/2023
3757,รถไฟระหว่างเมือง,แอร์พอร์ต เรล ลิงก์,A5,รามคำแหง,3252,3770,4/15/2023
3758,รถไฟระหว่างเมือง,แอร์พอร์ต เรล ลิงก์,A6,มักกะสัน,6061,6747,4/15/2023
3759,รถไฟระหว่างเมือง,แอร์พอร์ต เรล ลิงก์,A7,ราชปรารภ,2949,2617,4/15/2023
3760,รถไฟระหว่างเมือง,แอร์พอร์ต เรล ลิงก์,A8,พญาไท,10054,11252,4/15/2023
3761,รถไฟระหว่างเมือง,แอร์พอร์ต เรล ลิงก์,A1,สุวรรณภูมิ,10002,7815,4/16/2023
3762,รถไฟระหว่างเมือง,แอร์พอร์ต เรล ลิงก์,A2,ลาดกระบัง,5296,5851,4/16/2023
3763,รถไฟระหว่างเมือง,แอร์พอร์ต เรล ลิงก์,A3,บ้านทับช้าง,1173,1206,4/16/2023
3764,รถไฟระหว่างเมือง,แอร์พอร์ต เรล ลิงก์,A4,หัวหมาก,2078,2278,4/16/2023
3765,รถไฟระหว่างเมือง,แอร์พอร์ต เรล ลิงก์,A5,รามคำแหง,2544,3188,4/16/2023
3766,รถไฟระหว่างเมือง,แอร์พอร์ต เรล ลิงก์,A6,มักกะสัน,5233,5705,4/16/2023
3767,รถไฟระหว่างเมือง,แอร์พอร์ต เรล ลิงก์,A7,ราชปรารภ,2315,2095,4/16/2023
3768,รถไฟระหว่างเมือง,แอร์พอร์ต เรล ลิงก์,A8,พญาไท,7636,8139,4/16/2023
3769,รถไฟระหว่างเมือง,แอร์พอร์ต เรล ลิงก์,A1,สุวรรณภูมิ,11431,8455,4/17/2023
3770,รถไฟระหว่างเมือง,แอร์พอร์ต เรล ลิงก์,A2,ลาดกระบัง,7589,7969,4/17/2023
3771,รถไฟระหว่างเมือง,แอร์พอร์ต เรล ลิงก์,A3,บ้านทับช้าง,2286,2247,4/17/2023
3772,รถไฟระหว่างเมือง,แอร์พอร์ต เรล ลิงก์,A4,หัวหมาก,3528,3637,4/17/2023
3773,รถไฟระหว่างเมือง,แอร์พอร์ต เรล ลิงก์,A5,รามคำแหง,3965,4328,4/17/2023
3774,รถไฟระหว่างเมือง,แอร์พอร์ต เรล ลิงก์,A6,มักกะสัน,8062,9226,4/17/2023
3775,รถไฟระหว่างเมือง,แอร์พอร์ต เรล ลิงก์,A7,ราชปรารภ,2591,2602,4/17/2023
3776,รถไฟระหว่างเมือง,แอร์พอร์ต เรล ลิงก์,A8,พญาไท,9646,10634,4/17/2023
3777,รถไฟระหว่างเมือง,แอร์พอร์ต เรล ลิงก์,A1,สุวรรณภูมิ,11431,8827,4/18/2023
3778,รถไฟระหว่างเมือง,แอร์พอร์ต เรล ลิงก์,A2,ลาดกระบัง,9489,9269,4/18/2023
3779,รถไฟระหว่างเมือง,แอร์พอร์ต เรล ลิงก์,A3,บ้านทับช้าง,3367,3334,4/18/2023
3780,รถไฟระหว่างเมือง,แอร์พอร์ต เรล ลิงก์,A4,หัวหมาก,5057,5026,4/18/2023
3781,รถไฟระหว่างเมือง,แอร์พอร์ต เรล ลิงก์,A5,รามคำแหง,5195,5668,4/18/2023
3782,รถไฟระหว่างเมือง,แอร์พอร์ต เรล ลิงก์,A6,มักกะสัน,10523,11563,4/18/2023
3783,รถไฟระหว่างเมือง,แอร์พอร์ต เรล ลิงก์,A7,ราชปรารภ,2946,3119,4/18/2023
3784,รถไฟระหว่างเมือง,แอร์พอร์ต เรล ลิงก์,A8,พญาไท,11835,13037,4/18/2023
3785,รถไฟระหว่างเมือง,แอร์พอร์ต เรล ลิงก์,A1,สุวรรณภูมิ,11382,9193,4/19/2023
3786,รถไฟระหว่างเมือง,แอร์พอร์ต เรล ลิงก์,A2,ลาดกระบัง,9561,9683,4/19/2023
3787,รถไฟระหว่างเมือง,แอร์พอร์ต เรล ลิงก์,A3,บ้านทับช้าง,3440,3333,4/19/2023
3788,รถไฟระหว่างเมือง,แอร์พอร์ต เรล ลิงก์,A4,หัวหมาก,5081,5005,4/19/2023
3789,รถไฟระหว่างเมือง,แอร์พอร์ต เรล ลิงก์,A5,รามคำแหง,5344,5791,4/19/2023
3790,รถไฟระหว่างเมือง,แอร์พอร์ต เรล ลิงก์,A6,มักกะสัน,10963,11685,4/19/2023
3791,รถไฟระหว่างเมือง,แอร์พอร์ต เรล ลิงก์,A7,ราชปรารภ,3009,3182,4/19/2023
3792,รถไฟระหว่างเมือง,แอร์พอร์ต เรล ลิงก์,A8,พญาไท,12123,13031,4/19/2023
3793,รถไฟระหว่างเมือง,แอร์พอร์ต เรล ลิงก์,A1,สุวรรณภูมิ,11619,8900,4/20/2023
3794,รถไฟระหว่างเมือง,แอร์พอร์ต เรล ลิงก์,A2,ลาดกระบัง,9568,9486,4/20/2023
3795,รถไฟระหว่างเมือง,แอร์พอร์ต เรล ลิงก์,A3,บ้านทับช้าง,3392,3269,4/20/2023
3796,รถไฟระหว่างเมือง,แอร์พอร์ต เรล ลิงก์,A4,หัวหมาก,5180,5010,4/20/2023
3797,รถไฟระหว่างเมือง,แอร์พอร์ต เรล ลิงก์,A5,รามคำแหง,5426,5879,4/20/2023
3798,รถไฟระหว่างเมือง,แอร์พอร์ต เรล ลิงก์,A6,มักกะสัน,10587,11583,4/20/2023
3799,รถไฟระหว่างเมือง,แอร์พอร์ต เรล ลิงก์,A7,ราชปรารภ,3217,3447,4/20/2023
3800,รถไฟระหว่างเมือง,แอร์พอร์ต เรล ลิงก์,A8,พญาไท,12075,13490,4/20/2023
3801,รถไฟระหว่างเมือง,แอร์พอร์ต เรล ลิงก์,A1,สุวรรณภูมิ,12041,9469,4/21/2023
3802,รถไฟระหว่างเมือง,แอร์พอร์ต เรล ลิงก์,A2,ลาดกระบัง,9800,9706,4/21/2023
3803,รถไฟระหว่างเมือง,แอร์พอร์ต เรล ลิงก์,A3,บ้านทับช้าง,3272,3138,4/21/2023
3804,รถไฟระหว่างเมือง,แอร์พอร์ต เรล ลิงก์,A4,หัวหมาก,5098,4882,4/21/2023
3805,รถไฟระหว่างเมือง,แอร์พอร์ต เรล ลิงก์,A5,รามคำแหง,5387,5600,4/21/2023
3806,รถไฟระหว่างเมือง,แอร์พอร์ต เรล ลิงก์,A6,มักกะสัน,10606,11999,4/21/2023
3807,รถไฟระหว่างเมือง,แอร์พอร์ต เรล ลิงก์,A7,ราชปรารภ,3344,3426,4/21/2023
3808,รถไฟระหว่างเมือง,แอร์พอร์ต เรล ลิงก์,A8,พญาไท,12529,13857,4/21/2023
3809,รถไฟระหว่างเมือง,แอร์พอร์ต เรล ลิงก์,A1,สุวรรณภูมิ,10334,7955,4/22/2023
3810,รถไฟระหว่างเมือง,แอร์พอร์ต เรล ลิงก์,A2,ลาดกระบัง,7212,7194,4/22/2023
3811,รถไฟระหว่างเมือง,แอร์พอร์ต เรล ลิงก์,A3,บ้านทับช้าง,1560,1609,4/22/2023
3812,รถไฟระหว่างเมือง,แอร์พอร์ต เรล ลิงก์,A4,หัวหมาก,3174,3067,4/22/2023
3813,รถไฟระหว่างเมือง,แอร์พอร์ต เรล ลิงก์,A5,รามคำแหง,3808,4068,4/22/2023
3814,รถไฟระหว่างเมือง,แอร์พอร์ต เรล ลิงก์,A6,มักกะสัน,6658,7416,4/22/2023
3815,รถไฟระหว่างเมือง,แอร์พอร์ต เรล ลิงก์,A7,ราชปรารภ,2669,2762,4/22/2023
3816,รถไฟระหว่างเมือง,แอร์พอร์ต เรล ลิงก์,A8,พญาไท,9466,10810,4/22/2023
3817,รถไฟระหว่างเมือง,แอร์พอร์ต เรล ลิงก์,A1,สุวรรณภูมิ,10140,8138,4/23/2023
3818,รถไฟระหว่างเมือง,แอร์พอร์ต เรล ลิงก์,A2,ลาดกระบัง,6169,6300,4/23/2023
3819,รถไฟระหว่างเมือง,แอร์พอร์ต เรล ลิงก์,A3,บ้านทับช้าง,1351,1386,4/23/2023
3820,รถไฟระหว่างเมือง,แอร์พอร์ต เรล ลิงก์,A4,หัวหมาก,2541,2629,4/23/2023
3821,รถไฟระหว่างเมือง,แอร์พอร์ต เรล ลิงก์,A5,รามคำแหง,3155,3739,4/23/2023
3822,รถไฟระหว่างเมือง,แอร์พอร์ต เรล ลิงก์,A6,มักกะสัน,6179,6594,4/23/2023
3823,รถไฟระหว่างเมือง,แอร์พอร์ต เรล ลิงก์,A7,ราชปรารภ,2699,2588,4/23/2023
3824,รถไฟระหว่างเมือง,แอร์พอร์ต เรล ลิงก์,A8,พญาไท,8430,9290,4/23/2023
3825,รถไฟระหว่างเมือง,แอร์พอร์ต เรล ลิงก์,A1,สุวรรณภูมิ,11050,9612,4/24/2023
3826,รถไฟระหว่างเมือง,แอร์พอร์ต เรล ลิงก์,A2,ลาดกระบัง,9805,9498,4/24/2023
3827,รถไฟระหว่างเมือง,แอร์พอร์ต เรล ลิงก์,A3,บ้านทับช้าง,3390,3289,4/24/2023
3828,รถไฟระหว่างเมือง,แอร์พอร์ต เรล ลิงก์,A4,หัวหมาก,5203,5096,4/24/2023
3829,รถไฟระหว่างเมือง,แอร์พอร์ต เรล ลิงก์,A5,รามคำแหง,5520,6044,4/24/2023
3830,รถไฟระหว่างเมือง,แอร์พอร์ต เรล ลิงก์,A6,มักกะสัน,10965,11735,4/24/2023
3831,รถไฟระหว่างเมือง,แอร์พอร์ต เรล ลิงก์,A7,ราชปรารภ,3383,3617,4/24/2023
3832,รถไฟระหว่างเมือง,แอร์พอร์ต เรล ลิงก์,A8,พญาไท,12676,13101,4/24/2023
3833,รถไฟระหว่างเมือง,แอร์พอร์ต เรล ลิงก์,A1,สุวรรณภูมิ,11445,9694,4/25/2023
3834,รถไฟระหว่างเมือง,แอร์พอร์ต เรล ลิงก์,A2,ลาดกระบัง,9911,9861,4/25/2023
3835,รถไฟระหว่างเมือง,แอร์พอร์ต เรล ลิงก์,A3,บ้านทับช้าง,3632,3464,4/25/2023
3836,รถไฟระหว่างเมือง,แอร์พอร์ต เรล ลิงก์,A4,หัวหมาก,5336,5199,4/25/2023
3837,รถไฟระหว่างเมือง,แอร์พอร์ต เรล ลิงก์,A5,รามคำแหง,5616,6310,4/25/2023
3838,รถไฟระหว่างเมือง,แอร์พอร์ต เรล ลิงก์,A6,มักกะสัน,11425,12165,4/25/2023
3839,รถไฟระหว่างเมือง,แอร์พอร์ต เรล ลิงก์,A7,ราชปรารภ,3450,3475,4/25/2023
3840,รถไฟระหว่างเมือง,แอร์พอร์ต เรล ลิงก์,A8,พญาไท,13161,13808,4/25/2023
3841,รถไฟระหว่างเมือง,แอร์พอร์ต เรล ลิงก์,A1,สุวรรณภูมิ,11543,9517,4/26/2023
3842,รถไฟระหว่างเมือง,แอร์พอร์ต เรล ลิงก์,A2,ลาดกระบัง,9545,9480,4/26/2023
3843,รถไฟระหว่างเมือง,แอร์พอร์ต เรล ลิงก์,A3,บ้านทับช้าง,3474,3392,4/26/2023
3844,รถไฟระหว่างเมือง,แอร์พอร์ต เรล ลิงก์,A4,หัวหมาก,5269,5193,4/26/2023
3845,รถไฟระหว่างเมือง,แอร์พอร์ต เรล ลิงก์,A5,รามคำแหง,5634,6262,4/26/2023
3846,รถไฟระหว่างเมือง,แอร์พอร์ต เรล ลิงก์,A6,มักกะสัน,11142,11985,4/26/2023
3847,รถไฟระหว่างเมือง,แอร์พอร์ต เรล ลิงก์,A7,ราชปรารภ,3393,3674,4/26/2023
3848,รถไฟระหว่างเมือง,แอร์พอร์ต เรล ลิงก์,A8,พญาไท,12905,13402,4/26/2023
3849,รถไฟระหว่างเมือง,แอร์พอร์ต เรล ลิงก์,A1,สุวรรณภูมิ,12284,9705,4/27/2023
3850,รถไฟระหว่างเมือง,แอร์พอร์ต เรล ลิงก์,A2,ลาดกระบัง,10507,10199,4/27/2023
3851,รถไฟระหว่างเมือง,แอร์พอร์ต เรล ลิงก์,A3,บ้านทับช้าง,3498,3365,4/27/2023
3852,รถไฟระหว่างเมือง,แอร์พอร์ต เรล ลิงก์,A4,หัวหมาก,5342,5258,4/27/2023
3853,รถไฟระหว่างเมือง,แอร์พอร์ต เรล ลิงก์,A5,รามคำแหง,5616,6255,4/27/2023
3854,รถไฟระหว่างเมือง,แอร์พอร์ต เรล ลิงก์,A6,มักกะสัน,11271,12415,4/27/2023
3855,รถไฟระหว่างเมือง,แอร์พอร์ต เรล ลิงก์,A7,ราชปรารภ,3535,3797,4/27/2023
3856,รถไฟระหว่างเมือง,แอร์พอร์ต เรล ลิงก์,A8,พญาไท,13327,14386,4/27/2023
3857,รถไฟระหว่างเมือง,แอร์พอร์ต เรล ลิงก์,A1,สุวรรณภูมิ,13353,10590,4/28/2023
3858,รถไฟระหว่างเมือง,แอร์พอร์ต เรล ลิงก์,A2,ลาดกระบัง,11270,10982,4/28/2023
3859,รถไฟระหว่างเมือง,แอร์พอร์ต เรล ลิงก์,A3,บ้านทับช้าง,3575,3467,4/28/2023
3860,รถไฟระหว่างเมือง,แอร์พอร์ต เรล ลิงก์,A4,หัวหมาก,5575,5324,4/28/2023
3861,รถไฟระหว่างเมือง,แอร์พอร์ต เรล ลิงก์,A5,รามคำแหง,6016,6456,4/28/2023
3862,รถไฟระหว่างเมือง,แอร์พอร์ต เรล ลิงก์,A6,มักกะสัน,12166,13513,4/28/2023
3863,รถไฟระหว่างเมือง,แอร์พอร์ต เรล ลิงก์,A7,ราชปรารภ,3609,3718,4/28/2023
3864,รถไฟระหว่างเมือง,แอร์พอร์ต เรล ลิงก์,A8,พญาไท,14359,15873,4/28/2023
3865,รถไฟระหว่างเมือง,แอร์พอร์ต เรล ลิงก์,A1,สุวรรณภูมิ,11579,9087,4/29/2023
3866,รถไฟระหว่างเมือง,แอร์พอร์ต เรล ลิงก์,A2,ลาดกระบัง,8005,8061,4/29/2023
3867,รถไฟระหว่างเมือง,แอร์พอร์ต เรล ลิงก์,A3,บ้านทับช้าง,1794,1757,4/29/2023
3868,รถไฟระหว่างเมือง,แอร์พอร์ต เรล ลิงก์,A4,หัวหมาก,3377,3230,4/29/2023
3869,รถไฟระหว่างเมือง,แอร์พอร์ต เรล ลิงก์,A5,รามคำแหง,4138,4501,4/29/2023
3870,รถไฟระหว่างเมือง,แอร์พอร์ต เรล ลิงก์,A6,มักกะสัน,7795,8361,4/29/2023
3871,รถไฟระหว่างเมือง,แอร์พอร์ต เรล ลิงก์,A7,ราชปรารภ,2950,2912,4/29/2023
3872,รถไฟระหว่างเมือง,แอร์พอร์ต เรล ลิงก์,A8,พญาไท,10430,12159,4/29/2023
3873,รถไฟระหว่างเมือง,แอร์พอร์ต เรล ลิงก์,A1,สุวรรณภูมิ,10265,8417,4/30/2023
3874,รถไฟระหว่างเมือง,แอร์พอร์ต เรล ลิงก์,A2,ลาดกระบัง,6599,6783,4/30/2023
3875,รถไฟระหว่างเมือง,แอร์พอร์ต เรล ลิงก์,A3,บ้านทับช้าง,1374,1360,4/30/2023
3876,รถไฟระหว่างเมือง,แอร์พอร์ต เรล ลิงก์,A4,หัวหมาก,2830,2695,4/30/2023
3877,รถไฟระหว่างเมือง,แอร์พอร์ต เรล ลิงก์,A5,รามคำแหง,3420,3711,4/30/2023
3878,รถไฟระหว่างเมือง,แอร์พอร์ต เรล ลิงก์,A6,มักกะสัน,6476,7136,4/30/2023
3879,รถไฟระหว่างเมือง,แอร์พอร์ต เรล ลิงก์,A7,ราชปรารภ,2699,2584,4/30/2023
3880,รถไฟระหว่างเมือง,แอร์พอร์ต เรล ลิงก์,A8,พญาไท,9205,10182,4/30/2023
3881,รถไฟระหว่างเมือง,แอร์พอร์ต เรล ลิงก์,A1,สุวรรณภูมิ,10922,9575,5/1/2023
3882,รถไฟระหว่างเมือง,แอร์พอร์ต เรล ลิงก์,A2,ลาดกระบัง,7341,7161,5/1/2023
3883,รถไฟระหว่างเมือง,แอร์พอร์ต เรล ลิงก์,A3,บ้านทับช้าง,1836,1828,5/1/2023
3884,รถไฟระหว่างเมือง,แอร์พอร์ต เรล ลิงก์,A4,หัวหมาก,3170,3293,5/1/2023
3885,รถไฟระหว่างเมือง,แอร์พอร์ต เรล ลิงก์,A5,รามคำแหง,3672,4071,5/1/2023
3886,รถไฟระหว่างเมือง,แอร์พอร์ต เรล ลิงก์,A6,มักกะสัน,7228,7835,5/1/2023
3887,รถไฟระหว่างเมือง,แอร์พอร์ต เรล ลิงก์,A7,ราชปรารภ,2981,3041,5/1/2023
3888,รถไฟระหว่างเมือง,แอร์พอร์ต เรล ลิงก์,A8,พญาไท,10087,10433,5/1/2023
3889,รถไฟระหว่างเมือง,แอร์พอร์ต เรล ลิงก์,A1,สุวรรณภูมิ,12261,10170,5/2/2023
3890,รถไฟระหว่างเมือง,แอร์พอร์ต เรล ลิงก์,A2,ลาดกระบัง,9740,9661,5/2/2023
3891,รถไฟระหว่างเมือง,แอร์พอร์ต เรล ลิงก์,A3,บ้านทับช้าง,3368,3331,5/2/2023
3892,รถไฟระหว่างเมือง,แอร์พอร์ต เรล ลิงก์,A4,หัวหมาก,5328,5154,5/2/2023
3893,รถไฟระหว่างเมือง,แอร์พอร์ต เรล ลิงก์,A5,รามคำแหง,5645,6208,5/2/2023
3894,รถไฟระหว่างเมือง,แอร์พอร์ต เรล ลิงก์,A6,มักกะสัน,11124,11964,5/2/2023
3895,รถไฟระหว่างเมือง,แอร์พอร์ต เรล ลิงก์,A7,ราชปรารภ,3494,3717,5/2/2023
3896,รถไฟระหว่างเมือง,แอร์พอร์ต เรล ลิงก์,A8,พญาไท,13361,14116,5/2/2023
3897,รถไฟระหว่างเมือง,แอร์พอร์ต เรล ลิงก์,A1,สุวรรณภูมิ,0,0,5/3/2023
3898,รถไฟระหว่างเมือง,แอร์พอร์ต เรล ลิงก์,A2,ลาดกระบัง,0,0,5/3/2023
3899,รถไฟระหว่างเมือง,แอร์พอร์ต เรล ลิงก์,A3,บ้านทับช้าง,0,0,5/3/2023
3900,รถไฟระหว่างเมือง,แอร์พอร์ต เรล ลิงก์,A4,หัวหมาก,0,0,5/3/2023
3901,รถไฟระหว่างเมือง,แอร์พอร์ต เรล ลิงก์,A5,รามคำแหง,0,0,5/3/2023
3902,รถไฟระหว่างเมือง,แอร์พอร์ต เรล ลิงก์,A6,มักกะสัน,0,0,5/3/2023
3903,รถไฟระหว่างเมือง,แอร์พอร์ต เรล ลิงก์,A7,ราชปรารภ,0,0,5/3/2023
3904,รถไฟระหว่างเมือง,แอร์พอร์ต เรล ลิงก์,A8,พญาไท,0,0,5/3/2023
3905,รถไฟระหว่างเมือง,แอร์พอร์ต เรล ลิงก์,A1,สุวรรณภูมิ,0,0,5/4/2023
3906,รถไฟระหว่างเมือง,แอร์พอร์ต เรล ลิงก์,A2,ลาดกระบัง,0,0,5/4/2023
3907,รถไฟระหว่างเมือง,แอร์พอร์ต เรล ลิงก์,A3,บ้านทับช้าง,0,0,5/4/2023
3908,รถไฟระหว่างเมือง,แอร์พอร์ต เรล ลิงก์,A4,หัวหมาก,0,0,5/4/2023
3909,รถไฟระหว่างเมือง,แอร์พอร์ต เรล ลิงก์,A5,รามคำแหง,0,0,5/4/2023
3910,รถไฟระหว่างเมือง,แอร์พอร์ต เรล ลิงก์,A6,มักกะสัน,0,0,5/4/2023
3911,รถไฟระหว่างเมือง,แอร์พอร์ต เรล ลิงก์,A7,ราชปรารภ,0,0,5/4/2023
3912,รถไฟระหว่างเมือง,แอร์พอร์ต เรล ลิงก์,A8,พญาไท,0,0,5/4/2023
3913,รถไฟระหว่างเมือง,แอร์พอร์ต เรล ลิงก์,A1,สุวรรณภูมิ,0,0,5/5/2023
3914,รถไฟระหว่างเมือง,แอร์พอร์ต เรล ลิงก์,A2,ลาดกระบัง,0,0,5/5/2023
3915,รถไฟระหว่างเมือง,แอร์พอร์ต เรล ลิงก์,A3,บ้านทับช้าง,0,0,5/5/2023
3916,รถไฟระหว่างเมือง,แอร์พอร์ต เรล ลิงก์,A4,หัวหมาก,0,0,5/5/2023
3917,รถไฟระหว่างเมือง,แอร์พอร์ต เรล ลิงก์,A5,รามคำแหง,0,0,5/5/2023
3918,รถไฟระหว่างเมือง,แอร์พอร์ต เรล ลิงก์,A6,มักกะสัน,0,0,5/5/2023
3919,รถไฟระหว่างเมือง,แอร์พอร์ต เรล ลิงก์,A7,ราชปรารภ,0,0,5/5/2023
3920,รถไฟระหว่างเมือง,แอร์พอร์ต เรล ลิงก์,A8,พญาไท,0,0,5/5/2023
3921,รถไฟระหว่างเมือง,แอร์พอร์ต เรล ลิงก์,A1,สุวรรณภูมิ,0,0,5/6/2023
3922,รถไฟระหว่างเมือง,แอร์พอร์ต เรล ลิงก์,A2,ลาดกระบัง,0,0,5/6/2023
3923,รถไฟระหว่างเมือง,แอร์พอร์ต เรล ลิงก์,A3,บ้านทับช้าง,0,0,5/6/2023
3924,รถไฟระหว่างเมือง,แอร์พอร์ต เรล ลิงก์,A4,หัวหมาก,0,0,5/6/2023
3925,รถไฟระหว่างเมือง,แอร์พอร์ต เรล ลิงก์,A5,รามคำแหง,0,0,5/6/2023
3926,รถไฟระหว่างเมือง,แอร์พอร์ต เรล ลิงก์,A6,มักกะสัน,0,0,5/6/2023
3927,รถไฟระหว่างเมือง,แอร์พอร์ต เรล ลิงก์,A7,ราชปรารภ,0,0,5/6/2023
3928,รถไฟระหว่างเมือง,แอร์พอร์ต เรล ลิงก์,A8,พญาไท,0,0,5/6/2023
3929,รถไฟระหว่างเมือง,แอร์พอร์ต เรล ลิงก์,A1,สุวรรณภูมิ,0,0,5/7/2023
3930,รถไฟระหว่างเมือง,แอร์พอร์ต เรล ลิงก์,A2,ลาดกระบัง,0,0,5/7/2023
3931,รถไฟระหว่างเมือง,แอร์พอร์ต เรล ลิงก์,A3,บ้านทับช้าง,0,0,5/7/2023
3932,รถไฟระหว่างเมือง,แอร์พอร์ต เรล ลิงก์,A4,หัวหมาก,0,0,5/7/2023
3933,รถไฟระหว่างเมือง,แอร์พอร์ต เรล ลิงก์,A5,รามคำแหง,0,0,5/7/2023
3934,รถไฟระหว่างเมือง,แอร์พอร์ต เรล ลิงก์,A6,มักกะสัน,0,0,5/7/2023
3935,รถไฟระหว่างเมือง,แอร์พอร์ต เรล ลิงก์,A7,ราชปรารภ,0,0,5/7/2023
3936,รถไฟระหว่างเมือง,แอร์พอร์ต เรล ลิงก์,A8,พญาไท,0,0,5/7/2023
3937,รถไฟระหว่างเมือง,แอร์พอร์ต เรล ลิงก์,A1,สุวรรณภูมิ,0,0,5/8/2023
3938,รถไฟระหว่างเมือง,แอร์พอร์ต เรล ลิงก์,A2,ลาดกระบัง,0,0,5/8/2023
3939,รถไฟระหว่างเมือง,แอร์พอร์ต เรล ลิงก์,A3,บ้านทับช้าง,0,0,5/8/2023
3940,รถไฟระหว่างเมือง,แอร์พอร์ต เรล ลิงก์,A4,หัวหมาก,0,0,5/8/2023
3941,รถไฟระหว่างเมือง,แอร์พอร์ต เรล ลิงก์,A5,รามคำแหง,0,0,5/8/2023
3942,รถไฟระหว่างเมือง,แอร์พอร์ต เรล ลิงก์,A6,มักกะสัน,0,0,5/8/2023
3943,รถไฟระหว่างเมือง,แอร์พอร์ต เรล ลิงก์,A7,ราชปรารภ,0,0,5/8/2023
3944,รถไฟระหว่างเมือง,แอร์พอร์ต เรล ลิงก์,A8,พญาไท,0,0,5/8/2023
3945,รถไฟระหว่างเมือง,แอร์พอร์ต เรล ลิงก์,A1,สุวรรณภูมิ,10611,9324,5/9/2023
3946,รถไฟระหว่างเมือง,แอร์พอร์ต เรล ลิงก์,A2,ลาดกระบัง,9542,9361,5/9/2023
3947,รถไฟระหว่างเมือง,แอร์พอร์ต เรล ลิงก์,A3,บ้านทับช้าง,3459,3326,5/9/2023
3948,รถไฟระหว่างเมือง,แอร์พอร์ต เรล ลิงก์,A4,หัวหมาก,5205,5072,5/9/2023
3949,รถไฟระหว่างเมือง,แอร์พอร์ต เรล ลิงก์,A5,รามคำแหง,5596,6002,5/9/2023
3950,รถไฟระหว่างเมือง,แอร์พอร์ต เรล ลิงก์,A6,มักกะสัน,10373,11283,5/9/2023
3951,รถไฟระหว่างเมือง,แอร์พอร์ต เรล ลิงก์,A7,ราชปรารภ,3304,3363,5/9/2023
3952,รถไฟระหว่างเมือง,แอร์พอร์ต เรล ลิงก์,A8,พญาไท,12535,12894,5/9/2023
3953,รถไฟระหว่างเมือง,แอร์พอร์ต เรล ลิงก์,A1,สุวรรณภูมิ,10654,9122,5/10/2023
3954,รถไฟระหว่างเมือง,แอร์พอร์ต เรล ลิงก์,A2,ลาดกระบัง,9504,9311,5/10/2023
3955,รถไฟระหว่างเมือง,แอร์พอร์ต เรล ลิงก์,A3,บ้านทับช้าง,3486,3367,5/10/2023
3956,รถไฟระหว่างเมือง,แอร์พอร์ต เรล ลิงก์,A4,หัวหมาก,5285,4896,5/10/2023
3957,รถไฟระหว่างเมือง,แอร์พอร์ต เรล ลิงก์,A5,รามคำแหง,5629,5933,5/10/2023
3958,รถไฟระหว่างเมือง,แอร์พอร์ต เรล ลิงก์,A6,มักกะสัน,10547,11402,5/10/2023
3959,รถไฟระหว่างเมือง,แอร์พอร์ต เรล ลิงก์,A7,ราชปรารภ,3273,3430,5/10/2023
3960,รถไฟระหว่างเมือง,แอร์พอร์ต เรล ลิงก์,A8,พญาไท,12050,12967,5/10/2023
3961,รถไฟระหว่างเมือง,แอร์พอร์ต เรล ลิงก์,A1,สุวรรณภูมิ,11147,9341,5/11/2023
3962,รถไฟระหว่างเมือง,แอร์พอร์ต เรล ลิงก์,A2,ลาดกระบัง,9475,8964,5/11/2023
3963,รถไฟระหว่างเมือง,แอร์พอร์ต เรล ลิงก์,A3,บ้านทับช้าง,3325,3254,5/11/2023
3964,รถไฟระหว่างเมือง,แอร์พอร์ต เรล ลิงก์,A4,หัวหมาก,5132,5018,5/11/2023
3965,รถไฟระหว่างเมือง,แอร์พอร์ต เรล ลิงก์,A5,รามคำแหง,5513,5635,5/11/2023
3966,รถไฟระหว่างเมือง,แอร์พอร์ต เรล ลิงก์,A6,มักกะสัน,10206,11195,5/11/2023
3967,รถไฟระหว่างเมือง,แอร์พอร์ต เรล ลิงก์,A7,ราชปรารภ,3119,3428,5/11/2023
3968,รถไฟระหว่างเมือง,แอร์พอร์ต เรล ลิงก์,A8,พญาไท,12011,13093,5/11/2023
3969,รถไฟระหว่างเมือง,แอร์พอร์ต เรล ลิงก์,A1,สุวรรณภูมิ,11412,9513,5/12/2023
3970,รถไฟระหว่างเมือง,แอร์พอร์ต เรล ลิงก์,A2,ลาดกระบัง,10190,9902,5/12/2023
3971,รถไฟระหว่างเมือง,แอร์พอร์ต เรล ลิงก์,A3,บ้านทับช้าง,3478,3224,5/12/2023
3972,รถไฟระหว่างเมือง,แอร์พอร์ต เรล ลิงก์,A4,หัวหมาก,5583,5219,5/12/2023
3973,รถไฟระหว่างเมือง,แอร์พอร์ต เรล ลิงก์,A5,รามคำแหง,5756,5933,5/12/2023
3974,รถไฟระหว่างเมือง,แอร์พอร์ต เรล ลิงก์,A6,มักกะสัน,10629,11904,5/12/2023
3975,รถไฟระหว่างเมือง,แอร์พอร์ต เรล ลิงก์,A7,ราชปรารภ,3472,3784,5/12/2023
3976,รถไฟระหว่างเมือง,แอร์พอร์ต เรล ลิงก์,A8,พญาไท,12851,13892,5/12/2023
3977,รถไฟระหว่างเมือง,แอร์พอร์ต เรล ลิงก์,A1,สุวรรณภูมิ,9783,8522,5/13/2023
3978,รถไฟระหว่างเมือง,แอร์พอร์ต เรล ลิงก์,A2,ลาดกระบัง,6888,6762,5/13/2023
3979,รถไฟระหว่างเมือง,แอร์พอร์ต เรล ลิงก์,A3,บ้านทับช้าง,1595,1705,5/13/2023
3980,รถไฟระหว่างเมือง,แอร์พอร์ต เรล ลิงก์,A4,หัวหมาก,3217,3057,5/13/2023
3981,รถไฟระหว่างเมือง,แอร์พอร์ต เรล ลิงก์,A5,รามคำแหง,3643,3762,5/13/2023
3982,รถไฟระหว่างเมือง,แอร์พอร์ต เรล ลิงก์,A6,มักกะสัน,6699,6940,5/13/2023
3983,รถไฟระหว่างเมือง,แอร์พอร์ต เรล ลิงก์,A7,ราชปรารภ,2689,2922,5/13/2023
3984,รถไฟระหว่างเมือง,แอร์พอร์ต เรล ลิงก์,A8,พญาไท,9272,10116,5/13/2023
3985,รถไฟระหว่างเมือง,แอร์พอร์ต เรล ลิงก์,A1,สุวรรณภูมิ,10116,8442,5/14/2023
3986,รถไฟระหว่างเมือง,แอร์พอร์ต เรล ลิงก์,A2,ลาดกระบัง,6457,6575,5/14/2023
3987,รถไฟระหว่างเมือง,แอร์พอร์ต เรล ลิงก์,A3,บ้านทับช้าง,1375,1382,5/14/2023
3988,รถไฟระหว่างเมือง,แอร์พอร์ต เรล ลิงก์,A4,หัวหมาก,2691,2846,5/14/2023
3989,รถไฟระหว่างเมือง,แอร์พอร์ต เรล ลิงก์,A5,รามคำแหง,3135,3668,5/14/2023
3990,รถไฟระหว่างเมือง,แอร์พอร์ต เรล ลิงก์,A6,มักกะสัน,6130,6552,5/14/2023
3991,รถไฟระหว่างเมือง,แอร์พอร์ต เรล ลิงก์,A7,ราชปรารภ,2655,2429,5/14/2023
3992,รถไฟระหว่างเมือง,แอร์พอร์ต เรล ลิงก์,A8,พญาไท,8622,9287,5/14/2023
3993,รถไฟระหว่างเมือง,แอร์พอร์ต เรล ลิงก์,A1,สุวรรณภูมิ,11440,9794,5/15/2023
3994,รถไฟระหว่างเมือง,แอร์พอร์ต เรล ลิงก์,A2,ลาดกระบัง,9403,9328,5/15/2023
3995,รถไฟระหว่างเมือง,แอร์พอร์ต เรล ลิงก์,A3,บ้านทับช้าง,3295,3176,5/15/2023
3996,รถไฟระหว่างเมือง,แอร์พอร์ต เรล ลิงก์,A4,หัวหมาก,4988,5075,5/15/2023
3997,รถไฟระหว่างเมือง,แอร์พอร์ต เรล ลิงก์,A5,รามคำแหง,5254,5916,5/15/2023
3998,รถไฟระหว่างเมือง,แอร์พอร์ต เรล ลิงก์,A6,มักกะสัน,10433,11215,5/15/2023
3999,รถไฟระหว่างเมือง,แอร์พอร์ต เรล ลิงก์,A7,ราชปรารภ,3240,3292,5/15/2023
4000,รถไฟระหว่างเมือง,แอร์พอร์ต เรล ลิงก์,A8,พญาไท,12442,12699,5/15/2023
4001,รถไฟระหว่างเมือง,แอร์พอร์ต เรล ลิงก์,A1,สุวรรณภูมิ,11005,9550,5/16/2023
4002,รถไฟระหว่างเมือง,แอร์พอร์ต เรล ลิงก์,A2,ลาดกระบัง,9440,9639,5/16/2023
4003,รถไฟระหว่างเมือง,แอร์พอร์ต เรล ลิงก์,A3,บ้านทับช้าง,3417,3467,5/16/2023
4004,รถไฟระหว่างเมือง,แอร์พอร์ต เรล ลิงก์,A4,หัวหมาก,5396,5334,5/16/2023
4005,รถไฟระหว่างเมือง,แอร์พอร์ต เรล ลิงก์,A5,รามคำแหง,5601,6216,5/16/2023
4006,รถไฟระหว่างเมือง,แอร์พอร์ต เรล ลิงก์,A6,มักกะสัน,10836,11300,5/16/2023
4007,รถไฟระหว่างเมือง,แอร์พอร์ต เรล ลิงก์,A7,ราชปรารภ,3087,3219,5/16/2023
4008,รถไฟระหว่างเมือง,แอร์พอร์ต เรล ลิงก์,A8,พญาไท,12784,12841,5/16/2023
4009,รถไฟระหว่างเมือง,แอร์พอร์ต เรล ลิงก์,A1,สุวรรณภูมิ,10780,9117,5/17/2023
4010,รถไฟระหว่างเมือง,แอร์พอร์ต เรล ลิงก์,A2,ลาดกระบัง,8640,8693,5/17/2023
4011,รถไฟระหว่างเมือง,แอร์พอร์ต เรล ลิงก์,A3,บ้านทับช้าง,3002,2908,5/17/2023
4012,รถไฟระหว่างเมือง,แอร์พอร์ต เรล ลิงก์,A4,หัวหมาก,4591,4422,5/17/2023
4013,รถไฟระหว่างเมือง,แอร์พอร์ต เรล ลิงก์,A5,รามคำแหง,5227,5590,5/17/2023
4014,รถไฟระหว่างเมือง,แอร์พอร์ต เรล ลิงก์,A6,มักกะสัน,9736,10441,5/17/2023
4015,รถไฟระหว่างเมือง,แอร์พอร์ต เรล ลิงก์,A7,ราชปรารภ,2827,3059,5/17/2023
4016,รถไฟระหว่างเมือง,แอร์พอร์ต เรล ลิงก์,A8,พญาไท,11153,11726,5/17/2023
4017,รถไฟระหว่างเมือง,แอร์พอร์ต เรล ลิงก์,A1,สุวรรณภูมิ,11710,9434,5/18/2023
4018,รถไฟระหว่างเมือง,แอร์พอร์ต เรล ลิงก์,A2,ลาดกระบัง,9852,9486,5/18/2023
4019,รถไฟระหว่างเมือง,แอร์พอร์ต เรล ลิงก์,A3,บ้านทับช้าง,3519,3391,5/18/2023
4020,รถไฟระหว่างเมือง,แอร์พอร์ต เรล ลิงก์,A4,หัวหมาก,5457,5220,5/18/2023
4021,รถไฟระหว่างเมือง,แอร์พอร์ต เรล ลิงก์,A5,รามคำแหง,5883,6488,5/18/2023
4022,รถไฟระหว่างเมือง,แอร์พอร์ต เรล ลิงก์,A6,มักกะสัน,10816,11781,5/18/2023
4023,รถไฟระหว่างเมือง,แอร์พอร์ต เรล ลิงก์,A7,ราชปรารภ,3213,3501,5/18/2023
4024,รถไฟระหว่างเมือง,แอร์พอร์ต เรล ลิงก์,A8,พญาไท,12557,13706,5/18/2023
4025,รถไฟระหว่างเมือง,แอร์พอร์ต เรล ลิงก์,A1,สุวรรณภูมิ,12029,9288,5/19/2023
4026,รถไฟระหว่างเมือง,แอร์พอร์ต เรล ลิงก์,A2,ลาดกระบัง,9757,9846,5/19/2023
4027,รถไฟระหว่างเมือง,แอร์พอร์ต เรล ลิงก์,A3,บ้านทับช้าง,3406,3313,5/19/2023
4028,รถไฟระหว่างเมือง,แอร์พอร์ต เรล ลิงก์,A4,หัวหมาก,5507,5295,5/19/2023
4029,รถไฟระหว่างเมือง,แอร์พอร์ต เรล ลิงก์,A5,รามคำแหง,5795,6233,5/19/2023
4030,รถไฟระหว่างเมือง,แอร์พอร์ต เรล ลิงก์,A6,มักกะสัน,11082,11932,5/19/2023
4031,รถไฟระหว่างเมือง,แอร์พอร์ต เรล ลิงก์,A7,ราชปรารภ,3298,3555,5/19/2023
4032,รถไฟระหว่างเมือง,แอร์พอร์ต เรล ลิงก์,A8,พญาไท,12799,14211,5/19/2023
4033,รถไฟระหว่างเมือง,แอร์พอร์ต เรล ลิงก์,A1,สุวรรณภูมิ,10513,8554,5/20/2023
4034,รถไฟระหว่างเมือง,แอร์พอร์ต เรล ลิงก์,A2,ลาดกระบัง,7340,7176,5/20/2023
4035,รถไฟระหว่างเมือง,แอร์พอร์ต เรล ลิงก์,A3,บ้านทับช้าง,1765,1724,5/20/2023
4036,รถไฟระหว่างเมือง,แอร์พอร์ต เรล ลิงก์,A4,หัวหมาก,3377,3317,5/20/2023
4037,รถไฟระหว่างเมือง,แอร์พอร์ต เรล ลิงก์,A5,รามคำแหง,4031,4414,5/20/2023
4038,รถไฟระหว่างเมือง,แอร์พอร์ต เรล ลิงก์,A6,มักกะสัน,7317,7868,5/20/2023
4039,รถไฟระหว่างเมือง,แอร์พอร์ต เรล ลิงก์,A7,ราชปรารภ,2770,2904,5/20/2023
4040,รถไฟระหว่างเมือง,แอร์พอร์ต เรล ลิงก์,A8,พญาไท,9698,10854,5/20/2023
4041,รถไฟระหว่างเมือง,แอร์พอร์ต เรล ลิงก์,A1,สุวรรณภูมิ,8088,7934,5/21/2023
4042,รถไฟระหว่างเมือง,แอร์พอร์ต เรล ลิงก์,A2,ลาดกระบัง,5753,4804,5/21/2023
4043,รถไฟระหว่างเมือง,แอร์พอร์ต เรล ลิงก์,A3,บ้านทับช้าง,1308,1099,5/21/2023
4044,รถไฟระหว่างเมือง,แอร์พอร์ต เรล ลิงก์,A4,หัวหมาก,2564,2294,5/21/2023
4045,รถไฟระหว่างเมือง,แอร์พอร์ต เรล ลิงก์,A5,รามคำแหง,3052,3005,5/21/2023
4046,รถไฟระหว่างเมือง,แอร์พอร์ต เรล ลิงก์,A6,มักกะสัน,5006,5670,5/21/2023
4047,รถไฟระหว่างเมือง,แอร์พอร์ต เรล ลิงก์,A7,ราชปรารภ,2262,2158,5/21/2023
4048,รถไฟระหว่างเมือง,แอร์พอร์ต เรล ลิงก์,A8,พญาไท,7265,8334,5/21/2023
4049,รถไฟระหว่างเมือง,แอร์พอร์ต เรล ลิงก์,A1,สุวรรณภูมิ,11156,10276,5/22/2023
4050,รถไฟระหว่างเมือง,แอร์พอร์ต เรล ลิงก์,A2,ลาดกระบัง,9523,9388,5/22/2023
4051,รถไฟระหว่างเมือง,แอร์พอร์ต เรล ลิงก์,A3,บ้านทับช้าง,3434,3359,5/22/2023
4052,รถไฟระหว่างเมือง,แอร์พอร์ต เรล ลิงก์,A4,หัวหมาก,5362,5185,5/22/2023
4053,รถไฟระหว่างเมือง,แอร์พอร์ต เรล ลิงก์,A5,รามคำแหง,5596,6171,5/22/2023
4054,รถไฟระหว่างเมือง,แอร์พอร์ต เรล ลิงก์,A6,มักกะสัน,10764,11427,5/22/2023
4055,รถไฟระหว่างเมือง,แอร์พอร์ต เรล ลิงก์,A7,ราชปรารภ,3148,3029,5/22/2023
4056,รถไฟระหว่างเมือง,แอร์พอร์ต เรล ลิงก์,A8,พญาไท,12923,13071,5/22/2023
4057,รถไฟระหว่างเมือง,แอร์พอร์ต เรล ลิงก์,A1,สุวรรณภูมิ,10909,9203,5/23/2023
4058,รถไฟระหว่างเมือง,แอร์พอร์ต เรล ลิงก์,A2,ลาดกระบัง,9615,9394,5/23/2023
4059,รถไฟระหว่างเมือง,แอร์พอร์ต เรล ลิงก์,A3,บ้านทับช้าง,3394,3421,5/23/2023
4060,รถไฟระหว่างเมือง,แอร์พอร์ต เรล ลิงก์,A4,หัวหมาก,5431,5123,5/23/2023
4061,รถไฟระหว่างเมือง,แอร์พอร์ต เรล ลิงก์,A5,รามคำแหง,5759,6082,5/23/2023
4062,รถไฟระหว่างเมือง,แอร์พอร์ต เรล ลิงก์,A6,มักกะสัน,10582,11616,5/23/2023
4063,รถไฟระหว่างเมือง,แอร์พอร์ต เรล ลิงก์,A7,ราชปรารภ,3205,3394,5/23/2023
4064,รถไฟระหว่างเมือง,แอร์พอร์ต เรล ลิงก์,A8,พญาไท,12310,12972,5/23/2023
4065,รถไฟระหว่างเมือง,แอร์พอร์ต เรล ลิงก์,A1,สุวรรณภูมิ,11280,9364,5/24/2023
4066,รถไฟระหว่างเมือง,แอร์พอร์ต เรล ลิงก์,A2,ลาดกระบัง,9447,9481,5/24/2023
4067,รถไฟระหว่างเมือง,แอร์พอร์ต เรล ลิงก์,A3,บ้านทับช้าง,3514,3415,5/24/2023
4068,รถไฟระหว่างเมือง,แอร์พอร์ต เรล ลิงก์,A4,หัวหมาก,5358,5225,5/24/2023
4069,รถไฟระหว่างเมือง,แอร์พอร์ต เรล ลิงก์,A5,รามคำแหง,5980,6391,5/24/2023
4070,รถไฟระหว่างเมือง,แอร์พอร์ต เรล ลิงก์,A6,มักกะสัน,10704,11613,5/24/2023
4071,รถไฟระหว่างเมือง,แอร์พอร์ต เรล ลิงก์,A7,ราชปรารภ,3151,3481,5/24/2023
4072,รถไฟระหว่างเมือง,แอร์พอร์ต เรล ลิงก์,A8,พญาไท,12622,13086,5/24/2023
4073,รถไฟระหว่างเมือง,แอร์พอร์ต เรล ลิงก์,A1,สุวรรณภูมิ,12250,9848,5/25/2023
4074,รถไฟระหว่างเมือง,แอร์พอร์ต เรล ลิงก์,A2,ลาดกระบัง,9472,9376,5/25/2023
4075,รถไฟระหว่างเมือง,แอร์พอร์ต เรล ลิงก์,A3,บ้านทับช้าง,3486,3429,5/25/2023
4076,รถไฟระหว่างเมือง,แอร์พอร์ต เรล ลิงก์,A4,หัวหมาก,5430,5237,5/25/2023
4077,รถไฟระหว่างเมือง,แอร์พอร์ต เรล ลิงก์,A5,รามคำแหง,5946,6305,5/25/2023
4078,รถไฟระหว่างเมือง,แอร์พอร์ต เรล ลิงก์,A6,มักกะสัน,10718,11792,5/25/2023
4079,รถไฟระหว่างเมือง,แอร์พอร์ต เรล ลิงก์,A7,ราชปรารภ,3231,3525,5/25/2023
4080,รถไฟระหว่างเมือง,แอร์พอร์ต เรล ลิงก์,A8,พญาไท,12685,13706,5/25/2023
4081,รถไฟระหว่างเมือง,แอร์พอร์ต เรล ลิงก์,A1,สุวรรณภูมิ,13265,9762,5/26/2023
4082,รถไฟระหว่างเมือง,แอร์พอร์ต เรล ลิงก์,A2,ลาดกระบัง,9936,9788,5/26/2023
4083,รถไฟระหว่างเมือง,แอร์พอร์ต เรล ลิงก์,A3,บ้านทับช้าง,3616,3397,5/26/2023
4084,รถไฟระหว่างเมือง,แอร์พอร์ต เรล ลิงก์,A4,หัวหมาก,5819,5704,5/26/2023
4085,รถไฟระหว่างเมือง,แอร์พอร์ต เรล ลิงก์,A5,รามคำแหง,6418,7026,5/26/2023
4086,รถไฟระหว่างเมือง,แอร์พอร์ต เรล ลิงก์,A6,มักกะสัน,11307,12510,5/26/2023
4087,รถไฟระหว่างเมือง,แอร์พอร์ต เรล ลิงก์,A7,ราชปรารภ,3470,3996,5/26/2023
4088,รถไฟระหว่างเมือง,แอร์พอร์ต เรล ลิงก์,A8,พญาไท,13812,15460,5/26/2023
4089,รถไฟระหว่างเมือง,แอร์พอร์ต เรล ลิงก์,A1,สุวรรณภูมิ,11597,9346,5/27/2023
4090,รถไฟระหว่างเมือง,แอร์พอร์ต เรล ลิงก์,A2,ลาดกระบัง,7443,7531,5/27/2023
4091,รถไฟระหว่างเมือง,แอร์พอร์ต เรล ลิงก์,A3,บ้านทับช้าง,1863,1850,5/27/2023
4092,รถไฟระหว่างเมือง,แอร์พอร์ต เรล ลิงก์,A4,หัวหมาก,4683,5339,5/27/2023
4093,รถไฟระหว่างเมือง,แอร์พอร์ต เรล ลิงก์,A5,รามคำแหง,7855,9236,5/27/2023
4094,รถไฟระหว่างเมือง,แอร์พอร์ต เรล ลิงก์,A6,มักกะสัน,9718,9822,5/27/2023
4095,รถไฟระหว่างเมือง,แอร์พอร์ต เรล ลิงก์,A7,ราชปรารภ,3099,3149,5/27/2023
4096,รถไฟระหว่างเมือง,แอร์พอร์ต เรล ลิงก์,A8,พญาไท,14095,14080,5/27/2023
4097,รถไฟระหว่างเมือง,แอร์พอร์ต เรล ลิงก์,A1,สุวรรณภูมิ,9884,9561,5/28/2023
4098,รถไฟระหว่างเมือง,แอร์พอร์ต เรล ลิงก์,A2,ลาดกระบัง,6321,6518,5/28/2023
4099,รถไฟระหว่างเมือง,แอร์พอร์ต เรล ลิงก์,A3,บ้านทับช้าง,1491,1456,5/28/2023
4100,รถไฟระหว่างเมือง,แอร์พอร์ต เรล ลิงก์,A4,หัวหมาก,4113,1053,5/28/2023
4101,รถไฟระหว่างเมือง,แอร์พอร์ต เรล ลิงก์,A5,รามคำแหง,7450,8139,5/28/2023
4102,รถไฟระหว่างเมือง,แอร์พอร์ต เรล ลิงก์,A6,มักกะสัน,6992,8456,5/28/2023
4103,รถไฟระหว่างเมือง,แอร์พอร์ต เรล ลิงก์,A7,ราชปรารภ,2876,2677,5/28/2023
4104,รถไฟระหว่างเมือง,แอร์พอร์ต เรล ลิงก์,A8,พญาไท,11271,12538,5/28/2023
4105,รถไฟระหว่างเมือง,แอร์พอร์ต เรล ลิงก์,A1,สุวรรณภูมิ,10483,10764,5/29/2023
4106,รถไฟระหว่างเมือง,แอร์พอร์ต เรล ลิงก์,A2,ลาดกระบัง,9502,9691,5/29/2023
4107,รถไฟระหว่างเมือง,แอร์พอร์ต เรล ลิงก์,A3,บ้านทับช้าง,3422,3486,5/29/2023
4108,รถไฟระหว่างเมือง,แอร์พอร์ต เรล ลิงก์,A4,หัวหมาก,5546,5328,5/29/2023
4109,รถไฟระหว่างเมือง,แอร์พอร์ต เรล ลิงก์,A5,รามคำแหง,6664,6877,5/29/2023
4110,รถไฟระหว่างเมือง,แอร์พอร์ต เรล ลิงก์,A6,มักกะสัน,11700,11617,5/29/2023
4111,รถไฟระหว่างเมือง,แอร์พอร์ต เรล ลิงก์,A7,ราชปรารภ,3434,3482,5/29/2023
4112,รถไฟระหว่างเมือง,แอร์พอร์ต เรล ลิงก์,A8,พญาไท,13964,13470,5/29/2023
4113,รถไฟระหว่างเมือง,แอร์พอร์ต เรล ลิงก์,A1,สุวรรณภูมิ,10716,10001,5/30/2023
4114,รถไฟระหว่างเมือง,แอร์พอร์ต เรล ลิงก์,A2,ลาดกระบัง,9585,9678,5/30/2023
4115,รถไฟระหว่างเมือง,แอร์พอร์ต เรล ลิงก์,A3,บ้านทับช้าง,3519,3510,5/30/2023
4116,รถไฟระหว่างเมือง,แอร์พอร์ต เรล ลิงก์,A4,หัวหมาก,5572,5518,5/30/2023
4117,รถไฟระหว่างเมือง,แอร์พอร์ต เรล ลิงก์,A5,รามคำแหง,6382,7012,5/30/2023
4118,รถไฟระหว่างเมือง,แอร์พอร์ต เรล ลิงก์,A6,มักกะสัน,11577,11809,5/30/2023
4119,รถไฟระหว่างเมือง,แอร์พอร์ต เรล ลิงก์,A7,ราชปรารภ,3325,3627,5/30/2023
4120,รถไฟระหว่างเมือง,แอร์พอร์ต เรล ลิงก์,A8,พญาไท,13709,13230,5/30/2023
4121,รถไฟระหว่างเมือง,แอร์พอร์ต เรล ลิงก์,A1,สุวรรณภูมิ,11021,10189,5/31/2023
4122,รถไฟระหว่างเมือง,แอร์พอร์ต เรล ลิงก์,A2,ลาดกระบัง,9874,9825,5/31/2023
4123,รถไฟระหว่างเมือง,แอร์พอร์ต เรล ลิงก์,A3,บ้านทับช้าง,3624,3606,5/31/2023
4124,รถไฟระหว่างเมือง,แอร์พอร์ต เรล ลิงก์,A4,หัวหมาก,5757,5606,5/31/2023
4125,รถไฟระหว่างเมือง,แอร์พอร์ต เรล ลิงก์,A5,รามคำแหง,6582,6764,5/31/2023
4126,รถไฟระหว่างเมือง,แอร์พอร์ต เรล ลิงก์,A6,มักกะสัน,11439,12038,5/31/2023
4127,รถไฟระหว่างเมือง,แอร์พอร์ต เรล ลิงก์,A7,ราชปรารภ,3536,3609,5/31/2023
4128,รถไฟระหว่างเมือง,แอร์พอร์ต เรล ลิงก์,A8,พญาไท,13562,13758,5/31/2023
4129,รถไฟระหว่างเมือง,แอร์พอร์ต เรล ลิงก์,A1,สุวรรณภูมิ,11412,10007,6/1/2023
4130,รถไฟระหว่างเมือง,แอร์พอร์ต เรล ลิงก์,A2,ลาดกระบัง,9670,9769,6/1/2023
4131,รถไฟระหว่างเมือง,แอร์พอร์ต เรล ลิงก์,A3,บ้านทับช้าง,3588,3588,6/1/2023
4132,รถไฟระหว่างเมือง,แอร์พอร์ต เรล ลิงก์,A4,หัวหมาก,5617,5406,6/1/2023
4133,รถไฟระหว่างเมือง,แอร์พอร์ต เรล ลิงก์,A5,รามคำแหง,6395,6664,6/1/2023
4134,รถไฟระหว่างเมือง,แอร์พอร์ต เรล ลิงก์,A6,มักกะสัน,11490,12059,6/1/2023
4135,รถไฟระหว่างเมือง,แอร์พอร์ต เรล ลิงก์,A7,ราชปรารภ,3546,3736,6/1/2023
4136,รถไฟระหว่างเมือง,แอร์พอร์ต เรล ลิงก์,A8,พญาไท,13231,13720,6/1/2023
4137,รถไฟระหว่างเมือง,แอร์พอร์ต เรล ลิงก์,A1,สุวรรณภูมิ,12232,10420,6/2/2023
4138,รถไฟระหว่างเมือง,แอร์พอร์ต เรล ลิงก์,A2,ลาดกระบัง,10538,10628,6/2/2023
4139,รถไฟระหว่างเมือง,แอร์พอร์ต เรล ลิงก์,A3,บ้านทับช้าง,3663,3572,6/2/2023
4140,รถไฟระหว่างเมือง,แอร์พอร์ต เรล ลิงก์,A4,หัวหมาก,5904,5636,6/2/2023
4141,รถไฟระหว่างเมือง,แอร์พอร์ต เรล ลิงก์,A5,รามคำแหง,6598,6723,6/2/2023
4142,รถไฟระหว่างเมือง,แอร์พอร์ต เรล ลิงก์,A6,มักกะสัน,12140,13040,6/2/2023
4143,รถไฟระหว่างเมือง,แอร์พอร์ต เรล ลิงก์,A7,ราชปรารภ,3665,3851,6/2/2023
4144,รถไฟระหว่างเมือง,แอร์พอร์ต เรล ลิงก์,A8,พญาไท,14306,15176,6/2/2023
4145,รถไฟระหว่างเมือง,แอร์พอร์ต เรล ลิงก์,A1,สุวรรณภูมิ,10555,8901,6/3/2023
4146,รถไฟระหว่างเมือง,แอร์พอร์ต เรล ลิงก์,A2,ลาดกระบัง,7365,7446,6/3/2023
4147,รถไฟระหว่างเมือง,แอร์พอร์ต เรล ลิงก์,A3,บ้านทับช้าง,1798,1758,6/3/2023
4148,รถไฟระหว่างเมือง,แอร์พอร์ต เรล ลิงก์,A4,หัวหมาก,4248,4124,6/3/2023
4149,รถไฟระหว่างเมือง,แอร์พอร์ต เรล ลิงก์,A5,รามคำแหง,4269,4559,6/3/2023
4150,รถไฟระหว่างเมือง,แอร์พอร์ต เรล ลิงก์,A6,มักกะสัน,7471,8157,6/3/2023
4151,รถไฟระหว่างเมือง,แอร์พอร์ต เรล ลิงก์,A7,ราชปรารภ,3112,2996,6/3/2023
4152,รถไฟระหว่างเมือง,แอร์พอร์ต เรล ลิงก์,A8,พญาไท,10514,11391,6/3/2023
4153,รถไฟระหว่างเมือง,แอร์พอร์ต เรล ลิงก์,A1,สุวรรณภูมิ,9813,8436,6/4/2023
4154,รถไฟระหว่างเมือง,แอร์พอร์ต เรล ลิงก์,A2,ลาดกระบัง,7095,7151,6/4/2023
4155,รถไฟระหว่างเมือง,แอร์พอร์ต เรล ลิงก์,A3,บ้านทับช้าง,1621,1651,6/4/2023
4156,รถไฟระหว่างเมือง,แอร์พอร์ต เรล ลิงก์,A4,หัวหมาก,3933,4038,6/4/2023
4157,รถไฟระหว่างเมือง,แอร์พอร์ต เรล ลิงก์,A5,รามคำแหง,4052,4194,6/4/2023
4158,รถไฟระหว่างเมือง,แอร์พอร์ต เรล ลิงก์,A6,มักกะสัน,6671,7186,6/4/2023
4159,รถไฟระหว่างเมือง,แอร์พอร์ต เรล ลิงก์,A7,ราชปรารภ,2959,2682,6/4/2023
4160,รถไฟระหว่างเมือง,แอร์พอร์ต เรล ลิงก์,A8,พญาไท,10044,10850,6/4/2023
4161,รถไฟระหว่างเมือง,แอร์พอร์ต เรล ลิงก์,A1,สุวรรณภูมิ,11036,8835,6/5/2023
4162,รถไฟระหว่างเมือง,แอร์พอร์ต เรล ลิงก์,A2,ลาดกระบัง,6371,6181,6/5/2023
4163,รถไฟระหว่างเมือง,แอร์พอร์ต เรล ลิงก์,A3,บ้านทับช้าง,1599,1537,6/5/2023
4164,รถไฟระหว่างเมือง,แอร์พอร์ต เรล ลิงก์,A4,หัวหมาก,3768,3809,6/5/2023
4165,รถไฟระหว่างเมือง,แอร์พอร์ต เรล ลิงก์,A5,รามคำแหง,3649,4012,6/5/2023
4166,รถไฟระหว่างเมือง,แอร์พอร์ต เรล ลิงก์,A6,มักกะสัน,6046,7116,6/5/2023
4167,รถไฟระหว่างเมือง,แอร์พอร์ต เรล ลิงก์,A7,ราชปรารภ,2473,2523,6/5/2023
4168,รถไฟระหว่างเมือง,แอร์พอร์ต เรล ลิงก์,A8,พญาไท,8774,9703,6/5/2023
4169,รถไฟระหว่างเมือง,แอร์พอร์ต เรล ลิงก์,A1,สุวรรณภูมิ,11474,9369,6/6/2023
4170,รถไฟระหว่างเมือง,แอร์พอร์ต เรล ลิงก์,A2,ลาดกระบัง,10119,10147,6/6/2023
4171,รถไฟระหว่างเมือง,แอร์พอร์ต เรล ลิงก์,A3,บ้านทับช้าง,3696,3675,6/6/2023
4172,รถไฟระหว่างเมือง,แอร์พอร์ต เรล ลิงก์,A4,หัวหมาก,6196,6315,6/6/2023
4173,รถไฟระหว่างเมือง,แอร์พอร์ต เรล ลิงก์,A5,รามคำแหง,6234,6684,6/6/2023
4174,รถไฟระหว่างเมือง,แอร์พอร์ต เรล ลิงก์,A6,มักกะสัน,11772,12418,6/6/2023
4175,รถไฟระหว่างเมือง,แอร์พอร์ต เรล ลิงก์,A7,ราชปรารภ,3456,3635,6/6/2023
4176,รถไฟระหว่างเมือง,แอร์พอร์ต เรล ลิงก์,A8,พญาไท,13553,14257,6/6/2023
4177,รถไฟระหว่างเมือง,แอร์พอร์ต เรล ลิงก์,A1,สุวรรณภูมิ,11174,8999,6/7/2023
4178,รถไฟระหว่างเมือง,แอร์พอร์ต เรล ลิงก์,A2,ลาดกระบัง,9981,10021,6/7/2023
4179,รถไฟระหว่างเมือง,แอร์พอร์ต เรล ลิงก์,A3,บ้านทับช้าง,3695,3694,6/7/2023
4180,รถไฟระหว่างเมือง,แอร์พอร์ต เรล ลิงก์,A4,หัวหมาก,6143,6213,6/7/2023
4181,รถไฟระหว่างเมือง,แอร์พอร์ต เรล ลิงก์,A5,รามคำแหง,6045,6518,6/7/2023
4182,รถไฟระหว่างเมือง,แอร์พอร์ต เรล ลิงก์,A6,มักกะสัน,11570,12034,6/7/2023
4183,รถไฟระหว่างเมือง,แอร์พอร์ต เรล ลิงก์,A7,ราชปรารภ,3336,3606,6/7/2023
4184,รถไฟระหว่างเมือง,แอร์พอร์ต เรล ลิงก์,A8,พญาไท,13129,13988,6/7/2023
4185,รถไฟระหว่างเมือง,แอร์พอร์ต เรล ลิงก์,A1,สุวรรณภูมิ,11947,9413,6/8/2023
4186,รถไฟระหว่างเมือง,แอร์พอร์ต เรล ลิงก์,A2,ลาดกระบัง,9587,9607,6/8/2023
4187,รถไฟระหว่างเมือง,แอร์พอร์ต เรล ลิงก์,A3,บ้านทับช้าง,3684,3622,6/8/2023
4188,รถไฟระหว่างเมือง,แอร์พอร์ต เรล ลิงก์,A4,หัวหมาก,6179,6010,6/8/2023
4189,รถไฟระหว่างเมือง,แอร์พอร์ต เรล ลิงก์,A5,รามคำแหง,6011,6431,6/8/2023
4190,รถไฟระหว่างเมือง,แอร์พอร์ต เรล ลิงก์,A6,มักกะสัน,11196,12195,6/8/2023
4191,รถไฟระหว่างเมือง,แอร์พอร์ต เรล ลิงก์,A7,ราชปรารภ,3618,3746,6/8/2023
4192,รถไฟระหว่างเมือง,แอร์พอร์ต เรล ลิงก์,A8,พญาไท,12872,14070,6/8/2023
4193,รถไฟระหว่างเมือง,แอร์พอร์ต เรล ลิงก์,A1,สุวรรณภูมิ,13631,10493,6/9/2023
4194,รถไฟระหว่างเมือง,แอร์พอร์ต เรล ลิงก์,A2,ลาดกระบัง,10203,10370,6/9/2023
4195,รถไฟระหว่างเมือง,แอร์พอร์ต เรล ลิงก์,A3,บ้านทับช้าง,3750,3575,6/9/2023
4196,รถไฟระหว่างเมือง,แอร์พอร์ต เรล ลิงก์,A4,หัวหมาก,6509,6338,6/9/2023
4197,รถไฟระหว่างเมือง,แอร์พอร์ต เรล ลิงก์,A5,รามคำแหง,6402,6723,6/9/2023
4198,รถไฟระหว่างเมือง,แอร์พอร์ต เรล ลิงก์,A6,มักกะสัน,11978,13059,6/9/2023
4199,รถไฟระหว่างเมือง,แอร์พอร์ต เรล ลิงก์,A7,ราชปรารภ,3638,4022,6/9/2023
4200,รถไฟระหว่างเมือง,แอร์พอร์ต เรล ลิงก์,A8,พญาไท,14321,15852,6/9/2023
4201,รถไฟระหว่างเมือง,แอร์พอร์ต เรล ลิงก์,A1,สุวรรณภูมิ,11108,8819,6/10/2023
4202,รถไฟระหว่างเมือง,แอร์พอร์ต เรล ลิงก์,A2,ลาดกระบัง,7650,7538,6/10/2023
4203,รถไฟระหว่างเมือง,แอร์พอร์ต เรล ลิงก์,A3,บ้านทับช้าง,1961,1941,6/10/2023
4204,รถไฟระหว่างเมือง,แอร์พอร์ต เรล ลิงก์,A4,หัวหมาก,4411,4357,6/10/2023
4205,รถไฟระหว่างเมือง,แอร์พอร์ต เรล ลิงก์,A5,รามคำแหง,4291,4629,6/10/2023
4206,รถไฟระหว่างเมือง,แอร์พอร์ต เรล ลิงก์,A6,มักกะสัน,7501,8507,6/10/2023
4207,รถไฟระหว่างเมือง,แอร์พอร์ต เรล ลิงก์,A7,ราชปรารภ,3082,2986,6/10/2023
4208,รถไฟระหว่างเมือง,แอร์พอร์ต เรล ลิงก์,A8,พญาไท,10700,11927,6/10/2023
4209,รถไฟระหว่างเมือง,แอร์พอร์ต เรล ลิงก์,A1,สุวรรณภูมิ,10148,8941,6/11/2023
4210,รถไฟระหว่างเมือง,แอร์พอร์ต เรล ลิงก์,A2,ลาดกระบัง,6564,6515,6/11/2023
4211,รถไฟระหว่างเมือง,แอร์พอร์ต เรล ลิงก์,A3,บ้านทับช้าง,1596,1519,6/11/2023
4212,รถไฟระหว่างเมือง,แอร์พอร์ต เรล ลิงก์,A4,หัวหมาก,3700,3730,6/11/2023
4213,รถไฟระหว่างเมือง,แอร์พอร์ต เรล ลิงก์,A5,รามคำแหง,3576,3917,6/11/2023
4214,รถไฟระหว่างเมือง,แอร์พอร์ต เรล ลิงก์,A6,มักกะสัน,6592,7298,6/11/2023
4215,รถไฟระหว่างเมือง,แอร์พอร์ต เรล ลิงก์,A7,ราชปรารภ,2776,2799,6/11/2023
4216,รถไฟระหว่างเมือง,แอร์พอร์ต เรล ลิงก์,A8,พญาไท,9712,9945,6/11/2023
4217,รถไฟระหว่างเมือง,แอร์พอร์ต เรล ลิงก์,A1,สุวรรณภูมิ,10759,10428,6/12/2023
4218,รถไฟระหว่างเมือง,แอร์พอร์ต เรล ลิงก์,A2,ลาดกระบัง,9857,9838,6/12/2023
4219,รถไฟระหว่างเมือง,แอร์พอร์ต เรล ลิงก์,A3,บ้านทับช้าง,3603,3533,6/12/2023
4220,รถไฟระหว่างเมือง,แอร์พอร์ต เรล ลิงก์,A4,หัวหมาก,6247,5258,6/12/2023
4221,รถไฟระหว่างเมือง,แอร์พอร์ต เรล ลิงก์,A5,รามคำแหง,5955,6302,6/12/2023
4222,รถไฟระหว่างเมือง,แอร์พอร์ต เรล ลิงก์,A6,มักกะสัน,11055,11886,6/12/2023
4223,รถไฟระหว่างเมือง,แอร์พอร์ต เรล ลิงก์,A7,ราชปรารภ,3397,3534,6/12/2023
4224,รถไฟระหว่างเมือง,แอร์พอร์ต เรล ลิงก์,A8,พญาไท,13366,13460,6/12/2023
4225,รถไฟระหว่างเมือง,แอร์พอร์ต เรล ลิงก์,A1,สุวรรณภูมิ,11325,10344,6/13/2023
4226,รถไฟระหว่างเมือง,แอร์พอร์ต เรล ลิงก์,A2,ลาดกระบัง,9814,9698,6/13/2023
4227,รถไฟระหว่างเมือง,แอร์พอร์ต เรล ลิงก์,A3,บ้านทับช้าง,3830,3815,6/13/2023
4228,รถไฟระหว่างเมือง,แอร์พอร์ต เรล ลิงก์,A4,หัวหมาก,6526,5855,6/13/2023
4229,รถไฟระหว่างเมือง,แอร์พอร์ต เรล ลิงก์,A5,รามคำแหง,6119,6414,6/13/2023
4230,รถไฟระหว่างเมือง,แอร์พอร์ต เรล ลิงก์,A6,มักกะสัน,11408,12360,6/13/2023
4231,รถไฟระหว่างเมือง,แอร์พอร์ต เรล ลิงก์,A7,ราชปรารภ,3537,3696,6/13/2023
4232,รถไฟระหว่างเมือง,แอร์พอร์ต เรล ลิงก์,A8,พญาไท,13468,13845,6/13/2023
4233,รถไฟระหว่างเมือง,แอร์พอร์ต เรล ลิงก์,A1,สุวรรณภูมิ,10832,9275,6/14/2023
4234,รถไฟระหว่างเมือง,แอร์พอร์ต เรล ลิงก์,A2,ลาดกระบัง,9658,10183,6/14/2023
4235,รถไฟระหว่างเมือง,แอร์พอร์ต เรล ลิงก์,A3,บ้านทับช้าง,3561,3777,6/14/2023
4236,รถไฟระหว่างเมือง,แอร์พอร์ต เรล ลิงก์,A4,หัวหมาก,6098,6105,6/14/2023
4237,รถไฟระหว่างเมือง,แอร์พอร์ต เรล ลิงก์,A5,รามคำแหง,5905,6308,6/14/2023
4238,รถไฟระหว่างเมือง,แอร์พอร์ต เรล ลิงก์,A6,มักกะสัน,11439,11346,6/14/2023
4239,รถไฟระหว่างเมือง,แอร์พอร์ต เรล ลิงก์,A7,ราชปรารภ,3560,3466,6/14/2023
4240,รถไฟระหว่างเมือง,แอร์พอร์ต เรล ลิงก์,A8,พญาไท,13164,13757,6/14/2023
4241,รถไฟระหว่างเมือง,แอร์พอร์ต เรล ลิงก์,A1,สุวรรณภูมิ,11684,9687,6/15/2023
4242,รถไฟระหว่างเมือง,แอร์พอร์ต เรล ลิงก์,A2,ลาดกระบัง,9691,9749,6/15/2023
4243,รถไฟระหว่างเมือง,แอร์พอร์ต เรล ลิงก์,A3,บ้านทับช้าง,3711,3601,6/15/2023
4244,รถไฟระหว่างเมือง,แอร์พอร์ต เรล ลิงก์,A4,หัวหมาก,6432,6097,6/15/2023
4245,รถไฟระหว่างเมือง,แอร์พอร์ต เรล ลิงก์,A5,รามคำแหง,5889,6234,6/15/2023
4246,รถไฟระหว่างเมือง,แอร์พอร์ต เรล ลิงก์,A6,มักกะสัน,11302,12245,6/15/2023
4247,รถไฟระหว่างเมือง,แอร์พอร์ต เรล ลิงก์,A7,ราชปรารภ,3413,3768,6/15/2023
4248,รถไฟระหว่างเมือง,แอร์พอร์ต เรล ลิงก์,A8,พญาไท,13140,13881,6/15/2023
4249,รถไฟระหว่างเมือง,แอร์พอร์ต เรล ลิงก์,A1,สุวรรณภูมิ,0,0,6/16/2023
4250,รถไฟระหว่างเมือง,แอร์พอร์ต เรล ลิงก์,A2,ลาดกระบัง,0,0,6/16/2023
4251,รถไฟระหว่างเมือง,แอร์พอร์ต เรล ลิงก์,A3,บ้านทับช้าง,0,0,6/16/2023
4252,รถไฟระหว่างเมือง,แอร์พอร์ต เรล ลิงก์,A4,หัวหมาก,0,0,6/16/2023
4253,รถไฟระหว่างเมือง,แอร์พอร์ต เรล ลิงก์,A5,รามคำแหง,0,0,6/16/2023
4254,รถไฟระหว่างเมือง,แอร์พอร์ต เรล ลิงก์,A6,มักกะสัน,0,0,6/16/2023
4255,รถไฟระหว่างเมือง,แอร์พอร์ต เรล ลิงก์,A7,ราชปรารภ,0,0,6/16/2023
4256,รถไฟระหว่างเมือง,แอร์พอร์ต เรล ลิงก์,A8,พญาไท,0,0,6/16/2023
4257,รถไฟระหว่างเมือง,แอร์พอร์ต เรล ลิงก์,A1,สุวรรณภูมิ,11208,8731,6/17/2023
4258,รถไฟระหว่างเมือง,แอร์พอร์ต เรล ลิงก์,A2,ลาดกระบัง,7143,7609,6/17/2023
4259,รถไฟระหว่างเมือง,แอร์พอร์ต เรล ลิงก์,A3,บ้านทับช้าง,1928,1923,6/17/2023
4260,รถไฟระหว่างเมือง,แอร์พอร์ต เรล ลิงก์,A4,หัวหมาก,4331,4533,6/17/2023
4261,รถไฟระหว่างเมือง,แอร์พอร์ต เรล ลิงก์,A5,รามคำแหง,3978,4614,6/17/2023
4262,รถไฟระหว่างเมือง,แอร์พอร์ต เรล ลิงก์,A6,มักกะสัน,7567,7853,6/17/2023
4263,รถไฟระหว่างเมือง,แอร์พอร์ต เรล ลิงก์,A7,ราชปรารภ,2886,2996,6/17/2023
4264,รถไฟระหว่างเมือง,แอร์พอร์ต เรล ลิงก์,A8,พญาไท,10979,11761,6/17/2023
4265,รถไฟระหว่างเมือง,แอร์พอร์ต เรล ลิงก์,A1,สุวรรณภูมิ,10469,8931,6/18/2023
4266,รถไฟระหว่างเมือง,แอร์พอร์ต เรล ลิงก์,A2,ลาดกระบัง,6476,6593,6/18/2023
4267,รถไฟระหว่างเมือง,แอร์พอร์ต เรล ลิงก์,A3,บ้านทับช้าง,1476,1468,6/18/2023
4268,รถไฟระหว่างเมือง,แอร์พอร์ต เรล ลิงก์,A4,หัวหมาก,3678,3768,6/18/2023
4269,รถไฟระหว่างเมือง,แอร์พอร์ต เรล ลิงก์,A5,รามคำแหง,3619,3923,6/18/2023
4270,รถไฟระหว่างเมือง,แอร์พอร์ต เรล ลิงก์,A6,มักกะสัน,6464,6973,6/18/2023
4271,รถไฟระหว่างเมือง,แอร์พอร์ต เรล ลิงก์,A7,ราชปรารภ,2742,2560,6/18/2023
4272,รถไฟระหว่างเมือง,แอร์พอร์ต เรล ลิงก์,A8,พญาไท,9418,10126,6/18/2023
4273,รถไฟระหว่างเมือง,แอร์พอร์ต เรล ลิงก์,A1,สุวรรณภูมิ,12052,10936,6/19/2023
4274,รถไฟระหว่างเมือง,แอร์พอร์ต เรล ลิงก์,A2,ลาดกระบัง,10068,9828,6/19/2023
4275,รถไฟระหว่างเมือง,แอร์พอร์ต เรล ลิงก์,A3,บ้านทับช้าง,3782,3740,6/19/2023
4276,รถไฟระหว่างเมือง,แอร์พอร์ต เรล ลิงก์,A4,หัวหมาก,6279,6189,6/19/2023
4277,รถไฟระหว่างเมือง,แอร์พอร์ต เรล ลิงก์,A5,รามคำแหง,6114,6431,6/19/2023
4278,รถไฟระหว่างเมือง,แอร์พอร์ต เรล ลิงก์,A6,มักกะสัน,11237,11981,6/19/2023
4279,รถไฟระหว่างเมือง,แอร์พอร์ต เรล ลิงก์,A7,ราชปรารภ,3371,3500,6/19/2023
4280,รถไฟระหว่างเมือง,แอร์พอร์ต เรล ลิงก์,A8,พญาไท,13269,13567,6/19/2023
4281,รถไฟระหว่างเมือง,แอร์พอร์ต เรล ลิงก์,A1,สุวรรณภูมิ,11530,10224,6/20/2023
4282,รถไฟระหว่างเมือง,แอร์พอร์ต เรล ลิงก์,A2,ลาดกระบัง,9949,10072,6/20/2023
4283,รถไฟระหว่างเมือง,แอร์พอร์ต เรล ลิงก์,A3,บ้านทับช้าง,3781,3735,6/20/2023
4284,รถไฟระหว่างเมือง,แอร์พอร์ต เรล ลิงก์,A4,หัวหมาก,6330,6159,6/20/2023
4285,รถไฟระหว่างเมือง,แอร์พอร์ต เรล ลิงก์,A5,รามคำแหง,6216,6653,6/20/2023
4286,รถไฟระหว่างเมือง,แอร์พอร์ต เรล ลิงก์,A6,มักกะสัน,11539,12131,6/20/2023
4287,รถไฟระหว่างเมือง,แอร์พอร์ต เรล ลิงก์,A7,ราชปรารภ,3654,3703,6/20/2023
4288,รถไฟระหว่างเมือง,แอร์พอร์ต เรล ลิงก์,A8,พญาไท,13558,13880,6/20/2023
4289,รถไฟระหว่างเมือง,แอร์พอร์ต เรล ลิงก์,A1,สุวรรณภูมิ,13304,11053,6/21/2023
4290,รถไฟระหว่างเมือง,แอร์พอร์ต เรล ลิงก์,A2,ลาดกระบัง,9957,9959,6/21/2023
4291,รถไฟระหว่างเมือง,แอร์พอร์ต เรล ลิงก์,A3,บ้านทับช้าง,4064,3962,6/21/2023
4292,รถไฟระหว่างเมือง,แอร์พอร์ต เรล ลิงก์,A4,หัวหมาก,6450,6204,6/21/2023
4293,รถไฟระหว่างเมือง,แอร์พอร์ต เรล ลิงก์,A5,รามคำแหง,6176,6599,6/21/2023
4294,รถไฟระหว่างเมือง,แอร์พอร์ต เรล ลิงก์,A6,มักกะสัน,11332,12297,6/21/2023
4295,รถไฟระหว่างเมือง,แอร์พอร์ต เรล ลิงก์,A7,ราชปรารภ,3690,3826,6/21/2023
4296,รถไฟระหว่างเมือง,แอร์พอร์ต เรล ลิงก์,A8,พญาไท,13397,14470,6/21/2023
4297,รถไฟระหว่างเมือง,แอร์พอร์ต เรล ลิงก์,A1,สุวรรณภูมิ,0,0,6/22/2023
4298,รถไฟระหว่างเมือง,แอร์พอร์ต เรล ลิงก์,A2,ลาดกระบัง,0,0,6/22/2023
4299,รถไฟระหว่างเมือง,แอร์พอร์ต เรล ลิงก์,A3,บ้านทับช้าง,0,0,6/22/2023
4300,รถไฟระหว่างเมือง,แอร์พอร์ต เรล ลิงก์,A4,หัวหมาก,0,0,6/22/2023
4301,รถไฟระหว่างเมือง,แอร์พอร์ต เรล ลิงก์,A5,รามคำแหง,0,0,6/22/2023
4302,รถไฟระหว่างเมือง,แอร์พอร์ต เรล ลิงก์,A6,มักกะสัน,0,0,6/22/2023
4303,รถไฟระหว่างเมือง,แอร์พอร์ต เรล ลิงก์,A7,ราชปรารภ,0,0,6/22/2023
4304,รถไฟระหว่างเมือง,แอร์พอร์ต เรล ลิงก์,A8,พญาไท,0,0,6/22/2023
4305,รถไฟระหว่างเมือง,แอร์พอร์ต เรล ลิงก์,A1,สุวรรณภูมิ,0,0,6/23/2023
4306,รถไฟระหว่างเมือง,แอร์พอร์ต เรล ลิงก์,A2,ลาดกระบัง,0,0,6/23/2023
4307,รถไฟระหว่างเมือง,แอร์พอร์ต เรล ลิงก์,A3,บ้านทับช้าง,0,0,6/23/2023
4308,รถไฟระหว่างเมือง,แอร์พอร์ต เรล ลิงก์,A4,หัวหมาก,0,0,6/23/2023
4309,รถไฟระหว่างเมือง,แอร์พอร์ต เรล ลิงก์,A5,รามคำแหง,0,0,6/23/2023
4310,รถไฟระหว่างเมือง,แอร์พอร์ต เรล ลิงก์,A6,มักกะสัน,0,0,6/23/2023
4311,รถไฟระหว่างเมือง,แอร์พอร์ต เรล ลิงก์,A7,ราชปรารภ,0,0,6/23/2023
4312,รถไฟระหว่างเมือง,แอร์พอร์ต เรล ลิงก์,A8,พญาไท,0,0,6/23/2023
4313,รถไฟระหว่างเมือง,แอร์พอร์ต เรล ลิงก์,A1,สุวรรณภูมิ,0,0,6/24/2023
4314,รถไฟระหว่างเมือง,แอร์พอร์ต เรล ลิงก์,A2,ลาดกระบัง,0,0,6/24/2023
4315,รถไฟระหว่างเมือง,แอร์พอร์ต เรล ลิงก์,A3,บ้านทับช้าง,0,0,6/24/2023
4316,รถไฟระหว่างเมือง,แอร์พอร์ต เรล ลิงก์,A4,หัวหมาก,0,0,6/24/2023
4317,รถไฟระหว่างเมือง,แอร์พอร์ต เรล ลิงก์,A5,รามคำแหง,0,0,6/24/2023
4318,รถไฟระหว่างเมือง,แอร์พอร์ต เรล ลิงก์,A6,มักกะสัน,0,0,6/24/2023
4319,รถไฟระหว่างเมือง,แอร์พอร์ต เรล ลิงก์,A7,ราชปรารภ,0,0,6/24/2023
4320,รถไฟระหว่างเมือง,แอร์พอร์ต เรล ลิงก์,A8,พญาไท,0,0,6/24/2023
4321,รถไฟระหว่างเมือง,แอร์พอร์ต เรล ลิงก์,A1,สุวรรณภูมิ,10426,9727,6/25/2023
4322,รถไฟระหว่างเมือง,แอร์พอร์ต เรล ลิงก์,A2,ลาดกระบัง,6826,6916,6/25/2023
4323,รถไฟระหว่างเมือง,แอร์พอร์ต เรล ลิงก์,A3,บ้านทับช้าง,1604,1614,6/25/2023
4324,รถไฟระหว่างเมือง,แอร์พอร์ต เรล ลิงก์,A4,หัวหมาก,3693,3767,6/25/2023
4325,รถไฟระหว่างเมือง,แอร์พอร์ต เรล ลิงก์,A5,รามคำแหง,3715,4124,6/25/2023
4326,รถไฟระหว่างเมือง,แอร์พอร์ต เรล ลิงก์,A6,มักกะสัน,6744,6927,6/25/2023
4327,รถไฟระหว่างเมือง,แอร์พอร์ต เรล ลิงก์,A7,ราชปรารภ,3052,2752,6/25/2023
4328,รถไฟระหว่างเมือง,แอร์พอร์ต เรล ลิงก์,A8,พญาไท,10105,10338,6/25/2023
4329,รถไฟระหว่างเมือง,แอร์พอร์ต เรล ลิงก์,A1,สุวรรณภูมิ,11745,11197,6/26/2023
4330,รถไฟระหว่างเมือง,แอร์พอร์ต เรล ลิงก์,A2,ลาดกระบัง,10056,9905,6/26/2023
4331,รถไฟระหว่างเมือง,แอร์พอร์ต เรล ลิงก์,A3,บ้านทับช้าง,3688,3597,6/26/2023
4332,รถไฟระหว่างเมือง,แอร์พอร์ต เรล ลิงก์,A4,หัวหมาก,6197,6034,6/26/2023
4333,รถไฟระหว่างเมือง,แอร์พอร์ต เรล ลิงก์,A5,รามคำแหง,5976,6362,6/26/2023
4334,รถไฟระหว่างเมือง,แอร์พอร์ต เรล ลิงก์,A6,มักกะสัน,11353,11976,6/26/2023
4335,รถไฟระหว่างเมือง,แอร์พอร์ต เรล ลิงก์,A7,ราชปรารภ,3698,3800,6/26/2023
4336,รถไฟระหว่างเมือง,แอร์พอร์ต เรล ลิงก์,A8,พญาไท,14053,13895,6/26/2023
4337,รถไฟระหว่างเมือง,แอร์พอร์ต เรล ลิงก์,A1,สุวรรณภูมิ,11371,10655,6/27/2023
4338,รถไฟระหว่างเมือง,แอร์พอร์ต เรล ลิงก์,A2,ลาดกระบัง,10179,10201,6/27/2023
4339,รถไฟระหว่างเมือง,แอร์พอร์ต เรล ลิงก์,A3,บ้านทับช้าง,3842,3819,6/27/2023
4340,รถไฟระหว่างเมือง,แอร์พอร์ต เรล ลิงก์,A4,หัวหมาก,6532,6413,6/27/2023
4341,รถไฟระหว่างเมือง,แอร์พอร์ต เรล ลิงก์,A5,รามคำแหง,6637,6725,6/27/2023
4342,รถไฟระหว่างเมือง,แอร์พอร์ต เรล ลิงก์,A6,มักกะสัน,11599,12419,6/27/2023
4343,รถไฟระหว่างเมือง,แอร์พอร์ต เรล ลิงก์,A7,ราชปรารภ,3826,3723,6/27/2023
4344,รถไฟระหว่างเมือง,แอร์พอร์ต เรล ลิงก์,A8,พญาไท,14184,14215,6/27/2023
4345,รถไฟระหว่างเมือง,แอร์พอร์ต เรล ลิงก์,A1,สุวรรณภูมิ,11868,10036,6/28/2023
4346,รถไฟระหว่างเมือง,แอร์พอร์ต เรล ลิงก์,A2,ลาดกระบัง,10068,10285,6/28/2023
4347,รถไฟระหว่างเมือง,แอร์พอร์ต เรล ลิงก์,A3,บ้านทับช้าง,3694,3639,6/28/2023
4348,รถไฟระหว่างเมือง,แอร์พอร์ต เรล ลิงก์,A4,หัวหมาก,6393,6322,6/28/2023
4349,รถไฟระหว่างเมือง,แอร์พอร์ต เรล ลิงก์,A5,รามคำแหง,6332,7047,6/28/2023
4350,รถไฟระหว่างเมือง,แอร์พอร์ต เรล ลิงก์,A6,มักกะสัน,11690,12350,6/28/2023
4351,รถไฟระหว่างเมือง,แอร์พอร์ต เรล ลิงก์,A7,ราชปรารภ,3702,3818,6/28/2023
4352,รถไฟระหว่างเมือง,แอร์พอร์ต เรล ลิงก์,A8,พญาไท,13941,14191,6/28/2023
4353,รถไฟระหว่างเมือง,แอร์พอร์ต เรล ลิงก์,A1,สุวรรณภูมิ,12220,10299,6/29/2023
4354,รถไฟระหว่างเมือง,แอร์พอร์ต เรล ลิงก์,A2,ลาดกระบัง,9947,10087,6/29/2023
4355,รถไฟระหว่างเมือง,แอร์พอร์ต เรล ลิงก์,A3,บ้านทับช้าง,3548,3473,6/29/2023
4356,รถไฟระหว่างเมือง,แอร์พอร์ต เรล ลิงก์,A4,หัวหมาก,6338,6339,6/29/2023
4357,รถไฟระหว่างเมือง,แอร์พอร์ต เรล ลิงก์,A5,รามคำแหง,6621,6976,6/29/2023
4358,รถไฟระหว่างเมือง,แอร์พอร์ต เรล ลิงก์,A6,มักกะสัน,11642,12439,6/29/2023
4359,รถไฟระหว่างเมือง,แอร์พอร์ต เรล ลิงก์,A7,ราชปรารภ,3816,3848,6/29/2023
4360,รถไฟระหว่างเมือง,แอร์พอร์ต เรล ลิงก์,A8,พญาไท,14024,14695,6/29/2023
4361,รถไฟระหว่างเมือง,แอร์พอร์ต เรล ลิงก์,A1,สุวรรณภูมิ,12939,10510,6/30/2023
4362,รถไฟระหว่างเมือง,แอร์พอร์ต เรล ลิงก์,A2,ลาดกระบัง,11041,11174,6/30/2023
4363,รถไฟระหว่างเมือง,แอร์พอร์ต เรล ลิงก์,A3,บ้านทับช้าง,3771,3595,6/30/2023
4364,รถไฟระหว่างเมือง,แอร์พอร์ต เรล ลิงก์,A4,หัวหมาก,6702,6341,6/30/2023
4365,รถไฟระหว่างเมือง,แอร์พอร์ต เรล ลิงก์,A5,รามคำแหง,6916,7337,6/30/2023
4366,รถไฟระหว่างเมือง,แอร์พอร์ต เรล ลิงก์,A6,มักกะสัน,12115,13286,6/30/2023
4367,รถไฟระหว่างเมือง,แอร์พอร์ต เรล ลิงก์,A7,ราชปรารภ,3874,4074,6/30/2023
4368,รถไฟระหว่างเมือง,แอร์พอร์ต เรล ลิงก์,A8,พญาไท,15109,16150,6/30/2023
4369,รถไฟระหว่างเมือง,แอร์พอร์ต เรล ลิงก์,A1,สุวรรณภูมิ,11076,9252,7/1/2023
4370,รถไฟระหว่างเมือง,แอร์พอร์ต เรล ลิงก์,A2,ลาดกระบัง,8801,8991,7/1/2023
4371,รถไฟระหว่างเมือง,แอร์พอร์ต เรล ลิงก์,A3,บ้านทับช้าง,2087,1942,7/1/2023
4372,รถไฟระหว่างเมือง,แอร์พอร์ต เรล ลิงก์,A4,หัวหมาก,4809,4808,7/1/2023
4373,รถไฟระหว่างเมือง,แอร์พอร์ต เรล ลิงก์,A5,รามคำแหง,5188,5681,7/1/2023
4374,รถไฟระหว่างเมือง,แอร์พอร์ต เรล ลิงก์,A6,มักกะสัน,9083,9660,7/1/2023
4375,รถไฟระหว่างเมือง,แอร์พอร์ต เรล ลิงก์,A7,ราชปรารภ,3120,3138,7/1/2023
4376,รถไฟระหว่างเมือง,แอร์พอร์ต เรล ลิงก์,A8,พญาไท,11797,12489,7/1/2023
4377,รถไฟระหว่างเมือง,แอร์พอร์ต เรล ลิงก์,A1,สุวรรณภูมิ,10385,9345,7/2/2023
4378,รถไฟระหว่างเมือง,แอร์พอร์ต เรล ลิงก์,A2,ลาดกระบัง,8297,8620,7/2/2023
4379,รถไฟระหว่างเมือง,แอร์พอร์ต เรล ลิงก์,A3,บ้านทับช้าง,1638,1662,7/2/2023
4380,รถไฟระหว่างเมือง,แอร์พอร์ต เรล ลิงก์,A4,หัวหมาก,4104,4416,7/2/2023
4381,รถไฟระหว่างเมือง,แอร์พอร์ต เรล ลิงก์,A5,รามคำแหง,4701,5464,7/2/2023
4382,รถไฟระหว่างเมือง,แอร์พอร์ต เรล ลิงก์,A6,มักกะสัน,8291,8253,7/2/2023
4383,รถไฟระหว่างเมือง,แอร์พอร์ต เรล ลิงก์,A7,ราชปรารภ,3001,2811,7/2/2023
4384,รถไฟระหว่างเมือง,แอร์พอร์ต เรล ลิงก์,A8,พญาไท,11776,11622,7/2/2023
4385,รถไฟระหว่างเมือง,แอร์พอร์ต เรล ลิงก์,A1,สุวรรณภูมิ,11509,10338,7/3/2023
4386,รถไฟระหว่างเมือง,แอร์พอร์ต เรล ลิงก์,A2,ลาดกระบัง,10610,10403,7/3/2023
4387,รถไฟระหว่างเมือง,แอร์พอร์ต เรล ลิงก์,A3,บ้านทับช้าง,3875,3747,7/3/2023
4388,รถไฟระหว่างเมือง,แอร์พอร์ต เรล ลิงก์,A4,หัวหมาก,6341,6131,7/3/2023
4389,รถไฟระหว่างเมือง,แอร์พอร์ต เรล ลิงก์,A5,รามคำแหง,6285,6688,7/3/2023
4390,รถไฟระหว่างเมือง,แอร์พอร์ต เรล ลิงก์,A6,มักกะสัน,11677,12424,7/3/2023
4391,รถไฟระหว่างเมือง,แอร์พอร์ต เรล ลิงก์,A7,ราชปรารภ,3565,3722,7/3/2023
4392,รถไฟระหว่างเมือง,แอร์พอร์ต เรล ลิงก์,A8,พญาไท,13845,14254,7/3/2023
4393,รถไฟระหว่างเมือง,แอร์พอร์ต เรล ลิงก์,A1,สุวรรณภูมิ,11044,9853,7/4/2023
4394,รถไฟระหว่างเมือง,แอร์พอร์ต เรล ลิงก์,A2,ลาดกระบัง,10401,10220,7/4/2023
4395,รถไฟระหว่างเมือง,แอร์พอร์ต เรล ลิงก์,A3,บ้านทับช้าง,3795,3811,7/4/2023
4396,รถไฟระหว่างเมือง,แอร์พอร์ต เรล ลิงก์,A4,หัวหมาก,6267,6042,7/4/2023
4397,รถไฟระหว่างเมือง,แอร์พอร์ต เรล ลิงก์,A5,รามคำแหง,6335,6609,7/4/2023
4398,รถไฟระหว่างเมือง,แอร์พอร์ต เรล ลิงก์,A6,มักกะสัน,11388,12393,7/4/2023
4399,รถไฟระหว่างเมือง,แอร์พอร์ต เรล ลิงก์,A7,ราชปรารภ,3525,3723,7/4/2023
4400,รถไฟระหว่างเมือง,แอร์พอร์ต เรล ลิงก์,A8,พญาไท,13659,13763,7/4/2023
4401,รถไฟระหว่างเมือง,แอร์พอร์ต เรล ลิงก์,A1,สุวรรณภูมิ,11365,9718,7/5/2023
4402,รถไฟระหว่างเมือง,แอร์พอร์ต เรล ลิงก์,A2,ลาดกระบัง,10382,10468,7/5/2023
4403,รถไฟระหว่างเมือง,แอร์พอร์ต เรล ลิงก์,A3,บ้านทับช้าง,3880,3823,7/5/2023
4404,รถไฟระหว่างเมือง,แอร์พอร์ต เรล ลิงก์,A4,หัวหมาก,6308,6169,7/5/2023
4405,รถไฟระหว่างเมือง,แอร์พอร์ต เรล ลิงก์,A5,รามคำแหง,6228,6931,7/5/2023
4406,รถไฟระหว่างเมือง,แอร์พอร์ต เรล ลิงก์,A6,มักกะสัน,11770,12351,7/5/2023
4407,รถไฟระหว่างเมือง,แอร์พอร์ต เรล ลิงก์,A7,ราชปรารภ,3710,3864,7/5/2023
4408,รถไฟระหว่างเมือง,แอร์พอร์ต เรล ลิงก์,A8,พญาไท,13615,13934,7/5/2023
4409,รถไฟระหว่างเมือง,แอร์พอร์ต เรล ลิงก์,A1,สุวรรณภูมิ,12131,9827,7/6/2023
4410,รถไฟระหว่างเมือง,แอร์พอร์ต เรล ลิงก์,A2,ลาดกระบัง,10348,10150,7/6/2023
4411,รถไฟระหว่างเมือง,แอร์พอร์ต เรล ลิงก์,A3,บ้านทับช้าง,3815,3730,7/6/2023
4412,รถไฟระหว่างเมือง,แอร์พอร์ต เรล ลิงก์,A4,หัวหมาก,6195,6034,7/6/2023
4413,รถไฟระหว่างเมือง,แอร์พอร์ต เรล ลิงก์,A5,รามคำแหง,6317,6762,7/6/2023
4414,รถไฟระหว่างเมือง,แอร์พอร์ต เรล ลิงก์,A6,มักกะสัน,11426,12454,7/6/2023
4415,รถไฟระหว่างเมือง,แอร์พอร์ต เรล ลิงก์,A7,ราชปรารภ,3667,3874,7/6/2023
4416,รถไฟระหว่างเมือง,แอร์พอร์ต เรล ลิงก์,A8,พญาไท,13399,14467,7/6/2023
4417,รถไฟระหว่างเมือง,แอร์พอร์ต เรล ลิงก์,A1,สุวรรณภูมิ,12950,10059,7/7/2023
4418,รถไฟระหว่างเมือง,แอร์พอร์ต เรล ลิงก์,A2,ลาดกระบัง,11250,11088,7/7/2023
4419,รถไฟระหว่างเมือง,แอร์พอร์ต เรล ลิงก์,A3,บ้านทับช้าง,3730,3677,7/7/2023
4420,รถไฟระหว่างเมือง,แอร์พอร์ต เรล ลิงก์,A4,หัวหมาก,6354,6265,7/7/2023
4421,รถไฟระหว่างเมือง,แอร์พอร์ต เรล ลิงก์,A5,รามคำแหง,6321,6830,7/7/2023
4422,รถไฟระหว่างเมือง,แอร์พอร์ต เรล ลิงก์,A6,มักกะสัน,12143,13270,7/7/2023
4423,รถไฟระหว่างเมือง,แอร์พอร์ต เรล ลิงก์,A7,ราชปรารภ,3648,4031,7/7/2023
4424,รถไฟระหว่างเมือง,แอร์พอร์ต เรล ลิงก์,A8,พญาไท,14493,15669,7/7/2023
4425,รถไฟระหว่างเมือง,แอร์พอร์ต เรล ลิงก์,A1,สุวรรณภูมิ,10907,8945,7/8/2023
4426,รถไฟระหว่างเมือง,แอร์พอร์ต เรล ลิงก์,A2,ลาดกระบัง,8018,8053,7/8/2023
4427,รถไฟระหว่างเมือง,แอร์พอร์ต เรล ลิงก์,A3,บ้านทับช้าง,1995,1975,7/8/2023
4428,รถไฟระหว่างเมือง,แอร์พอร์ต เรล ลิงก์,A4,หัวหมาก,4341,4249,7/8/2023
4429,รถไฟระหว่างเมือง,แอร์พอร์ต เรล ลิงก์,A5,รามคำแหง,4397,4745,7/8/2023
4430,รถไฟระหว่างเมือง,แอร์พอร์ต เรล ลิงก์,A6,มักกะสัน,7824,8437,7/8/2023
4431,รถไฟระหว่างเมือง,แอร์พอร์ต เรล ลิงก์,A7,ราชปรารภ,3165,3194,7/8/2023
4432,รถไฟระหว่างเมือง,แอร์พอร์ต เรล ลิงก์,A8,พญาไท,10856,11905,7/8/2023
4433,รถไฟระหว่างเมือง,แอร์พอร์ต เรล ลิงก์,A1,สุวรรณภูมิ,10335,8972,7/9/2023
4434,รถไฟระหว่างเมือง,แอร์พอร์ต เรล ลิงก์,A2,ลาดกระบัง,6961,7159,7/9/2023
4435,รถไฟระหว่างเมือง,แอร์พอร์ต เรล ลิงก์,A3,บ้านทับช้าง,1540,1519,7/9/2023
4436,รถไฟระหว่างเมือง,แอร์พอร์ต เรล ลิงก์,A4,หัวหมาก,3373,3391,7/9/2023
4437,รถไฟระหว่างเมือง,แอร์พอร์ต เรล ลิงก์,A5,รามคำแหง,3482,3858,7/9/2023
4438,รถไฟระหว่างเมือง,แอร์พอร์ต เรล ลิงก์,A6,มักกะสัน,6683,7160,7/9/2023
4439,รถไฟระหว่างเมือง,แอร์พอร์ต เรล ลิงก์,A7,ราชปรารภ,2953,2676,7/9/2023
4440,รถไฟระหว่างเมือง,แอร์พอร์ต เรล ลิงก์,A8,พญาไท,9607,10199,7/9/2023
4441,รถไฟระหว่างเมือง,แอร์พอร์ต เรล ลิงก์,A1,สุวรรณภูมิ,11543,10399,7/10/2023
4442,รถไฟระหว่างเมือง,แอร์พอร์ต เรล ลิงก์,A2,ลาดกระบัง,10441,10192,7/10/2023
4443,รถไฟระหว่างเมือง,แอร์พอร์ต เรล ลิงก์,A3,บ้านทับช้าง,3790,3743,7/10/2023
4444,รถไฟระหว่างเมือง,แอร์พอร์ต เรล ลิงก์,A4,หัวหมาก,5946,5935,7/10/2023
4445,รถไฟระหว่างเมือง,แอร์พอร์ต เรล ลิงก์,A5,รามคำแหง,6303,6676,7/10/2023
4446,รถไฟระหว่างเมือง,แอร์พอร์ต เรล ลิงก์,A6,มักกะสัน,11539,12406,7/10/2023
4447,รถไฟระหว่างเมือง,แอร์พอร์ต เรล ลิงก์,A7,ราชปรารภ,3741,3836,7/10/2023
4448,รถไฟระหว่างเมือง,แอร์พอร์ต เรล ลิงก์,A8,พญาไท,14021,14137,7/10/2023
4449,รถไฟระหว่างเมือง,แอร์พอร์ต เรล ลิงก์,A1,สุวรรณภูมิ,11287,10006,7/11/2023
4450,รถไฟระหว่างเมือง,แอร์พอร์ต เรล ลิงก์,A2,ลาดกระบัง,10201,10104,7/11/2023
4451,รถไฟระหว่างเมือง,แอร์พอร์ต เรล ลิงก์,A3,บ้านทับช้าง,3879,3809,7/11/2023
4452,รถไฟระหว่างเมือง,แอร์พอร์ต เรล ลิงก์,A4,หัวหมาก,6168,5987,7/11/2023
4453,รถไฟระหว่างเมือง,แอร์พอร์ต เรล ลิงก์,A5,รามคำแหง,6271,6547,7/11/2023
4454,รถไฟระหว่างเมือง,แอร์พอร์ต เรล ลิงก์,A6,มักกะสัน,11496,12247,7/11/2023
4455,รถไฟระหว่างเมือง,แอร์พอร์ต เรล ลิงก์,A7,ราชปรารภ,3561,3827,7/11/2023
4456,รถไฟระหว่างเมือง,แอร์พอร์ต เรล ลิงก์,A8,พญาไท,13644,13980,7/11/2023
4457,รถไฟระหว่างเมือง,แอร์พอร์ต เรล ลิงก์,A1,สุวรรณภูมิ,11558,9929,7/12/2023
4458,รถไฟระหว่างเมือง,แอร์พอร์ต เรล ลิงก์,A2,ลาดกระบัง,10493,10345,7/12/2023
4459,รถไฟระหว่างเมือง,แอร์พอร์ต เรล ลิงก์,A3,บ้านทับช้าง,3912,3789,7/12/2023
4460,รถไฟระหว่างเมือง,แอร์พอร์ต เรล ลิงก์,A4,หัวหมาก,6164,5979,7/12/2023
4461,รถไฟระหว่างเมือง,แอร์พอร์ต เรล ลิงก์,A5,รามคำแหง,6362,6744,7/12/2023
4462,รถไฟระหว่างเมือง,แอร์พอร์ต เรล ลิงก์,A6,มักกะสัน,11713,12283,7/12/2023
4463,รถไฟระหว่างเมือง,แอร์พอร์ต เรล ลิงก์,A7,ราชปรารภ,3580,3866,7/12/2023
4464,รถไฟระหว่างเมือง,แอร์พอร์ต เรล ลิงก์,A8,พญาไท,13563,14410,7/12/2023
4465,รถไฟระหว่างเมือง,แอร์พอร์ต เรล ลิงก์,A1,สุวรรณภูมิ,12182,9710,7/13/2023
4466,รถไฟระหว่างเมือง,แอร์พอร์ต เรล ลิงก์,A2,ลาดกระบัง,10152,10039,7/13/2023
4467,รถไฟระหว่างเมือง,แอร์พอร์ต เรล ลิงก์,A3,บ้านทับช้าง,3731,3685,7/13/2023
4468,รถไฟระหว่างเมือง,แอร์พอร์ต เรล ลิงก์,A4,หัวหมาก,6052,5986,7/13/2023
4469,รถไฟระหว่างเมือง,แอร์พอร์ต เรล ลิงก์,A5,รามคำแหง,6222,6519,7/13/2023
4470,รถไฟระหว่างเมือง,แอร์พอร์ต เรล ลิงก์,A6,มักกะสัน,11239,12361,7/13/2023
4471,รถไฟระหว่างเมือง,แอร์พอร์ต เรล ลิงก์,A7,ราชปรารภ,3672,3885,7/13/2023
4472,รถไฟระหว่างเมือง,แอร์พอร์ต เรล ลิงก์,A8,พญาไท,13265,14330,7/13/2023
4473,รถไฟระหว่างเมือง,แอร์พอร์ต เรล ลิงก์,A1,สุวรรณภูมิ,13170,10508,7/14/2023
4474,รถไฟระหว่างเมือง,แอร์พอร์ต เรล ลิงก์,A2,ลาดกระบัง,10754,10919,7/14/2023
4475,รถไฟระหว่างเมือง,แอร์พอร์ต เรล ลิงก์,A3,บ้านทับช้าง,3783,3675,7/14/2023
4476,รถไฟระหว่างเมือง,แอร์พอร์ต เรล ลิงก์,A4,หัวหมาก,6454,6229,7/14/2023
4477,รถไฟระหว่างเมือง,แอร์พอร์ต เรล ลิงก์,A5,รามคำแหง,6487,6843,7/14/2023
4478,รถไฟระหว่างเมือง,แอร์พอร์ต เรล ลิงก์,A6,มักกะสัน,12222,13079,7/14/2023
4479,รถไฟระหว่างเมือง,แอร์พอร์ต เรล ลิงก์,A7,ราชปรารภ,3720,4021,7/14/2023
4480,รถไฟระหว่างเมือง,แอร์พอร์ต เรล ลิงก์,A8,พญาไท,14506,15822,7/14/2023
4481,รถไฟระหว่างเมือง,แอร์พอร์ต เรล ลิงก์,A1,สุวรรณภูมิ,11631,8871,7/15/2023
4482,รถไฟระหว่างเมือง,แอร์พอร์ต เรล ลิงก์,A2,ลาดกระบัง,7928,7996,7/15/2023
4483,รถไฟระหว่างเมือง,แอร์พอร์ต เรล ลิงก์,A3,บ้านทับช้าง,1979,1948,7/15/2023
4484,รถไฟระหว่างเมือง,แอร์พอร์ต เรล ลิงก์,A4,หัวหมาก,3991,4094,7/15/2023
4485,รถไฟระหว่างเมือง,แอร์พอร์ต เรล ลิงก์,A5,รามคำแหง,4223,4569,7/15/2023
4486,รถไฟระหว่างเมือง,แอร์พอร์ต เรล ลิงก์,A6,มักกะสัน,7782,8826,7/15/2023
4487,รถไฟระหว่างเมือง,แอร์พอร์ต เรล ลิงก์,A7,ราชปรารภ,3222,3233,7/15/2023
4488,รถไฟระหว่างเมือง,แอร์พอร์ต เรล ลิงก์,A8,พญาไท,10789,12008,7/15/2023
4489,รถไฟระหว่างเมือง,แอร์พอร์ต เรล ลิงก์,A1,สุวรรณภูมิ,10105,9418,7/16/2023
4490,รถไฟระหว่างเมือง,แอร์พอร์ต เรล ลิงก์,A2,ลาดกระบัง,6971,7162,7/16/2023
4491,รถไฟระหว่างเมือง,แอร์พอร์ต เรล ลิงก์,A3,บ้านทับช้าง,1579,1520,7/16/2023
4492,รถไฟระหว่างเมือง,แอร์พอร์ต เรล ลิงก์,A4,หัวหมาก,3312,3400,7/16/2023
4493,รถไฟระหว่างเมือง,แอร์พอร์ต เรล ลิงก์,A5,รามคำแหง,3531,3910,7/16/2023
4494,รถไฟระหว่างเมือง,แอร์พอร์ต เรล ลิงก์,A6,มักกะสัน,7047,7220,7/16/2023
4495,รถไฟระหว่างเมือง,แอร์พอร์ต เรล ลิงก์,A7,ราชปรารภ,2869,2619,7/16/2023
4496,รถไฟระหว่างเมือง,แอร์พอร์ต เรล ลิงก์,A8,พญาไท,9721,9886,7/16/2023
4497,รถไฟระหว่างเมือง,แอร์พอร์ต เรล ลิงก์,A1,สุวรรณภูมิ,11411,11038,7/17/2023
4498,รถไฟระหว่างเมือง,แอร์พอร์ต เรล ลิงก์,A2,ลาดกระบัง,10442,10148,7/17/2023
4499,รถไฟระหว่างเมือง,แอร์พอร์ต เรล ลิงก์,A3,บ้านทับช้าง,3825,3677,7/17/2023
4500,รถไฟระหว่างเมือง,แอร์พอร์ต เรล ลิงก์,A4,หัวหมาก,5974,5918,7/17/2023
4501,รถไฟระหว่างเมือง,แอร์พอร์ต เรล ลิงก์,A5,รามคำแหง,6126,6745,7/17/2023
4502,รถไฟระหว่างเมือง,แอร์พอร์ต เรล ลิงก์,A6,มักกะสัน,11711,12101,7/17/2023
4503,รถไฟระหว่างเมือง,แอร์พอร์ต เรล ลิงก์,A7,ราชปรารภ,3815,3889,7/17/2023
4504,รถไฟระหว่างเมือง,แอร์พอร์ต เรล ลิงก์,A8,พญาไท,14004,13792,7/17/2023
4505,รถไฟระหว่างเมือง,แอร์พอร์ต เรล ลิงก์,A1,สุวรรณภูมิ,11641,10639,7/18/2023
4506,รถไฟระหว่างเมือง,แอร์พอร์ต เรล ลิงก์,A2,ลาดกระบัง,10016,10018,7/18/2023
4507,รถไฟระหว่างเมือง,แอร์พอร์ต เรล ลิงก์,A3,บ้านทับช้าง,3884,3785,7/18/2023
4508,รถไฟระหว่างเมือง,แอร์พอร์ต เรล ลิงก์,A4,หัวหมาก,6117,5906,7/18/2023
4509,รถไฟระหว่างเมือง,แอร์พอร์ต เรล ลิงก์,A5,รามคำแหง,6374,6627,7/18/2023
4510,รถไฟระหว่างเมือง,แอร์พอร์ต เรล ลิงก์,A6,มักกะสัน,11585,12434,7/18/2023
4511,รถไฟระหว่างเมือง,แอร์พอร์ต เรล ลิงก์,A7,ราชปรารภ,3896,3784,7/18/2023
4512,รถไฟระหว่างเมือง,แอร์พอร์ต เรล ลิงก์,A8,พญาไท,13708,14028,7/18/2023
4513,รถไฟระหว่างเมือง,แอร์พอร์ต เรล ลิงก์,A1,สุวรรณภูมิ,11652,9951,7/19/2023
4514,รถไฟระหว่างเมือง,แอร์พอร์ต เรล ลิงก์,A2,ลาดกระบัง,10342,10166,7/19/2023
4515,รถไฟระหว่างเมือง,แอร์พอร์ต เรล ลิงก์,A3,บ้านทับช้าง,3839,3725,7/19/2023
4516,รถไฟระหว่างเมือง,แอร์พอร์ต เรล ลิงก์,A4,หัวหมาก,6065,5984,7/19/2023
4517,รถไฟระหว่างเมือง,แอร์พอร์ต เรล ลิงก์,A5,รามคำแหง,6470,6575,7/19/2023
4518,รถไฟระหว่างเมือง,แอร์พอร์ต เรล ลิงก์,A6,มักกะสัน,11192,12525,7/19/2023
4519,รถไฟระหว่างเมือง,แอร์พอร์ต เรล ลิงก์,A7,ราชปรารภ,3828,4024,7/19/2023
4520,รถไฟระหว่างเมือง,แอร์พอร์ต เรล ลิงก์,A8,พญาไท,13616,14054,7/19/2023
4521,รถไฟระหว่างเมือง,แอร์พอร์ต เรล ลิงก์,A1,สุวรรณภูมิ,11732,9976,7/20/2023
4522,รถไฟระหว่างเมือง,แอร์พอร์ต เรล ลิงก์,A2,ลาดกระบัง,10013,10115,7/20/2023
4523,รถไฟระหว่างเมือง,แอร์พอร์ต เรล ลิงก์,A3,บ้านทับช้าง,3787,3763,7/20/2023
4524,รถไฟระหว่างเมือง,แอร์พอร์ต เรล ลิงก์,A4,หัวหมาก,6037,5991,7/20/2023
4525,รถไฟระหว่างเมือง,แอร์พอร์ต เรล ลิงก์,A5,รามคำแหง,6198,6825,7/20/2023
4526,รถไฟระหว่างเมือง,แอร์พอร์ต เรล ลิงก์,A6,มักกะสัน,11494,12206,7/20/2023
4527,รถไฟระหว่างเมือง,แอร์พอร์ต เรล ลิงก์,A7,ราชปรารภ,3762,3739,7/20/2023
4528,รถไฟระหว่างเมือง,แอร์พอร์ต เรล ลิงก์,A8,พญาไท,13911,14319,7/20/2023
4529,รถไฟระหว่างเมือง,แอร์พอร์ต เรล ลิงก์,A1,สุวรรณภูมิ,12173,10233,7/21/2023
4530,รถไฟระหว่างเมือง,แอร์พอร์ต เรล ลิงก์,A2,ลาดกระบัง,11067,10826,7/21/2023
4531,รถไฟระหว่างเมือง,แอร์พอร์ต เรล ลิงก์,A3,บ้านทับช้าง,3835,3610,7/21/2023
4532,รถไฟระหว่างเมือง,แอร์พอร์ต เรล ลิงก์,A4,หัวหมาก,6377,6119,7/21/2023
4533,รถไฟระหว่างเมือง,แอร์พอร์ต เรล ลิงก์,A5,รามคำแหง,6291,6442,7/21/2023
4534,รถไฟระหว่างเมือง,แอร์พอร์ต เรล ลิงก์,A6,มักกะสัน,11692,12995,7/21/2023
4535,รถไฟระหว่างเมือง,แอร์พอร์ต เรล ลิงก์,A7,ราชปรารภ,3736,3940,7/21/2023
4536,รถไฟระหว่างเมือง,แอร์พอร์ต เรล ลิงก์,A8,พญาไท,14538,15544,7/21/2023
4537,รถไฟระหว่างเมือง,แอร์พอร์ต เรล ลิงก์,A1,สุวรรณภูมิ,11059,9191,7/22/2023
4538,รถไฟระหว่างเมือง,แอร์พอร์ต เรล ลิงก์,A2,ลาดกระบัง,7785,8110,7/22/2023
4539,รถไฟระหว่างเมือง,แอร์พอร์ต เรล ลิงก์,A3,บ้านทับช้าง,2063,2006,7/22/2023
4540,รถไฟระหว่างเมือง,แอร์พอร์ต เรล ลิงก์,A4,หัวหมาก,4104,4116,7/22/2023
4541,รถไฟระหว่างเมือง,แอร์พอร์ต เรล ลิงก์,A5,รามคำแหง,4586,4964,7/22/2023
4542,รถไฟระหว่างเมือง,แอร์พอร์ต เรล ลิงก์,A6,มักกะสัน,7571,8137,7/22/2023
4543,รถไฟระหว่างเมือง,แอร์พอร์ต เรล ลิงก์,A7,ราชปรารภ,3110,3044,7/22/2023
4544,รถไฟระหว่างเมือง,แอร์พอร์ต เรล ลิงก์,A8,พญาไท,11623,12333,7/22/2023
4545,รถไฟระหว่างเมือง,แอร์พอร์ต เรล ลิงก์,A1,สุวรรณภูมิ,9921,8930,7/23/2023
4546,รถไฟระหว่างเมือง,แอร์พอร์ต เรล ลิงก์,A2,ลาดกระบัง,6668,6865,7/23/2023
4547,รถไฟระหว่างเมือง,แอร์พอร์ต เรล ลิงก์,A3,บ้านทับช้าง,1493,1475,7/23/2023
4548,รถไฟระหว่างเมือง,แอร์พอร์ต เรล ลิงก์,A4,หัวหมาก,3589,3951,7/23/2023
4549,รถไฟระหว่างเมือง,แอร์พอร์ต เรล ลิงก์,A5,รามคำแหง,4293,4555,7/23/2023
4550,รถไฟระหว่างเมือง,แอร์พอร์ต เรล ลิงก์,A6,มักกะสัน,6943,7133,7/23/2023
4551,รถไฟระหว่างเมือง,แอร์พอร์ต เรล ลิงก์,A7,ราชปรารภ,2697,2557,7/23/2023
4552,รถไฟระหว่างเมือง,แอร์พอร์ต เรล ลิงก์,A8,พญาไท,9969,10107,7/23/2023
4553,รถไฟระหว่างเมือง,แอร์พอร์ต เรล ลิงก์,A1,สุวรรณภูมิ,11296,10141,7/24/2023
4554,รถไฟระหว่างเมือง,แอร์พอร์ต เรล ลิงก์,A2,ลาดกระบัง,10144,9988,7/24/2023
4555,รถไฟระหว่างเมือง,แอร์พอร์ต เรล ลิงก์,A3,บ้านทับช้าง,3825,3752,7/24/2023
4556,รถไฟระหว่างเมือง,แอร์พอร์ต เรล ลิงก์,A4,หัวหมาก,6274,6157,7/24/2023
4557,รถไฟระหว่างเมือง,แอร์พอร์ต เรล ลิงก์,A5,รามคำแหง,6285,6394,7/24/2023
4558,รถไฟระหว่างเมือง,แอร์พอร์ต เรล ลิงก์,A6,มักกะสัน,11285,12186,7/24/2023
4559,รถไฟระหว่างเมือง,แอร์พอร์ต เรล ลิงก์,A7,ราชปรารภ,3685,3965,7/24/2023
4560,รถไฟระหว่างเมือง,แอร์พอร์ต เรล ลิงก์,A8,พญาไท,13925,14136,7/24/2023
4561,รถไฟระหว่างเมือง,แอร์พอร์ต เรล ลิงก์,A1,สุวรรณภูมิ,11493,10975,7/25/2023
4562,รถไฟระหว่างเมือง,แอร์พอร์ต เรล ลิงก์,A2,ลาดกระบัง,10196,9968,7/25/2023
4563,รถไฟระหว่างเมือง,แอร์พอร์ต เรล ลิงก์,A3,บ้านทับช้าง,3819,3716,7/25/2023
4564,รถไฟระหว่างเมือง,แอร์พอร์ต เรล ลิงก์,A4,หัวหมาก,6323,6159,7/25/2023
4565,รถไฟระหว่างเมือง,แอร์พอร์ต เรล ลิงก์,A5,รามคำแหง,6524,6880,7/25/2023
4566,รถไฟระหว่างเมือง,แอร์พอร์ต เรล ลิงก์,A6,มักกะสัน,11788,12328,7/25/2023
4567,รถไฟระหว่างเมือง,แอร์พอร์ต เรล ลิงก์,A7,ราชปรารภ,3711,3714,7/25/2023
4568,รถไฟระหว่างเมือง,แอร์พอร์ต เรล ลิงก์,A8,พญาไท,13924,14038,7/25/2023
4569,รถไฟระหว่างเมือง,แอร์พอร์ต เรล ลิงก์,A1,สุวรรณภูมิ,12311,11481,7/26/2023
4570,รถไฟระหว่างเมือง,แอร์พอร์ต เรล ลิงก์,A2,ลาดกระบัง,10572,10296,7/26/2023
4571,รถไฟระหว่างเมือง,แอร์พอร์ต เรล ลิงก์,A3,บ้านทับช้าง,3940,3814,7/26/2023
4572,รถไฟระหว่างเมือง,แอร์พอร์ต เรล ลิงก์,A4,หัวหมาก,6397,6158,7/26/2023
4573,รถไฟระหว่างเมือง,แอร์พอร์ต เรล ลิงก์,A5,รามคำแหง,6590,6716,7/26/2023
4574,รถไฟระหว่างเมือง,แอร์พอร์ต เรล ลิงก์,A6,มักกะสัน,11771,12484,7/26/2023
4575,รถไฟระหว่างเมือง,แอร์พอร์ต เรล ลิงก์,A7,ราชปรารภ,3870,3847,7/26/2023
4576,รถไฟระหว่างเมือง,แอร์พอร์ต เรล ลิงก์,A8,พญาไท,14033,14688,7/26/2023
4577,รถไฟระหว่างเมือง,แอร์พอร์ต เรล ลิงก์,A1,สุวรรณภูมิ,13310,12063,7/27/2023
4578,รถไฟระหว่างเมือง,แอร์พอร์ต เรล ลิงก์,A2,ลาดกระบัง,12151,11342,7/27/2023
4579,รถไฟระหว่างเมือง,แอร์พอร์ต เรล ลิงก์,A3,บ้านทับช้าง,4027,3915,7/27/2023
4580,รถไฟระหว่างเมือง,แอร์พอร์ต เรล ลิงก์,A4,หัวหมาก,6795,6554,7/27/2023
4581,รถไฟระหว่างเมือง,แอร์พอร์ต เรล ลิงก์,A5,รามคำแหง,6938,7079,7/27/2023
4582,รถไฟระหว่างเมือง,แอร์พอร์ต เรล ลิงก์,A6,มักกะสัน,13075,14148,7/27/2023
4583,รถไฟระหว่างเมือง,แอร์พอร์ต เรล ลิงก์,A7,ราชปรารภ,3888,4150,7/27/2023
4584,รถไฟระหว่างเมือง,แอร์พอร์ต เรล ลิงก์,A8,พญาไท,15774,16707,7/27/2023
4585,รถไฟระหว่างเมือง,แอร์พอร์ต เรล ลิงก์,A1,สุวรรณภูมิ,11663,10645,7/28/2023
4586,รถไฟระหว่างเมือง,แอร์พอร์ต เรล ลิงก์,A2,ลาดกระบัง,8366,7759,7/28/2023
4587,รถไฟระหว่างเมือง,แอร์พอร์ต เรล ลิงก์,A3,บ้านทับช้าง,1794,1784,7/28/2023
4588,รถไฟระหว่างเมือง,แอร์พอร์ต เรล ลิงก์,A4,หัวหมาก,3819,3690,7/28/2023
4589,รถไฟระหว่างเมือง,แอร์พอร์ต เรล ลิงก์,A5,รามคำแหง,3972,3950,7/28/2023
4590,รถไฟระหว่างเมือง,แอร์พอร์ต เรล ลิงก์,A6,มักกะสัน,7523,8152,7/28/2023
4591,รถไฟระหว่างเมือง,แอร์พอร์ต เรล ลิงก์,A7,ราชปรารภ,3061,3177,7/28/2023
4592,รถไฟระหว่างเมือง,แอร์พอร์ต เรล ลิงก์,A8,พญาไท,10665,11706,7/28/2023
4593,รถไฟระหว่างเมือง,แอร์พอร์ต เรล ลิงก์,A1,สุวรรณภูมิ,11510,9806,7/29/2023
4594,รถไฟระหว่างเมือง,แอร์พอร์ต เรล ลิงก์,A2,ลาดกระบัง,7788,7554,7/29/2023
4595,รถไฟระหว่างเมือง,แอร์พอร์ต เรล ลิงก์,A3,บ้านทับช้าง,1752,1674,7/29/2023
4596,รถไฟระหว่างเมือง,แอร์พอร์ต เรล ลิงก์,A4,หัวหมาก,3789,3659,7/29/2023
4597,รถไฟระหว่างเมือง,แอร์พอร์ต เรล ลิงก์,A5,รามคำแหง,3792,4157,7/29/2023
4598,รถไฟระหว่างเมือง,แอร์พอร์ต เรล ลิงก์,A6,มักกะสัน,7185,8055,7/29/2023
4599,รถไฟระหว่างเมือง,แอร์พอร์ต เรล ลิงก์,A7,ราชปรารภ,2989,3065,7/29/2023
4600,รถไฟระหว่างเมือง,แอร์พอร์ต เรล ลิงก์,A8,พญาไท,10580,11415,7/29/2023
4601,รถไฟระหว่างเมือง,แอร์พอร์ต เรล ลิงก์,A1,สุวรรณภูมิ,10436,9433,7/30/2023
4602,รถไฟระหว่างเมือง,แอร์พอร์ต เรล ลิงก์,A2,ลาดกระบัง,6665,6936,7/30/2023
4603,รถไฟระหว่างเมือง,แอร์พอร์ต เรล ลิงก์,A3,บ้านทับช้าง,1427,1522,7/30/2023
4604,รถไฟระหว่างเมือง,แอร์พอร์ต เรล ลิงก์,A4,หัวหมาก,3145,3254,7/30/2023
4605,รถไฟระหว่างเมือง,แอร์พอร์ต เรล ลิงก์,A5,รามคำแหง,3542,3775,7/30/2023
4606,รถไฟระหว่างเมือง,แอร์พอร์ต เรล ลิงก์,A6,มักกะสัน,6687,6981,7/30/2023
4607,รถไฟระหว่างเมือง,แอร์พอร์ต เรล ลิงก์,A7,ราชปรารภ,2696,2374,7/30/2023
4608,รถไฟระหว่างเมือง,แอร์พอร์ต เรล ลิงก์,A8,พญาไท,9525,9848,7/30/2023
4609,รถไฟระหว่างเมือง,แอร์พอร์ต เรล ลิงก์,A1,สุวรรณภูมิ,11215,10247,7/31/2023
4610,รถไฟระหว่างเมือง,แอร์พอร์ต เรล ลิงก์,A2,ลาดกระบัง,8469,8551,7/31/2023
4611,รถไฟระหว่างเมือง,แอร์พอร์ต เรล ลิงก์,A3,บ้านทับช้าง,2613,2444,7/31/2023
4612,รถไฟระหว่างเมือง,แอร์พอร์ต เรล ลิงก์,A4,หัวหมาก,4487,4553,7/31/2023
4613,รถไฟระหว่างเมือง,แอร์พอร์ต เรล ลิงก์,A5,รามคำแหง,4894,5140,7/31/2023
4614,รถไฟระหว่างเมือง,แอร์พอร์ต เรล ลิงก์,A6,มักกะสัน,8917,9628,7/31/2023
4615,รถไฟระหว่างเมือง,แอร์พอร์ต เรล ลิงก์,A7,ราชปรารภ,3308,3151,7/31/2023
4616,รถไฟระหว่างเมือง,แอร์พอร์ต เรล ลิงก์,A8,พญาไท,11486,11675,7/31/2023
4617,รถไฟระหว่างเมือง,แอร์พอร์ต เรล ลิงก์,A1,สุวรรณภูมิ,11531,9529,8/1/2023
4618,รถไฟระหว่างเมือง,แอร์พอร์ต เรล ลิงก์,A2,ลาดกระบัง,7232,7522,8/1/2023
4619,รถไฟระหว่างเมือง,แอร์พอร์ต เรล ลิงก์,A3,บ้านทับช้าง,1689,1668,8/1/2023
4620,รถไฟระหว่างเมือง,แอร์พอร์ต เรล ลิงก์,A4,หัวหมาก,3559,3634,8/1/2023
4621,รถไฟระหว่างเมือง,แอร์พอร์ต เรล ลิงก์,A5,รามคำแหง,3796,4377,8/1/2023
4622,รถไฟระหว่างเมือง,แอร์พอร์ต เรล ลิงก์,A6,มักกะสัน,6937,7665,8/1/2023
4623,รถไฟระหว่างเมือง,แอร์พอร์ต เรล ลิงก์,A7,ราชปรารภ,2826,2621,8/1/2023
4624,รถไฟระหว่างเมือง,แอร์พอร์ต เรล ลิงก์,A8,พญาไท,9796,10350,8/1/2023
4625,รถไฟระหว่างเมือง,แอร์พอร์ต เรล ลิงก์,A1,สุวรรณภูมิ,12881,9301,8/2/2023
4626,รถไฟระหว่างเมือง,แอร์พอร์ต เรล ลิงก์,A2,ลาดกระบัง,9301,9777,8/2/2023
4627,รถไฟระหว่างเมือง,แอร์พอร์ต เรล ลิงก์,A3,บ้านทับช้าง,3105,2943,8/2/2023
4628,รถไฟระหว่างเมือง,แอร์พอร์ต เรล ลิงก์,A4,หัวหมาก,4992,4970,8/2/2023
4629,รถไฟระหว่างเมือง,แอร์พอร์ต เรล ลิงก์,A5,รามคำแหง,5231,5756,8/2/2023
4630,รถไฟระหว่างเมือง,แอร์พอร์ต เรล ลิงก์,A6,มักกะสัน,10177,11345,8/2/2023
4631,รถไฟระหว่างเมือง,แอร์พอร์ต เรล ลิงก์,A7,ราชปรารภ,3071,3389,8/2/2023
4632,รถไฟระหว่างเมือง,แอร์พอร์ต เรล ลิงก์,A8,พญาไท,11821,13098,8/2/2023
4633,รถไฟระหว่างเมือง,แอร์พอร์ต เรล ลิงก์,A1,สุวรรณภูมิ,13002,9772,8/3/2023
4634,รถไฟระหว่างเมือง,แอร์พอร์ต เรล ลิงก์,A2,ลาดกระบัง,10310,10666,8/3/2023
4635,รถไฟระหว่างเมือง,แอร์พอร์ต เรล ลิงก์,A3,บ้านทับช้าง,3867,3830,8/3/2023
4636,รถไฟระหว่างเมือง,แอร์พอร์ต เรล ลิงก์,A4,หัวหมาก,6252,6146,8/3/2023
4637,รถไฟระหว่างเมือง,แอร์พอร์ต เรล ลิงก์,A5,รามคำแหง,6192,7162,8/3/2023
4638,รถไฟระหว่างเมือง,แอร์พอร์ต เรล ลิงก์,A6,มักกะสัน,11818,12920,8/3/2023
4639,รถไฟระหว่างเมือง,แอร์พอร์ต เรล ลิงก์,A7,ราชปรารภ,3662,3855,8/3/2023
4640,รถไฟระหว่างเมือง,แอร์พอร์ต เรล ลิงก์,A8,พญาไท,14241,14993,8/3/2023
4641,รถไฟระหว่างเมือง,แอร์พอร์ต เรล ลิงก์,A1,สุวรรณภูมิ,13458,10648,8/4/2023
4642,รถไฟระหว่างเมือง,แอร์พอร์ต เรล ลิงก์,A2,ลาดกระบัง,11015,10957,8/4/2023
4643,รถไฟระหว่างเมือง,แอร์พอร์ต เรล ลิงก์,A3,บ้านทับช้าง,3723,3721,8/4/2023
4644,รถไฟระหว่างเมือง,แอร์พอร์ต เรล ลิงก์,A4,หัวหมาก,6420,6454,8/4/2023
4645,รถไฟระหว่างเมือง,แอร์พอร์ต เรล ลิงก์,A5,รามคำแหง,6733,7174,8/4/2023
4646,รถไฟระหว่างเมือง,แอร์พอร์ต เรล ลิงก์,A6,มักกะสัน,12294,13349,8/4/2023
4647,รถไฟระหว่างเมือง,แอร์พอร์ต เรล ลิงก์,A7,ราชปรารภ,3716,4029,8/4/2023
4648,รถไฟระหว่างเมือง,แอร์พอร์ต เรล ลิงก์,A8,พญาไท,14854,15881,8/4/2023
4649,รถไฟระหว่างเมือง,แอร์พอร์ต เรล ลิงก์,A1,สุวรรณภูมิ,12145,9429,8/5/2023
4650,รถไฟระหว่างเมือง,แอร์พอร์ต เรล ลิงก์,A2,ลาดกระบัง,8684,8760,8/5/2023
4651,รถไฟระหว่างเมือง,แอร์พอร์ต เรล ลิงก์,A3,บ้านทับช้าง,2120,2068,8/5/2023
4652,รถไฟระหว่างเมือง,แอร์พอร์ต เรล ลิงก์,A4,หัวหมาก,4541,4707,8/5/2023
4653,รถไฟระหว่างเมือง,แอร์พอร์ต เรล ลิงก์,A5,รามคำแหง,5659,5676,8/5/2023
4654,รถไฟระหว่างเมือง,แอร์พอร์ต เรล ลิงก์,A6,มักกะสัน,8853,9691,8/5/2023
4655,รถไฟระหว่างเมือง,แอร์พอร์ต เรล ลิงก์,A7,ราชปรารภ,3340,3367,8/5/2023
4656,รถไฟระหว่างเมือง,แอร์พอร์ต เรล ลิงก์,A8,พญาไท,11802,13446,8/5/2023
4657,รถไฟระหว่างเมือง,แอร์พอร์ต เรล ลิงก์,A1,สุวรรณภูมิ,11411,9674,8/6/2023
4658,รถไฟระหว่างเมือง,แอร์พอร์ต เรล ลิงก์,A2,ลาดกระบัง,7503,7805,8/6/2023
4659,รถไฟระหว่างเมือง,แอร์พอร์ต เรล ลิงก์,A3,บ้านทับช้าง,1822,1749,8/6/2023
4660,รถไฟระหว่างเมือง,แอร์พอร์ต เรล ลิงก์,A4,หัวหมาก,3608,3717,8/6/2023
4661,รถไฟระหว่างเมือง,แอร์พอร์ต เรล ลิงก์,A5,รามคำแหง,4043,4363,8/6/2023
4662,รถไฟระหว่างเมือง,แอร์พอร์ต เรล ลิงก์,A6,มักกะสัน,7459,8132,8/6/2023
4663,รถไฟระหว่างเมือง,แอร์พอร์ต เรล ลิงก์,A7,ราชปรารภ,3159,2988,8/6/2023
4664,รถไฟระหว่างเมือง,แอร์พอร์ต เรล ลิงก์,A8,พญาไท,10595,11172,8/6/2023
4665,รถไฟระหว่างเมือง,แอร์พอร์ต เรล ลิงก์,A1,สุวรรณภูมิ,13213,11641,8/7/2023
4666,รถไฟระหว่างเมือง,แอร์พอร์ต เรล ลิงก์,A2,ลาดกระบัง,10892,10695,8/7/2023
4667,รถไฟระหว่างเมือง,แอร์พอร์ต เรล ลิงก์,A3,บ้านทับช้าง,4071,4035,8/7/2023
4668,รถไฟระหว่างเมือง,แอร์พอร์ต เรล ลิงก์,A4,หัวหมาก,6484,6487,8/7/2023
4669,รถไฟระหว่างเมือง,แอร์พอร์ต เรล ลิงก์,A5,รามคำแหง,6701,7167,8/7/2023
4670,รถไฟระหว่างเมือง,แอร์พอร์ต เรล ลิงก์,A6,มักกะสัน,12557,13670,8/7/2023
4671,รถไฟระหว่างเมือง,แอร์พอร์ต เรล ลิงก์,A7,ราชปรารภ,3974,4111,8/7/2023
4672,รถไฟระหว่างเมือง,แอร์พอร์ต เรล ลิงก์,A8,พญาไท,15117,15203,8/7/2023
4673,รถไฟระหว่างเมือง,แอร์พอร์ต เรล ลิงก์,A1,สุวรรณภูมิ,11942,10775,8/8/2023
4674,รถไฟระหว่างเมือง,แอร์พอร์ต เรล ลิงก์,A2,ลาดกระบัง,10673,10506,8/8/2023
4675,รถไฟระหว่างเมือง,แอร์พอร์ต เรล ลิงก์,A3,บ้านทับช้าง,4017,4048,8/8/2023
4676,รถไฟระหว่างเมือง,แอร์พอร์ต เรล ลิงก์,A4,หัวหมาก,6492,6353,8/8/2023
4677,รถไฟระหว่างเมือง,แอร์พอร์ต เรล ลิงก์,A5,รามคำแหง,6667,7163,8/8/2023
4678,รถไฟระหว่างเมือง,แอร์พอร์ต เรล ลิงก์,A6,มักกะสัน,12626,13511,8/8/2023
4679,รถไฟระหว่างเมือง,แอร์พอร์ต เรล ลิงก์,A7,ราชปรารภ,3882,4044,8/8/2023
4680,รถไฟระหว่างเมือง,แอร์พอร์ต เรล ลิงก์,A8,พญาไท,14942,14841,8/8/2023
4681,รถไฟระหว่างเมือง,แอร์พอร์ต เรล ลิงก์,A1,สุวรรณภูมิ,12446,10844,8/9/2023
4682,รถไฟระหว่างเมือง,แอร์พอร์ต เรล ลิงก์,A2,ลาดกระบัง,10643,10528,8/9/2023
4683,รถไฟระหว่างเมือง,แอร์พอร์ต เรล ลิงก์,A3,บ้านทับช้าง,4007,3984,8/9/2023
4684,รถไฟระหว่างเมือง,แอร์พอร์ต เรล ลิงก์,A4,หัวหมาก,6599,6463,8/9/2023
4685,รถไฟระหว่างเมือง,แอร์พอร์ต เรล ลิงก์,A5,รามคำแหง,6737,6999,8/9/2023
4686,รถไฟระหว่างเมือง,แอร์พอร์ต เรล ลิงก์,A6,มักกะสัน,12618,13655,8/9/2023
4687,รถไฟระหว่างเมือง,แอร์พอร์ต เรล ลิงก์,A7,ราชปรารภ,3980,4109,8/9/2023
4688,รถไฟระหว่างเมือง,แอร์พอร์ต เรล ลิงก์,A8,พญาไท,14513,14961,8/9/2023
4689,รถไฟระหว่างเมือง,แอร์พอร์ต เรล ลิงก์,A1,สุวรรณภูมิ,12732,10770,8/10/2023
4690,รถไฟระหว่างเมือง,แอร์พอร์ต เรล ลิงก์,A2,ลาดกระบัง,10599,10366,8/10/2023
4691,รถไฟระหว่างเมือง,แอร์พอร์ต เรล ลิงก์,A3,บ้านทับช้าง,3966,3956,8/10/2023
4692,รถไฟระหว่างเมือง,แอร์พอร์ต เรล ลิงก์,A4,หัวหมาก,6480,6288,8/10/2023
4693,รถไฟระหว่างเมือง,แอร์พอร์ต เรล ลิงก์,A5,รามคำแหง,6478,6954,8/10/2023
4694,รถไฟระหว่างเมือง,แอร์พอร์ต เรล ลิงก์,A6,มักกะสัน,12377,13337,8/10/2023
4695,รถไฟระหว่างเมือง,แอร์พอร์ต เรล ลิงก์,A7,ราชปรารภ,4010,4042,8/10/2023
4696,รถไฟระหว่างเมือง,แอร์พอร์ต เรล ลิงก์,A8,พญาไท,14247,15176,8/10/2023
4697,รถไฟระหว่างเมือง,แอร์พอร์ต เรล ลิงก์,A1,สุวรรณภูมิ,13672,11527,8/11/2023
4698,รถไฟระหว่างเมือง,แอร์พอร์ต เรล ลิงก์,A2,ลาดกระบัง,11736,11565,8/11/2023
4699,รถไฟระหว่างเมือง,แอร์พอร์ต เรล ลิงก์,A3,บ้านทับช้าง,3902,3876,8/11/2023
4700,รถไฟระหว่างเมือง,แอร์พอร์ต เรล ลิงก์,A4,หัวหมาก,6765,6516,8/11/2023
4701,รถไฟระหว่างเมือง,แอร์พอร์ต เรล ลิงก์,A5,รามคำแหง,6850,7113,8/11/2023
4702,รถไฟระหว่างเมือง,แอร์พอร์ต เรล ลิงก์,A6,มักกะสัน,13225,14540,8/11/2023
4703,รถไฟระหว่างเมือง,แอร์พอร์ต เรล ลิงก์,A7,ราชปรารภ,4227,4282,8/11/2023
4704,รถไฟระหว่างเมือง,แอร์พอร์ต เรล ลิงก์,A8,พญาไท,15734,16692,8/11/2023
4705,รถไฟระหว่างเมือง,แอร์พอร์ต เรล ลิงก์,A1,สุวรรณภูมิ,11973,9764,8/12/2023
4706,รถไฟระหว่างเมือง,แอร์พอร์ต เรล ลิงก์,A2,ลาดกระบัง,7348,7397,8/12/2023
4707,รถไฟระหว่างเมือง,แอร์พอร์ต เรล ลิงก์,A3,บ้านทับช้าง,1621,1671,8/12/2023
4708,รถไฟระหว่างเมือง,แอร์พอร์ต เรล ลิงก์,A4,หัวหมาก,3672,3539,8/12/2023
4709,รถไฟระหว่างเมือง,แอร์พอร์ต เรล ลิงก์,A5,รามคำแหง,4032,4185,8/12/2023
4710,รถไฟระหว่างเมือง,แอร์พอร์ต เรล ลิงก์,A6,มักกะสัน,7178,8095,8/12/2023
4711,รถไฟระหว่างเมือง,แอร์พอร์ต เรล ลิงก์,A7,ราชปรารภ,3169,3065,8/12/2023
4712,รถไฟระหว่างเมือง,แอร์พอร์ต เรล ลิงก์,A8,พญาไท,10191,11468,8/12/2023
4713,รถไฟระหว่างเมือง,แอร์พอร์ต เรล ลิงก์,A1,สุวรรณภูมิ,10497,9704,8/13/2023
4714,รถไฟระหว่างเมือง,แอร์พอร์ต เรล ลิงก์,A2,ลาดกระบัง,6742,6999,8/13/2023
4715,รถไฟระหว่างเมือง,แอร์พอร์ต เรล ลิงก์,A3,บ้านทับช้าง,1625,1671,8/13/2023
4716,รถไฟระหว่างเมือง,แอร์พอร์ต เรล ลิงก์,A4,หัวหมาก,3473,3695,8/13/2023
4717,รถไฟระหว่างเมือง,แอร์พอร์ต เรล ลิงก์,A5,รามคำแหง,3854,4139,8/13/2023
4718,รถไฟระหว่างเมือง,แอร์พอร์ต เรล ลิงก์,A6,มักกะสัน,7064,7024,8/13/2023
4719,รถไฟระหว่างเมือง,แอร์พอร์ต เรล ลิงก์,A7,ราชปรารภ,2962,2760,8/13/2023
4720,รถไฟระหว่างเมือง,แอร์พอร์ต เรล ลิงก์,A8,พญาไท,10197,10422,8/13/2023
4721,รถไฟระหว่างเมือง,แอร์พอร์ต เรล ลิงก์,A1,สุวรรณภูมิ,11911,9926,8/14/2023
4722,รถไฟระหว่างเมือง,แอร์พอร์ต เรล ลิงก์,A2,ลาดกระบัง,7043,6874,8/14/2023
4723,รถไฟระหว่างเมือง,แอร์พอร์ต เรล ลิงก์,A3,บ้านทับช้าง,1680,1580,8/14/2023
4724,รถไฟระหว่างเมือง,แอร์พอร์ต เรล ลิงก์,A4,หัวหมาก,3408,3682,8/14/2023
4725,รถไฟระหว่างเมือง,แอร์พอร์ต เรล ลิงก์,A5,รามคำแหง,3640,4216,8/14/2023
4726,รถไฟระหว่างเมือง,แอร์พอร์ต เรล ลิงก์,A6,มักกะสัน,6702,7495,8/14/2023
4727,รถไฟระหว่างเมือง,แอร์พอร์ต เรล ลิงก์,A7,ราชปรารภ,2926,2798,8/14/2023
4728,รถไฟระหว่างเมือง,แอร์พอร์ต เรล ลิงก์,A8,พญาไท,9678,10417,8/14/2023
4729,รถไฟระหว่างเมือง,แอร์พอร์ต เรล ลิงก์,A1,สุวรรณภูมิ,12552,11423,8/15/2023
4730,รถไฟระหว่างเมือง,แอร์พอร์ต เรล ลิงก์,A2,ลาดกระบัง,10936,10725,8/15/2023
4731,รถไฟระหว่างเมือง,แอร์พอร์ต เรล ลิงก์,A3,บ้านทับช้าง,4072,4083,8/15/2023
4732,รถไฟระหว่างเมือง,แอร์พอร์ต เรล ลิงก์,A4,หัวหมาก,6542,6551,8/15/2023
4733,รถไฟระหว่างเมือง,แอร์พอร์ต เรล ลิงก์,A5,รามคำแหง,6612,7084,8/15/2023
4734,รถไฟระหว่างเมือง,แอร์พอร์ต เรล ลิงก์,A6,มักกะสัน,13139,13747,8/15/2023
4735,รถไฟระหว่างเมือง,แอร์พอร์ต เรล ลิงก์,A7,ราชปรารภ,3822,3916,8/15/2023
4736,รถไฟระหว่างเมือง,แอร์พอร์ต เรล ลิงก์,A8,พญาไท,14753,14899,8/15/2023
4737,รถไฟระหว่างเมือง,แอร์พอร์ต เรล ลิงก์,A1,สุวรรณภูมิ,12791,10811,8/16/2023
4738,รถไฟระหว่างเมือง,แอร์พอร์ต เรล ลิงก์,A2,ลาดกระบัง,10603,10716,8/16/2023
4739,รถไฟระหว่างเมือง,แอร์พอร์ต เรล ลิงก์,A3,บ้านทับช้าง,4111,4083,8/16/2023
4740,รถไฟระหว่างเมือง,แอร์พอร์ต เรล ลิงก์,A4,หัวหมาก,6524,6388,8/16/2023
4741,รถไฟระหว่างเมือง,แอร์พอร์ต เรล ลิงก์,A5,รามคำแหง,6732,6939,8/16/2023
4742,รถไฟระหว่างเมือง,แอร์พอร์ต เรล ลิงก์,A6,มักกะสัน,12700,13735,8/16/2023
4743,รถไฟระหว่างเมือง,แอร์พอร์ต เรล ลิงก์,A7,ราชปรารภ,3812,4048,8/16/2023
4744,รถไฟระหว่างเมือง,แอร์พอร์ต เรล ลิงก์,A8,พญาไท,14351,14904,8/16/2023
4745,รถไฟระหว่างเมือง,แอร์พอร์ต เรล ลิงก์,A1,สุวรรณภูมิ,13154,10866,8/17/2023
4746,รถไฟระหว่างเมือง,แอร์พอร์ต เรล ลิงก์,A2,ลาดกระบัง,10790,10856,8/17/2023
4747,รถไฟระหว่างเมือง,แอร์พอร์ต เรล ลิงก์,A3,บ้านทับช้าง,3988,4029,8/17/2023
4748,รถไฟระหว่างเมือง,แอร์พอร์ต เรล ลิงก์,A4,หัวหมาก,6505,6665,8/17/2023
4749,รถไฟระหว่างเมือง,แอร์พอร์ต เรล ลิงก์,A5,รามคำแหง,6593,7386,8/17/2023
4750,รถไฟระหว่างเมือง,แอร์พอร์ต เรล ลิงก์,A6,มักกะสัน,13077,13707,8/17/2023
4751,รถไฟระหว่างเมือง,แอร์พอร์ต เรล ลิงก์,A7,ราชปรารภ,3959,4300,8/17/2023
4752,รถไฟระหว่างเมือง,แอร์พอร์ต เรล ลิงก์,A8,พญาไท,15177,15434,8/17/2023
4753,รถไฟระหว่างเมือง,แอร์พอร์ต เรล ลิงก์,A1,สุวรรณภูมิ,14019,11823,8/18/2023
4754,รถไฟระหว่างเมือง,แอร์พอร์ต เรล ลิงก์,A2,ลาดกระบัง,11822,11655,8/18/2023
4755,รถไฟระหว่างเมือง,แอร์พอร์ต เรล ลิงก์,A3,บ้านทับช้าง,4037,3885,8/18/2023
4756,รถไฟระหว่างเมือง,แอร์พอร์ต เรล ลิงก์,A4,หัวหมาก,6925,6746,8/18/2023
4757,รถไฟระหว่างเมือง,แอร์พอร์ต เรล ลิงก์,A5,รามคำแหง,6855,7438,8/18/2023
4758,รถไฟระหว่างเมือง,แอร์พอร์ต เรล ลิงก์,A6,มักกะสัน,13668,14388,8/18/2023
4759,รถไฟระหว่างเมือง,แอร์พอร์ต เรล ลิงก์,A7,ราชปรารภ,4159,4417,8/18/2023
4760,รถไฟระหว่างเมือง,แอร์พอร์ต เรล ลิงก์,A8,พญาไท,15961,17094,8/18/2023
4761,รถไฟระหว่างเมือง,แอร์พอร์ต เรล ลิงก์,A1,สุวรรณภูมิ,12282,10441,8/19/2023
4762,รถไฟระหว่างเมือง,แอร์พอร์ต เรล ลิงก์,A2,ลาดกระบัง,8779,8501,8/19/2023
4763,รถไฟระหว่างเมือง,แอร์พอร์ต เรล ลิงก์,A3,บ้านทับช้าง,2082,2111,8/19/2023
4764,รถไฟระหว่างเมือง,แอร์พอร์ต เรล ลิงก์,A4,หัวหมาก,4570,4446,8/19/2023
4765,รถไฟระหว่างเมือง,แอร์พอร์ต เรล ลิงก์,A5,รามคำแหง,4841,4983,8/19/2023
4766,รถไฟระหว่างเมือง,แอร์พอร์ต เรล ลิงก์,A6,มักกะสัน,8478,9356,8/19/2023
4767,รถไฟระหว่างเมือง,แอร์พอร์ต เรล ลิงก์,A7,ราชปรารภ,3440,3359,8/19/2023
4768,รถไฟระหว่างเมือง,แอร์พอร์ต เรล ลิงก์,A8,พญาไท,12041,13316,8/19/2023
4769,รถไฟระหว่างเมือง,แอร์พอร์ต เรล ลิงก์,A1,สุวรรณภูมิ,11332,10574,8/20/2023
4770,รถไฟระหว่างเมือง,แอร์พอร์ต เรล ลิงก์,A2,ลาดกระบัง,7127,7134,8/20/2023
4771,รถไฟระหว่างเมือง,แอร์พอร์ต เรล ลิงก์,A3,บ้านทับช้าง,1661,1671,8/20/2023
4772,รถไฟระหว่างเมือง,แอร์พอร์ต เรล ลิงก์,A4,หัวหมาก,3465,3689,8/20/2023
4773,รถไฟระหว่างเมือง,แอร์พอร์ต เรล ลิงก์,A5,รามคำแหง,3712,4162,8/20/2023
4774,รถไฟระหว่างเมือง,แอร์พอร์ต เรล ลิงก์,A6,มักกะสัน,7221,7485,8/20/2023
4775,รถไฟระหว่างเมือง,แอร์พอร์ต เรล ลิงก์,A7,ราชปรารภ,3042,2884,8/20/2023
4776,รถไฟระหว่างเมือง,แอร์พอร์ต เรล ลิงก์,A8,พญาไท,10587,10548,8/20/2023
4777,รถไฟระหว่างเมือง,แอร์พอร์ต เรล ลิงก์,A1,สุวรรณภูมิ,12031,11562,8/21/2023
4778,รถไฟระหว่างเมือง,แอร์พอร์ต เรล ลิงก์,A2,ลาดกระบัง,10564,10362,8/21/2023
4779,รถไฟระหว่างเมือง,แอร์พอร์ต เรล ลิงก์,A3,บ้านทับช้าง,4011,3991,8/21/2023
4780,รถไฟระหว่างเมือง,แอร์พอร์ต เรล ลิงก์,A4,หัวหมาก,6366,6397,8/21/2023
4781,รถไฟระหว่างเมือง,แอร์พอร์ต เรล ลิงก์,A5,รามคำแหง,6577,6966,8/21/2023
4782,รถไฟระหว่างเมือง,แอร์พอร์ต เรล ลิงก์,A6,มักกะสัน,12937,13518,8/21/2023
4783,รถไฟระหว่างเมือง,แอร์พอร์ต เรล ลิงก์,A7,ราชปรารภ,4019,3919,8/21/2023
4784,รถไฟระหว่างเมือง,แอร์พอร์ต เรล ลิงก์,A8,พญาไท,14619,14409,8/21/2023
4785,รถไฟระหว่างเมือง,แอร์พอร์ต เรล ลิงก์,A1,สุวรรณภูมิ,11468,10600,8/22/2023
4786,รถไฟระหว่างเมือง,แอร์พอร์ต เรล ลิงก์,A2,ลาดกระบัง,10347,9655,8/22/2023
4787,รถไฟระหว่างเมือง,แอร์พอร์ต เรล ลิงก์,A3,บ้านทับช้าง,4106,3717,8/22/2023
4788,รถไฟระหว่างเมือง,แอร์พอร์ต เรล ลิงก์,A4,หัวหมาก,6393,6228,8/22/2023
4789,รถไฟระหว่างเมือง,แอร์พอร์ต เรล ลิงก์,A5,รามคำแหง,6330,6815,8/22/2023
4790,รถไฟระหว่างเมือง,แอร์พอร์ต เรล ลิงก์,A6,มักกะสัน,12368,13093,8/22/2023
4791,รถไฟระหว่างเมือง,แอร์พอร์ต เรล ลิงก์,A7,ราชปรารภ,3596,3865,8/22/2023
4792,รถไฟระหว่างเมือง,แอร์พอร์ต เรล ลิงก์,A8,พญาไท,13679,14314,8/22/2023
4793,รถไฟระหว่างเมือง,แอร์พอร์ต เรล ลิงก์,A1,สุวรรณภูมิ,12265,10695,8/23/2023
4794,รถไฟระหว่างเมือง,แอร์พอร์ต เรล ลิงก์,A2,ลาดกระบัง,10556,10685,8/23/2023
4795,รถไฟระหว่างเมือง,แอร์พอร์ต เรล ลิงก์,A3,บ้านทับช้าง,4024,4111,8/23/2023
4796,รถไฟระหว่างเมือง,แอร์พอร์ต เรล ลิงก์,A4,หัวหมาก,6549,6462,8/23/2023
4797,รถไฟระหว่างเมือง,แอร์พอร์ต เรล ลิงก์,A5,รามคำแหง,6579,7546,8/23/2023
4798,รถไฟระหว่างเมือง,แอร์พอร์ต เรล ลิงก์,A6,มักกะสัน,13222,13666,8/23/2023
4799,รถไฟระหว่างเมือง,แอร์พอร์ต เรล ลิงก์,A7,ราชปรารภ,3811,3901,8/23/2023
4800,รถไฟระหว่างเมือง,แอร์พอร์ต เรล ลิงก์,A8,พญาไท,14839,14779,8/23/2023
4801,รถไฟระหว่างเมือง,แอร์พอร์ต เรล ลิงก์,A1,สุวรรณภูมิ,13341,11105,8/24/2023
4802,รถไฟระหว่างเมือง,แอร์พอร์ต เรล ลิงก์,A2,ลาดกระบัง,10418,10420,8/24/2023
4803,รถไฟระหว่างเมือง,แอร์พอร์ต เรล ลิงก์,A3,บ้านทับช้าง,4038,4001,8/24/2023
4804,รถไฟระหว่างเมือง,แอร์พอร์ต เรล ลิงก์,A4,หัวหมาก,6538,6527,8/24/2023
4805,รถไฟระหว่างเมือง,แอร์พอร์ต เรล ลิงก์,A5,รามคำแหง,6761,7525,8/24/2023
4806,รถไฟระหว่างเมือง,แอร์พอร์ต เรล ลิงก์,A6,มักกะสัน,13093,13781,8/24/2023
4807,รถไฟระหว่างเมือง,แอร์พอร์ต เรล ลิงก์,A7,ราชปรารภ,4002,4272,8/24/2023
4808,รถไฟระหว่างเมือง,แอร์พอร์ต เรล ลิงก์,A8,พญาไท,14932,15492,8/24/2023
4809,รถไฟระหว่างเมือง,แอร์พอร์ต เรล ลิงก์,A1,สุวรรณภูมิ,14081,11802,8/25/2023
4810,รถไฟระหว่างเมือง,แอร์พอร์ต เรล ลิงก์,A2,ลาดกระบัง,11412,11335,8/25/2023
4811,รถไฟระหว่างเมือง,แอร์พอร์ต เรล ลิงก์,A3,บ้านทับช้าง,4139,4017,8/25/2023
4812,รถไฟระหว่างเมือง,แอร์พอร์ต เรล ลิงก์,A4,หัวหมาก,6827,6655,8/25/2023
4813,รถไฟระหว่างเมือง,แอร์พอร์ต เรล ลิงก์,A5,รามคำแหง,7135,7780,8/25/2023
4814,รถไฟระหว่างเมือง,แอร์พอร์ต เรล ลิงก์,A6,มักกะสัน,13979,14771,8/25/2023
4815,รถไฟระหว่างเมือง,แอร์พอร์ต เรล ลิงก์,A7,ราชปรารภ,4118,4374,8/25/2023
4816,รถไฟระหว่างเมือง,แอร์พอร์ต เรล ลิงก์,A8,พญาไท,16044,17001,8/25/2023
4817,รถไฟระหว่างเมือง,แอร์พอร์ต เรล ลิงก์,A1,สุวรรณภูมิ,12511,10513,8/26/2023
4818,รถไฟระหว่างเมือง,แอร์พอร์ต เรล ลิงก์,A2,ลาดกระบัง,8048,8165,8/26/2023
4819,รถไฟระหว่างเมือง,แอร์พอร์ต เรล ลิงก์,A3,บ้านทับช้าง,2066,2113,8/26/2023
4820,รถไฟระหว่างเมือง,แอร์พอร์ต เรล ลิงก์,A4,หัวหมาก,4340,4400,8/26/2023
4821,รถไฟระหว่างเมือง,แอร์พอร์ต เรล ลิงก์,A5,รามคำแหง,4842,5159,8/26/2023
4822,รถไฟระหว่างเมือง,แอร์พอร์ต เรล ลิงก์,A6,มักกะสัน,9038,9615,8/26/2023
4823,รถไฟระหว่างเมือง,แอร์พอร์ต เรล ลิงก์,A7,ราชปรารภ,3451,3494,8/26/2023
4824,รถไฟระหว่างเมือง,แอร์พอร์ต เรล ลิงก์,A8,พญาไท,11760,12597,8/26/2023
4825,รถไฟระหว่างเมือง,แอร์พอร์ต เรล ลิงก์,A1,สุวรรณภูมิ,11053,10236,8/27/2023
4826,รถไฟระหว่างเมือง,แอร์พอร์ต เรล ลิงก์,A2,ลาดกระบัง,6976,7149,8/27/2023
4827,รถไฟระหว่างเมือง,แอร์พอร์ต เรล ลิงก์,A3,บ้านทับช้าง,1612,1595,8/27/2023
4828,รถไฟระหว่างเมือง,แอร์พอร์ต เรล ลิงก์,A4,หัวหมาก,3854,3691,8/27/2023
4829,รถไฟระหว่างเมือง,แอร์พอร์ต เรล ลิงก์,A5,รามคำแหง,4157,4365,8/27/2023
4830,รถไฟระหว่างเมือง,แอร์พอร์ต เรล ลิงก์,A6,มักกะสัน,7333,7828,8/27/2023
4831,รถไฟระหว่างเมือง,แอร์พอร์ต เรล ลิงก์,A7,ราชปรารภ,3176,3039,8/27/2023
4832,รถไฟระหว่างเมือง,แอร์พอร์ต เรล ลิงก์,A8,พญาไท,10454,10712,8/27/2023
4833,รถไฟระหว่างเมือง,แอร์พอร์ต เรล ลิงก์,A1,สุวรรณภูมิ,11997,12059,8/28/2023
4834,รถไฟระหว่างเมือง,แอร์พอร์ต เรล ลิงก์,A2,ลาดกระบัง,10554,10313,8/28/2023
4835,รถไฟระหว่างเมือง,แอร์พอร์ต เรล ลิงก์,A3,บ้านทับช้าง,3922,3951,8/28/2023
4836,รถไฟระหว่างเมือง,แอร์พอร์ต เรล ลิงก์,A4,หัวหมาก,6308,6327,8/28/2023
4837,รถไฟระหว่างเมือง,แอร์พอร์ต เรล ลิงก์,A5,รามคำแหง,6863,7333,8/28/2023
4838,รถไฟระหว่างเมือง,แอร์พอร์ต เรล ลิงก์,A6,มักกะสัน,13110,13393,8/28/2023
4839,รถไฟระหว่างเมือง,แอร์พอร์ต เรล ลิงก์,A7,ราชปรารภ,3764,3717,8/28/2023
4840,รถไฟระหว่างเมือง,แอร์พอร์ต เรล ลิงก์,A8,พญาไท,15010,14435,8/28/2023
4841,รถไฟระหว่างเมือง,แอร์พอร์ต เรล ลิงก์,A1,สุวรรณภูมิ,11747,10877,8/29/2023
4842,รถไฟระหว่างเมือง,แอร์พอร์ต เรล ลิงก์,A2,ลาดกระบัง,10327,10275,8/29/2023
4843,รถไฟระหว่างเมือง,แอร์พอร์ต เรล ลิงก์,A3,บ้านทับช้าง,4024,4017,8/29/2023
4844,รถไฟระหว่างเมือง,แอร์พอร์ต เรล ลิงก์,A4,หัวหมาก,6579,6477,8/29/2023
4845,รถไฟระหว่างเมือง,แอร์พอร์ต เรล ลิงก์,A5,รามคำแหง,6888,7363,8/29/2023
4846,รถไฟระหว่างเมือง,แอร์พอร์ต เรล ลิงก์,A6,มักกะสัน,13000,13582,8/29/2023
4847,รถไฟระหว่างเมือง,แอร์พอร์ต เรล ลิงก์,A7,ราชปรารภ,3641,3772,8/29/2023
4848,รถไฟระหว่างเมือง,แอร์พอร์ต เรล ลิงก์,A8,พญาไท,14333,14176,8/29/2023
4849,รถไฟระหว่างเมือง,แอร์พอร์ต เรล ลิงก์,A1,สุวรรณภูมิ,12134,10602,8/30/2023
4850,รถไฟระหว่างเมือง,แอร์พอร์ต เรล ลิงก์,A2,ลาดกระบัง,10352,10233,8/30/2023
4851,รถไฟระหว่างเมือง,แอร์พอร์ต เรล ลิงก์,A3,บ้านทับช้าง,4018,4024,8/30/2023
4852,รถไฟระหว่างเมือง,แอร์พอร์ต เรล ลิงก์,A4,หัวหมาก,6413,6236,8/30/2023
4853,รถไฟระหว่างเมือง,แอร์พอร์ต เรล ลิงก์,A5,รามคำแหง,6519,7122,8/30/2023
4854,รถไฟระหว่างเมือง,แอร์พอร์ต เรล ลิงก์,A6,มักกะสัน,12526,13528,8/30/2023
4855,รถไฟระหว่างเมือง,แอร์พอร์ต เรล ลิงก์,A7,ราชปรารภ,3598,3767,8/30/2023
4856,รถไฟระหว่างเมือง,แอร์พอร์ต เรล ลิงก์,A8,พญาไท,14347,14395,8/30/2023
4857,รถไฟระหว่างเมือง,แอร์พอร์ต เรล ลิงก์,A1,สุวรรณภูมิ,12749,10838,8/31/2023
4858,รถไฟระหว่างเมือง,แอร์พอร์ต เรล ลิงก์,A2,ลาดกระบัง,10513,10469,8/31/2023
4859,รถไฟระหว่างเมือง,แอร์พอร์ต เรล ลิงก์,A3,บ้านทับช้าง,4154,4077,8/31/2023
4860,รถไฟระหว่างเมือง,แอร์พอร์ต เรล ลิงก์,A4,หัวหมาก,6537,6390,8/31/2023
4861,รถไฟระหว่างเมือง,แอร์พอร์ต เรล ลิงก์,A5,รามคำแหง,6679,7572,8/31/2023
4862,รถไฟระหว่างเมือง,แอร์พอร์ต เรล ลิงก์,A6,มักกะสัน,12929,13528,8/31/2023
4863,รถไฟระหว่างเมือง,แอร์พอร์ต เรล ลิงก์,A7,ราชปรารภ,3690,4100,8/31/2023
4864,รถไฟระหว่างเมือง,แอร์พอร์ต เรล ลิงก์,A8,พญาไท,15072,15349,8/31/2023
4865,รถไฟระหว่างเมือง,แอร์พอร์ต เรล ลิงก์,A1,สุวรรณภูมิ,13625,11167,9/1/2023
4866,รถไฟระหว่างเมือง,แอร์พอร์ต เรล ลิงก์,A2,ลาดกระบัง,11517,11375,9/1/2023
4867,รถไฟระหว่างเมือง,แอร์พอร์ต เรล ลิงก์,A3,บ้านทับช้าง,4150,4081,9/1/2023
4868,รถไฟระหว่างเมือง,แอร์พอร์ต เรล ลิงก์,A4,หัวหมาก,7110,6950,9/1/2023
4869,รถไฟระหว่างเมือง,แอร์พอร์ต เรล ลิงก์,A5,รามคำแหง,7216,7563,9/1/2023
4870,รถไฟระหว่างเมือง,แอร์พอร์ต เรล ลิงก์,A6,มักกะสัน,13532,14708,9/1/2023
4871,รถไฟระหว่างเมือง,แอร์พอร์ต เรล ลิงก์,A7,ราชปรารภ,3811,4043,9/1/2023
4872,รถไฟระหว่างเมือง,แอร์พอร์ต เรล ลิงก์,A8,พญาไท,15538,16612,9/1/2023
4873,รถไฟระหว่างเมือง,แอร์พอร์ต เรล ลิงก์,A1,สุวรรณภูมิ,11935,10422,9/2/2023
4874,รถไฟระหว่างเมือง,แอร์พอร์ต เรล ลิงก์,A2,ลาดกระบัง,8141,8414,9/2/2023
4875,รถไฟระหว่างเมือง,แอร์พอร์ต เรล ลิงก์,A3,บ้านทับช้าง,2167,2145,9/2/2023
4876,รถไฟระหว่างเมือง,แอร์พอร์ต เรล ลิงก์,A4,หัวหมาก,4489,4513,9/2/2023
4877,รถไฟระหว่างเมือง,แอร์พอร์ต เรล ลิงก์,A5,รามคำแหง,5377,5313,9/2/2023
4878,รถไฟระหว่างเมือง,แอร์พอร์ต เรล ลิงก์,A6,มักกะสัน,8351,9101,9/2/2023
4879,รถไฟระหว่างเมือง,แอร์พอร์ต เรล ลิงก์,A7,ราชปรารภ,3323,3197,9/2/2023
4880,รถไฟระหว่างเมือง,แอร์พอร์ต เรล ลิงก์,A8,พญาไท,12160,12838,9/2/2023
4881,รถไฟระหว่างเมือง,แอร์พอร์ต เรล ลิงก์,A1,สุวรรณภูมิ,11794,10658,9/3/2023
4882,รถไฟระหว่างเมือง,แอร์พอร์ต เรล ลิงก์,A2,ลาดกระบัง,7700,7621,9/3/2023
4883,รถไฟระหว่างเมือง,แอร์พอร์ต เรล ลิงก์,A3,บ้านทับช้าง,1682,1652,9/3/2023
4884,รถไฟระหว่างเมือง,แอร์พอร์ต เรล ลิงก์,A4,หัวหมาก,3553,3587,9/3/2023
4885,รถไฟระหว่างเมือง,แอร์พอร์ต เรล ลิงก์,A5,รามคำแหง,4078,4321,9/3/2023
4886,รถไฟระหว่างเมือง,แอร์พอร์ต เรล ลิงก์,A6,มักกะสัน,7392,7926,9/3/2023
4887,รถไฟระหว่างเมือง,แอร์พอร์ต เรล ลิงก์,A7,ราชปรารภ,3191,3212,9/3/2023
4888,รถไฟระหว่างเมือง,แอร์พอร์ต เรล ลิงก์,A8,พญาไท,10822,11235,9/3/2023
4889,รถไฟระหว่างเมือง,แอร์พอร์ต เรล ลิงก์,A1,สุวรรณภูมิ,12488,11591,9/4/2023
4890,รถไฟระหว่างเมือง,แอร์พอร์ต เรล ลิงก์,A2,ลาดกระบัง,10824,10608,9/4/2023
4891,รถไฟระหว่างเมือง,แอร์พอร์ต เรล ลิงก์,A3,บ้านทับช้าง,4076,4026,9/4/2023
4892,รถไฟระหว่างเมือง,แอร์พอร์ต เรล ลิงก์,A4,หัวหมาก,6476,6565,9/4/2023
4893,รถไฟระหว่างเมือง,แอร์พอร์ต เรล ลิงก์,A5,รามคำแหง,6729,7244,9/4/2023
4894,รถไฟระหว่างเมือง,แอร์พอร์ต เรล ลิงก์,A6,มักกะสัน,12864,13540,9/4/2023
4895,รถไฟระหว่างเมือง,แอร์พอร์ต เรล ลิงก์,A7,ราชปรารภ,3934,3888,9/4/2023
4896,รถไฟระหว่างเมือง,แอร์พอร์ต เรล ลิงก์,A8,พญาไท,14756,14685,9/4/2023
4897,รถไฟระหว่างเมือง,แอร์พอร์ต เรล ลิงก์,A1,สุวรรณภูมิ,12079,10825,9/5/2023
4898,รถไฟระหว่างเมือง,แอร์พอร์ต เรล ลิงก์,A2,ลาดกระบัง,10778,10597,9/5/2023
4899,รถไฟระหว่างเมือง,แอร์พอร์ต เรล ลิงก์,A3,บ้านทับช้าง,4179,4135,9/5/2023
4900,รถไฟระหว่างเมือง,แอร์พอร์ต เรล ลิงก์,A4,หัวหมาก,6738,6558,9/5/2023
4901,รถไฟระหว่างเมือง,แอร์พอร์ต เรล ลิงก์,A5,รามคำแหง,6828,7194,9/5/2023
4902,รถไฟระหว่างเมือง,แอร์พอร์ต เรล ลิงก์,A6,มักกะสัน,12929,13632,9/5/2023
4903,รถไฟระหว่างเมือง,แอร์พอร์ต เรล ลิงก์,A7,ราชปรารภ,3886,4090,9/5/2023
4904,รถไฟระหว่างเมือง,แอร์พอร์ต เรล ลิงก์,A8,พญาไท,14359,14745,9/5/2023
4905,รถไฟระหว่างเมือง,แอร์พอร์ต เรล ลิงก์,A1,สุวรรณภูมิ,12398,10986,9/6/2023
4906,รถไฟระหว่างเมือง,แอร์พอร์ต เรล ลิงก์,A2,ลาดกระบัง,10944,10863,9/6/2023
4907,รถไฟระหว่างเมือง,แอร์พอร์ต เรล ลิงก์,A3,บ้านทับช้าง,4147,4066,9/6/2023
4908,รถไฟระหว่างเมือง,แอร์พอร์ต เรล ลิงก์,A4,หัวหมาก,6642,6289,9/6/2023
4909,รถไฟระหว่างเมือง,แอร์พอร์ต เรล ลิงก์,A5,รามคำแหง,6898,7328,9/6/2023
4910,รถไฟระหว่างเมือง,แอร์พอร์ต เรล ลิงก์,A6,มักกะสัน,12998,13893,9/6/2023
4911,รถไฟระหว่างเมือง,แอร์พอร์ต เรล ลิงก์,A7,ราชปรารภ,3745,3960,9/6/2023
4912,รถไฟระหว่างเมือง,แอร์พอร์ต เรล ลิงก์,A8,พญาไท,14400,14787,9/6/2023
4913,รถไฟระหว่างเมือง,แอร์พอร์ต เรล ลิงก์,A1,สุวรรณภูมิ,12967,10961,9/7/2023
4914,รถไฟระหว่างเมือง,แอร์พอร์ต เรล ลิงก์,A2,ลาดกระบัง,10833,10659,9/7/2023
4915,รถไฟระหว่างเมือง,แอร์พอร์ต เรล ลิงก์,A3,บ้านทับช้าง,4086,4131,9/7/2023
4916,รถไฟระหว่างเมือง,แอร์พอร์ต เรล ลิงก์,A4,หัวหมาก,6606,6593,9/7/2023
4917,รถไฟระหว่างเมือง,แอร์พอร์ต เรล ลิงก์,A5,รามคำแหง,6583,7147,9/7/2023
4918,รถไฟระหว่างเมือง,แอร์พอร์ต เรล ลิงก์,A6,มักกะสัน,12765,13600,9/7/2023
4919,รถไฟระหว่างเมือง,แอร์พอร์ต เรล ลิงก์,A7,ราชปรารภ,3820,4046,9/7/2023
4920,รถไฟระหว่างเมือง,แอร์พอร์ต เรล ลิงก์,A8,พญาไท,14511,15034,9/7/2023
4921,รถไฟระหว่างเมือง,แอร์พอร์ต เรล ลิงก์,A1,สุวรรณภูมิ,13821,11669,9/8/2023
4922,รถไฟระหว่างเมือง,แอร์พอร์ต เรล ลิงก์,A2,ลาดกระบัง,11305,11152,9/8/2023
4923,รถไฟระหว่างเมือง,แอร์พอร์ต เรล ลิงก์,A3,บ้านทับช้าง,4025,3947,9/8/2023
4924,รถไฟระหว่างเมือง,แอร์พอร์ต เรล ลิงก์,A4,หัวหมาก,6789,6521,9/8/2023
4925,รถไฟระหว่างเมือง,แอร์พอร์ต เรล ลิงก์,A5,รามคำแหง,6930,7413,9/8/2023
4926,รถไฟระหว่างเมือง,แอร์พอร์ต เรล ลิงก์,A6,มักกะสัน,13158,14113,9/8/2023
4927,รถไฟระหว่างเมือง,แอร์พอร์ต เรล ลิงก์,A7,ราชปรารภ,3787,3887,9/8/2023
4928,รถไฟระหว่างเมือง,แอร์พอร์ต เรล ลิงก์,A8,พญาไท,15153,16266,9/8/2023
4929,รถไฟระหว่างเมือง,แอร์พอร์ต เรล ลิงก์,A1,สุวรรณภูมิ,11829,7564,9/9/2023
4930,รถไฟระหว่างเมือง,แอร์พอร์ต เรล ลิงก์,A2,ลาดกระบัง,8113,8288,9/9/2023
4931,รถไฟระหว่างเมือง,แอร์พอร์ต เรล ลิงก์,A3,บ้านทับช้าง,2090,2102,9/9/2023
4932,รถไฟระหว่างเมือง,แอร์พอร์ต เรล ลิงก์,A4,หัวหมาก,4198,4387,9/9/2023
4933,รถไฟระหว่างเมือง,แอร์พอร์ต เรล ลิงก์,A5,รามคำแหง,4324,5169,9/9/2023
4934,รถไฟระหว่างเมือง,แอร์พอร์ต เรล ลิงก์,A6,มักกะสัน,8439,9417,9/9/2023
4935,รถไฟระหว่างเมือง,แอร์พอร์ต เรล ลิงก์,A7,ราชปรารภ,2808,3287,9/9/2023
4936,รถไฟระหว่างเมือง,แอร์พอร์ต เรล ลิงก์,A8,พญาไท,10982,12569,9/9/2023
4937,รถไฟระหว่างเมือง,แอร์พอร์ต เรล ลิงก์,A1,สุวรรณภูมิ,11001,9938,9/10/2023
4938,รถไฟระหว่างเมือง,แอร์พอร์ต เรล ลิงก์,A2,ลาดกระบัง,6971,7231,9/10/2023
4939,รถไฟระหว่างเมือง,แอร์พอร์ต เรล ลิงก์,A3,บ้านทับช้าง,1623,1588,9/10/2023
4940,รถไฟระหว่างเมือง,แอร์พอร์ต เรล ลิงก์,A4,หัวหมาก,3354,3439,9/10/2023
4941,รถไฟระหว่างเมือง,แอร์พอร์ต เรล ลิงก์,A5,รามคำแหง,3726,4192,9/10/2023
4942,รถไฟระหว่างเมือง,แอร์พอร์ต เรล ลิงก์,A6,มักกะสัน,7116,7496,9/10/2023
4943,รถไฟระหว่างเมือง,แอร์พอร์ต เรล ลิงก์,A7,ราชปรารภ,2934,2757,9/10/2023
4944,รถไฟระหว่างเมือง,แอร์พอร์ต เรล ลิงก์,A8,พญาไท,10205,10289,9/10/2023
4945,รถไฟระหว่างเมือง,แอร์พอร์ต เรล ลิงก์,A1,สุวรรณภูมิ,12208,11456,9/11/2023
4946,รถไฟระหว่างเมือง,แอร์พอร์ต เรล ลิงก์,A2,ลาดกระบัง,10791,10601,9/11/2023
4947,รถไฟระหว่างเมือง,แอร์พอร์ต เรล ลิงก์,A3,บ้านทับช้าง,3994,3950,9/11/2023
4948,รถไฟระหว่างเมือง,แอร์พอร์ต เรล ลิงก์,A4,หัวหมาก,6420,6522,9/11/2023
4949,รถไฟระหว่างเมือง,แอร์พอร์ต เรล ลิงก์,A5,รามคำแหง,6505,7320,9/11/2023
4950,รถไฟระหว่างเมือง,แอร์พอร์ต เรล ลิงก์,A6,มักกะสัน,12926,13403,9/11/2023
4951,รถไฟระหว่างเมือง,แอร์พอร์ต เรล ลิงก์,A7,ราชปรารภ,3590,3654,9/11/2023
4952,รถไฟระหว่างเมือง,แอร์พอร์ต เรล ลิงก์,A8,พญาไท,14750,14278,9/11/2023
4953,รถไฟระหว่างเมือง,แอร์พอร์ต เรล ลิงก์,A1,สุวรรณภูมิ,11589,10317,9/12/2023
4954,รถไฟระหว่างเมือง,แอร์พอร์ต เรล ลิงก์,A2,ลาดกระบัง,10372,10272,9/12/2023
4955,รถไฟระหว่างเมือง,แอร์พอร์ต เรล ลิงก์,A3,บ้านทับช้าง,4107,4066,9/12/2023
4956,รถไฟระหว่างเมือง,แอร์พอร์ต เรล ลิงก์,A4,หัวหมาก,6644,6507,9/12/2023
4957,รถไฟระหว่างเมือง,แอร์พอร์ต เรล ลิงก์,A5,รามคำแหง,6707,7068,9/12/2023
4958,รถไฟระหว่างเมือง,แอร์พอร์ต เรล ลิงก์,A6,มักกะสัน,12424,13349,9/12/2023
4959,รถไฟระหว่างเมือง,แอร์พอร์ต เรล ลิงก์,A7,ราชปรารภ,3612,3882,9/12/2023
4960,รถไฟระหว่างเมือง,แอร์พอร์ต เรล ลิงก์,A8,พญาไท,14248,14242,9/12/2023
4961,รถไฟระหว่างเมือง,แอร์พอร์ต เรล ลิงก์,A1,สุวรรณภูมิ,12353,10389,9/13/2023
4962,รถไฟระหว่างเมือง,แอร์พอร์ต เรล ลิงก์,A2,ลาดกระบัง,10584,10555,9/13/2023
4963,รถไฟระหว่างเมือง,แอร์พอร์ต เรล ลิงก์,A3,บ้านทับช้าง,4070,4013,9/13/2023
4964,รถไฟระหว่างเมือง,แอร์พอร์ต เรล ลิงก์,A4,หัวหมาก,6485,6320,9/13/2023
4965,รถไฟระหว่างเมือง,แอร์พอร์ต เรล ลิงก์,A5,รามคำแหง,6607,7316,9/13/2023
4966,รถไฟระหว่างเมือง,แอร์พอร์ต เรล ลิงก์,A6,มักกะสัน,12794,13560,9/13/2023
4967,รถไฟระหว่างเมือง,แอร์พอร์ต เรล ลิงก์,A7,ราชปรารภ,3514,3828,9/13/2023
4968,รถไฟระหว่างเมือง,แอร์พอร์ต เรล ลิงก์,A8,พญาไท,14300,14726,9/13/2023
4969,รถไฟระหว่างเมือง,แอร์พอร์ต เรล ลิงก์,A1,สุวรรณภูมิ,13394,9356,9/14/2023
4970,รถไฟระหว่างเมือง,แอร์พอร์ต เรล ลิงก์,A2,ลาดกระบัง,10304,10433,9/14/2023
4971,รถไฟระหว่างเมือง,แอร์พอร์ต เรล ลิงก์,A3,บ้านทับช้าง,3972,4012,9/14/2023
4972,รถไฟระหว่างเมือง,แอร์พอร์ต เรล ลิงก์,A4,หัวหมาก,6459,6342,9/14/2023
4973,รถไฟระหว่างเมือง,แอร์พอร์ต เรล ลิงก์,A5,รามคำแหง,6444,7276,9/14/2023
4974,รถไฟระหว่างเมือง,แอร์พอร์ต เรล ลิงก์,A6,มักกะสัน,12376,13561,9/14/2023
4975,รถไฟระหว่างเมือง,แอร์พอร์ต เรล ลิงก์,A7,ราชปรารภ,3509,4057,9/14/2023
4976,รถไฟระหว่างเมือง,แอร์พอร์ต เรล ลิงก์,A8,พญาไท,13885,15306,9/14/2023
4977,รถไฟระหว่างเมือง,แอร์พอร์ต เรล ลิงก์,A1,สุวรรณภูมิ,14059,11324,9/15/2023
4978,รถไฟระหว่างเมือง,แอร์พอร์ต เรล ลิงก์,A2,ลาดกระบัง,11169,10892,9/15/2023
4979,รถไฟระหว่างเมือง,แอร์พอร์ต เรล ลิงก์,A3,บ้านทับช้าง,4073,3973,9/15/2023
4980,รถไฟระหว่างเมือง,แอร์พอร์ต เรล ลิงก์,A4,หัวหมาก,6762,6351,9/15/2023
4981,รถไฟระหว่างเมือง,แอร์พอร์ต เรล ลิงก์,A5,รามคำแหง,6620,7182,9/15/2023
4982,รถไฟระหว่างเมือง,แอร์พอร์ต เรล ลิงก์,A6,มักกะสัน,13045,14282,9/15/2023
4983,รถไฟระหว่างเมือง,แอร์พอร์ต เรล ลิงก์,A7,ราชปรารภ,3800,4109,9/15/2023
4984,รถไฟระหว่างเมือง,แอร์พอร์ต เรล ลิงก์,A8,พญาไท,14842,16257,9/15/2023
4985,รถไฟระหว่างเมือง,แอร์พอร์ต เรล ลิงก์,A1,สุวรรณภูมิ,12456,9920,9/16/2023
4986,รถไฟระหว่างเมือง,แอร์พอร์ต เรล ลิงก์,A2,ลาดกระบัง,7900,8042,9/16/2023
4987,รถไฟระหว่างเมือง,แอร์พอร์ต เรล ลิงก์,A3,บ้านทับช้าง,2033,1991,9/16/2023
4988,รถไฟระหว่างเมือง,แอร์พอร์ต เรล ลิงก์,A4,หัวหมาก,4290,4263,9/16/2023
4989,รถไฟระหว่างเมือง,แอร์พอร์ต เรล ลิงก์,A5,รามคำแหง,4607,5397,9/16/2023
4990,รถไฟระหว่างเมือง,แอร์พอร์ต เรล ลิงก์,A6,มักกะสัน,8256,9042,9/16/2023
4991,รถไฟระหว่างเมือง,แอร์พอร์ต เรล ลิงก์,A7,ราชปรารภ,3073,3159,9/16/2023
4992,รถไฟระหว่างเมือง,แอร์พอร์ต เรล ลิงก์,A8,พญาไท,11724,12525,9/16/2023
4993,รถไฟระหว่างเมือง,แอร์พอร์ต เรล ลิงก์,A1,สุวรรณภูมิ,10822,9159,9/17/2023
4994,รถไฟระหว่างเมือง,แอร์พอร์ต เรล ลิงก์,A2,ลาดกระบัง,6707,7037,9/17/2023
4995,รถไฟระหว่างเมือง,แอร์พอร์ต เรล ลิงก์,A3,บ้านทับช้าง,1460,1536,9/17/2023
4996,รถไฟระหว่างเมือง,แอร์พอร์ต เรล ลิงก์,A4,หัวหมาก,3281,3279,9/17/2023
4997,รถไฟระหว่างเมือง,แอร์พอร์ต เรล ลิงก์,A5,รามคำแหง,4279,4655,9/17/2023
4998,รถไฟระหว่างเมือง,แอร์พอร์ต เรล ลิงก์,A6,มักกะสัน,7046,7314,9/17/2023
4999,รถไฟระหว่างเมือง,แอร์พอร์ต เรล ลิงก์,A7,ราชปรารภ,2718,2703,9/17/2023
5000,รถไฟระหว่างเมือง,แอร์พอร์ต เรล ลิงก์,A8,พญาไท,9801,10431,9/17/2023
5001,รถไฟระหว่างเมือง,แอร์พอร์ต เรล ลิงก์,A1,สุวรรณภูมิ,11880,10858,9/18/2023
5002,รถไฟระหว่างเมือง,แอร์พอร์ต เรล ลิงก์,A2,ลาดกระบัง,10266,10222,9/18/2023
5003,รถไฟระหว่างเมือง,แอร์พอร์ต เรล ลิงก์,A3,บ้านทับช้าง,3798,3919,9/18/2023
5004,รถไฟระหว่างเมือง,แอร์พอร์ต เรล ลิงก์,A4,หัวหมาก,6208,6169,9/18/2023
5005,รถไฟระหว่างเมือง,แอร์พอร์ต เรล ลิงก์,A5,รามคำแหง,6300,6758,9/18/2023
5006,รถไฟระหว่างเมือง,แอร์พอร์ต เรล ลิงก์,A6,มักกะสัน,12291,12747,9/18/2023
5007,รถไฟระหว่างเมือง,แอร์พอร์ต เรล ลิงก์,A7,ราชปรารภ,3445,3710,9/18/2023
5008,รถไฟระหว่างเมือง,แอร์พอร์ต เรล ลิงก์,A8,พญาไท,14244,14049,9/18/2023
5009,รถไฟระหว่างเมือง,แอร์พอร์ต เรล ลิงก์,A1,สุวรรณภูมิ,12199,10751,9/19/2023
5010,รถไฟระหว่างเมือง,แอร์พอร์ต เรล ลิงก์,A2,ลาดกระบัง,10397,10203,9/19/2023
5011,รถไฟระหว่างเมือง,แอร์พอร์ต เรล ลิงก์,A3,บ้านทับช้าง,4050,4002,9/19/2023
5012,รถไฟระหว่างเมือง,แอร์พอร์ต เรล ลิงก์,A4,หัวหมาก,6513,6418,9/19/2023
5013,รถไฟระหว่างเมือง,แอร์พอร์ต เรล ลิงก์,A5,รามคำแหง,6460,6955,9/19/2023
5014,รถไฟระหว่างเมือง,แอร์พอร์ต เรล ลิงก์,A6,มักกะสัน,12578,13444,9/19/2023
5015,รถไฟระหว่างเมือง,แอร์พอร์ต เรล ลิงก์,A7,ราชปรารภ,3542,3715,9/19/2023
5016,รถไฟระหว่างเมือง,แอร์พอร์ต เรล ลิงก์,A8,พญาไท,14063,14314,9/19/2023
5017,รถไฟระหว่างเมือง,แอร์พอร์ต เรล ลิงก์,A1,สุวรรณภูมิ,12335,10596,9/20/2023
5018,รถไฟระหว่างเมือง,แอร์พอร์ต เรล ลิงก์,A2,ลาดกระบัง,10451,10411,9/20/2023
5019,รถไฟระหว่างเมือง,แอร์พอร์ต เรล ลิงก์,A3,บ้านทับช้าง,3987,3982,9/20/2023
5020,รถไฟระหว่างเมือง,แอร์พอร์ต เรล ลิงก์,A4,หัวหมาก,6474,6094,9/20/2023
5021,รถไฟระหว่างเมือง,แอร์พอร์ต เรล ลิงก์,A5,รามคำแหง,6533,7051,9/20/2023
5022,รถไฟระหว่างเมือง,แอร์พอร์ต เรล ลิงก์,A6,มักกะสัน,12752,13454,9/20/2023
5023,รถไฟระหว่างเมือง,แอร์พอร์ต เรล ลิงก์,A7,ราชปรารภ,3599,3933,9/20/2023
5024,รถไฟระหว่างเมือง,แอร์พอร์ต เรล ลิงก์,A8,พญาไท,13981,14591,9/20/2023
5025,รถไฟระหว่างเมือง,แอร์พอร์ต เรล ลิงก์,A1,สุวรรณภูมิ,12991,10648,9/21/2023
5026,รถไฟระหว่างเมือง,แอร์พอร์ต เรล ลิงก์,A2,ลาดกระบัง,10096,10289,9/21/2023
5027,รถไฟระหว่างเมือง,แอร์พอร์ต เรล ลิงก์,A3,บ้านทับช้าง,3921,3862,9/21/2023
5028,รถไฟระหว่างเมือง,แอร์พอร์ต เรล ลิงก์,A4,หัวหมาก,6405,6442,9/21/2023
5029,รถไฟระหว่างเมือง,แอร์พอร์ต เรล ลิงก์,A5,รามคำแหง,6412,7566,9/21/2023
5030,รถไฟระหว่างเมือง,แอร์พอร์ต เรล ลิงก์,A6,มักกะสัน,12955,13148,9/21/2023
5031,รถไฟระหว่างเมือง,แอร์พอร์ต เรล ลิงก์,A7,ราชปรารภ,3649,4129,9/21/2023
5032,รถไฟระหว่างเมือง,แอร์พอร์ต เรล ลิงก์,A8,พญาไท,14754,15099,9/21/2023
5033,รถไฟระหว่างเมือง,แอร์พอร์ต เรล ลิงก์,A1,สุวรรณภูมิ,14507,11898,9/22/2023
5034,รถไฟระหว่างเมือง,แอร์พอร์ต เรล ลิงก์,A2,ลาดกระบัง,11066,10902,9/22/2023
5035,รถไฟระหว่างเมือง,แอร์พอร์ต เรล ลิงก์,A3,บ้านทับช้าง,4044,3989,9/22/2023
5036,รถไฟระหว่างเมือง,แอร์พอร์ต เรล ลิงก์,A4,หัวหมาก,6782,6634,9/22/2023
5037,รถไฟระหว่างเมือง,แอร์พอร์ต เรล ลิงก์,A5,รามคำแหง,6796,7197,9/22/2023
5038,รถไฟระหว่างเมือง,แอร์พอร์ต เรล ลิงก์,A6,มักกะสัน,13168,14300,9/22/2023
5039,รถไฟระหว่างเมือง,แอร์พอร์ต เรล ลิงก์,A7,ราชปรารภ,3859,4143,9/22/2023
5040,รถไฟระหว่างเมือง,แอร์พอร์ต เรล ลิงก์,A8,พญาไท,15363,16522,9/22/2023
5041,รถไฟระหว่างเมือง,แอร์พอร์ต เรล ลิงก์,A1,สุวรรณภูมิ,12339,10070,9/23/2023
5042,รถไฟระหว่างเมือง,แอร์พอร์ต เรล ลิงก์,A2,ลาดกระบัง,7500,7521,9/23/2023
5043,รถไฟระหว่างเมือง,แอร์พอร์ต เรล ลิงก์,A3,บ้านทับช้าง,1893,1947,9/23/2023
5044,รถไฟระหว่างเมือง,แอร์พอร์ต เรล ลิงก์,A4,หัวหมาก,3939,4004,9/23/2023
5045,รถไฟระหว่างเมือง,แอร์พอร์ต เรล ลิงก์,A5,รามคำแหง,4218,4886,9/23/2023
5046,รถไฟระหว่างเมือง,แอร์พอร์ต เรล ลิงก์,A6,มักกะสัน,7776,8194,9/23/2023
5047,รถไฟระหว่างเมือง,แอร์พอร์ต เรล ลิงก์,A7,ราชปรารภ,3263,3321,9/23/2023
5048,รถไฟระหว่างเมือง,แอร์พอร์ต เรล ลิงก์,A8,พญาไท,11370,12355,9/23/2023
5049,รถไฟระหว่างเมือง,แอร์พอร์ต เรล ลิงก์,A1,สุวรรณภูมิ,11512,10933,9/24/2023
5050,รถไฟระหว่างเมือง,แอร์พอร์ต เรล ลิงก์,A2,ลาดกระบัง,6832,6998,9/24/2023
5051,รถไฟระหว่างเมือง,แอร์พอร์ต เรล ลิงก์,A3,บ้านทับช้าง,1566,1595,9/24/2023
5052,รถไฟระหว่างเมือง,แอร์พอร์ต เรล ลิงก์,A4,หัวหมาก,3409,3491,9/24/2023
5053,รถไฟระหว่างเมือง,แอร์พอร์ต เรล ลิงก์,A5,รามคำแหง,4189,4374,9/24/2023
5054,รถไฟระหว่างเมือง,แอร์พอร์ต เรล ลิงก์,A6,มักกะสัน,7304,7493,9/24/2023
5055,รถไฟระหว่างเมือง,แอร์พอร์ต เรล ลิงก์,A7,ราชปรารภ,2905,2820,9/24/2023
5056,รถไฟระหว่างเมือง,แอร์พอร์ต เรล ลิงก์,A8,พญาไท,10480,10493,9/24/2023
5057,รถไฟระหว่างเมือง,แอร์พอร์ต เรล ลิงก์,A1,สุวรรณภูมิ,12652,11944,9/25/2023
5058,รถไฟระหว่างเมือง,แอร์พอร์ต เรล ลิงก์,A2,ลาดกระบัง,10682,10358,9/25/2023
5059,รถไฟระหว่างเมือง,แอร์พอร์ต เรล ลิงก์,A3,บ้านทับช้าง,3891,3896,9/25/2023
5060,รถไฟระหว่างเมือง,แอร์พอร์ต เรล ลิงก์,A4,หัวหมาก,6217,6252,9/25/2023
5061,รถไฟระหว่างเมือง,แอร์พอร์ต เรล ลิงก์,A5,รามคำแหง,6394,6996,9/25/2023
5062,รถไฟระหว่างเมือง,แอร์พอร์ต เรล ลิงก์,A6,มักกะสัน,12504,13174,9/25/2023
5063,รถไฟระหว่างเมือง,แอร์พอร์ต เรล ลิงก์,A7,ราชปรารภ,3668,3795,9/25/2023
5064,รถไฟระหว่างเมือง,แอร์พอร์ต เรล ลิงก์,A8,พญาไท,14936,14529,9/25/2023
5065,รถไฟระหว่างเมือง,แอร์พอร์ต เรล ลิงก์,A1,สุวรรณภูมิ,12380,10797,9/26/2023
5066,รถไฟระหว่างเมือง,แอร์พอร์ต เรล ลิงก์,A2,ลาดกระบัง,10524,10564,9/26/2023
5067,รถไฟระหว่างเมือง,แอร์พอร์ต เรล ลิงก์,A3,บ้านทับช้าง,3958,3937,9/26/2023
5068,รถไฟระหว่างเมือง,แอร์พอร์ต เรล ลิงก์,A4,หัวหมาก,6377,6509,9/26/2023
5069,รถไฟระหว่างเมือง,แอร์พอร์ต เรล ลิงก์,A5,รามคำแหง,6484,7324,9/26/2023
5070,รถไฟระหว่างเมือง,แอร์พอร์ต เรล ลิงก์,A6,มักกะสัน,12607,13220,9/26/2023
5071,รถไฟระหว่างเมือง,แอร์พอร์ต เรล ลิงก์,A7,ราชปรารภ,3720,3845,9/26/2023
5072,รถไฟระหว่างเมือง,แอร์พอร์ต เรล ลิงก์,A8,พญาไท,14826,14680,9/26/2023
5073,รถไฟระหว่างเมือง,แอร์พอร์ต เรล ลิงก์,A1,สุวรรณภูมิ,12712,10485,9/27/2023
5074,รถไฟระหว่างเมือง,แอร์พอร์ต เรล ลิงก์,A2,ลาดกระบัง,10239,10037,9/27/2023
5075,รถไฟระหว่างเมือง,แอร์พอร์ต เรล ลิงก์,A3,บ้านทับช้าง,3918,3817,9/27/2023
5076,รถไฟระหว่างเมือง,แอร์พอร์ต เรล ลิงก์,A4,หัวหมาก,6324,6277,9/27/2023
5077,รถไฟระหว่างเมือง,แอร์พอร์ต เรล ลิงก์,A5,รามคำแหง,6414,6773,9/27/2023
5078,รถไฟระหว่างเมือง,แอร์พอร์ต เรล ลิงก์,A6,มักกะสัน,12249,13047,9/27/2023
5079,รถไฟระหว่างเมือง,แอร์พอร์ต เรล ลิงก์,A7,ราชปรารภ,3594,4013,9/27/2023
5080,รถไฟระหว่างเมือง,แอร์พอร์ต เรล ลิงก์,A8,พญาไท,13809,14810,9/27/2023
5081,รถไฟระหว่างเมือง,แอร์พอร์ต เรล ลิงก์,A1,สุวรรณภูมิ,12891,10486,9/28/2023
5082,รถไฟระหว่างเมือง,แอร์พอร์ต เรล ลิงก์,A2,ลาดกระบัง,10164,10227,9/28/2023
5083,รถไฟระหว่างเมือง,แอร์พอร์ต เรล ลิงก์,A3,บ้านทับช้าง,3846,3699,9/28/2023
5084,รถไฟระหว่างเมือง,แอร์พอร์ต เรล ลิงก์,A4,หัวหมาก,6244,6132,9/28/2023
5085,รถไฟระหว่างเมือง,แอร์พอร์ต เรล ลิงก์,A5,รามคำแหง,6526,7103,9/28/2023
5086,รถไฟระหว่างเมือง,แอร์พอร์ต เรล ลิงก์,A6,มักกะสัน,12198,12987,9/28/2023
5087,รถไฟระหว่างเมือง,แอร์พอร์ต เรล ลิงก์,A7,ราชปรารภ,3664,4049,9/28/2023
5088,รถไฟระหว่างเมือง,แอร์พอร์ต เรล ลิงก์,A8,พญาไท,14392,15242,9/28/2023
5089,รถไฟระหว่างเมือง,แอร์พอร์ต เรล ลิงก์,A1,สุวรรณภูมิ,13314,11172,9/29/2023
5090,รถไฟระหว่างเมือง,แอร์พอร์ต เรล ลิงก์,A2,ลาดกระบัง,11546,11378,9/29/2023
5091,รถไฟระหว่างเมือง,แอร์พอร์ต เรล ลิงก์,A3,บ้านทับช้าง,3916,3785,9/29/2023
5092,รถไฟระหว่างเมือง,แอร์พอร์ต เรล ลิงก์,A4,หัวหมาก,6675,6457,9/29/2023
5093,รถไฟระหว่างเมือง,แอร์พอร์ต เรล ลิงก์,A5,รามคำแหง,6698,7449,9/29/2023
5094,รถไฟระหว่างเมือง,แอร์พอร์ต เรล ลิงก์,A6,มักกะสัน,12863,13668,9/29/2023
5095,รถไฟระหว่างเมือง,แอร์พอร์ต เรล ลิงก์,A7,ราชปรารภ,3841,4060,9/29/2023
5096,รถไฟระหว่างเมือง,แอร์พอร์ต เรล ลิงก์,A8,พญาไท,15990,16874,9/29/2023
5097,รถไฟระหว่างเมือง,แอร์พอร์ต เรล ลิงก์,A1,สุวรรณภูมิ,12360,10257,9/30/2023
5098,รถไฟระหว่างเมือง,แอร์พอร์ต เรล ลิงก์,A2,ลาดกระบัง,8676,8707,9/30/2023
5099,รถไฟระหว่างเมือง,แอร์พอร์ต เรล ลิงก์,A3,บ้านทับช้าง,2185,2103,9/30/2023
5100,รถไฟระหว่างเมือง,แอร์พอร์ต เรล ลิงก์,A4,หัวหมาก,4620,4503,9/30/2023
5101,รถไฟระหว่างเมือง,แอร์พอร์ต เรล ลิงก์,A5,รามคำแหง,4786,5238,9/30/2023
5102,รถไฟระหว่างเมือง,แอร์พอร์ต เรล ลิงก์,A6,มักกะสัน,8811,9529,9/30/2023
5103,รถไฟระหว่างเมือง,แอร์พอร์ต เรล ลิงก์,A7,ราชปรารภ,3404,3426,9/30/2023
5104,รถไฟระหว่างเมือง,แอร์พอร์ต เรล ลิงก์,A8,พญาไท,12429,13508,9/30/2023
5105,รถไฟระหว่างเมือง,แอร์พอร์ต เรล ลิงก์,A1,สุวรรณภูมิ,11756,9752,10/1/2023
5106,รถไฟระหว่างเมือง,แอร์พอร์ต เรล ลิงก์,A2,ลาดกระบัง,7651,7576,10/1/2023
5107,รถไฟระหว่างเมือง,แอร์พอร์ต เรล ลิงก์,A3,บ้านทับช้าง,1678,1666,10/1/2023
5108,รถไฟระหว่างเมือง,แอร์พอร์ต เรล ลิงก์,A4,หัวหมาก,3586,3703,10/1/2023
5109,รถไฟระหว่างเมือง,แอร์พอร์ต เรล ลิงก์,A5,รามคำแหง,3947,4321,10/1/2023
5110,รถไฟระหว่างเมือง,แอร์พอร์ต เรล ลิงก์,A6,มักกะสัน,6975,7720,10/1/2023
5111,รถไฟระหว่างเมือง,แอร์พอร์ต เรล ลิงก์,A7,ราชปรารภ,3004,3141,10/1/2023
5112,รถไฟระหว่างเมือง,แอร์พอร์ต เรล ลิงก์,A8,พญาไท,10724,11442,10/1/2023
5113,รถไฟระหว่างเมือง,แอร์พอร์ต เรล ลิงก์,A1,สุวรรณภูมิ,12207,10825,10/2/2023
5114,รถไฟระหว่างเมือง,แอร์พอร์ต เรล ลิงก์,A2,ลาดกระบัง,10835,10719,10/2/2023
5115,รถไฟระหว่างเมือง,แอร์พอร์ต เรล ลิงก์,A3,บ้านทับช้าง,3947,3794,10/2/2023
5116,รถไฟระหว่างเมือง,แอร์พอร์ต เรล ลิงก์,A4,หัวหมาก,6276,6406,10/2/2023
5117,รถไฟระหว่างเมือง,แอร์พอร์ต เรล ลิงก์,A5,รามคำแหง,6341,6878,10/2/2023
5118,รถไฟระหว่างเมือง,แอร์พอร์ต เรล ลิงก์,A6,มักกะสัน,12247,13101,10/2/2023
5119,รถไฟระหว่างเมือง,แอร์พอร์ต เรล ลิงก์,A7,ราชปรารภ,3693,3754,10/2/2023
5120,รถไฟระหว่างเมือง,แอร์พอร์ต เรล ลิงก์,A8,พญาไท,14659,14728,10/2/2023
5121,รถไฟระหว่างเมือง,แอร์พอร์ต เรล ลิงก์,A1,สุวรรณภูมิ,12365,11458,10/3/2023
5122,รถไฟระหว่างเมือง,แอร์พอร์ต เรล ลิงก์,A2,ลาดกระบัง,10605,11012,10/3/2023
5123,รถไฟระหว่างเมือง,แอร์พอร์ต เรล ลิงก์,A3,บ้านทับช้าง,3997,4079,10/3/2023
5124,รถไฟระหว่างเมือง,แอร์พอร์ต เรล ลิงก์,A4,หัวหมาก,6326,6579,10/3/2023
5125,รถไฟระหว่างเมือง,แอร์พอร์ต เรล ลิงก์,A5,รามคำแหง,6413,8045,10/3/2023
5126,รถไฟระหว่างเมือง,แอร์พอร์ต เรล ลิงก์,A6,มักกะสัน,14262,13347,10/3/2023
5127,รถไฟระหว่างเมือง,แอร์พอร์ต เรล ลิงก์,A7,ราชปรารภ,3909,4220,10/3/2023
5128,รถไฟระหว่างเมือง,แอร์พอร์ต เรล ลิงก์,A8,พญาไท,15776,14913,10/3/2023
5129,รถไฟระหว่างเมือง,แอร์พอร์ต เรล ลิงก์,A1,สุวรรณภูมิ,12132,10604,10/4/2023
5130,รถไฟระหว่างเมือง,แอร์พอร์ต เรล ลิงก์,A2,ลาดกระบัง,10145,10006,10/4/2023
5131,รถไฟระหว่างเมือง,แอร์พอร์ต เรล ลิงก์,A3,บ้านทับช้าง,3910,3795,10/4/2023
5132,รถไฟระหว่างเมือง,แอร์พอร์ต เรล ลิงก์,A4,หัวหมาก,6221,6227,10/4/2023
5133,รถไฟระหว่างเมือง,แอร์พอร์ต เรล ลิงก์,A5,รามคำแหง,6483,6863,10/4/2023
5134,รถไฟระหว่างเมือง,แอร์พอร์ต เรล ลิงก์,A6,มักกะสัน,12403,13025,10/4/2023
5135,รถไฟระหว่างเมือง,แอร์พอร์ต เรล ลิงก์,A7,ราชปรารภ,3476,3809,10/4/2023
5136,รถไฟระหว่างเมือง,แอร์พอร์ต เรล ลิงก์,A8,พญาไท,13934,14375,10/4/2023
5137,รถไฟระหว่างเมือง,แอร์พอร์ต เรล ลิงก์,A1,สุวรรณภูมิ,12503,10804,10/5/2023
5138,รถไฟระหว่างเมือง,แอร์พอร์ต เรล ลิงก์,A2,ลาดกระบัง,10663,10671,10/5/2023
5139,รถไฟระหว่างเมือง,แอร์พอร์ต เรล ลิงก์,A3,บ้านทับช้าง,3827,3729,10/5/2023
5140,รถไฟระหว่างเมือง,แอร์พอร์ต เรล ลิงก์,A4,หัวหมาก,6153,5990,10/5/2023
5141,รถไฟระหว่างเมือง,แอร์พอร์ต เรล ลิงก์,A5,รามคำแหง,6459,6796,10/5/2023
5142,รถไฟระหว่างเมือง,แอร์พอร์ต เรล ลิงก์,A6,มักกะสัน,11922,13069,10/5/2023
5143,รถไฟระหว่างเมือง,แอร์พอร์ต เรล ลิงก์,A7,ราชปรารภ,3600,3878,10/5/2023
5144,รถไฟระหว่างเมือง,แอร์พอร์ต เรล ลิงก์,A8,พญาไท,14712,14902,10/5/2023
5145,รถไฟระหว่างเมือง,แอร์พอร์ต เรล ลิงก์,A1,สุวรรณภูมิ,13653,11311,10/6/2023
5146,รถไฟระหว่างเมือง,แอร์พอร์ต เรล ลิงก์,A2,ลาดกระบัง,11219,10756,10/6/2023
5147,รถไฟระหว่างเมือง,แอร์พอร์ต เรล ลิงก์,A3,บ้านทับช้าง,3824,3721,10/6/2023
5148,รถไฟระหว่างเมือง,แอร์พอร์ต เรล ลิงก์,A4,หัวหมาก,6484,6249,10/6/2023
5149,รถไฟระหว่างเมือง,แอร์พอร์ต เรล ลิงก์,A5,รามคำแหง,6695,6906,10/6/2023
5150,รถไฟระหว่างเมือง,แอร์พอร์ต เรล ลิงก์,A6,มักกะสัน,12648,13748,10/6/2023
5151,รถไฟระหว่างเมือง,แอร์พอร์ต เรล ลิงก์,A7,ราชปรารภ,3536,3809,10/6/2023
5152,รถไฟระหว่างเมือง,แอร์พอร์ต เรล ลิงก์,A8,พญาไท,15087,16646,10/6/2023
5153,รถไฟระหว่างเมือง,แอร์พอร์ต เรล ลิงก์,A1,สุวรรณภูมิ,11891,9944,10/7/2023
5154,รถไฟระหว่างเมือง,แอร์พอร์ต เรล ลิงก์,A2,ลาดกระบัง,8103,8205,10/7/2023
5155,รถไฟระหว่างเมือง,แอร์พอร์ต เรล ลิงก์,A3,บ้านทับช้าง,2132,2095,10/7/2023
5156,รถไฟระหว่างเมือง,แอร์พอร์ต เรล ลิงก์,A4,หัวหมาก,4376,4226,10/7/2023
5157,รถไฟระหว่างเมือง,แอร์พอร์ต เรล ลิงก์,A5,รามคำแหง,4621,5125,10/7/2023
5158,รถไฟระหว่างเมือง,แอร์พอร์ต เรล ลิงก์,A6,มักกะสัน,8422,8923,10/7/2023
5159,รถไฟระหว่างเมือง,แอร์พอร์ต เรล ลิงก์,A7,ราชปรารภ,3138,3131,10/7/2023
5160,รถไฟระหว่างเมือง,แอร์พอร์ต เรล ลิงก์,A8,พญาไท,11649,12683,10/7/2023
5161,รถไฟระหว่างเมือง,แอร์พอร์ต เรล ลิงก์,A1,สุวรรณภูมิ,10602,10234,10/8/2023
5162,รถไฟระหว่างเมือง,แอร์พอร์ต เรล ลิงก์,A2,ลาดกระบัง,6958,7098,10/8/2023
5163,รถไฟระหว่างเมือง,แอร์พอร์ต เรล ลิงก์,A3,บ้านทับช้าง,1684,1668,10/8/2023
5164,รถไฟระหว่างเมือง,แอร์พอร์ต เรล ลิงก์,A4,หัวหมาก,3399,3473,10/8/2023
5165,รถไฟระหว่างเมือง,แอร์พอร์ต เรล ลิงก์,A5,รามคำแหง,4203,4445,10/8/2023
5166,รถไฟระหว่างเมือง,แอร์พอร์ต เรล ลิงก์,A6,มักกะสัน,7079,7391,10/8/2023
5167,รถไฟระหว่างเมือง,แอร์พอร์ต เรล ลิงก์,A7,ราชปรารภ,2922,2767,10/8/2023
5168,รถไฟระหว่างเมือง,แอร์พอร์ต เรล ลิงก์,A8,พญาไท,10447,10218,10/8/2023
5169,รถไฟระหว่างเมือง,แอร์พอร์ต เรล ลิงก์,A1,สุวรรณภูมิ,11990,11769,10/9/2023
5170,รถไฟระหว่างเมือง,แอร์พอร์ต เรล ลิงก์,A2,ลาดกระบัง,10835,10424,10/9/2023
5171,รถไฟระหว่างเมือง,แอร์พอร์ต เรล ลิงก์,A3,บ้านทับช้าง,4062,3955,10/9/2023
5172,รถไฟระหว่างเมือง,แอร์พอร์ต เรล ลิงก์,A4,หัวหมาก,6232,6127,10/9/2023
5173,รถไฟระหว่างเมือง,แอร์พอร์ต เรล ลิงก์,A5,รามคำแหง,6451,6957,10/9/2023
5174,รถไฟระหว่างเมือง,แอร์พอร์ต เรล ลิงก์,A6,มักกะสัน,12482,12899,10/9/2023
5175,รถไฟระหว่างเมือง,แอร์พอร์ต เรล ลิงก์,A7,ราชปรารภ,3462,3712,10/9/2023
5176,รถไฟระหว่างเมือง,แอร์พอร์ต เรล ลิงก์,A8,พญาไท,14801,14472,10/9/2023
5177,รถไฟระหว่างเมือง,แอร์พอร์ต เรล ลิงก์,A1,สุวรรณภูมิ,11590,11221,10/10/2023
5178,รถไฟระหว่างเมือง,แอร์พอร์ต เรล ลิงก์,A2,ลาดกระบัง,10732,10599,10/10/2023
5179,รถไฟระหว่างเมือง,แอร์พอร์ต เรล ลิงก์,A3,บ้านทับช้าง,4062,3449,10/10/2023
5180,รถไฟระหว่างเมือง,แอร์พอร์ต เรล ลิงก์,A4,หัวหมาก,6400,6363,10/10/2023
5181,รถไฟระหว่างเมือง,แอร์พอร์ต เรล ลิงก์,A5,รามคำแหง,6474,7259,10/10/2023
5182,รถไฟระหว่างเมือง,แอร์พอร์ต เรล ลิงก์,A6,มักกะสัน,12632,12940,10/10/2023
5183,รถไฟระหว่างเมือง,แอร์พอร์ต เรล ลิงก์,A7,ราชปรารภ,3501,3808,10/10/2023
5184,รถไฟระหว่างเมือง,แอร์พอร์ต เรล ลิงก์,A8,พญาไท,14807,14559,10/10/2023
5185,รถไฟระหว่างเมือง,แอร์พอร์ต เรล ลิงก์,A1,สุวรรณภูมิ,12225,11419,10/11/2023
5186,รถไฟระหว่างเมือง,แอร์พอร์ต เรล ลิงก์,A2,ลาดกระบัง,10629,10159,10/11/2023
5187,รถไฟระหว่างเมือง,แอร์พอร์ต เรล ลิงก์,A3,บ้านทับช้าง,3932,3806,10/11/2023
5188,รถไฟระหว่างเมือง,แอร์พอร์ต เรล ลิงก์,A4,หัวหมาก,6452,6092,10/11/2023
5189,รถไฟระหว่างเมือง,แอร์พอร์ต เรล ลิงก์,A5,รามคำแหง,6765,6712,10/11/2023
5190,รถไฟระหว่างเมือง,แอร์พอร์ต เรล ลิงก์,A6,มักกะสัน,12039,13267,10/11/2023
5191,รถไฟระหว่างเมือง,แอร์พอร์ต เรล ลิงก์,A7,ราชปรารภ,3480,3665,10/11/2023
5192,รถไฟระหว่างเมือง,แอร์พอร์ต เรล ลิงก์,A8,พญาไท,14268,14670,10/11/2023
5193,รถไฟระหว่างเมือง,แอร์พอร์ต เรล ลิงก์,A1,สุวรรณภูมิ,13096,11653,10/12/2023
5194,รถไฟระหว่างเมือง,แอร์พอร์ต เรล ลิงก์,A2,ลาดกระบัง,11985,11380,10/12/2023
5195,รถไฟระหว่างเมือง,แอร์พอร์ต เรล ลิงก์,A3,บ้านทับช้าง,4060,3885,10/12/2023
5196,รถไฟระหว่างเมือง,แอร์พอร์ต เรล ลิงก์,A4,หัวหมาก,6456,6281,10/12/2023
5197,รถไฟระหว่างเมือง,แอร์พอร์ต เรล ลิงก์,A5,รามคำแหง,6736,7001,10/12/2023
5198,รถไฟระหว่างเมือง,แอร์พอร์ต เรล ลิงก์,A6,มักกะสัน,13234,14140,10/12/2023
5199,รถไฟระหว่างเมือง,แอร์พอร์ต เรล ลิงก์,A7,ราชปรารภ,3574,4065,10/12/2023
5200,รถไฟระหว่างเมือง,แอร์พอร์ต เรล ลิงก์,A8,พญาไท,15080,15816,10/12/2023
5201,รถไฟระหว่างเมือง,แอร์พอร์ต เรล ลิงก์,A1,สุวรรณภูมิ,12128,10020,10/13/2023
5202,รถไฟระหว่างเมือง,แอร์พอร์ต เรล ลิงก์,A2,ลาดกระบัง,7826,7650,10/13/2023
5203,รถไฟระหว่างเมือง,แอร์พอร์ต เรล ลิงก์,A3,บ้านทับช้าง,1761,1759,10/13/2023
5204,รถไฟระหว่างเมือง,แอร์พอร์ต เรล ลิงก์,A4,หัวหมาก,3782,3739,10/13/2023
5205,รถไฟระหว่างเมือง,แอร์พอร์ต เรล ลิงก์,A5,รามคำแหง,4239,4488,10/13/2023
5206,รถไฟระหว่างเมือง,แอร์พอร์ต เรล ลิงก์,A6,มักกะสัน,8137,8986,10/13/2023
5207,รถไฟระหว่างเมือง,แอร์พอร์ต เรล ลิงก์,A7,ราชปรารภ,2867,3022,10/13/2023
5208,รถไฟระหว่างเมือง,แอร์พอร์ต เรล ลิงก์,A8,พญาไท,9696,10772,10/13/2023
5209,รถไฟระหว่างเมือง,แอร์พอร์ต เรล ลิงก์,A1,สุวรรณภูมิ,11324,9659,10/14/2023
5210,รถไฟระหว่างเมือง,แอร์พอร์ต เรล ลิงก์,A2,ลาดกระบัง,8138,8294,10/14/2023
5211,รถไฟระหว่างเมือง,แอร์พอร์ต เรล ลิงก์,A3,บ้านทับช้าง,1858,1844,10/14/2023
5212,รถไฟระหว่างเมือง,แอร์พอร์ต เรล ลิงก์,A4,หัวหมาก,3981,3925,10/14/2023
5213,รถไฟระหว่างเมือง,แอร์พอร์ต เรล ลิงก์,A5,รามคำแหง,4181,4616,10/14/2023
5214,รถไฟระหว่างเมือง,แอร์พอร์ต เรล ลิงก์,A6,มักกะสัน,8361,8858,10/14/2023
5215,รถไฟระหว่างเมือง,แอร์พอร์ต เรล ลิงก์,A7,ราชปรารภ,3164,3128,10/14/2023
5216,รถไฟระหว่างเมือง,แอร์พอร์ต เรล ลิงก์,A8,พญาไท,10407,11090,10/14/2023
5217,รถไฟระหว่างเมือง,แอร์พอร์ต เรล ลิงก์,A1,สุวรรณภูมิ,11424,9714,10/15/2023
5218,รถไฟระหว่างเมือง,แอร์พอร์ต เรล ลิงก์,A2,ลาดกระบัง,7999,8085,10/15/2023
5219,รถไฟระหว่างเมือง,แอร์พอร์ต เรล ลิงก์,A3,บ้านทับช้าง,1754,1674,10/15/2023
5220,รถไฟระหว่างเมือง,แอร์พอร์ต เรล ลิงก์,A4,หัวหมาก,3490,3647,10/15/2023
5221,รถไฟระหว่างเมือง,แอร์พอร์ต เรล ลิงก์,A5,รามคำแหง,3826,4435,10/15/2023
5222,รถไฟระหว่างเมือง,แอร์พอร์ต เรล ลิงก์,A6,มักกะสัน,7760,8642,10/15/2023
5223,รถไฟระหว่างเมือง,แอร์พอร์ต เรล ลิงก์,A7,ราชปรารภ,3056,2753,10/15/2023
5224,รถไฟระหว่างเมือง,แอร์พอร์ต เรล ลิงก์,A8,พญาไท,9930,10289,10/15/2023
5225,รถไฟระหว่างเมือง,แอร์พอร์ต เรล ลิงก์,A1,สุวรรณภูมิ,12715,11023,10/16/2023
5226,รถไฟระหว่างเมือง,แอร์พอร์ต เรล ลิงก์,A2,ลาดกระบัง,10665,10560,10/16/2023
5227,รถไฟระหว่างเมือง,แอร์พอร์ต เรล ลิงก์,A3,บ้านทับช้าง,3810,3756,10/16/2023
5228,รถไฟระหว่างเมือง,แอร์พอร์ต เรล ลิงก์,A4,หัวหมาก,6066,6025,10/16/2023
5229,รถไฟระหว่างเมือง,แอร์พอร์ต เรล ลิงก์,A5,รามคำแหง,6298,6956,10/16/2023
5230,รถไฟระหว่างเมือง,แอร์พอร์ต เรล ลิงก์,A6,มักกะสัน,12470,13323,10/16/2023
5231,รถไฟระหว่างเมือง,แอร์พอร์ต เรล ลิงก์,A7,ราชปรารภ,3492,3489,10/16/2023
5232,รถไฟระหว่างเมือง,แอร์พอร์ต เรล ลิงก์,A8,พญาไท,13664,14048,10/16/2023
5233,รถไฟระหว่างเมือง,แอร์พอร์ต เรล ลิงก์,A1,สุวรรณภูมิ,12227,10216,10/17/2023
5234,รถไฟระหว่างเมือง,แอร์พอร์ต เรล ลิงก์,A2,ลาดกระบัง,10785,10577,10/17/2023
5235,รถไฟระหว่างเมือง,แอร์พอร์ต เรล ลิงก์,A3,บ้านทับช้าง,3905,3872,10/17/2023
5236,รถไฟระหว่างเมือง,แอร์พอร์ต เรล ลิงก์,A4,หัวหมาก,6287,6250,10/17/2023
5237,รถไฟระหว่างเมือง,แอร์พอร์ต เรล ลิงก์,A5,รามคำแหง,6294,6992,10/17/2023
5238,รถไฟระหว่างเมือง,แอร์พอร์ต เรล ลิงก์,A6,มักกะสัน,12514,13504,10/17/2023
5239,รถไฟระหว่างเมือง,แอร์พอร์ต เรล ลิงก์,A7,ราชปรารภ,3617,3709,10/17/2023
5240,รถไฟระหว่างเมือง,แอร์พอร์ต เรล ลิงก์,A8,พญาไท,13660,14169,10/17/2023
5241,รถไฟระหว่างเมือง,แอร์พอร์ต เรล ลิงก์,A1,สุวรรณภูมิ,12232,10302,10/18/2023
5242,รถไฟระหว่างเมือง,แอร์พอร์ต เรล ลิงก์,A2,ลาดกระบัง,10515,10448,10/18/2023
5243,รถไฟระหว่างเมือง,แอร์พอร์ต เรล ลิงก์,A3,บ้านทับช้าง,3933,3785,10/18/2023
5244,รถไฟระหว่างเมือง,แอร์พอร์ต เรล ลิงก์,A4,หัวหมาก,6352,6278,10/18/2023
5245,รถไฟระหว่างเมือง,แอร์พอร์ต เรล ลิงก์,A5,รามคำแหง,6887,7223,10/18/2023
5246,รถไฟระหว่างเมือง,แอร์พอร์ต เรล ลิงก์,A6,มักกะสัน,12330,13277,10/18/2023
5247,รถไฟระหว่างเมือง,แอร์พอร์ต เรล ลิงก์,A7,ราชปรารภ,3347,3657,10/18/2023
5248,รถไฟระหว่างเมือง,แอร์พอร์ต เรล ลิงก์,A8,พญาไท,13486,14112,10/18/2023
5249,รถไฟระหว่างเมือง,แอร์พอร์ต เรล ลิงก์,A1,สุวรรณภูมิ,12863,10870,10/19/2023
5250,รถไฟระหว่างเมือง,แอร์พอร์ต เรล ลิงก์,A2,ลาดกระบัง,11222,10515,10/19/2023
5251,รถไฟระหว่างเมือง,แอร์พอร์ต เรล ลิงก์,A3,บ้านทับช้าง,3902,3709,10/19/2023
5252,รถไฟระหว่างเมือง,แอร์พอร์ต เรล ลิงก์,A4,หัวหมาก,6301,6107,10/19/2023
5253,รถไฟระหว่างเมือง,แอร์พอร์ต เรล ลิงก์,A5,รามคำแหง,6728,7215,10/19/2023
5254,รถไฟระหว่างเมือง,แอร์พอร์ต เรล ลิงก์,A6,มักกะสัน,12319,13581,10/19/2023
5255,รถไฟระหว่างเมือง,แอร์พอร์ต เรล ลิงก์,A7,ราชปรารภ,3555,3890,10/19/2023
5256,รถไฟระหว่างเมือง,แอร์พอร์ต เรล ลิงก์,A8,พญาไท,14095,15098,10/19/2023
5257,รถไฟระหว่างเมือง,แอร์พอร์ต เรล ลิงก์,A1,สุวรรณภูมิ,14001,11702,10/20/2023
5258,รถไฟระหว่างเมือง,แอร์พอร์ต เรล ลิงก์,A2,ลาดกระบัง,11620,11373,10/20/2023
5259,รถไฟระหว่างเมือง,แอร์พอร์ต เรล ลิงก์,A3,บ้านทับช้าง,3690,3653,10/20/2023
5260,รถไฟระหว่างเมือง,แอร์พอร์ต เรล ลิงก์,A4,หัวหมาก,6343,6139,10/20/2023
5261,รถไฟระหว่างเมือง,แอร์พอร์ต เรล ลิงก์,A5,รามคำแหง,6873,7577,10/20/2023
5262,รถไฟระหว่างเมือง,แอร์พอร์ต เรล ลิงก์,A6,มักกะสัน,13550,14524,10/20/2023
5263,รถไฟระหว่างเมือง,แอร์พอร์ต เรล ลิงก์,A7,ราชปรารภ,3593,3910,10/20/2023
5264,รถไฟระหว่างเมือง,แอร์พอร์ต เรล ลิงก์,A8,พญาไท,14729,15521,10/20/2023
5265,รถไฟระหว่างเมือง,แอร์พอร์ต เรล ลิงก์,A1,สุวรรณภูมิ,12006,9807,10/21/2023
5266,รถไฟระหว่างเมือง,แอร์พอร์ต เรล ลิงก์,A2,ลาดกระบัง,8510,8390,10/21/2023
5267,รถไฟระหว่างเมือง,แอร์พอร์ต เรล ลิงก์,A3,บ้านทับช้าง,1930,1950,10/21/2023
5268,รถไฟระหว่างเมือง,แอร์พอร์ต เรล ลิงก์,A4,หัวหมาก,4130,3965,10/21/2023
5269,รถไฟระหว่างเมือง,แอร์พอร์ต เรล ลิงก์,A5,รามคำแหง,4908,5317,10/21/2023
5270,รถไฟระหว่างเมือง,แอร์พอร์ต เรล ลิงก์,A6,มักกะสัน,9537,10434,10/21/2023
5271,รถไฟระหว่างเมือง,แอร์พอร์ต เรล ลิงก์,A7,ราชปรารภ,2897,3059,10/21/2023
5272,รถไฟระหว่างเมือง,แอร์พอร์ต เรล ลิงก์,A8,พญาไท,10840,11836,10/21/2023
5273,รถไฟระหว่างเมือง,แอร์พอร์ต เรล ลิงก์,A1,สุวรรณภูมิ,10698,9295,10/22/2023
5274,รถไฟระหว่างเมือง,แอร์พอร์ต เรล ลิงก์,A2,ลาดกระบัง,7672,7930,10/22/2023
5275,รถไฟระหว่างเมือง,แอร์พอร์ต เรล ลิงก์,A3,บ้านทับช้าง,1659,1708,10/22/2023
5276,รถไฟระหว่างเมือง,แอร์พอร์ต เรล ลิงก์,A4,หัวหมาก,3553,3597,10/22/2023
5277,รถไฟระหว่างเมือง,แอร์พอร์ต เรล ลิงก์,A5,รามคำแหง,4173,4518,10/22/2023
5278,รถไฟระหว่างเมือง,แอร์พอร์ต เรล ลิงก์,A6,มักกะสัน,8317,8704,10/22/2023
5279,รถไฟระหว่างเมือง,แอร์พอร์ต เรล ลิงก์,A7,ราชปรารภ,2897,2728,10/22/2023
5280,รถไฟระหว่างเมือง,แอร์พอร์ต เรล ลิงก์,A8,พญาไท,9442,9931,10/22/2023
5281,รถไฟระหว่างเมือง,แอร์พอร์ต เรล ลิงก์,A1,สุวรรณภูมิ,11897,9836,10/23/2023
5282,รถไฟระหว่างเมือง,แอร์พอร์ต เรล ลิงก์,A2,ลาดกระบัง,6678,6428,10/23/2023
5283,รถไฟระหว่างเมือง,แอร์พอร์ต เรล ลิงก์,A3,บ้านทับช้าง,1547,1499,10/23/2023
5284,รถไฟระหว่างเมือง,แอร์พอร์ต เรล ลิงก์,A4,หัวหมาก,3155,3315,10/23/2023
5285,รถไฟระหว่างเมือง,แอร์พอร์ต เรล ลิงก์,A5,รามคำแหง,3476,3876,10/23/2023
5286,รถไฟระหว่างเมือง,แอร์พอร์ต เรล ลิงก์,A6,มักกะสัน,6887,7817,10/23/2023
5287,รถไฟระหว่างเมือง,แอร์พอร์ต เรล ลิงก์,A7,ราชปรารภ,2563,2547,10/23/2023
5288,รถไฟระหว่างเมือง,แอร์พอร์ต เรล ลิงก์,A8,พญาไท,8276,9161,10/23/2023
5289,รถไฟระหว่างเมือง,แอร์พอร์ต เรล ลิงก์,A1,สุวรรณภูมิ,13062,10370,10/24/2023
5290,รถไฟระหว่างเมือง,แอร์พอร์ต เรล ลิงก์,A2,ลาดกระบัง,11429,11089,10/24/2023
5291,รถไฟระหว่างเมือง,แอร์พอร์ต เรล ลิงก์,A3,บ้านทับช้าง,4033,3821,10/24/2023
5292,รถไฟระหว่างเมือง,แอร์พอร์ต เรล ลิงก์,A4,หัวหมาก,6326,6226,10/24/2023
5293,รถไฟระหว่างเมือง,แอร์พอร์ต เรล ลิงก์,A5,รามคำแหง,6888,7599,10/24/2023
5294,รถไฟระหว่างเมือง,แอร์พอร์ต เรล ลิงก์,A6,มักกะสัน,12386,13950,10/24/2023
5295,รถไฟระหว่างเมือง,แอร์พอร์ต เรล ลิงก์,A7,ราชปรารภ,3624,3887,10/24/2023
5296,รถไฟระหว่างเมือง,แอร์พอร์ต เรล ลิงก์,A8,พญาไท,14339,15145,10/24/2023
5297,รถไฟระหว่างเมือง,แอร์พอร์ต เรล ลิงก์,A1,สุวรรณภูมิ,0,0,10/25/2023
5298,รถไฟระหว่างเมือง,แอร์พอร์ต เรล ลิงก์,A2,ลาดกระบัง,0,0,10/25/2023
5299,รถไฟระหว่างเมือง,แอร์พอร์ต เรล ลิงก์,A3,บ้านทับช้าง,0,0,10/25/2023
5300,รถไฟระหว่างเมือง,แอร์พอร์ต เรล ลิงก์,A4,หัวหมาก,0,0,10/25/2023
5301,รถไฟระหว่างเมือง,แอร์พอร์ต เรล ลิงก์,A5,รามคำแหง,0,0,10/25/2023
5302,รถไฟระหว่างเมือง,แอร์พอร์ต เรล ลิงก์,A6,มักกะสัน,0,0,10/25/2023
5303,รถไฟระหว่างเมือง,แอร์พอร์ต เรล ลิงก์,A7,ราชปรารภ,0,0,10/25/2023
5304,รถไฟระหว่างเมือง,แอร์พอร์ต เรล ลิงก์,A8,พญาไท,0,0,10/25/2023
5305,รถไฟระหว่างเมือง,แอร์พอร์ต เรล ลิงก์,A1,สุวรรณภูมิ,0,0,10/26/2023
5306,รถไฟระหว่างเมือง,แอร์พอร์ต เรล ลิงก์,A2,ลาดกระบัง,0,0,10/26/2023
5307,รถไฟระหว่างเมือง,แอร์พอร์ต เรล ลิงก์,A3,บ้านทับช้าง,0,0,10/26/2023
5308,รถไฟระหว่างเมือง,แอร์พอร์ต เรล ลิงก์,A4,หัวหมาก,0,0,10/26/2023
5309,รถไฟระหว่างเมือง,แอร์พอร์ต เรล ลิงก์,A5,รามคำแหง,0,0,10/26/2023
5310,รถไฟระหว่างเมือง,แอร์พอร์ต เรล ลิงก์,A6,มักกะสัน,0,0,10/26/2023
5311,รถไฟระหว่างเมือง,แอร์พอร์ต เรล ลิงก์,A7,ราชปรารภ,0,0,10/26/2023
5312,รถไฟระหว่างเมือง,แอร์พอร์ต เรล ลิงก์,A8,พญาไท,0,0,10/26/2023
5313,รถไฟระหว่างเมือง,แอร์พอร์ต เรล ลิงก์,A1,สุวรรณภูมิ,13796,10565,10/27/2023
5314,รถไฟระหว่างเมือง,แอร์พอร์ต เรล ลิงก์,A2,ลาดกระบัง,10873,10931,10/27/2023
5315,รถไฟระหว่างเมือง,แอร์พอร์ต เรล ลิงก์,A3,บ้านทับช้าง,3887,3859,10/27/2023
5316,รถไฟระหว่างเมือง,แอร์พอร์ต เรล ลิงก์,A4,หัวหมาก,6164,6229,10/27/2023
5317,รถไฟระหว่างเมือง,แอร์พอร์ต เรล ลิงก์,A5,รามคำแหง,6854,7373,10/27/2023
5318,รถไฟระหว่างเมือง,แอร์พอร์ต เรล ลิงก์,A6,มักกะสัน,12476,13688,10/27/2023
5319,รถไฟระหว่างเมือง,แอร์พอร์ต เรล ลิงก์,A7,ราชปรารภ,3742,4002,10/27/2023
5320,รถไฟระหว่างเมือง,แอร์พอร์ต เรล ลิงก์,A8,พญาไท,14963,16108,10/27/2023
5321,รถไฟระหว่างเมือง,แอร์พอร์ต เรล ลิงก์,A1,สุวรรณภูมิ,11943,9411,10/28/2023
5322,รถไฟระหว่างเมือง,แอร์พอร์ต เรล ลิงก์,A2,ลาดกระบัง,8596,8483,10/28/2023
5323,รถไฟระหว่างเมือง,แอร์พอร์ต เรล ลิงก์,A3,บ้านทับช้าง,2022,2058,10/28/2023
5324,รถไฟระหว่างเมือง,แอร์พอร์ต เรล ลิงก์,A4,หัวหมาก,4353,4291,10/28/2023
5325,รถไฟระหว่างเมือง,แอร์พอร์ต เรล ลิงก์,A5,รามคำแหง,5080,5473,10/28/2023
5326,รถไฟระหว่างเมือง,แอร์พอร์ต เรล ลิงก์,A6,มักกะสัน,8283,9277,10/28/2023
5327,รถไฟระหว่างเมือง,แอร์พอร์ต เรล ลิงก์,A7,ราชปรารภ,3264,3203,10/28/2023
5328,รถไฟระหว่างเมือง,แอร์พอร์ต เรล ลิงก์,A8,พญาไท,11433,12778,10/28/2023
5329,รถไฟระหว่างเมือง,แอร์พอร์ต เรล ลิงก์,A1,สุวรรณภูมิ,11091,9488,10/29/2023
5330,รถไฟระหว่างเมือง,แอร์พอร์ต เรล ลิงก์,A2,ลาดกระบัง,7448,7603,10/29/2023
5331,รถไฟระหว่างเมือง,แอร์พอร์ต เรล ลิงก์,A3,บ้านทับช้าง,1677,1677,10/29/2023
5332,รถไฟระหว่างเมือง,แอร์พอร์ต เรล ลิงก์,A4,หัวหมาก,3514,3593,10/29/2023
5333,รถไฟระหว่างเมือง,แอร์พอร์ต เรล ลิงก์,A5,รามคำแหง,4209,4632,10/29/2023
5334,รถไฟระหว่างเมือง,แอร์พอร์ต เรล ลิงก์,A6,มักกะสัน,7421,8126,10/29/2023
5335,รถไฟระหว่างเมือง,แอร์พอร์ต เรล ลิงก์,A7,ราชปรารภ,2775,2712,10/29/2023
5336,รถไฟระหว่างเมือง,แอร์พอร์ต เรล ลิงก์,A8,พญาไท,10378,10682,10/29/2023
5337,รถไฟระหว่างเมือง,แอร์พอร์ต เรล ลิงก์,A1,สุวรรณภูมิ,11842,10670,10/30/2023
5338,รถไฟระหว่างเมือง,แอร์พอร์ต เรล ลิงก์,A2,ลาดกระบัง,10235,9922,10/30/2023
5339,รถไฟระหว่างเมือง,แอร์พอร์ต เรล ลิงก์,A3,บ้านทับช้าง,3816,3728,10/30/2023
5340,รถไฟระหว่างเมือง,แอร์พอร์ต เรล ลิงก์,A4,หัวหมาก,5854,5912,10/30/2023
5341,รถไฟระหว่างเมือง,แอร์พอร์ต เรล ลิงก์,A5,รามคำแหง,6357,7052,10/30/2023
5342,รถไฟระหว่างเมือง,แอร์พอร์ต เรล ลิงก์,A6,มักกะสัน,11708,12480,10/30/2023
5343,รถไฟระหว่างเมือง,แอร์พอร์ต เรล ลิงก์,A7,ราชปรารภ,3371,3441,10/30/2023
5344,รถไฟระหว่างเมือง,แอร์พอร์ต เรล ลิงก์,A8,พญาไท,13829,13807,10/30/2023
5345,รถไฟระหว่างเมือง,แอร์พอร์ต เรล ลิงก์,A1,สุวรรณภูมิ,11931,10324,10/31/2023
5346,รถไฟระหว่างเมือง,แอร์พอร์ต เรล ลิงก์,A2,ลาดกระบัง,10947,10662,10/31/2023
5347,รถไฟระหว่างเมือง,แอร์พอร์ต เรล ลิงก์,A3,บ้านทับช้าง,3949,3818,10/31/2023
5348,รถไฟระหว่างเมือง,แอร์พอร์ต เรล ลิงก์,A4,หัวหมาก,6259,6176,10/31/2023
5349,รถไฟระหว่างเมือง,แอร์พอร์ต เรล ลิงก์,A5,รามคำแหง,6893,7341,10/31/2023
5350,รถไฟระหว่างเมือง,แอร์พอร์ต เรล ลิงก์,A6,มักกะสัน,12144,13095,10/31/2023
5351,รถไฟระหว่างเมือง,แอร์พอร์ต เรล ลิงก์,A7,ราชปรารภ,3747,3905,10/31/2023
5352,รถไฟระหว่างเมือง,แอร์พอร์ต เรล ลิงก์,A8,พญาไท,14161,14710,10/31/2023
5353,รถไฟระหว่างเมือง,แอร์พอร์ต เรล ลิงก์,A1,สุวรรณภูมิ,12411,10080,11/1/2023
5354,รถไฟระหว่างเมือง,แอร์พอร์ต เรล ลิงก์,A2,ลาดกระบัง,10394,10227,11/1/2023
5355,รถไฟระหว่างเมือง,แอร์พอร์ต เรล ลิงก์,A3,บ้านทับช้าง,4032,3911,11/1/2023
5356,รถไฟระหว่างเมือง,แอร์พอร์ต เรล ลิงก์,A4,หัวหมาก,6238,6172,11/1/2023
5357,รถไฟระหว่างเมือง,แอร์พอร์ต เรล ลิงก์,A5,รามคำแหง,6700,7172,11/1/2023
5358,รถไฟระหว่างเมือง,แอร์พอร์ต เรล ลิงก์,A6,มักกะสัน,12008,13115,11/1/2023
5359,รถไฟระหว่างเมือง,แอร์พอร์ต เรล ลิงก์,A7,ราชปรารภ,3455,3838,11/1/2023
5360,รถไฟระหว่างเมือง,แอร์พอร์ต เรล ลิงก์,A8,พญาไท,13527,14250,11/1/2023
5361,รถไฟระหว่างเมือง,แอร์พอร์ต เรล ลิงก์,A1,สุวรรณภูมิ,13539,10774,11/2/2023
5362,รถไฟระหว่างเมือง,แอร์พอร์ต เรล ลิงก์,A2,ลาดกระบัง,10708,10457,11/2/2023
5363,รถไฟระหว่างเมือง,แอร์พอร์ต เรล ลิงก์,A3,บ้านทับช้าง,3967,3810,11/2/2023
5364,รถไฟระหว่างเมือง,แอร์พอร์ต เรล ลิงก์,A4,หัวหมาก,6351,6259,11/2/2023
5365,รถไฟระหว่างเมือง,แอร์พอร์ต เรล ลิงก์,A5,รามคำแหง,6430,7031,11/2/2023
5366,รถไฟระหว่างเมือง,แอร์พอร์ต เรล ลิงก์,A6,มักกะสัน,12135,13529,11/2/2023
5367,รถไฟระหว่างเมือง,แอร์พอร์ต เรล ลิงก์,A7,ราชปรารภ,3717,3806,11/2/2023
5368,รถไฟระหว่างเมือง,แอร์พอร์ต เรล ลิงก์,A8,พญาไท,13957,15138,11/2/2023
5369,รถไฟระหว่างเมือง,แอร์พอร์ต เรล ลิงก์,A1,สุวรรณภูมิ,15060,11260,11/3/2023
5370,รถไฟระหว่างเมือง,แอร์พอร์ต เรล ลิงก์,A2,ลาดกระบัง,11114,11218,11/3/2023
5371,รถไฟระหว่างเมือง,แอร์พอร์ต เรล ลิงก์,A3,บ้านทับช้าง,3884,3766,11/3/2023
5372,รถไฟระหว่างเมือง,แอร์พอร์ต เรล ลิงก์,A4,หัวหมาก,6339,6307,11/3/2023
5373,รถไฟระหว่างเมือง,แอร์พอร์ต เรล ลิงก์,A5,รามคำแหง,6528,7215,11/3/2023
5374,รถไฟระหว่างเมือง,แอร์พอร์ต เรล ลิงก์,A6,มักกะสัน,12761,13944,11/3/2023
5375,รถไฟระหว่างเมือง,แอร์พอร์ต เรล ลิงก์,A7,ราชปรารภ,3800,4083,11/3/2023
5376,รถไฟระหว่างเมือง,แอร์พอร์ต เรล ลิงก์,A8,พญาไท,14825,16518,11/3/2023
5377,รถไฟระหว่างเมือง,แอร์พอร์ต เรล ลิงก์,A1,สุวรรณภูมิ,11791,9889,11/4/2023
5378,รถไฟระหว่างเมือง,แอร์พอร์ต เรล ลิงก์,A2,ลาดกระบัง,8206,8743,11/4/2023
5379,รถไฟระหว่างเมือง,แอร์พอร์ต เรล ลิงก์,A3,บ้านทับช้าง,1903,2012,11/4/2023
5380,รถไฟระหว่างเมือง,แอร์พอร์ต เรล ลิงก์,A4,หัวหมาก,4215,4128,11/4/2023
5381,รถไฟระหว่างเมือง,แอร์พอร์ต เรล ลิงก์,A5,รามคำแหง,4537,4895,11/4/2023
5382,รถไฟระหว่างเมือง,แอร์พอร์ต เรล ลิงก์,A6,มักกะสัน,8618,8776,11/4/2023
5383,รถไฟระหว่างเมือง,แอร์พอร์ต เรล ลิงก์,A7,ราชปรารภ,3214,3057,11/4/2023
5384,รถไฟระหว่างเมือง,แอร์พอร์ต เรล ลิงก์,A8,พญาไท,11399,12383,11/4/2023
5385,รถไฟระหว่างเมือง,แอร์พอร์ต เรล ลิงก์,A1,สุวรรณภูมิ,11624,10467,11/5/2023
5386,รถไฟระหว่างเมือง,แอร์พอร์ต เรล ลิงก์,A2,ลาดกระบัง,11781,12001,11/5/2023
5387,รถไฟระหว่างเมือง,แอร์พอร์ต เรล ลิงก์,A3,บ้านทับช้าง,1680,1744,11/5/2023
5388,รถไฟระหว่างเมือง,แอร์พอร์ต เรล ลิงก์,A4,หัวหมาก,4106,4167,11/5/2023
5389,รถไฟระหว่างเมือง,แอร์พอร์ต เรล ลิงก์,A5,รามคำแหง,4196,4536,11/5/2023
5390,รถไฟระหว่างเมือง,แอร์พอร์ต เรล ลิงก์,A6,มักกะสัน,8949,9142,11/5/2023
5391,รถไฟระหว่างเมือง,แอร์พอร์ต เรล ลิงก์,A7,ราชปรารภ,3011,2879,11/5/2023
5392,รถไฟระหว่างเมือง,แอร์พอร์ต เรล ลิงก์,A8,พญาไท,12456,12867,11/5/2023
5393,รถไฟระหว่างเมือง,แอร์พอร์ต เรล ลิงก์,A1,สุวรรณภูมิ,12326,11367,11/6/2023
5394,รถไฟระหว่างเมือง,แอร์พอร์ต เรล ลิงก์,A2,ลาดกระบัง,10685,10020,11/6/2023
5395,รถไฟระหว่างเมือง,แอร์พอร์ต เรล ลิงก์,A3,บ้านทับช้าง,3937,3777,11/6/2023
5396,รถไฟระหว่างเมือง,แอร์พอร์ต เรล ลิงก์,A4,หัวหมาก,6185,6180,11/6/2023
5397,รถไฟระหว่างเมือง,แอร์พอร์ต เรล ลิงก์,A5,รามคำแหง,6174,6724,11/6/2023
5398,รถไฟระหว่างเมือง,แอร์พอร์ต เรล ลิงก์,A6,มักกะสัน,11929,13061,11/6/2023
5399,รถไฟระหว่างเมือง,แอร์พอร์ต เรล ลิงก์,A7,ราชปรารภ,3592,3633,11/6/2023
5400,รถไฟระหว่างเมือง,แอร์พอร์ต เรล ลิงก์,A8,พญาไท,14317,14383,11/6/2023
5401,รถไฟระหว่างเมือง,แอร์พอร์ต เรล ลิงก์,A1,สุวรรณภูมิ,12630,11279,11/7/2023
5402,รถไฟระหว่างเมือง,แอร์พอร์ต เรล ลิงก์,A2,ลาดกระบัง,10617,10720,11/7/2023
5403,รถไฟระหว่างเมือง,แอร์พอร์ต เรล ลิงก์,A3,บ้านทับช้าง,3961,3988,11/7/2023
5404,รถไฟระหว่างเมือง,แอร์พอร์ต เรล ลิงก์,A4,หัวหมาก,6323,6395,11/7/2023
5405,รถไฟระหว่างเมือง,แอร์พอร์ต เรล ลิงก์,A5,รามคำแหง,6355,7425,11/7/2023
5406,รถไฟระหว่างเมือง,แอร์พอร์ต เรล ลิงก์,A6,มักกะสัน,13098,13473,11/7/2023
5407,รถไฟระหว่างเมือง,แอร์พอร์ต เรล ลิงก์,A7,ราชปรารภ,4114,4119,11/7/2023
5408,รถไฟระหว่างเมือง,แอร์พอร์ต เรล ลิงก์,A8,พญาไท,15194,14893,11/7/2023
5409,รถไฟระหว่างเมือง,แอร์พอร์ต เรล ลิงก์,A1,สุวรรณภูมิ,12457,10581,11/8/2023
5410,รถไฟระหว่างเมือง,แอร์พอร์ต เรล ลิงก์,A2,ลาดกระบัง,10493,10328,11/8/2023
5411,รถไฟระหว่างเมือง,แอร์พอร์ต เรล ลิงก์,A3,บ้านทับช้าง,3870,3943,11/8/2023
5412,รถไฟระหว่างเมือง,แอร์พอร์ต เรล ลิงก์,A4,หัวหมาก,6318,6280,11/8/2023
5413,รถไฟระหว่างเมือง,แอร์พอร์ต เรล ลิงก์,A5,รามคำแหง,6459,7106,11/8/2023
5414,รถไฟระหว่างเมือง,แอร์พอร์ต เรล ลิงก์,A6,มักกะสัน,12421,13300,11/8/2023
5415,รถไฟระหว่างเมือง,แอร์พอร์ต เรล ลิงก์,A7,ราชปรารภ,3705,3842,11/8/2023
5416,รถไฟระหว่างเมือง,แอร์พอร์ต เรล ลิงก์,A8,พญาไท,14185,14528,11/8/2023
5417,รถไฟระหว่างเมือง,แอร์พอร์ต เรล ลิงก์,A1,สุวรรณภูมิ,13559,11603,11/9/2023
5418,รถไฟระหว่างเมือง,แอร์พอร์ต เรล ลิงก์,A2,ลาดกระบัง,10608,10653,11/9/2023
5419,รถไฟระหว่างเมือง,แอร์พอร์ต เรล ลิงก์,A3,บ้านทับช้าง,3815,3875,11/9/2023
5420,รถไฟระหว่างเมือง,แอร์พอร์ต เรล ลิงก์,A4,หัวหมาก,6354,6298,11/9/2023
5421,รถไฟระหว่างเมือง,แอร์พอร์ต เรล ลิงก์,A5,รามคำแหง,6481,6658,11/9/2023
5422,รถไฟระหว่างเมือง,แอร์พอร์ต เรล ลิงก์,A6,มักกะสัน,12513,13197,11/9/2023
5423,รถไฟระหว่างเมือง,แอร์พอร์ต เรล ลิงก์,A7,ราชปรารภ,3891,4068,11/9/2023
5424,รถไฟระหว่างเมือง,แอร์พอร์ต เรล ลิงก์,A8,พญาไท,14368,15237,11/9/2023
5425,รถไฟระหว่างเมือง,แอร์พอร์ต เรล ลิงก์,A1,สุวรรณภูมิ,14206,11356,11/10/2023
5426,รถไฟระหว่างเมือง,แอร์พอร์ต เรล ลิงก์,A2,ลาดกระบัง,10967,11224,11/10/2023
5427,รถไฟระหว่างเมือง,แอร์พอร์ต เรล ลิงก์,A3,บ้านทับช้าง,3750,3735,11/10/2023
5428,รถไฟระหว่างเมือง,แอร์พอร์ต เรล ลิงก์,A4,หัวหมาก,6466,6550,11/10/2023
5429,รถไฟระหว่างเมือง,แอร์พอร์ต เรล ลิงก์,A5,รามคำแหง,6446,7238,11/10/2023
5430,รถไฟระหว่างเมือง,แอร์พอร์ต เรล ลิงก์,A6,มักกะสัน,13075,14098,11/10/2023
5431,รถไฟระหว่างเมือง,แอร์พอร์ต เรล ลิงก์,A7,ราชปรารภ,3772,4094,11/10/2023
5432,รถไฟระหว่างเมือง,แอร์พอร์ต เรล ลิงก์,A8,พญาไท,15474,15861,11/10/2023
5433,รถไฟระหว่างเมือง,แอร์พอร์ต เรล ลิงก์,A1,สุวรรณภูมิ,12683,10398,11/11/2023
5434,รถไฟระหว่างเมือง,แอร์พอร์ต เรล ลิงก์,A2,ลาดกระบัง,10641,10779,11/11/2023
5435,รถไฟระหว่างเมือง,แอร์พอร์ต เรล ลิงก์,A3,บ้านทับช้าง,2184,2218,11/11/2023
5436,รถไฟระหว่างเมือง,แอร์พอร์ต เรล ลิงก์,A4,หัวหมาก,4889,4714,11/11/2023
5437,รถไฟระหว่างเมือง,แอร์พอร์ต เรล ลิงก์,A5,รามคำแหง,4975,5422,11/11/2023
5438,รถไฟระหว่างเมือง,แอร์พอร์ต เรล ลิงก์,A6,มักกะสัน,10800,11369,11/11/2023
5439,รถไฟระหว่างเมือง,แอร์พอร์ต เรล ลิงก์,A7,ราชปรารภ,3404,3392,11/11/2023
5440,รถไฟระหว่างเมือง,แอร์พอร์ต เรล ลิงก์,A8,พญาไท,13140,14424,11/11/2023
5441,รถไฟระหว่างเมือง,แอร์พอร์ต เรล ลิงก์,A1,สุวรรณภูมิ,11572,10278,11/12/2023
5442,รถไฟระหว่างเมือง,แอร์พอร์ต เรล ลิงก์,A2,ลาดกระบัง,7965,7652,11/12/2023
5443,รถไฟระหว่างเมือง,แอร์พอร์ต เรล ลิงก์,A3,บ้านทับช้าง,1766,1773,11/12/2023
5444,รถไฟระหว่างเมือง,แอร์พอร์ต เรล ลิงก์,A4,หัวหมาก,3785,3917,11/12/2023
5445,รถไฟระหว่างเมือง,แอร์พอร์ต เรล ลิงก์,A5,รามคำแหง,4247,4555,11/12/2023
5446,รถไฟระหว่างเมือง,แอร์พอร์ต เรล ลิงก์,A6,มักกะสัน,8260,9125,11/12/2023
5447,รถไฟระหว่างเมือง,แอร์พอร์ต เรล ลิงก์,A7,ราชปรารภ,2933,2876,11/12/2023
5448,รถไฟระหว่างเมือง,แอร์พอร์ต เรล ลิงก์,A8,พญาไท,10519,10871,11/12/2023
5449,รถไฟระหว่างเมือง,แอร์พอร์ต เรล ลิงก์,A1,สุวรรณภูมิ,12578,11090,11/13/2023
5450,รถไฟระหว่างเมือง,แอร์พอร์ต เรล ลิงก์,A2,ลาดกระบัง,10581,10483,11/13/2023
5451,รถไฟระหว่างเมือง,แอร์พอร์ต เรล ลิงก์,A3,บ้านทับช้าง,3837,3774,11/13/2023
5452,รถไฟระหว่างเมือง,แอร์พอร์ต เรล ลิงก์,A4,หัวหมาก,6199,6084,11/13/2023
5453,รถไฟระหว่างเมือง,แอร์พอร์ต เรล ลิงก์,A5,รามคำแหง,6273,6627,11/13/2023
5454,รถไฟระหว่างเมือง,แอร์พอร์ต เรล ลิงก์,A6,มักกะสัน,11965,12912,11/13/2023
5455,รถไฟระหว่างเมือง,แอร์พอร์ต เรล ลิงก์,A7,ราชปรารภ,3785,3808,11/13/2023
5456,รถไฟระหว่างเมือง,แอร์พอร์ต เรล ลิงก์,A8,พญาไท,13959,14399,11/13/2023
5457,รถไฟระหว่างเมือง,แอร์พอร์ต เรล ลิงก์,A1,สุวรรณภูมิ,12334,10861,11/14/2023
5458,รถไฟระหว่างเมือง,แอร์พอร์ต เรล ลิงก์,A2,ลาดกระบัง,11907,11732,11/14/2023
5459,รถไฟระหว่างเมือง,แอร์พอร์ต เรล ลิงก์,A3,บ้านทับช้าง,4067,4033,11/14/2023
5460,รถไฟระหว่างเมือง,แอร์พอร์ต เรล ลิงก์,A4,หัวหมาก,6548,6497,11/14/2023
5461,รถไฟระหว่างเมือง,แอร์พอร์ต เรล ลิงก์,A5,รามคำแหง,6306,6848,11/14/2023
5462,รถไฟระหว่างเมือง,แอร์พอร์ต เรล ลิงก์,A6,มักกะสัน,12569,13407,11/14/2023
5463,รถไฟระหว่างเมือง,แอร์พอร์ต เรล ลิงก์,A7,ราชปรารภ,3774,4053,11/14/2023
5464,รถไฟระหว่างเมือง,แอร์พอร์ต เรล ลิงก์,A8,พญาไท,14846,14920,11/14/2023
5465,รถไฟระหว่างเมือง,แอร์พอร์ต เรล ลิงก์,A1,สุวรรณภูมิ,12534,10855,11/15/2023
5466,รถไฟระหว่างเมือง,แอร์พอร์ต เรล ลิงก์,A2,ลาดกระบัง,10559,10204,11/15/2023
5467,รถไฟระหว่างเมือง,แอร์พอร์ต เรล ลิงก์,A3,บ้านทับช้าง,3972,3994,11/15/2023
5468,รถไฟระหว่างเมือง,แอร์พอร์ต เรล ลิงก์,A4,หัวหมาก,6482,6313,11/15/2023
5469,รถไฟระหว่างเมือง,แอร์พอร์ต เรล ลิงก์,A5,รามคำแหง,6187,6718,11/15/2023
5470,รถไฟระหว่างเมือง,แอร์พอร์ต เรล ลิงก์,A6,มักกะสัน,12344,13192,11/15/2023
5471,รถไฟระหว่างเมือง,แอร์พอร์ต เรล ลิงก์,A7,ราชปรารภ,3677,3879,11/15/2023
5472,รถไฟระหว่างเมือง,แอร์พอร์ต เรล ลิงก์,A8,พญาไท,13894,14494,11/15/2023
5473,รถไฟระหว่างเมือง,แอร์พอร์ต เรล ลิงก์,A1,สุวรรณภูมิ,13719,11326,11/16/2023
5474,รถไฟระหว่างเมือง,แอร์พอร์ต เรล ลิงก์,A2,ลาดกระบัง,10582,10249,11/16/2023
5475,รถไฟระหว่างเมือง,แอร์พอร์ต เรล ลิงก์,A3,บ้านทับช้าง,3920,3825,11/16/2023
5476,รถไฟระหว่างเมือง,แอร์พอร์ต เรล ลิงก์,A4,หัวหมาก,6658,7098,11/16/2023
5477,รถไฟระหว่างเมือง,แอร์พอร์ต เรล ลิงก์,A5,รามคำแหง,7301,7818,11/16/2023
5478,รถไฟระหว่างเมือง,แอร์พอร์ต เรล ลิงก์,A6,มักกะสัน,12847,13684,11/16/2023
5479,รถไฟระหว่างเมือง,แอร์พอร์ต เรล ลิงก์,A7,ราชปรารภ,3829,4112,11/16/2023
5480,รถไฟระหว่างเมือง,แอร์พอร์ต เรล ลิงก์,A8,พญาไท,14953,15697,11/16/2023
5481,รถไฟระหว่างเมือง,แอร์พอร์ต เรล ลิงก์,A1,สุวรรณภูมิ,14053,11499,11/17/2023
5482,รถไฟระหว่างเมือง,แอร์พอร์ต เรล ลิงก์,A2,ลาดกระบัง,10404,10520,11/17/2023
5483,รถไฟระหว่างเมือง,แอร์พอร์ต เรล ลิงก์,A3,บ้านทับช้าง,3741,3779,11/17/2023
5484,รถไฟระหว่างเมือง,แอร์พอร์ต เรล ลิงก์,A4,หัวหมาก,6493,6428,11/17/2023
5485,รถไฟระหว่างเมือง,แอร์พอร์ต เรล ลิงก์,A5,รามคำแหง,6491,6799,11/17/2023
5486,รถไฟระหว่างเมือง,แอร์พอร์ต เรล ลิงก์,A6,มักกะสัน,12634,13521,11/17/2023
5487,รถไฟระหว่างเมือง,แอร์พอร์ต เรล ลิงก์,A7,ราชปรารภ,3873,4095,11/17/2023
5488,รถไฟระหว่างเมือง,แอร์พอร์ต เรล ลิงก์,A8,พญาไท,14508,15556,11/17/2023
5489,รถไฟระหว่างเมือง,แอร์พอร์ต เรล ลิงก์,A1,สุวรรณภูมิ,12337,10464,11/18/2023
5490,รถไฟระหว่างเมือง,แอร์พอร์ต เรล ลิงก์,A2,ลาดกระบัง,8095,7851,11/18/2023
5491,รถไฟระหว่างเมือง,แอร์พอร์ต เรล ลิงก์,A3,บ้านทับช้าง,2016,1950,11/18/2023
5492,รถไฟระหว่างเมือง,แอร์พอร์ต เรล ลิงก์,A4,หัวหมาก,4281,4146,11/18/2023
5493,รถไฟระหว่างเมือง,แอร์พอร์ต เรล ลิงก์,A5,รามคำแหง,4455,4791,11/18/2023
5494,รถไฟระหว่างเมือง,แอร์พอร์ต เรล ลิงก์,A6,มักกะสัน,8132,8957,11/18/2023
5495,รถไฟระหว่างเมือง,แอร์พอร์ต เรล ลิงก์,A7,ราชปรารภ,3296,3299,11/18/2023
5496,รถไฟระหว่างเมือง,แอร์พอร์ต เรล ลิงก์,A8,พญาไท,11383,12537,11/18/2023
5497,รถไฟระหว่างเมือง,แอร์พอร์ต เรล ลิงก์,A1,สุวรรณภูมิ,11078,10450,11/19/2023
5498,รถไฟระหว่างเมือง,แอร์พอร์ต เรล ลิงก์,A2,ลาดกระบัง,6692,6476,11/19/2023
5499,รถไฟระหว่างเมือง,แอร์พอร์ต เรล ลิงก์,A3,บ้านทับช้าง,1499,1524,11/19/2023
5500,รถไฟระหว่างเมือง,แอร์พอร์ต เรล ลิงก์,A4,หัวหมาก,3452,3441,11/19/2023
5501,รถไฟระหว่างเมือง,แอร์พอร์ต เรล ลิงก์,A5,รามคำแหง,3483,3868,11/19/2023
5502,รถไฟระหว่างเมือง,แอร์พอร์ต เรล ลิงก์,A6,มักกะสัน,6785,7089,11/19/2023
5503,รถไฟระหว่างเมือง,แอร์พอร์ต เรล ลิงก์,A7,ราชปรารภ,2893,2841,11/19/2023
5504,รถไฟระหว่างเมือง,แอร์พอร์ต เรล ลิงก์,A8,พญาไท,9646,9839,11/19/2023
5505,รถไฟระหว่างเมือง,แอร์พอร์ต เรล ลิงก์,A1,สุวรรณภูมิ,12584,11279,11/20/2023
5506,รถไฟระหว่างเมือง,แอร์พอร์ต เรล ลิงก์,A2,ลาดกระบัง,10292,9704,11/20/2023
5507,รถไฟระหว่างเมือง,แอร์พอร์ต เรล ลิงก์,A3,บ้านทับช้าง,3590,3777,11/20/2023
5508,รถไฟระหว่างเมือง,แอร์พอร์ต เรล ลิงก์,A4,หัวหมาก,6085,6353,11/20/2023
5509,รถไฟระหว่างเมือง,แอร์พอร์ต เรล ลิงก์,A5,รามคำแหง,5873,6569,11/20/2023
5510,รถไฟระหว่างเมือง,แอร์พอร์ต เรล ลิงก์,A6,มักกะสัน,12102,12668,11/20/2023
5511,รถไฟระหว่างเมือง,แอร์พอร์ต เรล ลิงก์,A7,ราชปรารภ,3695,3839,11/20/2023
5512,รถไฟระหว่างเมือง,แอร์พอร์ต เรล ลิงก์,A8,พญาไท,13574,13606,11/20/2023
5513,รถไฟระหว่างเมือง,แอร์พอร์ต เรล ลิงก์,A1,สุวรรณภูมิ,13042,11244,11/21/2023
5514,รถไฟระหว่างเมือง,แอร์พอร์ต เรล ลิงก์,A2,ลาดกระบัง,10143,10051,11/21/2023
5515,รถไฟระหว่างเมือง,แอร์พอร์ต เรล ลิงก์,A3,บ้านทับช้าง,3973,4026,11/21/2023
5516,รถไฟระหว่างเมือง,แอร์พอร์ต เรล ลิงก์,A4,หัวหมาก,6545,6468,11/21/2023
5517,รถไฟระหว่างเมือง,แอร์พอร์ต เรล ลิงก์,A5,รามคำแหง,6282,6757,11/21/2023
5518,รถไฟระหว่างเมือง,แอร์พอร์ต เรล ลิงก์,A6,มักกะสัน,12596,13404,11/21/2023
5519,รถไฟระหว่างเมือง,แอร์พอร์ต เรล ลิงก์,A7,ราชปรารภ,3841,4123,11/21/2023
5520,รถไฟระหว่างเมือง,แอร์พอร์ต เรล ลิงก์,A8,พญาไท,13996,14345,11/21/2023
5521,รถไฟระหว่างเมือง,แอร์พอร์ต เรล ลิงก์,A1,สุวรรณภูมิ,13384,11134,11/22/2023
5522,รถไฟระหว่างเมือง,แอร์พอร์ต เรล ลิงก์,A2,ลาดกระบัง,9756,9787,11/22/2023
5523,รถไฟระหว่างเมือง,แอร์พอร์ต เรล ลิงก์,A3,บ้านทับช้าง,3939,3952,11/22/2023
5524,รถไฟระหว่างเมือง,แอร์พอร์ต เรล ลิงก์,A4,หัวหมาก,6412,6368,11/22/2023
5525,รถไฟระหว่างเมือง,แอร์พอร์ต เรล ลิงก์,A5,รามคำแหง,6367,6838,11/22/2023
5526,รถไฟระหว่างเมือง,แอร์พอร์ต เรล ลิงก์,A6,มักกะสัน,12501,13540,11/22/2023
5527,รถไฟระหว่างเมือง,แอร์พอร์ต เรล ลิงก์,A7,ราชปรารภ,3836,3929,11/22/2023
5528,รถไฟระหว่างเมือง,แอร์พอร์ต เรล ลิงก์,A8,พญาไท,13741,14388,11/22/2023
5529,รถไฟระหว่างเมือง,แอร์พอร์ต เรล ลิงก์,A1,สุวรรณภูมิ,14568,11321,11/23/2023
5530,รถไฟระหว่างเมือง,แอร์พอร์ต เรล ลิงก์,A2,ลาดกระบัง,9936,9676,11/23/2023
5531,รถไฟระหว่างเมือง,แอร์พอร์ต เรล ลิงก์,A3,บ้านทับช้าง,3779,3778,11/23/2023
5532,รถไฟระหว่างเมือง,แอร์พอร์ต เรล ลิงก์,A4,หัวหมาก,6449,6299,11/23/2023
5533,รถไฟระหว่างเมือง,แอร์พอร์ต เรล ลิงก์,A5,รามคำแหง,6408,6703,11/23/2023
5534,รถไฟระหว่างเมือง,แอร์พอร์ต เรล ลิงก์,A6,มักกะสัน,12041,13541,11/23/2023
5535,รถไฟระหว่างเมือง,แอร์พอร์ต เรล ลิงก์,A7,ราชปรารภ,3755,4212,11/23/2023
5536,รถไฟระหว่างเมือง,แอร์พอร์ต เรล ลิงก์,A8,พญาไท,13722,15128,11/23/2023
5537,รถไฟระหว่างเมือง,แอร์พอร์ต เรล ลิงก์,A1,สุวรรณภูมิ,14526,11958,11/24/2023
5538,รถไฟระหว่างเมือง,แอร์พอร์ต เรล ลิงก์,A2,ลาดกระบัง,10429,10554,11/24/2023
5539,รถไฟระหว่างเมือง,แอร์พอร์ต เรล ลิงก์,A3,บ้านทับช้าง,3737,3713,11/24/2023
5540,รถไฟระหว่างเมือง,แอร์พอร์ต เรล ลิงก์,A4,หัวหมาก,6672,6464,11/24/2023
5541,รถไฟระหว่างเมือง,แอร์พอร์ต เรล ลิงก์,A5,รามคำแหง,6370,6816,11/24/2023
5542,รถไฟระหว่างเมือง,แอร์พอร์ต เรล ลิงก์,A6,มักกะสัน,12955,13954,11/24/2023
5543,รถไฟระหว่างเมือง,แอร์พอร์ต เรล ลิงก์,A7,ราชปรารภ,3984,4133,11/24/2023
5544,รถไฟระหว่างเมือง,แอร์พอร์ต เรล ลิงก์,A8,พญาไท,14471,15552,11/24/2023
5545,รถไฟระหว่างเมือง,แอร์พอร์ต เรล ลิงก์,A1,สุวรรณภูมิ,13325,10727,11/25/2023
5546,รถไฟระหว่างเมือง,แอร์พอร์ต เรล ลิงก์,A2,ลาดกระบัง,7890,8324,11/25/2023
5547,รถไฟระหว่างเมือง,แอร์พอร์ต เรล ลิงก์,A3,บ้านทับช้าง,2047,2019,11/25/2023
5548,รถไฟระหว่างเมือง,แอร์พอร์ต เรล ลิงก์,A4,หัวหมาก,4432,4230,11/25/2023
5549,รถไฟระหว่างเมือง,แอร์พอร์ต เรล ลิงก์,A5,รามคำแหง,4464,4745,11/25/2023
5550,รถไฟระหว่างเมือง,แอร์พอร์ต เรล ลิงก์,A6,มักกะสัน,8446,9291,11/25/2023
5551,รถไฟระหว่างเมือง,แอร์พอร์ต เรล ลิงก์,A7,ราชปรารภ,3551,3511,11/25/2023
5552,รถไฟระหว่างเมือง,แอร์พอร์ต เรล ลิงก์,A8,พญาไท,11779,13087,11/25/2023
5553,รถไฟระหว่างเมือง,แอร์พอร์ต เรล ลิงก์,A1,สุวรรณภูมิ,12276,10898,11/26/2023
5554,รถไฟระหว่างเมือง,แอร์พอร์ต เรล ลิงก์,A2,ลาดกระบัง,7439,7664,11/26/2023
5555,รถไฟระหว่างเมือง,แอร์พอร์ต เรล ลิงก์,A3,บ้านทับช้าง,1621,1631,11/26/2023
5556,รถไฟระหว่างเมือง,แอร์พอร์ต เรล ลิงก์,A4,หัวหมาก,3755,3787,11/26/2023
5557,รถไฟระหว่างเมือง,แอร์พอร์ต เรล ลิงก์,A5,รามคำแหง,3766,4171,11/26/2023
5558,รถไฟระหว่างเมือง,แอร์พอร์ต เรล ลิงก์,A6,มักกะสัน,7661,7912,11/26/2023
5559,รถไฟระหว่างเมือง,แอร์พอร์ต เรล ลิงก์,A7,ราชปรารภ,3105,3006,11/26/2023
5560,รถไฟระหว่างเมือง,แอร์พอร์ต เรล ลิงก์,A8,พญาไท,10973,11527,11/26/2023
5561,รถไฟระหว่างเมือง,แอร์พอร์ต เรล ลิงก์,A1,สุวรรณภูมิ,12893,11690,11/27/2023
5562,รถไฟระหว่างเมือง,แอร์พอร์ต เรล ลิงก์,A2,ลาดกระบัง,10820,11153,11/27/2023
5563,รถไฟระหว่างเมือง,แอร์พอร์ต เรล ลิงก์,A3,บ้านทับช้าง,3932,3999,11/27/2023
5564,รถไฟระหว่างเมือง,แอร์พอร์ต เรล ลิงก์,A4,หัวหมาก,6940,6761,11/27/2023
5565,รถไฟระหว่างเมือง,แอร์พอร์ต เรล ลิงก์,A5,รามคำแหง,6711,7473,11/27/2023
5566,รถไฟระหว่างเมือง,แอร์พอร์ต เรล ลิงก์,A6,มักกะสัน,13418,13865,11/27/2023
5567,รถไฟระหว่างเมือง,แอร์พอร์ต เรล ลิงก์,A7,ราชปรารภ,3971,4011,11/27/2023
5568,รถไฟระหว่างเมือง,แอร์พอร์ต เรล ลิงก์,A8,พญาไท,15397,15130,11/27/2023
5569,รถไฟระหว่างเมือง,แอร์พอร์ต เรล ลิงก์,A1,สุวรรณภูมิ,12919,11709,11/28/2023
5570,รถไฟระหว่างเมือง,แอร์พอร์ต เรล ลิงก์,A2,ลาดกระบัง,10540,10637,11/28/2023
5571,รถไฟระหว่างเมือง,แอร์พอร์ต เรล ลิงก์,A3,บ้านทับช้าง,3895,3909,11/28/2023
5572,รถไฟระหว่างเมือง,แอร์พอร์ต เรล ลิงก์,A4,หัวหมาก,6467,6424,11/28/2023
5573,รถไฟระหว่างเมือง,แอร์พอร์ต เรล ลิงก์,A5,รามคำแหง,6317,7015,11/28/2023
5574,รถไฟระหว่างเมือง,แอร์พอร์ต เรล ลิงก์,A6,มักกะสัน,12702,13243,11/28/2023
5575,รถไฟระหว่างเมือง,แอร์พอร์ต เรล ลิงก์,A7,ราชปรารภ,4195,4321,11/28/2023
5576,รถไฟระหว่างเมือง,แอร์พอร์ต เรล ลิงก์,A8,พญาไท,14392,14169,11/28/2023
5577,รถไฟระหว่างเมือง,แอร์พอร์ต เรล ลิงก์,A1,สุวรรณภูมิ,12357,11539,11/29/2023
5578,รถไฟระหว่างเมือง,แอร์พอร์ต เรล ลิงก์,A2,ลาดกระบัง,10372,10312,11/29/2023
5579,รถไฟระหว่างเมือง,แอร์พอร์ต เรล ลิงก์,A3,บ้านทับช้าง,3924,3925,11/29/2023
5580,รถไฟระหว่างเมือง,แอร์พอร์ต เรล ลิงก์,A4,หัวหมาก,6544,6438,11/29/2023
5581,รถไฟระหว่างเมือง,แอร์พอร์ต เรล ลิงก์,A5,รามคำแหง,6314,6824,11/29/2023
5582,รถไฟระหว่างเมือง,แอร์พอร์ต เรล ลิงก์,A6,มักกะสัน,12802,13284,11/29/2023
5583,รถไฟระหว่างเมือง,แอร์พอร์ต เรล ลิงก์,A7,ราชปรารภ,4051,4084,11/29/2023
5584,รถไฟระหว่างเมือง,แอร์พอร์ต เรล ลิงก์,A8,พญาไท,14227,14185,11/29/2023
5585,รถไฟระหว่างเมือง,แอร์พอร์ต เรล ลิงก์,A1,สุวรรณภูมิ,13157,11708,11/30/2023
5586,รถไฟระหว่างเมือง,แอร์พอร์ต เรล ลิงก์,A2,ลาดกระบัง,10742,10389,11/30/2023
5587,รถไฟระหว่างเมือง,แอร์พอร์ต เรล ลิงก์,A3,บ้านทับช้าง,3829,3866,11/30/2023
5588,รถไฟระหว่างเมือง,แอร์พอร์ต เรล ลิงก์,A4,หัวหมาก,6594,6357,11/30/2023
5589,รถไฟระหว่างเมือง,แอร์พอร์ต เรล ลิงก์,A5,รามคำแหง,6416,6879,11/30/2023
5590,รถไฟระหว่างเมือง,แอร์พอร์ต เรล ลิงก์,A6,มักกะสัน,12367,13392,11/30/2023
5591,รถไฟระหว่างเมือง,แอร์พอร์ต เรล ลิงก์,A7,ราชปรารภ,3926,3967,11/30/2023
5592,รถไฟระหว่างเมือง,แอร์พอร์ต เรล ลิงก์,A8,พญาไท,14403,14876,11/30/2023
5593,รถไฟระหว่างเมือง,แอร์พอร์ต เรล ลิงก์,A1,สุวรรณภูมิ,13816,12119,12/1/2023
5594,รถไฟระหว่างเมือง,แอร์พอร์ต เรล ลิงก์,A2,ลาดกระบัง,11172,10869,12/1/2023
5595,รถไฟระหว่างเมือง,แอร์พอร์ต เรล ลิงก์,A3,บ้านทับช้าง,3939,3929,12/1/2023
5596,รถไฟระหว่างเมือง,แอร์พอร์ต เรล ลิงก์,A4,หัวหมาก,7190,6225,12/1/2023
5597,รถไฟระหว่างเมือง,แอร์พอร์ต เรล ลิงก์,A5,รามคำแหง,6734,7238,12/1/2023
5598,รถไฟระหว่างเมือง,แอร์พอร์ต เรล ลิงก์,A6,มักกะสัน,13087,14290,12/1/2023
5599,รถไฟระหว่างเมือง,แอร์พอร์ต เรล ลิงก์,A7,ราชปรารภ,3820,3983,12/1/2023
5600,รถไฟระหว่างเมือง,แอร์พอร์ต เรล ลิงก์,A8,พญาไท,14810,15915,12/1/2023
5601,รถไฟระหว่างเมือง,แอร์พอร์ต เรล ลิงก์,A1,สุวรรณภูมิ,12213,10621,12/2/2023
5602,รถไฟระหว่างเมือง,แอร์พอร์ต เรล ลิงก์,A2,ลาดกระบัง,8486,8524,12/2/2023
5603,รถไฟระหว่างเมือง,แอร์พอร์ต เรล ลิงก์,A3,บ้านทับช้าง,2039,1950,12/2/2023
5604,รถไฟระหว่างเมือง,แอร์พอร์ต เรล ลิงก์,A4,หัวหมาก,4600,4533,12/2/2023
5605,รถไฟระหว่างเมือง,แอร์พอร์ต เรล ลิงก์,A5,รามคำแหง,4766,4957,12/2/2023
5606,รถไฟระหว่างเมือง,แอร์พอร์ต เรล ลิงก์,A6,มักกะสัน,8696,9380,12/2/2023
5607,รถไฟระหว่างเมือง,แอร์พอร์ต เรล ลิงก์,A7,ราชปรารภ,3512,3523,12/2/2023
5608,รถไฟระหว่างเมือง,แอร์พอร์ต เรล ลิงก์,A8,พญาไท,11860,12684,12/2/2023
5609,รถไฟระหว่างเมือง,แอร์พอร์ต เรล ลิงก์,A1,สุวรรณภูมิ,11264,10391,12/3/2023
5610,รถไฟระหว่างเมือง,แอร์พอร์ต เรล ลิงก์,A2,ลาดกระบัง,7526,7783,12/3/2023
5611,รถไฟระหว่างเมือง,แอร์พอร์ต เรล ลิงก์,A3,บ้านทับช้าง,1684,1580,12/3/2023
5612,รถไฟระหว่างเมือง,แอร์พอร์ต เรล ลิงก์,A4,หัวหมาก,3833,3913,12/3/2023
5613,รถไฟระหว่างเมือง,แอร์พอร์ต เรล ลิงก์,A5,รามคำแหง,3914,4193,12/3/2023
5614,รถไฟระหว่างเมือง,แอร์พอร์ต เรล ลิงก์,A6,มักกะสัน,7539,7728,12/3/2023
5615,รถไฟระหว่างเมือง,แอร์พอร์ต เรล ลิงก์,A7,ราชปรารภ,3335,3252,12/3/2023
5616,รถไฟระหว่างเมือง,แอร์พอร์ต เรล ลิงก์,A8,พญาไท,10462,10717,12/3/2023
5617,รถไฟระหว่างเมือง,แอร์พอร์ต เรล ลิงก์,A1,สุวรรณภูมิ,12080,11129,12/4/2023
5618,รถไฟระหว่างเมือง,แอร์พอร์ต เรล ลิงก์,A2,ลาดกระบัง,10022,9995,12/4/2023
5619,รถไฟระหว่างเมือง,แอร์พอร์ต เรล ลิงก์,A3,บ้านทับช้าง,3480,3344,12/4/2023
5620,รถไฟระหว่างเมือง,แอร์พอร์ต เรล ลิงก์,A4,หัวหมาก,6095,5938,12/4/2023
5621,รถไฟระหว่างเมือง,แอร์พอร์ต เรล ลิงก์,A5,รามคำแหง,5949,6262,12/4/2023
5622,รถไฟระหว่างเมือง,แอร์พอร์ต เรล ลิงก์,A6,มักกะสัน,11243,11860,12/4/2023
5623,รถไฟระหว่างเมือง,แอร์พอร์ต เรล ลิงก์,A7,ราชปรารภ,3658,3774,12/4/2023
5624,รถไฟระหว่างเมือง,แอร์พอร์ต เรล ลิงก์,A8,พญาไท,13302,13527,12/4/2023
5625,รถไฟระหว่างเมือง,แอร์พอร์ต เรล ลิงก์,A1,สุวรรณภูมิ,11255,9474,12/5/2023
5626,รถไฟระหว่างเมือง,แอร์พอร์ต เรล ลิงก์,A2,ลาดกระบัง,6540,6752,12/5/2023
5627,รถไฟระหว่างเมือง,แอร์พอร์ต เรล ลิงก์,A3,บ้านทับช้าง,1516,1508,12/5/2023
5628,รถไฟระหว่างเมือง,แอร์พอร์ต เรล ลิงก์,A4,หัวหมาก,3599,3621,12/5/2023
5629,รถไฟระหว่างเมือง,แอร์พอร์ต เรล ลิงก์,A5,รามคำแหง,3595,3888,12/5/2023
5630,รถไฟระหว่างเมือง,แอร์พอร์ต เรล ลิงก์,A6,มักกะสัน,6442,7276,12/5/2023
5631,รถไฟระหว่างเมือง,แอร์พอร์ต เรล ลิงก์,A7,ราชปรารภ,2912,2956,12/5/2023
5632,รถไฟระหว่างเมือง,แอร์พอร์ต เรล ลิงก์,A8,พญาไท,8667,9051,12/5/2023
5633,รถไฟระหว่างเมือง,แอร์พอร์ต เรล ลิงก์,A1,สุวรรณภูมิ,13110,10866,12/6/2023
5634,รถไฟระหว่างเมือง,แอร์พอร์ต เรล ลิงก์,A2,ลาดกระบัง,10640,10453,12/6/2023
5635,รถไฟระหว่างเมือง,แอร์พอร์ต เรล ลิงก์,A3,บ้านทับช้าง,3908,3837,12/6/2023
5636,รถไฟระหว่างเมือง,แอร์พอร์ต เรล ลิงก์,A4,หัวหมาก,6565,6460,12/6/2023
5637,รถไฟระหว่างเมือง,แอร์พอร์ต เรล ลิงก์,A5,รามคำแหง,6446,6897,12/6/2023
5638,รถไฟระหว่างเมือง,แอร์พอร์ต เรล ลิงก์,A6,มักกะสัน,11951,13016,12/6/2023
5639,รถไฟระหว่างเมือง,แอร์พอร์ต เรล ลิงก์,A7,ราชปรารภ,3633,4074,12/6/2023
5640,รถไฟระหว่างเมือง,แอร์พอร์ต เรล ลิงก์,A8,พญาไท,14167,14817,12/6/2023
5641,รถไฟระหว่างเมือง,แอร์พอร์ต เรล ลิงก์,A1,สุวรรณภูมิ,14145,11779,12/7/2023
5642,รถไฟระหว่างเมือง,แอร์พอร์ต เรล ลิงก์,A2,ลาดกระบัง,10412,10127,12/7/2023
5643,รถไฟระหว่างเมือง,แอร์พอร์ต เรล ลิงก์,A3,บ้านทับช้าง,3798,3733,12/7/2023
5644,รถไฟระหว่างเมือง,แอร์พอร์ต เรล ลิงก์,A4,หัวหมาก,6619,6517,12/7/2023
5645,รถไฟระหว่างเมือง,แอร์พอร์ต เรล ลิงก์,A5,รามคำแหง,6444,6886,12/7/2023
5646,รถไฟระหว่างเมือง,แอร์พอร์ต เรล ลิงก์,A6,มักกะสัน,11847,13174,12/7/2023
5647,รถไฟระหว่างเมือง,แอร์พอร์ต เรล ลิงก์,A7,ราชปรารภ,3841,4048,12/7/2023
5648,รถไฟระหว่างเมือง,แอร์พอร์ต เรล ลิงก์,A8,พญาไท,14336,15178,12/7/2023
5649,รถไฟระหว่างเมือง,แอร์พอร์ต เรล ลิงก์,A1,สุวรรณภูมิ,14723,12328,12/8/2023
5650,รถไฟระหว่างเมือง,แอร์พอร์ต เรล ลิงก์,A2,ลาดกระบัง,11532,11012,12/8/2023
5651,รถไฟระหว่างเมือง,แอร์พอร์ต เรล ลิงก์,A3,บ้านทับช้าง,3871,3857,12/8/2023
5652,รถไฟระหว่างเมือง,แอร์พอร์ต เรล ลิงก์,A4,หัวหมาก,7184,7495,12/8/2023
5653,รถไฟระหว่างเมือง,แอร์พอร์ต เรล ลิงก์,A5,รามคำแหง,6966,8977,12/8/2023
5654,รถไฟระหว่างเมือง,แอร์พอร์ต เรล ลิงก์,A6,มักกะสัน,14209,14991,12/8/2023
5655,รถไฟระหว่างเมือง,แอร์พอร์ต เรล ลิงก์,A7,ราชปรารภ,4521,4370,12/8/2023
5656,รถไฟระหว่างเมือง,แอร์พอร์ต เรล ลิงก์,A8,พญาไท,17073,17049,12/8/2023
5657,รถไฟระหว่างเมือง,แอร์พอร์ต เรล ลิงก์,A1,สุวรรณภูมิ,13259,11515,12/9/2023
5658,รถไฟระหว่างเมือง,แอร์พอร์ต เรล ลิงก์,A2,ลาดกระบัง,8711,8335,12/9/2023
5659,รถไฟระหว่างเมือง,แอร์พอร์ต เรล ลิงก์,A3,บ้านทับช้าง,2084,2039,12/9/2023
5660,รถไฟระหว่างเมือง,แอร์พอร์ต เรล ลิงก์,A4,หัวหมาก,4718,4919,12/9/2023
5661,รถไฟระหว่างเมือง,แอร์พอร์ต เรล ลิงก์,A5,รามคำแหง,4911,6287,12/9/2023
5662,รถไฟระหว่างเมือง,แอร์พอร์ต เรล ลิงก์,A6,มักกะสัน,10267,10512,12/9/2023
5663,รถไฟระหว่างเมือง,แอร์พอร์ต เรล ลิงก์,A7,ราชปรารภ,3557,3511,12/9/2023
5664,รถไฟระหว่างเมือง,แอร์พอร์ต เรล ลิงก์,A8,พญาไท,12362,12751,12/9/2023
5665,รถไฟระหว่างเมือง,แอร์พอร์ต เรล ลิงก์,A1,สุวรรณภูมิ,11837,10464,12/10/2023
5666,รถไฟระหว่างเมือง,แอร์พอร์ต เรล ลิงก์,A2,ลาดกระบัง,7874,7965,12/10/2023
5667,รถไฟระหว่างเมือง,แอร์พอร์ต เรล ลิงก์,A3,บ้านทับช้าง,1714,1796,12/10/2023
5668,รถไฟระหว่างเมือง,แอร์พอร์ต เรล ลิงก์,A4,หัวหมาก,4186,4139,12/10/2023
5669,รถไฟระหว่างเมือง,แอร์พอร์ต เรล ลิงก์,A5,รามคำแหง,4114,4431,12/10/2023
5670,รถไฟระหว่างเมือง,แอร์พอร์ต เรล ลิงก์,A6,มักกะสัน,8327,9007,12/10/2023
5671,รถไฟระหว่างเมือง,แอร์พอร์ต เรล ลิงก์,A7,ราชปรารภ,3295,3396,12/10/2023
5672,รถไฟระหว่างเมือง,แอร์พอร์ต เรล ลิงก์,A8,พญาไท,10409,10558,12/10/2023
5673,รถไฟระหว่างเมือง,แอร์พอร์ต เรล ลิงก์,A1,สุวรรณภูมิ,12350,10630,12/11/2023
5674,รถไฟระหว่างเมือง,แอร์พอร์ต เรล ลิงก์,A2,ลาดกระบัง,7165,7268,12/11/2023
5675,รถไฟระหว่างเมือง,แอร์พอร์ต เรล ลิงก์,A3,บ้านทับช้าง,1989,1953,12/11/2023
5676,รถไฟระหว่างเมือง,แอร์พอร์ต เรล ลิงก์,A4,หัวหมาก,3927,4080,12/11/2023
5677,รถไฟระหว่างเมือง,แอร์พอร์ต เรล ลิงก์,A5,รามคำแหง,4164,4561,12/11/2023
5678,รถไฟระหว่างเมือง,แอร์พอร์ต เรล ลิงก์,A6,มักกะสัน,8190,8816,12/11/2023
5679,รถไฟระหว่างเมือง,แอร์พอร์ต เรล ลิงก์,A7,ราชปรารภ,3016,2955,12/11/2023
5680,รถไฟระหว่างเมือง,แอร์พอร์ต เรล ลิงก์,A8,พญาไท,9756,10294,12/11/2023
5681,รถไฟระหว่างเมือง,แอร์พอร์ต เรล ลิงก์,A1,สุวรรณภูมิ,13685,11793,12/12/2023
5682,รถไฟระหว่างเมือง,แอร์พอร์ต เรล ลิงก์,A2,ลาดกระบัง,11027,10603,12/12/2023
5683,รถไฟระหว่างเมือง,แอร์พอร์ต เรล ลิงก์,A3,บ้านทับช้าง,4126,3979,12/12/2023
5684,รถไฟระหว่างเมือง,แอร์พอร์ต เรล ลิงก์,A4,หัวหมาก,6771,6619,12/12/2023
5685,รถไฟระหว่างเมือง,แอร์พอร์ต เรล ลิงก์,A5,รามคำแหง,6675,7043,12/12/2023
5686,รถไฟระหว่างเมือง,แอร์พอร์ต เรล ลิงก์,A6,มักกะสัน,12989,14014,12/12/2023
5687,รถไฟระหว่างเมือง,แอร์พอร์ต เรล ลิงก์,A7,ราชปรารภ,3881,4276,12/12/2023
5688,รถไฟระหว่างเมือง,แอร์พอร์ต เรล ลิงก์,A8,พญาไท,14523,15350,12/12/2023
5689,รถไฟระหว่างเมือง,แอร์พอร์ต เรล ลิงก์,A1,สุวรรณภูมิ,12863,11389,12/13/2023
5690,รถไฟระหว่างเมือง,แอร์พอร์ต เรล ลิงก์,A2,ลาดกระบัง,10304,10344,12/13/2023
5691,รถไฟระหว่างเมือง,แอร์พอร์ต เรล ลิงก์,A3,บ้านทับช้าง,3980,3871,12/13/2023
5692,รถไฟระหว่างเมือง,แอร์พอร์ต เรล ลิงก์,A4,หัวหมาก,6646,6559,12/13/2023
5693,รถไฟระหว่างเมือง,แอร์พอร์ต เรล ลิงก์,A5,รามคำแหง,6444,6815,12/13/2023
5694,รถไฟระหว่างเมือง,แอร์พอร์ต เรล ลิงก์,A6,มักกะสัน,12668,13240,12/13/2023
5695,รถไฟระหว่างเมือง,แอร์พอร์ต เรล ลิงก์,A7,ราชปรารภ,3861,4063,12/13/2023
5696,รถไฟระหว่างเมือง,แอร์พอร์ต เรล ลิงก์,A8,พญาไท,13815,14300,12/13/2023
5697,รถไฟระหว่างเมือง,แอร์พอร์ต เรล ลิงก์,A1,สุวรรณภูมิ,13048,11547,12/14/2023
5698,รถไฟระหว่างเมือง,แอร์พอร์ต เรล ลิงก์,A2,ลาดกระบัง,10373,10118,12/14/2023
5699,รถไฟระหว่างเมือง,แอร์พอร์ต เรล ลิงก์,A3,บ้านทับช้าง,3847,3761,12/14/2023
5700,รถไฟระหว่างเมือง,แอร์พอร์ต เรล ลิงก์,A4,หัวหมาก,6695,6591,12/14/2023
5701,รถไฟระหว่างเมือง,แอร์พอร์ต เรล ลิงก์,A5,รามคำแหง,6471,6689,12/14/2023
5702,รถไฟระหว่างเมือง,แอร์พอร์ต เรล ลิงก์,A6,มักกะสัน,12433,13166,12/14/2023
5703,รถไฟระหว่างเมือง,แอร์พอร์ต เรล ลิงก์,A7,ราชปรารภ,3691,4050,12/14/2023
5704,รถไฟระหว่างเมือง,แอร์พอร์ต เรล ลิงก์,A8,พญาไท,13939,14575,12/14/2023
5705,รถไฟระหว่างเมือง,แอร์พอร์ต เรล ลิงก์,A1,สุวรรณภูมิ,13875,11709,12/15/2023
5706,รถไฟระหว่างเมือง,แอร์พอร์ต เรล ลิงก์,A2,ลาดกระบัง,11342,10903,12/15/2023
5707,รถไฟระหว่างเมือง,แอร์พอร์ต เรล ลิงก์,A3,บ้านทับช้าง,3838,3807,12/15/2023
5708,รถไฟระหว่างเมือง,แอร์พอร์ต เรล ลิงก์,A4,หัวหมาก,6870,6534,12/15/2023
5709,รถไฟระหว่างเมือง,แอร์พอร์ต เรล ลิงก์,A5,รามคำแหง,6649,7074,12/15/2023
5710,รถไฟระหว่างเมือง,แอร์พอร์ต เรล ลิงก์,A6,มักกะสัน,13111,14315,12/15/2023
5711,รถไฟระหว่างเมือง,แอร์พอร์ต เรล ลิงก์,A7,ราชปรารภ,4006,4172,12/15/2023
5712,รถไฟระหว่างเมือง,แอร์พอร์ต เรล ลิงก์,A8,พญาไท,14378,15555,12/15/2023
5713,รถไฟระหว่างเมือง,แอร์พอร์ต เรล ลิงก์,A1,สุวรรณภูมิ,12279,10317,12/16/2023
5714,รถไฟระหว่างเมือง,แอร์พอร์ต เรล ลิงก์,A2,ลาดกระบัง,9293,8943,12/16/2023
5715,รถไฟระหว่างเมือง,แอร์พอร์ต เรล ลิงก์,A3,บ้านทับช้าง,2243,2308,12/16/2023
5716,รถไฟระหว่างเมือง,แอร์พอร์ต เรล ลิงก์,A4,หัวหมาก,4582,4647,12/16/2023
5717,รถไฟระหว่างเมือง,แอร์พอร์ต เรล ลิงก์,A5,รามคำแหง,4705,5031,12/16/2023
5718,รถไฟระหว่างเมือง,แอร์พอร์ต เรล ลิงก์,A6,มักกะสัน,9240,10105,12/16/2023
5719,รถไฟระหว่างเมือง,แอร์พอร์ต เรล ลิงก์,A7,ราชปรารภ,3407,3483,12/16/2023
5720,รถไฟระหว่างเมือง,แอร์พอร์ต เรล ลิงก์,A8,พญาไท,12104,13019,12/16/2023
5721,รถไฟระหว่างเมือง,แอร์พอร์ต เรล ลิงก์,A1,สุวรรณภูมิ,11153,10262,12/17/2023
5722,รถไฟระหว่างเมือง,แอร์พอร์ต เรล ลิงก์,A2,ลาดกระบัง,8068,8510,12/17/2023
5723,รถไฟระหว่างเมือง,แอร์พอร์ต เรล ลิงก์,A3,บ้านทับช้าง,1880,1864,12/17/2023
5724,รถไฟระหว่างเมือง,แอร์พอร์ต เรล ลิงก์,A4,หัวหมาก,4009,3955,12/17/2023
5725,รถไฟระหว่างเมือง,แอร์พอร์ต เรล ลิงก์,A5,รามคำแหง,4163,4474,12/17/2023
5726,รถไฟระหว่างเมือง,แอร์พอร์ต เรล ลิงก์,A6,มักกะสัน,8045,8509,12/17/2023
5727,รถไฟระหว่างเมือง,แอร์พอร์ต เรล ลิงก์,A7,ราชปรารภ,3309,3049,12/17/2023
5728,รถไฟระหว่างเมือง,แอร์พอร์ต เรล ลิงก์,A8,พญาไท,11276,11280,12/17/2023
5729,รถไฟระหว่างเมือง,แอร์พอร์ต เรล ลิงก์,A1,สุวรรณภูมิ,12743,11378,12/18/2023
5730,รถไฟระหว่างเมือง,แอร์พอร์ต เรล ลิงก์,A2,ลาดกระบัง,10570,10391,12/18/2023
5731,รถไฟระหว่างเมือง,แอร์พอร์ต เรล ลิงก์,A3,บ้านทับช้าง,3794,3731,12/18/2023
5732,รถไฟระหว่างเมือง,แอร์พอร์ต เรล ลิงก์,A4,หัวหมาก,6469,6337,12/18/2023
5733,รถไฟระหว่างเมือง,แอร์พอร์ต เรล ลิงก์,A5,รามคำแหง,6213,6693,12/18/2023
5734,รถไฟระหว่างเมือง,แอร์พอร์ต เรล ลิงก์,A6,มักกะสัน,12512,13225,12/18/2023
5735,รถไฟระหว่างเมือง,แอร์พอร์ต เรล ลิงก์,A7,ราชปรารภ,3761,4091,12/18/2023
5736,รถไฟระหว่างเมือง,แอร์พอร์ต เรล ลิงก์,A8,พญาไท,13858,14074,12/18/2023
5737,รถไฟระหว่างเมือง,แอร์พอร์ต เรล ลิงก์,A1,สุวรรณภูมิ,12868,11560,12/19/2023
5738,รถไฟระหว่างเมือง,แอร์พอร์ต เรล ลิงก์,A2,ลาดกระบัง,10006,9909,12/19/2023
5739,รถไฟระหว่างเมือง,แอร์พอร์ต เรล ลิงก์,A3,บ้านทับช้าง,3797,3777,12/19/2023
5740,รถไฟระหว่างเมือง,แอร์พอร์ต เรล ลิงก์,A4,หัวหมาก,6546,6309,12/19/2023
5741,รถไฟระหว่างเมือง,แอร์พอร์ต เรล ลิงก์,A5,รามคำแหง,6249,6767,12/19/2023
5742,รถไฟระหว่างเมือง,แอร์พอร์ต เรล ลิงก์,A6,มักกะสัน,11874,12656,12/19/2023
5743,รถไฟระหว่างเมือง,แอร์พอร์ต เรล ลิงก์,A7,ราชปรารภ,3870,4030,12/19/2023
5744,รถไฟระหว่างเมือง,แอร์พอร์ต เรล ลิงก์,A8,พญาไท,13933,14135,12/19/2023
5745,รถไฟระหว่างเมือง,แอร์พอร์ต เรล ลิงก์,A1,สุวรรณภูมิ,13214,11287,12/20/2023
5746,รถไฟระหว่างเมือง,แอร์พอร์ต เรล ลิงก์,A2,ลาดกระบัง,9834,9896,12/20/2023
5747,รถไฟระหว่างเมือง,แอร์พอร์ต เรล ลิงก์,A3,บ้านทับช้าง,3740,3725,12/20/2023
5748,รถไฟระหว่างเมือง,แอร์พอร์ต เรล ลิงก์,A4,หัวหมาก,6307,6148,12/20/2023
5749,รถไฟระหว่างเมือง,แอร์พอร์ต เรล ลิงก์,A5,รามคำแหง,6103,6700,12/20/2023
5750,รถไฟระหว่างเมือง,แอร์พอร์ต เรล ลิงก์,A6,มักกะสัน,11564,12610,12/20/2023
5751,รถไฟระหว่างเมือง,แอร์พอร์ต เรล ลิงก์,A7,ราชปรารภ,3989,4349,12/20/2023
5752,รถไฟระหว่างเมือง,แอร์พอร์ต เรล ลิงก์,A8,พญาไท,13540,13576,12/20/2023
5753,รถไฟระหว่างเมือง,แอร์พอร์ต เรล ลิงก์,A1,สุวรรณภูมิ,13882,11564,12/21/2023
5754,รถไฟระหว่างเมือง,แอร์พอร์ต เรล ลิงก์,A2,ลาดกระบัง,10296,10154,12/21/2023
5755,รถไฟระหว่างเมือง,แอร์พอร์ต เรล ลิงก์,A3,บ้านทับช้าง,3694,3581,12/21/2023
5756,รถไฟระหว่างเมือง,แอร์พอร์ต เรล ลิงก์,A4,หัวหมาก,6498,6027,12/21/2023
5757,รถไฟระหว่างเมือง,แอร์พอร์ต เรล ลิงก์,A5,รามคำแหง,6330,6798,12/21/2023
5758,รถไฟระหว่างเมือง,แอร์พอร์ต เรล ลิงก์,A6,มักกะสัน,11576,12739,12/21/2023
5759,รถไฟระหว่างเมือง,แอร์พอร์ต เรล ลิงก์,A7,ราชปรารภ,3862,4204,12/21/2023
5760,รถไฟระหว่างเมือง,แอร์พอร์ต เรล ลิงก์,A8,พญาไท,14057,15128,12/21/2023
5761,รถไฟระหว่างเมือง,แอร์พอร์ต เรล ลิงก์,A1,สุวรรณภูมิ,14818,11892,12/22/2023
5762,รถไฟระหว่างเมือง,แอร์พอร์ต เรล ลิงก์,A2,ลาดกระบัง,11701,11141,12/22/2023
5763,รถไฟระหว่างเมือง,แอร์พอร์ต เรล ลิงก์,A3,บ้านทับช้าง,3942,3701,12/22/2023
5764,รถไฟระหว่างเมือง,แอร์พอร์ต เรล ลิงก์,A4,หัวหมาก,7336,7386,12/22/2023
5765,รถไฟระหว่างเมือง,แอร์พอร์ต เรล ลิงก์,A5,รามคำแหง,7404,8079,12/22/2023
5766,รถไฟระหว่างเมือง,แอร์พอร์ต เรล ลิงก์,A6,มักกะสัน,14350,15468,12/22/2023
5767,รถไฟระหว่างเมือง,แอร์พอร์ต เรล ลิงก์,A7,ราชปรารภ,4409,4625,12/22/2023
5768,รถไฟระหว่างเมือง,แอร์พอร์ต เรล ลิงก์,A8,พญาไท,15878,17546,12/22/2023
5769,รถไฟระหว่างเมือง,แอร์พอร์ต เรล ลิงก์,A1,สุวรรณภูมิ,12642,10078,12/23/2023
5770,รถไฟระหว่างเมือง,แอร์พอร์ต เรล ลิงก์,A2,ลาดกระบัง,8370,8210,12/23/2023
5771,รถไฟระหว่างเมือง,แอร์พอร์ต เรล ลิงก์,A3,บ้านทับช้าง,2048,1927,12/23/2023
5772,รถไฟระหว่างเมือง,แอร์พอร์ต เรล ลิงก์,A4,หัวหมาก,4974,5385,12/23/2023
5773,รถไฟระหว่างเมือง,แอร์พอร์ต เรล ลิงก์,A5,รามคำแหง,6825,7903,12/23/2023
5774,รถไฟระหว่างเมือง,แอร์พอร์ต เรล ลิงก์,A6,มักกะสัน,9574,9875,12/23/2023
5775,รถไฟระหว่างเมือง,แอร์พอร์ต เรล ลิงก์,A7,ราชปรารภ,3827,3832,12/23/2023
5776,รถไฟระหว่างเมือง,แอร์พอร์ต เรล ลิงก์,A8,พญาไท,13136,14186,12/23/2023
5777,รถไฟระหว่างเมือง,แอร์พอร์ต เรล ลิงก์,A1,สุวรรณภูมิ,11982,10519,12/24/2023
5778,รถไฟระหว่างเมือง,แอร์พอร์ต เรล ลิงก์,A2,ลาดกระบัง,7943,7902,12/24/2023
5779,รถไฟระหว่างเมือง,แอร์พอร์ต เรล ลิงก์,A3,บ้านทับช้าง,1754,1766,12/24/2023
5780,รถไฟระหว่างเมือง,แอร์พอร์ต เรล ลิงก์,A4,หัวหมาก,4439,4405,12/24/2023
5781,รถไฟระหว่างเมือง,แอร์พอร์ต เรล ลิงก์,A5,รามคำแหง,6254,6183,12/24/2023
5782,รถไฟระหว่างเมือง,แอร์พอร์ต เรล ลิงก์,A6,มักกะสัน,7747,8382,12/24/2023
5783,รถไฟระหว่างเมือง,แอร์พอร์ต เรล ลิงก์,A7,ราชปรารภ,3574,3485,12/24/2023
5784,รถไฟระหว่างเมือง,แอร์พอร์ต เรล ลิงก์,A8,พญาไท,12026,13077,12/24/2023
5785,รถไฟระหว่างเมือง,แอร์พอร์ต เรล ลิงก์,A1,สุวรรณภูมิ,12791,11927,12/25/2023
5786,รถไฟระหว่างเมือง,แอร์พอร์ต เรล ลิงก์,A2,ลาดกระบัง,10802,10532,12/25/2023
5787,รถไฟระหว่างเมือง,แอร์พอร์ต เรล ลิงก์,A3,บ้านทับช้าง,3519,3301,12/25/2023
5788,รถไฟระหว่างเมือง,แอร์พอร์ต เรล ลิงก์,A4,หัวหมาก,6250,5733,12/25/2023
5789,รถไฟระหว่างเมือง,แอร์พอร์ต เรล ลิงก์,A5,รามคำแหง,6628,6449,12/25/2023
5790,รถไฟระหว่างเมือง,แอร์พอร์ต เรล ลิงก์,A6,มักกะสัน,10588,12001,12/25/2023
5791,รถไฟระหว่างเมือง,แอร์พอร์ต เรล ลิงก์,A7,ราชปรารภ,4392,4100,12/25/2023
5792,รถไฟระหว่างเมือง,แอร์พอร์ต เรล ลิงก์,A8,พญาไท,14618,15545,12/25/2023
5793,รถไฟระหว่างเมือง,แอร์พอร์ต เรล ลิงก์,A1,สุวรรณภูมิ,12520,11899,12/26/2023
5794,รถไฟระหว่างเมือง,แอร์พอร์ต เรล ลิงก์,A2,ลาดกระบัง,9773,9357,12/26/2023
5795,รถไฟระหว่างเมือง,แอร์พอร์ต เรล ลิงก์,A3,บ้านทับช้าง,3295,3092,12/26/2023
5796,รถไฟระหว่างเมือง,แอร์พอร์ต เรล ลิงก์,A4,หัวหมาก,5591,5301,12/26/2023
5797,รถไฟระหว่างเมือง,แอร์พอร์ต เรล ลิงก์,A5,รามคำแหง,5773,5931,12/26/2023
5798,รถไฟระหว่างเมือง,แอร์พอร์ต เรล ลิงก์,A6,มักกะสัน,10427,11464,12/26/2023
5799,รถไฟระหว่างเมือง,แอร์พอร์ต เรล ลิงก์,A7,ราชปรารภ,4036,4064,12/26/2023
5800,รถไฟระหว่างเมือง,แอร์พอร์ต เรล ลิงก์,A8,พญาไท,13145,13452,12/26/2023
5801,รถไฟระหว่างเมือง,แอร์พอร์ต เรล ลิงก์,A1,สุวรรณภูมิ,12974,11428,12/27/2023
5802,รถไฟระหว่างเมือง,แอร์พอร์ต เรล ลิงก์,A2,ลาดกระบัง,10139,9166,12/27/2023
5803,รถไฟระหว่างเมือง,แอร์พอร์ต เรล ลิงก์,A3,บ้านทับช้าง,3082,3027,12/27/2023
5804,รถไฟระหว่างเมือง,แอร์พอร์ต เรล ลิงก์,A4,หัวหมาก,5482,5158,12/27/2023
5805,รถไฟระหว่างเมือง,แอร์พอร์ต เรล ลิงก์,A5,รามคำแหง,5680,5716,12/27/2023
5806,รถไฟระหว่างเมือง,แอร์พอร์ต เรล ลิงก์,A6,มักกะสัน,10027,11317,12/27/2023
5807,รถไฟระหว่างเมือง,แอร์พอร์ต เรล ลิงก์,A7,ราชปรารภ,3688,3929,12/27/2023
5808,รถไฟระหว่างเมือง,แอร์พอร์ต เรล ลิงก์,A8,พญาไท,12583,13914,12/27/2023
5809,รถไฟระหว่างเมือง,แอร์พอร์ต เรล ลิงก์,A1,สุวรรณภูมิ,14002,11752,12/28/2023
5810,รถไฟระหว่างเมือง,แอร์พอร์ต เรล ลิงก์,A2,ลาดกระบัง,10293,9131,12/28/2023
5811,รถไฟระหว่างเมือง,แอร์พอร์ต เรล ลิงก์,A3,บ้านทับช้าง,2805,2708,12/28/2023
5812,รถไฟระหว่างเมือง,แอร์พอร์ต เรล ลิงก์,A4,หัวหมาก,5352,5158,12/28/2023
5813,รถไฟระหว่างเมือง,แอร์พอร์ต เรล ลิงก์,A5,รามคำแหง,5529,5526,12/28/2023
5814,รถไฟระหว่างเมือง,แอร์พอร์ต เรล ลิงก์,A6,มักกะสัน,9974,11500,12/28/2023
5815,รถไฟระหว่างเมือง,แอร์พอร์ต เรล ลิงก์,A7,ราชปรารภ,3648,3897,12/28/2023
5816,รถไฟระหว่างเมือง,แอร์พอร์ต เรล ลิงก์,A8,พญาไท,12547,14478,12/28/2023
5817,รถไฟระหว่างเมือง,แอร์พอร์ต เรล ลิงก์,A1,สุวรรณภูมิ,13419,10839,12/29/2023
5818,รถไฟระหว่างเมือง,แอร์พอร์ต เรล ลิงก์,A2,ลาดกระบัง,7916,7430,12/29/2023
5819,รถไฟระหว่างเมือง,แอร์พอร์ต เรล ลิงก์,A3,บ้านทับช้าง,1985,1756,12/29/2023
5820,รถไฟระหว่างเมือง,แอร์พอร์ต เรล ลิงก์,A4,หัวหมาก,3945,3970,12/29/2023
5821,รถไฟระหว่างเมือง,แอร์พอร์ต เรล ลิงก์,A5,รามคำแหง,4362,4401,12/29/2023
5822,รถไฟระหว่างเมือง,แอร์พอร์ต เรล ลิงก์,A6,มักกะสัน,7736,9172,12/29/2023
5823,รถไฟระหว่างเมือง,แอร์พอร์ต เรล ลิงก์,A7,ราชปรารภ,3354,3415,12/29/2023
5824,รถไฟระหว่างเมือง,แอร์พอร์ต เรล ลิงก์,A8,พญาไท,10341,12075,12/29/2023
5825,รถไฟระหว่างเมือง,แอร์พอร์ต เรล ลิงก์,A1,สุวรรณภูมิ,13028,10497,12/30/2023
5826,รถไฟระหว่างเมือง,แอร์พอร์ต เรล ลิงก์,A2,ลาดกระบัง,7087,6737,12/30/2023
5827,รถไฟระหว่างเมือง,แอร์พอร์ต เรล ลิงก์,A3,บ้านทับช้าง,1542,1432,12/30/2023
5828,รถไฟระหว่างเมือง,แอร์พอร์ต เรล ลิงก์,A4,หัวหมาก,3537,3644,12/30/2023
5829,รถไฟระหว่างเมือง,แอร์พอร์ต เรล ลิงก์,A5,รามคำแหง,3964,4189,12/30/2023
5830,รถไฟระหว่างเมือง,แอร์พอร์ต เรล ลิงก์,A6,มักกะสัน,6971,8176,12/30/2023
5831,รถไฟระหว่างเมือง,แอร์พอร์ต เรล ลิงก์,A7,ราชปรารภ,3339,3238,12/30/2023
5832,รถไฟระหว่างเมือง,แอร์พอร์ต เรล ลิงก์,A8,พญาไท,9761,11316,12/30/2023
5833,รถไฟระหว่างเมือง,แอร์พอร์ต เรล ลิงก์,A1,สุวรรณภูมิ,12448,9700,12/31/2023
5834,รถไฟระหว่างเมือง,แอร์พอร์ต เรล ลิงก์,A2,ลาดกระบัง,9301,6493,12/31/2023
5835,รถไฟระหว่างเมือง,แอร์พอร์ต เรล ลิงก์,A3,บ้านทับช้าง,1914,1311,12/31/2023
5836,รถไฟระหว่างเมือง,แอร์พอร์ต เรล ลิงก์,A4,หัวหมาก,4802,3625,12/31/2023
5837,รถไฟระหว่างเมือง,แอร์พอร์ต เรล ลิงก์,A5,รามคำแหง,5397,4784,12/31/2023
5838,รถไฟระหว่างเมือง,แอร์พอร์ต เรล ลิงก์,A6,มักกะสัน,6377,8762,12/31/2023
5839,รถไฟระหว่างเมือง,แอร์พอร์ต เรล ลิงก์,A7,ราชปรารภ,4200,4474,12/31/2023
5840,รถไฟระหว่างเมือง,แอร์พอร์ต เรล ลิงก์,A8,พญาไท,10445,15735,12/31/2023
5841,รถไฟระหว่างเมือง,แอร์พอร์ต เรล ลิงก์,A1,สุวรรณภูมิ,12718,11131,1/1/2024
5842,รถไฟระหว่างเมือง,แอร์พอร์ต เรล ลิงก์,A2,ลาดกระบัง,6165,7063,1/1/2024
5843,รถไฟระหว่างเมือง,แอร์พอร์ต เรล ลิงก์,A3,บ้านทับช้าง,1131,1214,1/1/2024
5844,รถไฟระหว่างเมือง,แอร์พอร์ต เรล ลิงก์,A4,หัวหมาก,2987,3338,1/1/2024
5845,รถไฟระหว่างเมือง,แอร์พอร์ต เรล ลิงก์,A5,รามคำแหง,3575,4054,1/1/2024
5846,รถไฟระหว่างเมือง,แอร์พอร์ต เรล ลิงก์,A6,มักกะสัน,7203,7600,1/1/2024
5847,รถไฟระหว่างเมือง,แอร์พอร์ต เรล ลิงก์,A7,ราชปรารภ,3251,2860,1/1/2024
5848,รถไฟระหว่างเมือง,แอร์พอร์ต เรล ลิงก์,A8,พญาไท,10032,9802,1/1/2024
5849,รถไฟระหว่างเมือง,แอร์พอร์ต เรล ลิงก์,A1,สุวรรณภูมิ,12277,10646,1/2/2024
5850,รถไฟระหว่างเมือง,แอร์พอร์ต เรล ลิงก์,A2,ลาดกระบัง,8277,8683,1/2/2024
5851,รถไฟระหว่างเมือง,แอร์พอร์ต เรล ลิงก์,A3,บ้านทับช้าง,2362,2339,1/2/2024
5852,รถไฟระหว่างเมือง,แอร์พอร์ต เรล ลิงก์,A4,หัวหมาก,4243,4972,1/2/2024
5853,รถไฟระหว่างเมือง,แอร์พอร์ต เรล ลิงก์,A5,รามคำแหง,5202,6311,1/2/2024
5854,รถไฟระหว่างเมือง,แอร์พอร์ต เรล ลิงก์,A6,มักกะสัน,9545,9576,1/2/2024
5855,รถไฟระหว่างเมือง,แอร์พอร์ต เรล ลิงก์,A7,ราชปรารภ,3236,3044,1/2/2024
5856,รถไฟระหว่างเมือง,แอร์พอร์ต เรล ลิงก์,A8,พญาไท,12573,12144,1/2/2024
5857,รถไฟระหว่างเมือง,แอร์พอร์ต เรล ลิงก์,A1,สุวรรณภูมิ,12489,11226,1/3/2024
5858,รถไฟระหว่างเมือง,แอร์พอร์ต เรล ลิงก์,A2,ลาดกระบัง,9497,10032,1/3/2024
5859,รถไฟระหว่างเมือง,แอร์พอร์ต เรล ลิงก์,A3,บ้านทับช้าง,3368,3323,1/3/2024
5860,รถไฟระหว่างเมือง,แอร์พอร์ต เรล ลิงก์,A4,หัวหมาก,5796,5792,1/3/2024
5861,รถไฟระหว่างเมือง,แอร์พอร์ต เรล ลิงก์,A5,รามคำแหง,5703,6273,1/3/2024
5862,รถไฟระหว่างเมือง,แอร์พอร์ต เรล ลิงก์,A6,มักกะสัน,11200,11509,1/3/2024
5863,รถไฟระหว่างเมือง,แอร์พอร์ต เรล ลิงก์,A7,ราชปรารภ,3518,3597,1/3/2024
5864,รถไฟระหว่างเมือง,แอร์พอร์ต เรล ลิงก์,A8,พญาไท,13136,12955,1/3/2024
5865,รถไฟระหว่างเมือง,แอร์พอร์ต เรล ลิงก์,A1,สุวรรณภูมิ,12877,10963,1/4/2024
5866,รถไฟระหว่างเมือง,แอร์พอร์ต เรล ลิงก์,A2,ลาดกระบัง,9867,9948,1/4/2024
5867,รถไฟระหว่างเมือง,แอร์พอร์ต เรล ลิงก์,A3,บ้านทับช้าง,3495,3556,1/4/2024
5868,รถไฟระหว่างเมือง,แอร์พอร์ต เรล ลิงก์,A4,หัวหมาก,6037,5962,1/4/2024
5869,รถไฟระหว่างเมือง,แอร์พอร์ต เรล ลิงก์,A5,รามคำแหง,5756,6244,1/4/2024
5870,รถไฟระหว่างเมือง,แอร์พอร์ต เรล ลิงก์,A6,มักกะสัน,11391,12025,1/4/2024
5871,รถไฟระหว่างเมือง,แอร์พอร์ต เรล ลิงก์,A7,ราชปรารภ,3610,3780,1/4/2024
5872,รถไฟระหว่างเมือง,แอร์พอร์ต เรล ลิงก์,A8,พญาไท,12958,13513,1/4/2024
5873,รถไฟระหว่างเมือง,แอร์พอร์ต เรล ลิงก์,A1,สุวรรณภูมิ,13590,10747,1/5/2024
5874,รถไฟระหว่างเมือง,แอร์พอร์ต เรล ลิงก์,A2,ลาดกระบัง,10473,10470,1/5/2024
5875,รถไฟระหว่างเมือง,แอร์พอร์ต เรล ลิงก์,A3,บ้านทับช้าง,3585,3499,1/5/2024
5876,รถไฟระหว่างเมือง,แอร์พอร์ต เรล ลิงก์,A4,หัวหมาก,6173,6145,1/5/2024
5877,รถไฟระหว่างเมือง,แอร์พอร์ต เรล ลิงก์,A5,รามคำแหง,6130,6570,1/5/2024
5878,รถไฟระหว่างเมือง,แอร์พอร์ต เรล ลิงก์,A6,มักกะสัน,11560,12672,1/5/2024
5879,รถไฟระหว่างเมือง,แอร์พอร์ต เรล ลิงก์,A7,ราชปรารภ,3611,3874,1/5/2024
5880,รถไฟระหว่างเมือง,แอร์พอร์ต เรล ลิงก์,A8,พญาไท,13371,14516,1/5/2024
5881,รถไฟระหว่างเมือง,แอร์พอร์ต เรล ลิงก์,A1,สุวรรณภูมิ,11812,9428,1/6/2024
5882,รถไฟระหว่างเมือง,แอร์พอร์ต เรล ลิงก์,A2,ลาดกระบัง,7420,7511,1/6/2024
5883,รถไฟระหว่างเมือง,แอร์พอร์ต เรล ลิงก์,A3,บ้านทับช้าง,1855,1852,1/6/2024
5884,รถไฟระหว่างเมือง,แอร์พอร์ต เรล ลิงก์,A4,หัวหมาก,3928,3920,1/6/2024
5885,รถไฟระหว่างเมือง,แอร์พอร์ต เรล ลิงก์,A5,รามคำแหง,4107,4398,1/6/2024
5886,รถไฟระหว่างเมือง,แอร์พอร์ต เรล ลิงก์,A6,มักกะสัน,7824,8567,1/6/2024
5887,รถไฟระหว่างเมือง,แอร์พอร์ต เรล ลิงก์,A7,ราชปรารภ,2926,3005,1/6/2024
5888,รถไฟระหว่างเมือง,แอร์พอร์ต เรล ลิงก์,A8,พญาไท,9685,10876,1/6/2024
5889,รถไฟระหว่างเมือง,แอร์พอร์ต เรล ลิงก์,A1,สุวรรณภูมิ,11416,9425,1/7/2024
5890,รถไฟระหว่างเมือง,แอร์พอร์ต เรล ลิงก์,A2,ลาดกระบัง,6740,6894,1/7/2024
5891,รถไฟระหว่างเมือง,แอร์พอร์ต เรล ลิงก์,A3,บ้านทับช้าง,1519,1465,1/7/2024
5892,รถไฟระหว่างเมือง,แอร์พอร์ต เรล ลิงก์,A4,หัวหมาก,3310,3468,1/7/2024
5893,รถไฟระหว่างเมือง,แอร์พอร์ต เรล ลิงก์,A5,รามคำแหง,3461,3776,1/7/2024
5894,รถไฟระหว่างเมือง,แอร์พอร์ต เรล ลิงก์,A6,มักกะสัน,6850,7405,1/7/2024
5895,รถไฟระหว่างเมือง,แอร์พอร์ต เรล ลิงก์,A7,ราชปรารภ,2854,2728,1/7/2024
5896,รถไฟระหว่างเมือง,แอร์พอร์ต เรล ลิงก์,A8,พญาไท,8677,9666,1/7/2024
5897,รถไฟระหว่างเมือง,แอร์พอร์ต เรล ลิงก์,A1,สุวรรณภูมิ,12569,10907,1/8/2024
5898,รถไฟระหว่างเมือง,แอร์พอร์ต เรล ลิงก์,A2,ลาดกระบัง,10475,10244,1/8/2024
5899,รถไฟระหว่างเมือง,แอร์พอร์ต เรล ลิงก์,A3,บ้านทับช้าง,3926,3950,1/8/2024
5900,รถไฟระหว่างเมือง,แอร์พอร์ต เรล ลิงก์,A4,หัวหมาก,6515,6259,1/8/2024
5901,รถไฟระหว่างเมือง,แอร์พอร์ต เรล ลิงก์,A5,รามคำแหง,6318,6747,1/8/2024
5902,รถไฟระหว่างเมือง,แอร์พอร์ต เรล ลิงก์,A6,มักกะสัน,12255,13339,1/8/2024
5903,รถไฟระหว่างเมือง,แอร์พอร์ต เรล ลิงก์,A7,ราชปรารภ,3557,3814,1/8/2024
5904,รถไฟระหว่างเมือง,แอร์พอร์ต เรล ลิงก์,A8,พญาไท,13890,14245,1/8/2024
5905,รถไฟระหว่างเมือง,แอร์พอร์ต เรล ลิงก์,A1,สุวรรณภูมิ,12886,10996,1/9/2024
5906,รถไฟระหว่างเมือง,แอร์พอร์ต เรล ลิงก์,A2,ลาดกระบัง,10435,10439,1/9/2024
5907,รถไฟระหว่างเมือง,แอร์พอร์ต เรล ลิงก์,A3,บ้านทับช้าง,4028,4027,1/9/2024
5908,รถไฟระหว่างเมือง,แอร์พอร์ต เรล ลิงก์,A4,หัวหมาก,6808,6643,1/9/2024
5909,รถไฟระหว่างเมือง,แอร์พอร์ต เรล ลิงก์,A5,รามคำแหง,6610,6966,1/9/2024
5910,รถไฟระหว่างเมือง,แอร์พอร์ต เรล ลิงก์,A6,มักกะสัน,12647,13590,1/9/2024
5911,รถไฟระหว่างเมือง,แอร์พอร์ต เรล ลิงก์,A7,ราชปรารภ,3827,4020,1/9/2024
5912,รถไฟระหว่างเมือง,แอร์พอร์ต เรล ลิงก์,A8,พญาไท,13803,14363,1/9/2024
5913,รถไฟระหว่างเมือง,แอร์พอร์ต เรล ลิงก์,A1,สุวรรณภูมิ,0,0,1/10/2024
5914,รถไฟระหว่างเมือง,แอร์พอร์ต เรล ลิงก์,A2,ลาดกระบัง,0,0,1/10/2024
5915,รถไฟระหว่างเมือง,แอร์พอร์ต เรล ลิงก์,A3,บ้านทับช้าง,0,0,1/10/2024
5916,รถไฟระหว่างเมือง,แอร์พอร์ต เรล ลิงก์,A4,หัวหมาก,0,0,1/10/2024
5917,รถไฟระหว่างเมือง,แอร์พอร์ต เรล ลิงก์,A5,รามคำแหง,0,0,1/10/2024
5918,รถไฟระหว่างเมือง,แอร์พอร์ต เรล ลิงก์,A6,มักกะสัน,0,0,1/10/2024
5919,รถไฟระหว่างเมือง,แอร์พอร์ต เรล ลิงก์,A7,ราชปรารภ,0,0,1/10/2024
5920,รถไฟระหว่างเมือง,แอร์พอร์ต เรล ลิงก์,A8,พญาไท,0,0,1/10/2024
5921,รถไฟระหว่างเมือง,แอร์พอร์ต เรล ลิงก์,A1,สุวรรณภูมิ,0,0,1/11/2024
5922,รถไฟระหว่างเมือง,แอร์พอร์ต เรล ลิงก์,A2,ลาดกระบัง,0,0,1/11/2024
5923,รถไฟระหว่างเมือง,แอร์พอร์ต เรล ลิงก์,A3,บ้านทับช้าง,0,0,1/11/2024
5924,รถไฟระหว่างเมือง,แอร์พอร์ต เรล ลิงก์,A4,หัวหมาก,0,0,1/11/2024
5925,รถไฟระหว่างเมือง,แอร์พอร์ต เรล ลิงก์,A5,รามคำแหง,0,0,1/11/2024
5926,รถไฟระหว่างเมือง,แอร์พอร์ต เรล ลิงก์,A6,มักกะสัน,0,0,1/11/2024
5927,รถไฟระหว่างเมือง,แอร์พอร์ต เรล ลิงก์,A7,ราชปรารภ,0,0,1/11/2024
5928,รถไฟระหว่างเมือง,แอร์พอร์ต เรล ลิงก์,A8,พญาไท,0,0,1/11/2024
5929,รถไฟระหว่างเมือง,แอร์พอร์ต เรล ลิงก์,A1,สุวรรณภูมิ,14062,10884,1/12/2024
5930,รถไฟระหว่างเมือง,แอร์พอร์ต เรล ลิงก์,A2,ลาดกระบัง,11176,10899,1/12/2024
5931,รถไฟระหว่างเมือง,แอร์พอร์ต เรล ลิงก์,A3,บ้านทับช้าง,3877,3748,1/12/2024
5932,รถไฟระหว่างเมือง,แอร์พอร์ต เรล ลิงก์,A4,หัวหมาก,6757,6765,1/12/2024
5933,รถไฟระหว่างเมือง,แอร์พอร์ต เรล ลิงก์,A5,รามคำแหง,6485,6877,1/12/2024
5934,รถไฟระหว่างเมือง,แอร์พอร์ต เรล ลิงก์,A6,มักกะสัน,12587,13967,1/12/2024
5935,รถไฟระหว่างเมือง,แอร์พอร์ต เรล ลิงก์,A7,ราชปรารภ,3771,4160,1/12/2024
5936,รถไฟระหว่างเมือง,แอร์พอร์ต เรล ลิงก์,A8,พญาไท,14209,15624,1/12/2024
5937,รถไฟระหว่างเมือง,แอร์พอร์ต เรล ลิงก์,A1,สุวรรณภูมิ,12228,9827,1/13/2024
5938,รถไฟระหว่างเมือง,แอร์พอร์ต เรล ลิงก์,A2,ลาดกระบัง,7998,8045,1/13/2024
5939,รถไฟระหว่างเมือง,แอร์พอร์ต เรล ลิงก์,A3,บ้านทับช้าง,2000,2002,1/13/2024
5940,รถไฟระหว่างเมือง,แอร์พอร์ต เรล ลิงก์,A4,หัวหมาก,4294,4286,1/13/2024
5941,รถไฟระหว่างเมือง,แอร์พอร์ต เรล ลิงก์,A5,รามคำแหง,4288,4637,1/13/2024
5942,รถไฟระหว่างเมือง,แอร์พอร์ต เรล ลิงก์,A6,มักกะสัน,7790,8743,1/13/2024
5943,รถไฟระหว่างเมือง,แอร์พอร์ต เรล ลิงก์,A7,ราชปรารภ,3224,3127,1/13/2024
5944,รถไฟระหว่างเมือง,แอร์พอร์ต เรล ลิงก์,A8,พญาไท,10579,11734,1/13/2024
5945,รถไฟระหว่างเมือง,แอร์พอร์ต เรล ลิงก์,A1,สุวรรณภูมิ,11691,9855,1/14/2024
5946,รถไฟระหว่างเมือง,แอร์พอร์ต เรล ลิงก์,A2,ลาดกระบัง,6955,6986,1/14/2024
5947,รถไฟระหว่างเมือง,แอร์พอร์ต เรล ลิงก์,A3,บ้านทับช้าง,1567,1581,1/14/2024
5948,รถไฟระหว่างเมือง,แอร์พอร์ต เรล ลิงก์,A4,หัวหมาก,3470,3573,1/14/2024
5949,รถไฟระหว่างเมือง,แอร์พอร์ต เรล ลิงก์,A5,รามคำแหง,3639,3979,1/14/2024
5950,รถไฟระหว่างเมือง,แอร์พอร์ต เรล ลิงก์,A6,มักกะสัน,6788,7594,1/14/2024
5951,รถไฟระหว่างเมือง,แอร์พอร์ต เรล ลิงก์,A7,ราชปรารภ,3146,2852,1/14/2024
5952,รถไฟระหว่างเมือง,แอร์พอร์ต เรล ลิงก์,A8,พญาไท,9243,10079,1/14/2024
5953,รถไฟระหว่างเมือง,แอร์พอร์ต เรล ลิงก์,A1,สุวรรณภูมิ,13064,11510,1/15/2024
5954,รถไฟระหว่างเมือง,แอร์พอร์ต เรล ลิงก์,A2,ลาดกระบัง,10700,10396,1/15/2024
5955,รถไฟระหว่างเมือง,แอร์พอร์ต เรล ลิงก์,A3,บ้านทับช้าง,3982,3931,1/15/2024
5956,รถไฟระหว่างเมือง,แอร์พอร์ต เรล ลิงก์,A4,หัวหมาก,6755,6738,1/15/2024
5957,รถไฟระหว่างเมือง,แอร์พอร์ต เรล ลิงก์,A5,รามคำแหง,6401,6840,1/15/2024
5958,รถไฟระหว่างเมือง,แอร์พอร์ต เรล ลิงก์,A6,มักกะสัน,12775,13445,1/15/2024
5959,รถไฟระหว่างเมือง,แอร์พอร์ต เรล ลิงก์,A7,ราชปรารภ,3612,3879,1/15/2024
5960,รถไฟระหว่างเมือง,แอร์พอร์ต เรล ลิงก์,A8,พญาไท,14068,14618,1/15/2024
5961,รถไฟระหว่างเมือง,แอร์พอร์ต เรล ลิงก์,A1,สุวรรณภูมิ,12885,10989,1/16/2024
5962,รถไฟระหว่างเมือง,แอร์พอร์ต เรล ลิงก์,A2,ลาดกระบัง,10542,10414,1/16/2024
5963,รถไฟระหว่างเมือง,แอร์พอร์ต เรล ลิงก์,A3,บ้านทับช้าง,3913,3809,1/16/2024
5964,รถไฟระหว่างเมือง,แอร์พอร์ต เรล ลิงก์,A4,หัวหมาก,6706,6631,1/16/2024
5965,รถไฟระหว่างเมือง,แอร์พอร์ต เรล ลิงก์,A5,รามคำแหง,6387,6858,1/16/2024
5966,รถไฟระหว่างเมือง,แอร์พอร์ต เรล ลิงก์,A6,มักกะสัน,12786,13652,1/16/2024
5967,รถไฟระหว่างเมือง,แอร์พอร์ต เรล ลิงก์,A7,ราชปรารภ,3702,3831,1/16/2024
5968,รถไฟระหว่างเมือง,แอร์พอร์ต เรล ลิงก์,A8,พญาไท,13649,14386,1/16/2024
5969,รถไฟระหว่างเมือง,แอร์พอร์ต เรล ลิงก์,A1,สุวรรณภูมิ,12870,10812,1/17/2024
5970,รถไฟระหว่างเมือง,แอร์พอร์ต เรล ลิงก์,A2,ลาดกระบัง,10372,10313,1/17/2024
5971,รถไฟระหว่างเมือง,แอร์พอร์ต เรล ลิงก์,A3,บ้านทับช้าง,4133,4031,1/17/2024
5972,รถไฟระหว่างเมือง,แอร์พอร์ต เรล ลิงก์,A4,หัวหมาก,6934,6738,1/17/2024
5973,รถไฟระหว่างเมือง,แอร์พอร์ต เรล ลิงก์,A5,รามคำแหง,6559,7010,1/17/2024
5974,รถไฟระหว่างเมือง,แอร์พอร์ต เรล ลิงก์,A6,มักกะสัน,12734,13722,1/17/2024
5975,รถไฟระหว่างเมือง,แอร์พอร์ต เรล ลิงก์,A7,ราชปรารภ,3786,4018,1/17/2024
5976,รถไฟระหว่างเมือง,แอร์พอร์ต เรล ลิงก์,A8,พญาไท,13665,14409,1/17/2024
5977,รถไฟระหว่างเมือง,แอร์พอร์ต เรล ลิงก์,A1,สุวรรณภูมิ,13834,11075,1/18/2024
5978,รถไฟระหว่างเมือง,แอร์พอร์ต เรล ลิงก์,A2,ลาดกระบัง,10510,10454,1/18/2024
5979,รถไฟระหว่างเมือง,แอร์พอร์ต เรล ลิงก์,A3,บ้านทับช้าง,3929,3806,1/18/2024
5980,รถไฟระหว่างเมือง,แอร์พอร์ต เรล ลิงก์,A4,หัวหมาก,6802,6422,1/18/2024
5981,รถไฟระหว่างเมือง,แอร์พอร์ต เรล ลิงก์,A5,รามคำแหง,6810,7253,1/18/2024
5982,รถไฟระหว่างเมือง,แอร์พอร์ต เรล ลิงก์,A6,มักกะสัน,12628,13791,1/18/2024
5983,รถไฟระหว่างเมือง,แอร์พอร์ต เรล ลิงก์,A7,ราชปรารภ,3725,4060,1/18/2024
5984,รถไฟระหว่างเมือง,แอร์พอร์ต เรล ลิงก์,A8,พญาไท,13723,15100,1/18/2024
5985,รถไฟระหว่างเมือง,แอร์พอร์ต เรล ลิงก์,A1,สุวรรณภูมิ,14282,11545,1/19/2024
5986,รถไฟระหว่างเมือง,แอร์พอร์ต เรล ลิงก์,A2,ลาดกระบัง,11098,11006,1/19/2024
5987,รถไฟระหว่างเมือง,แอร์พอร์ต เรล ลิงก์,A3,บ้านทับช้าง,3941,3894,1/19/2024
5988,รถไฟระหว่างเมือง,แอร์พอร์ต เรล ลิงก์,A4,หัวหมาก,7034,6870,1/19/2024
5989,รถไฟระหว่างเมือง,แอร์พอร์ต เรล ลิงก์,A5,รามคำแหง,6931,7353,1/19/2024
5990,รถไฟระหว่างเมือง,แอร์พอร์ต เรล ลิงก์,A6,มักกะสัน,13024,13966,1/19/2024
5991,รถไฟระหว่างเมือง,แอร์พอร์ต เรล ลิงก์,A7,ราชปรารภ,3771,4158,1/19/2024
5992,รถไฟระหว่างเมือง,แอร์พอร์ต เรล ลิงก์,A8,พญาไท,14565,15854,1/19/2024
5993,รถไฟระหว่างเมือง,แอร์พอร์ต เรล ลิงก์,A1,สุวรรณภูมิ,12974,10205,1/20/2024
5994,รถไฟระหว่างเมือง,แอร์พอร์ต เรล ลิงก์,A2,ลาดกระบัง,8662,8615,1/20/2024
5995,รถไฟระหว่างเมือง,แอร์พอร์ต เรล ลิงก์,A3,บ้านทับช้าง,2056,2050,1/20/2024
5996,รถไฟระหว่างเมือง,แอร์พอร์ต เรล ลิงก์,A4,หัวหมาก,4460,4432,1/20/2024
5997,รถไฟระหว่างเมือง,แอร์พอร์ต เรล ลิงก์,A5,รามคำแหง,4756,5221,1/20/2024
5998,รถไฟระหว่างเมือง,แอร์พอร์ต เรล ลิงก์,A6,มักกะสัน,8793,9636,1/20/2024
5999,รถไฟระหว่างเมือง,แอร์พอร์ต เรล ลิงก์,A7,ราชปรารภ,3295,3383,1/20/2024
6000,รถไฟระหว่างเมือง,แอร์พอร์ต เรล ลิงก์,A8,พญาไท,11515,12969,1/20/2024
6001,รถไฟระหว่างเมือง,แอร์พอร์ต เรล ลิงก์,A1,สุวรรณภูมิ,11905,10077,1/21/2024
6002,รถไฟระหว่างเมือง,แอร์พอร์ต เรล ลิงก์,A2,ลาดกระบัง,7099,6981,1/21/2024
6003,รถไฟระหว่างเมือง,แอร์พอร์ต เรล ลิงก์,A3,บ้านทับช้าง,1656,1648,1/21/2024
6004,รถไฟระหว่างเมือง,แอร์พอร์ต เรล ลิงก์,A4,หัวหมาก,3697,3917,1/21/2024
6005,รถไฟระหว่างเมือง,แอร์พอร์ต เรล ลิงก์,A5,รามคำแหง,4104,4484,1/21/2024
6006,รถไฟระหว่างเมือง,แอร์พอร์ต เรล ลิงก์,A6,มักกะสัน,7373,8032,1/21/2024
6007,รถไฟระหว่างเมือง,แอร์พอร์ต เรล ลิงก์,A7,ราชปรารภ,2977,2886,1/21/2024
6008,รถไฟระหว่างเมือง,แอร์พอร์ต เรล ลิงก์,A8,พญาไท,9909,10695,1/21/2024
6009,รถไฟระหว่างเมือง,แอร์พอร์ต เรล ลิงก์,A1,สุวรรณภูมิ,13148,11225,1/22/2024
6010,รถไฟระหว่างเมือง,แอร์พอร์ต เรล ลิงก์,A2,ลาดกระบัง,10497,10056,1/22/2024
6011,รถไฟระหว่างเมือง,แอร์พอร์ต เรล ลิงก์,A3,บ้านทับช้าง,3968,3975,1/22/2024
6012,รถไฟระหว่างเมือง,แอร์พอร์ต เรล ลิงก์,A4,หัวหมาก,6513,6522,1/22/2024
6013,รถไฟระหว่างเมือง,แอร์พอร์ต เรล ลิงก์,A5,รามคำแหง,6837,7034,1/22/2024
6014,รถไฟระหว่างเมือง,แอร์พอร์ต เรล ลิงก์,A6,มักกะสัน,12519,13808,1/22/2024
6015,รถไฟระหว่างเมือง,แอร์พอร์ต เรล ลิงก์,A7,ราชปรารภ,3780,3928,1/22/2024
6016,รถไฟระหว่างเมือง,แอร์พอร์ต เรล ลิงก์,A8,พญาไท,14128,14842,1/22/2024
6017,รถไฟระหว่างเมือง,แอร์พอร์ต เรล ลิงก์,A1,สุวรรณภูมิ,13454,11388,1/23/2024
6018,รถไฟระหว่างเมือง,แอร์พอร์ต เรล ลิงก์,A2,ลาดกระบัง,10359,10166,1/23/2024
6019,รถไฟระหว่างเมือง,แอร์พอร์ต เรล ลิงก์,A3,บ้านทับช้าง,4063,3966,1/23/2024
6020,รถไฟระหว่างเมือง,แอร์พอร์ต เรล ลิงก์,A4,หัวหมาก,6780,6516,1/23/2024
6021,รถไฟระหว่างเมือง,แอร์พอร์ต เรล ลิงก์,A5,รามคำแหง,6905,7218,1/23/2024
6022,รถไฟระหว่างเมือง,แอร์พอร์ต เรล ลิงก์,A6,มักกะสัน,12818,13978,1/23/2024
6023,รถไฟระหว่างเมือง,แอร์พอร์ต เรล ลิงก์,A7,ราชปรารภ,3741,3930,1/23/2024
6024,รถไฟระหว่างเมือง,แอร์พอร์ต เรล ลิงก์,A8,พญาไท,14021,14979,1/23/2024
6025,รถไฟระหว่างเมือง,แอร์พอร์ต เรล ลิงก์,A1,สุวรรณภูมิ,13705,11255,1/24/2024
6026,รถไฟระหว่างเมือง,แอร์พอร์ต เรล ลิงก์,A2,ลาดกระบัง,10402,10306,1/24/2024
6027,รถไฟระหว่างเมือง,แอร์พอร์ต เรล ลิงก์,A3,บ้านทับช้าง,4061,4004,1/24/2024
6028,รถไฟระหว่างเมือง,แอร์พอร์ต เรล ลิงก์,A4,หัวหมาก,6845,6622,1/24/2024
6029,รถไฟระหว่างเมือง,แอร์พอร์ต เรล ลิงก์,A5,รามคำแหง,6549,7089,1/24/2024
6030,รถไฟระหว่างเมือง,แอร์พอร์ต เรล ลิงก์,A6,มักกะสัน,12808,14002,1/24/2024
6031,รถไฟระหว่างเมือง,แอร์พอร์ต เรล ลิงก์,A7,ราชปรารภ,3701,4102,1/24/2024
6032,รถไฟระหว่างเมือง,แอร์พอร์ต เรล ลิงก์,A8,พญาไท,14142,14833,1/24/2024
6033,รถไฟระหว่างเมือง,แอร์พอร์ต เรล ลิงก์,A1,สุวรรณภูมิ,14166,11326,1/25/2024
6034,รถไฟระหว่างเมือง,แอร์พอร์ต เรล ลิงก์,A2,ลาดกระบัง,10502,10320,1/25/2024
6035,รถไฟระหว่างเมือง,แอร์พอร์ต เรล ลิงก์,A3,บ้านทับช้าง,4044,4054,1/25/2024
6036,รถไฟระหว่างเมือง,แอร์พอร์ต เรล ลิงก์,A4,หัวหมาก,6661,6635,1/25/2024
6037,รถไฟระหว่างเมือง,แอร์พอร์ต เรล ลิงก์,A5,รามคำแหง,6634,6963,1/25/2024
6038,รถไฟระหว่างเมือง,แอร์พอร์ต เรล ลิงก์,A6,มักกะสัน,12814,14031,1/25/2024
6039,รถไฟระหว่างเมือง,แอร์พอร์ต เรล ลิงก์,A7,ราชปรารภ,3923,4178,1/25/2024
6040,รถไฟระหว่างเมือง,แอร์พอร์ต เรล ลิงก์,A8,พญาไท,14091,15328,1/25/2024
6041,รถไฟระหว่างเมือง,แอร์พอร์ต เรล ลิงก์,A1,สุวรรณภูมิ,15618,12086,1/26/2024
6042,รถไฟระหว่างเมือง,แอร์พอร์ต เรล ลิงก์,A2,ลาดกระบัง,11095,10892,1/26/2024
6043,รถไฟระหว่างเมือง,แอร์พอร์ต เรล ลิงก์,A3,บ้านทับช้าง,4049,4045,1/26/2024
6044,รถไฟระหว่างเมือง,แอร์พอร์ต เรล ลิงก์,A4,หัวหมาก,6860,6643,1/26/2024
6045,รถไฟระหว่างเมือง,แอร์พอร์ต เรล ลิงก์,A5,รามคำแหง,6840,7208,1/26/2024
6046,รถไฟระหว่างเมือง,แอร์พอร์ต เรล ลิงก์,A6,มักกะสัน,13514,14775,1/26/2024
6047,รถไฟระหว่างเมือง,แอร์พอร์ต เรล ลิงก์,A7,ราชปรารภ,4011,4564,1/26/2024
6048,รถไฟระหว่างเมือง,แอร์พอร์ต เรล ลิงก์,A8,พญาไท,15280,17054,1/26/2024
6049,รถไฟระหว่างเมือง,แอร์พอร์ต เรล ลิงก์,A1,สุวรรณภูมิ,13371,10599,1/27/2024
6050,รถไฟระหว่างเมือง,แอร์พอร์ต เรล ลิงก์,A2,ลาดกระบัง,8115,8322,1/27/2024
6051,รถไฟระหว่างเมือง,แอร์พอร์ต เรล ลิงก์,A3,บ้านทับช้าง,2090,2164,1/27/2024
6052,รถไฟระหว่างเมือง,แอร์พอร์ต เรล ลิงก์,A4,หัวหมาก,4543,4471,1/27/2024
6053,รถไฟระหว่างเมือง,แอร์พอร์ต เรล ลิงก์,A5,รามคำแหง,4647,4960,1/27/2024
6054,รถไฟระหว่างเมือง,แอร์พอร์ต เรล ลิงก์,A6,มักกะสัน,8831,9717,1/27/2024
6055,รถไฟระหว่างเมือง,แอร์พอร์ต เรล ลิงก์,A7,ราชปรารภ,3317,3400,1/27/2024
6056,รถไฟระหว่างเมือง,แอร์พอร์ต เรล ลิงก์,A8,พญาไท,11026,12307,1/27/2024
6057,รถไฟระหว่างเมือง,แอร์พอร์ต เรล ลิงก์,A1,สุวรรณภูมิ,12336,11034,1/28/2024
6058,รถไฟระหว่างเมือง,แอร์พอร์ต เรล ลิงก์,A2,ลาดกระบัง,7359,7434,1/28/2024
6059,รถไฟระหว่างเมือง,แอร์พอร์ต เรล ลิงก์,A3,บ้านทับช้าง,1582,1564,1/28/2024
6060,รถไฟระหว่างเมือง,แอร์พอร์ต เรล ลิงก์,A4,หัวหมาก,3740,3929,1/28/2024
6061,รถไฟระหว่างเมือง,แอร์พอร์ต เรล ลิงก์,A5,รามคำแหง,4280,4448,1/28/2024
6062,รถไฟระหว่างเมือง,แอร์พอร์ต เรล ลิงก์,A6,มักกะสัน,7976,8416,1/28/2024
6063,รถไฟระหว่างเมือง,แอร์พอร์ต เรล ลิงก์,A7,ราชปรารภ,3139,3175,1/28/2024
6064,รถไฟระหว่างเมือง,แอร์พอร์ต เรล ลิงก์,A8,พญาไท,10457,10869,1/28/2024
6065,รถไฟระหว่างเมือง,แอร์พอร์ต เรล ลิงก์,A1,สุวรรณภูมิ,13432,12092,1/29/2024
6066,รถไฟระหว่างเมือง,แอร์พอร์ต เรล ลิงก์,A2,ลาดกระบัง,10557,10275,1/29/2024
6067,รถไฟระหว่างเมือง,แอร์พอร์ต เรล ลิงก์,A3,บ้านทับช้าง,3957,3971,1/29/2024
6068,รถไฟระหว่างเมือง,แอร์พอร์ต เรล ลิงก์,A4,หัวหมาก,6620,6471,1/29/2024
6069,รถไฟระหว่างเมือง,แอร์พอร์ต เรล ลิงก์,A5,รามคำแหง,6437,6907,1/29/2024
6070,รถไฟระหว่างเมือง,แอร์พอร์ต เรล ลิงก์,A6,มักกะสัน,12818,13650,1/29/2024
6071,รถไฟระหว่างเมือง,แอร์พอร์ต เรล ลิงก์,A7,ราชปรารภ,3927,3984,1/29/2024
6072,รถไฟระหว่างเมือง,แอร์พอร์ต เรล ลิงก์,A8,พญาไท,14470,14868,1/29/2024
6073,รถไฟระหว่างเมือง,แอร์พอร์ต เรล ลิงก์,A1,สุวรรณภูมิ,13485,11537,1/30/2024
6074,รถไฟระหว่างเมือง,แอร์พอร์ต เรล ลิงก์,A2,ลาดกระบัง,10487,10519,1/30/2024
6075,รถไฟระหว่างเมือง,แอร์พอร์ต เรล ลิงก์,A3,บ้านทับช้าง,4146,4065,1/30/2024
6076,รถไฟระหว่างเมือง,แอร์พอร์ต เรล ลิงก์,A4,หัวหมาก,6867,6835,1/30/2024
6077,รถไฟระหว่างเมือง,แอร์พอร์ต เรล ลิงก์,A5,รามคำแหง,6662,7208,1/30/2024
6078,รถไฟระหว่างเมือง,แอร์พอร์ต เรล ลิงก์,A6,มักกะสัน,13108,14016,1/30/2024
6079,รถไฟระหว่างเมือง,แอร์พอร์ต เรล ลิงก์,A7,ราชปรารภ,3873,3967,1/30/2024
6080,รถไฟระหว่างเมือง,แอร์พอร์ต เรล ลิงก์,A8,พญาไท,14370,14851,1/30/2024
6081,รถไฟระหว่างเมือง,แอร์พอร์ต เรล ลิงก์,A1,สุวรรณภูมิ,14299,11906,1/31/2024
6082,รถไฟระหว่างเมือง,แอร์พอร์ต เรล ลิงก์,A2,ลาดกระบัง,10840,10623,1/31/2024
6083,รถไฟระหว่างเมือง,แอร์พอร์ต เรล ลิงก์,A3,บ้านทับช้าง,4130,4112,1/31/2024
6084,รถไฟระหว่างเมือง,แอร์พอร์ต เรล ลิงก์,A4,หัวหมาก,7088,6832,1/31/2024
6085,รถไฟระหว่างเมือง,แอร์พอร์ต เรล ลิงก์,A5,รามคำแหง,6910,7319,1/31/2024
6086,รถไฟระหว่างเมือง,แอร์พอร์ต เรล ลิงก์,A6,มักกะสัน,13064,14374,1/31/2024
6087,รถไฟระหว่างเมือง,แอร์พอร์ต เรล ลิงก์,A7,ราชปรารภ,3859,4255,1/31/2024
6088,รถไฟระหว่างเมือง,แอร์พอร์ต เรล ลิงก์,A8,พญาไท,14682,15451,1/31/2024
6089,รถไฟระหว่างเมือง,แอร์พอร์ต เรล ลิงก์,A1,สุวรรณภูมิ,14975,11253,2/1/2024
6090,รถไฟระหว่างเมือง,แอร์พอร์ต เรล ลิงก์,A2,ลาดกระบัง,10692,10439,2/1/2024
6091,รถไฟระหว่างเมือง,แอร์พอร์ต เรล ลิงก์,A3,บ้านทับช้าง,4011,3958,2/1/2024
6092,รถไฟระหว่างเมือง,แอร์พอร์ต เรล ลิงก์,A4,หัวหมาก,6733,6786,2/1/2024
6093,รถไฟระหว่างเมือง,แอร์พอร์ต เรล ลิงก์,A5,รามคำแหง,6732,7398,2/1/2024
6094,รถไฟระหว่างเมือง,แอร์พอร์ต เรล ลิงก์,A6,มักกะสัน,12982,14299,2/1/2024
6095,รถไฟระหว่างเมือง,แอร์พอร์ต เรล ลิงก์,A7,ราชปรารภ,3867,4332,2/1/2024
6096,รถไฟระหว่างเมือง,แอร์พอร์ต เรล ลิงก์,A8,พญาไท,14130,15657,2/1/2024
6097,รถไฟระหว่างเมือง,แอร์พอร์ต เรล ลิงก์,A1,สุวรรณภูมิ,17258,12124,2/2/2024
6098,รถไฟระหว่างเมือง,แอร์พอร์ต เรล ลิงก์,A2,ลาดกระบัง,11621,11562,2/2/2024
6099,รถไฟระหว่างเมือง,แอร์พอร์ต เรล ลิงก์,A3,บ้านทับช้าง,4199,3963,2/2/2024
6100,รถไฟระหว่างเมือง,แอร์พอร์ต เรล ลิงก์,A4,หัวหมาก,7350,7201,2/2/2024
6101,รถไฟระหว่างเมือง,แอร์พอร์ต เรล ลิงก์,A5,รามคำแหง,7625,8244,2/2/2024
6102,รถไฟระหว่างเมือง,แอร์พอร์ต เรล ลิงก์,A6,มักกะสัน,13797,15632,2/2/2024
6103,รถไฟระหว่างเมือง,แอร์พอร์ต เรล ลิงก์,A7,ราชปรารภ,4409,4785,2/2/2024
6104,รถไฟระหว่างเมือง,แอร์พอร์ต เรล ลิงก์,A8,พญาไท,16030,18778,2/2/2024
6105,รถไฟระหว่างเมือง,แอร์พอร์ต เรล ลิงก์,A1,สุวรรณภูมิ,14838,11076,2/3/2024
6106,รถไฟระหว่างเมือง,แอร์พอร์ต เรล ลิงก์,A2,ลาดกระบัง,9137,9038,2/3/2024
6107,รถไฟระหว่างเมือง,แอร์พอร์ต เรล ลิงก์,A3,บ้านทับช้าง,2171,2139,2/3/2024
6108,รถไฟระหว่างเมือง,แอร์พอร์ต เรล ลิงก์,A4,หัวหมาก,5257,6243,2/3/2024
6109,รถไฟระหว่างเมือง,แอร์พอร์ต เรล ลิงก์,A5,รามคำแหง,6787,9410,2/3/2024
6110,รถไฟระหว่างเมือง,แอร์พอร์ต เรล ลิงก์,A6,มักกะสัน,10871,11073,2/3/2024
6111,รถไฟระหว่างเมือง,แอร์พอร์ต เรล ลิงก์,A7,ราชปรารภ,4016,3958,2/3/2024
6112,รถไฟระหว่างเมือง,แอร์พอร์ต เรล ลิงก์,A8,พญาไท,15643,15783,2/3/2024
6113,รถไฟระหว่างเมือง,แอร์พอร์ต เรล ลิงก์,A1,สุวรรณภูมิ,13336,12655,2/4/2024
6114,รถไฟระหว่างเมือง,แอร์พอร์ต เรล ลิงก์,A2,ลาดกระบัง,8030,8322,2/4/2024
6115,รถไฟระหว่างเมือง,แอร์พอร์ต เรล ลิงก์,A3,บ้านทับช้าง,1921,1864,2/4/2024
6116,รถไฟระหว่างเมือง,แอร์พอร์ต เรล ลิงก์,A4,หัวหมาก,4677,5272,2/4/2024
6117,รถไฟระหว่างเมือง,แอร์พอร์ต เรล ลิงก์,A5,รามคำแหง,5957,7524,2/4/2024
6118,รถไฟระหว่างเมือง,แอร์พอร์ต เรล ลิงก์,A6,มักกะสัน,9764,9617,2/4/2024
6119,รถไฟระหว่างเมือง,แอร์พอร์ต เรล ลิงก์,A7,ราชปรารภ,3984,3626,2/4/2024
6120,รถไฟระหว่างเมือง,แอร์พอร์ต เรล ลิงก์,A8,พญาไท,14670,13459,2/4/2024
6121,รถไฟระหว่างเมือง,แอร์พอร์ต เรล ลิงก์,A1,สุวรรณภูมิ,14035,13533,2/5/2024
6122,รถไฟระหว่างเมือง,แอร์พอร์ต เรล ลิงก์,A2,ลาดกระบัง,11025,10751,2/5/2024
6123,รถไฟระหว่างเมือง,แอร์พอร์ต เรล ลิงก์,A3,บ้านทับช้าง,4126,4038,2/5/2024
6124,รถไฟระหว่างเมือง,แอร์พอร์ต เรล ลิงก์,A4,หัวหมาก,6940,6781,2/5/2024
6125,รถไฟระหว่างเมือง,แอร์พอร์ต เรล ลิงก์,A5,รามคำแหง,7265,7456,2/5/2024
6126,รถไฟระหว่างเมือง,แอร์พอร์ต เรล ลิงก์,A6,มักกะสัน,13506,14234,2/5/2024
6127,รถไฟระหว่างเมือง,แอร์พอร์ต เรล ลิงก์,A7,ราชปรารภ,4398,4348,2/5/2024
6128,รถไฟระหว่างเมือง,แอร์พอร์ต เรล ลิงก์,A8,พญาไท,15990,16144,2/5/2024
6129,รถไฟระหว่างเมือง,แอร์พอร์ต เรล ลิงก์,A1,สุวรรณภูมิ,14198,12955,2/6/2024
6130,รถไฟระหว่างเมือง,แอร์พอร์ต เรล ลิงก์,A2,ลาดกระบัง,10887,10874,2/6/2024
6131,รถไฟระหว่างเมือง,แอร์พอร์ต เรล ลิงก์,A3,บ้านทับช้าง,4246,4120,2/6/2024
6132,รถไฟระหว่างเมือง,แอร์พอร์ต เรล ลิงก์,A4,หัวหมาก,6970,6845,2/6/2024
6133,รถไฟระหว่างเมือง,แอร์พอร์ต เรล ลิงก์,A5,รามคำแหง,7016,7424,2/6/2024
6134,รถไฟระหว่างเมือง,แอร์พอร์ต เรล ลิงก์,A6,มักกะสัน,13804,14744,2/6/2024
6135,รถไฟระหว่างเมือง,แอร์พอร์ต เรล ลิงก์,A7,ราชปรารภ,4232,4171,2/6/2024
6136,รถไฟระหว่างเมือง,แอร์พอร์ต เรล ลิงก์,A8,พญาไท,15793,16013,2/6/2024
6137,รถไฟระหว่างเมือง,แอร์พอร์ต เรล ลิงก์,A1,สุวรรณภูมิ,14472,12407,2/7/2024
6138,รถไฟระหว่างเมือง,แอร์พอร์ต เรล ลิงก์,A2,ลาดกระบัง,11039,10750,2/7/2024
6139,รถไฟระหว่างเมือง,แอร์พอร์ต เรล ลิงก์,A3,บ้านทับช้าง,4188,4134,2/7/2024
6140,รถไฟระหว่างเมือง,แอร์พอร์ต เรล ลิงก์,A4,หัวหมาก,6978,6862,2/7/2024
6141,รถไฟระหว่างเมือง,แอร์พอร์ต เรล ลิงก์,A5,รามคำแหง,6738,7110,2/7/2024
6142,รถไฟระหว่างเมือง,แอร์พอร์ต เรล ลิงก์,A6,มักกะสัน,13270,14436,2/7/2024
6143,รถไฟระหว่างเมือง,แอร์พอร์ต เรล ลิงก์,A7,ราชปรารภ,4102,4292,2/7/2024
6144,รถไฟระหว่างเมือง,แอร์พอร์ต เรล ลิงก์,A8,พญาไท,15448,16244,2/7/2024
6145,รถไฟระหว่างเมือง,แอร์พอร์ต เรล ลิงก์,A1,สุวรรณภูมิ,14839,12488,2/8/2024
6146,รถไฟระหว่างเมือง,แอร์พอร์ต เรล ลิงก์,A2,ลาดกระบัง,11077,10797,2/8/2024
6147,รถไฟระหว่างเมือง,แอร์พอร์ต เรล ลิงก์,A3,บ้านทับช้าง,4025,3919,2/8/2024
6148,รถไฟระหว่างเมือง,แอร์พอร์ต เรล ลิงก์,A4,หัวหมาก,6898,6695,2/8/2024
6149,รถไฟระหว่างเมือง,แอร์พอร์ต เรล ลิงก์,A5,รามคำแหง,6635,7066,2/8/2024
6150,รถไฟระหว่างเมือง,แอร์พอร์ต เรล ลิงก์,A6,มักกะสัน,13457,14605,2/8/2024
6151,รถไฟระหว่างเมือง,แอร์พอร์ต เรล ลิงก์,A7,ราชปรารภ,4042,4154,2/8/2024
6152,รถไฟระหว่างเมือง,แอร์พอร์ต เรล ลิงก์,A8,พญาไท,15015,16264,2/8/2024
6153,รถไฟระหว่างเมือง,แอร์พอร์ต เรล ลิงก์,A1,สุวรรณภูมิ,15166,11773,2/9/2024
6154,รถไฟระหว่างเมือง,แอร์พอร์ต เรล ลิงก์,A2,ลาดกระบัง,11390,10962,2/9/2024
6155,รถไฟระหว่างเมือง,แอร์พอร์ต เรล ลิงก์,A3,บ้านทับช้าง,3798,3620,2/9/2024
6156,รถไฟระหว่างเมือง,แอร์พอร์ต เรล ลิงก์,A4,หัวหมาก,6770,6685,2/9/2024
6157,รถไฟระหว่างเมือง,แอร์พอร์ต เรล ลิงก์,A5,รามคำแหง,6809,6926,2/9/2024
6158,รถไฟระหว่างเมือง,แอร์พอร์ต เรล ลิงก์,A6,มักกะสัน,13109,14917,2/9/2024
6159,รถไฟระหว่างเมือง,แอร์พอร์ต เรล ลิงก์,A7,ราชปรารภ,3843,4217,2/9/2024
6160,รถไฟระหว่างเมือง,แอร์พอร์ต เรล ลิงก์,A8,พญาไท,14748,16533,2/9/2024
6161,รถไฟระหว่างเมือง,แอร์พอร์ต เรล ลิงก์,A1,สุวรรณภูมิ,13779,11257,2/10/2024
6162,รถไฟระหว่างเมือง,แอร์พอร์ต เรล ลิงก์,A2,ลาดกระบัง,8813,8800,2/10/2024
6163,รถไฟระหว่างเมือง,แอร์พอร์ต เรล ลิงก์,A3,บ้านทับช้าง,2005,2006,2/10/2024
6164,รถไฟระหว่างเมือง,แอร์พอร์ต เรล ลิงก์,A4,หัวหมาก,5167,6511,2/10/2024
6165,รถไฟระหว่างเมือง,แอร์พอร์ต เรล ลิงก์,A5,รามคำแหง,6579,7842,2/10/2024
6166,รถไฟระหว่างเมือง,แอร์พอร์ต เรล ลิงก์,A6,มักกะสัน,11002,11119,2/10/2024
6167,รถไฟระหว่างเมือง,แอร์พอร์ต เรล ลิงก์,A7,ราชปรารภ,3555,3468,2/10/2024
6168,รถไฟระหว่างเมือง,แอร์พอร์ต เรล ลิงก์,A8,พญาไท,14378,14275,2/10/2024
6169,รถไฟระหว่างเมือง,แอร์พอร์ต เรล ลิงก์,A1,สุวรรณภูมิ,12165,11306,2/11/2024
6170,รถไฟระหว่างเมือง,แอร์พอร์ต เรล ลิงก์,A2,ลาดกระบัง,7433,7674,2/11/2024
6171,รถไฟระหว่างเมือง,แอร์พอร์ต เรล ลิงก์,A3,บ้านทับช้าง,1694,1487,2/11/2024
6172,รถไฟระหว่างเมือง,แอร์พอร์ต เรล ลิงก์,A4,หัวหมาก,3966,3742,2/11/2024
6173,รถไฟระหว่างเมือง,แอร์พอร์ต เรล ลิงก์,A5,รามคำแหง,4140,4162,2/11/2024
6174,รถไฟระหว่างเมือง,แอร์พอร์ต เรล ลิงก์,A6,มักกะสัน,8348,8956,2/11/2024
6175,รถไฟระหว่างเมือง,แอร์พอร์ต เรล ลิงก์,A7,ราชปรารภ,3307,3330,2/11/2024
6176,รถไฟระหว่างเมือง,แอร์พอร์ต เรล ลิงก์,A8,พญาไท,10282,10678,2/11/2024
6177,รถไฟระหว่างเมือง,แอร์พอร์ต เรล ลิงก์,A1,สุวรรณภูมิ,13393,12626,2/12/2024
6178,รถไฟระหว่างเมือง,แอร์พอร์ต เรล ลิงก์,A2,ลาดกระบัง,10447,10354,2/12/2024
6179,รถไฟระหว่างเมือง,แอร์พอร์ต เรล ลิงก์,A3,บ้านทับช้าง,3833,957,2/12/2024
6180,รถไฟระหว่างเมือง,แอร์พอร์ต เรล ลิงก์,A4,หัวหมาก,6368,6444,2/12/2024
6181,รถไฟระหว่างเมือง,แอร์พอร์ต เรล ลิงก์,A5,รามคำแหง,6140,6875,2/12/2024
6182,รถไฟระหว่างเมือง,แอร์พอร์ต เรล ลิงก์,A6,มักกะสัน,11692,13204,2/12/2024
6183,รถไฟระหว่างเมือง,แอร์พอร์ต เรล ลิงก์,A7,ราชปรารภ,3831,4167,2/12/2024
6184,รถไฟระหว่างเมือง,แอร์พอร์ต เรล ลิงก์,A8,พญาไท,13761,14838,2/12/2024
6185,รถไฟระหว่างเมือง,แอร์พอร์ต เรล ลิงก์,A1,สุวรรณภูมิ,13739,12644,2/13/2024
6186,รถไฟระหว่างเมือง,แอร์พอร์ต เรล ลิงก์,A2,ลาดกระบัง,10727,10734,2/13/2024
6187,รถไฟระหว่างเมือง,แอร์พอร์ต เรล ลิงก์,A3,บ้านทับช้าง,3093,0,2/13/2024
6188,รถไฟระหว่างเมือง,แอร์พอร์ต เรล ลิงก์,A4,หัวหมาก,6808,6884,2/13/2024
6189,รถไฟระหว่างเมือง,แอร์พอร์ต เรล ลิงก์,A5,รามคำแหง,6460,7047,2/13/2024
6190,รถไฟระหว่างเมือง,แอร์พอร์ต เรล ลิงก์,A6,มักกะสัน,12327,14247,2/13/2024
6191,รถไฟระหว่างเมือง,แอร์พอร์ต เรล ลิงก์,A7,ราชปรารภ,4027,4110,2/13/2024
6192,รถไฟระหว่างเมือง,แอร์พอร์ต เรล ลิงก์,A8,พญาไท,13730,15245,2/13/2024
6193,รถไฟระหว่างเมือง,แอร์พอร์ต เรล ลิงก์,A1,สุวรรณภูมิ,12582,11723,2/14/2024
6194,รถไฟระหว่างเมือง,แอร์พอร์ต เรล ลิงก์,A2,ลาดกระบัง,10684,10201,2/14/2024
6195,รถไฟระหว่างเมือง,แอร์พอร์ต เรล ลิงก์,A3,บ้านทับช้าง,4037,4136,2/14/2024
6196,รถไฟระหว่างเมือง,แอร์พอร์ต เรล ลิงก์,A4,หัวหมาก,6708,6175,2/14/2024
6197,รถไฟระหว่างเมือง,แอร์พอร์ต เรล ลิงก์,A5,รามคำแหง,6526,6826,2/14/2024
6198,รถไฟระหว่างเมือง,แอร์พอร์ต เรล ลิงก์,A6,มักกะสัน,12837,13692,2/14/2024
6199,รถไฟระหว่างเมือง,แอร์พอร์ต เรล ลิงก์,A7,ราชปรารภ,3982,4117,2/14/2024
6200,รถไฟระหว่างเมือง,แอร์พอร์ต เรล ลิงก์,A8,พญาไท,14602,15088,2/14/2024
6201,รถไฟระหว่างเมือง,แอร์พอร์ต เรล ลิงก์,A1,สุวรรณภูมิ,14440,12671,2/15/2024
6202,รถไฟระหว่างเมือง,แอร์พอร์ต เรล ลิงก์,A2,ลาดกระบัง,10643,10711,2/15/2024
6203,รถไฟระหว่างเมือง,แอร์พอร์ต เรล ลิงก์,A3,บ้านทับช้าง,4049,3921,2/15/2024
6204,รถไฟระหว่างเมือง,แอร์พอร์ต เรล ลิงก์,A4,หัวหมาก,6841,6813,2/15/2024
6205,รถไฟระหว่างเมือง,แอร์พอร์ต เรล ลิงก์,A5,รามคำแหง,6763,7142,2/15/2024
6206,รถไฟระหว่างเมือง,แอร์พอร์ต เรล ลิงก์,A6,มักกะสัน,13173,14092,2/15/2024
6207,รถไฟระหว่างเมือง,แอร์พอร์ต เรล ลิงก์,A7,ราชปรารภ,4151,4473,2/15/2024
6208,รถไฟระหว่างเมือง,แอร์พอร์ต เรล ลิงก์,A8,พญาไท,15001,15238,2/15/2024
6209,รถไฟระหว่างเมือง,แอร์พอร์ต เรล ลิงก์,A1,สุวรรณภูมิ,14537,12384,2/16/2024
6210,รถไฟระหว่างเมือง,แอร์พอร์ต เรล ลิงก์,A2,ลาดกระบัง,11083,11397,2/16/2024
6211,รถไฟระหว่างเมือง,แอร์พอร์ต เรล ลิงก์,A3,บ้านทับช้าง,3913,3855,2/16/2024
6212,รถไฟระหว่างเมือง,แอร์พอร์ต เรล ลิงก์,A4,หัวหมาก,6851,6531,2/16/2024
6213,รถไฟระหว่างเมือง,แอร์พอร์ต เรล ลิงก์,A5,รามคำแหง,6620,7066,2/16/2024
6214,รถไฟระหว่างเมือง,แอร์พอร์ต เรล ลิงก์,A6,มักกะสัน,12937,13972,2/16/2024
6215,รถไฟระหว่างเมือง,แอร์พอร์ต เรล ลิงก์,A7,ราชปรารภ,4180,4320,2/16/2024
6216,รถไฟระหว่างเมือง,แอร์พอร์ต เรล ลิงก์,A8,พญาไท,15640,16236,2/16/2024
6217,รถไฟระหว่างเมือง,แอร์พอร์ต เรล ลิงก์,A1,สุวรรณภูมิ,12441,10921,2/17/2024
6218,รถไฟระหว่างเมือง,แอร์พอร์ต เรล ลิงก์,A2,ลาดกระบัง,8064,8232,2/17/2024
6219,รถไฟระหว่างเมือง,แอร์พอร์ต เรล ลิงก์,A3,บ้านทับช้าง,1946,1968,2/17/2024
6220,รถไฟระหว่างเมือง,แอร์พอร์ต เรล ลิงก์,A4,หัวหมาก,4254,4277,2/17/2024
6221,รถไฟระหว่างเมือง,แอร์พอร์ต เรล ลิงก์,A5,รามคำแหง,4698,4892,2/17/2024
6222,รถไฟระหว่างเมือง,แอร์พอร์ต เรล ลิงก์,A6,มักกะสัน,8779,9248,2/17/2024
6223,รถไฟระหว่างเมือง,แอร์พอร์ต เรล ลิงก์,A7,ราชปรารภ,3557,3509,2/17/2024
6224,รถไฟระหว่างเมือง,แอร์พอร์ต เรล ลิงก์,A8,พญาไท,11451,12143,2/17/2024
6225,รถไฟระหว่างเมือง,แอร์พอร์ต เรล ลิงก์,A1,สุวรรณภูมิ,12180,11293,2/18/2024
6226,รถไฟระหว่างเมือง,แอร์พอร์ต เรล ลิงก์,A2,ลาดกระบัง,6934,6959,2/18/2024
6227,รถไฟระหว่างเมือง,แอร์พอร์ต เรล ลิงก์,A3,บ้านทับช้าง,1599,1513,2/18/2024
6228,รถไฟระหว่างเมือง,แอร์พอร์ต เรล ลิงก์,A4,หัวหมาก,3529,3500,2/18/2024
6229,รถไฟระหว่างเมือง,แอร์พอร์ต เรล ลิงก์,A5,รามคำแหง,3942,4155,2/18/2024
6230,รถไฟระหว่างเมือง,แอร์พอร์ต เรล ลิงก์,A6,มักกะสัน,7401,7859,2/18/2024
6231,รถไฟระหว่างเมือง,แอร์พอร์ต เรล ลิงก์,A7,ราชปรารภ,3375,3036,2/18/2024
6232,รถไฟระหว่างเมือง,แอร์พอร์ต เรล ลิงก์,A8,พญาไท,10047,10692,2/18/2024
6233,รถไฟระหว่างเมือง,แอร์พอร์ต เรล ลิงก์,A1,สุวรรณภูมิ,13238,12538,2/19/2024
6234,รถไฟระหว่างเมือง,แอร์พอร์ต เรล ลิงก์,A2,ลาดกระบัง,10691,9818,2/19/2024
6235,รถไฟระหว่างเมือง,แอร์พอร์ต เรล ลิงก์,A3,บ้านทับช้าง,3952,3976,2/19/2024
6236,รถไฟระหว่างเมือง,แอร์พอร์ต เรล ลิงก์,A4,หัวหมาก,6711,6544,2/19/2024
6237,รถไฟระหว่างเมือง,แอร์พอร์ต เรล ลิงก์,A5,รามคำแหง,6357,6934,2/19/2024
6238,รถไฟระหว่างเมือง,แอร์พอร์ต เรล ลิงก์,A6,มักกะสัน,12729,13610,2/19/2024
6239,รถไฟระหว่างเมือง,แอร์พอร์ต เรล ลิงก์,A7,ราชปรารภ,4004,4052,2/19/2024
6240,รถไฟระหว่างเมือง,แอร์พอร์ต เรล ลิงก์,A8,พญาไท,14499,14709,2/19/2024
6241,รถไฟระหว่างเมือง,แอร์พอร์ต เรล ลิงก์,A1,สุวรรณภูมิ,13277,12464,2/20/2024
6242,รถไฟระหว่างเมือง,แอร์พอร์ต เรล ลิงก์,A2,ลาดกระบัง,10649,10480,2/20/2024
6243,รถไฟระหว่างเมือง,แอร์พอร์ต เรล ลิงก์,A3,บ้านทับช้าง,4126,4095,2/20/2024
6244,รถไฟระหว่างเมือง,แอร์พอร์ต เรล ลิงก์,A4,หัวหมาก,6950,6765,2/20/2024
6245,รถไฟระหว่างเมือง,แอร์พอร์ต เรล ลิงก์,A5,รามคำแหง,6574,6948,2/20/2024
6246,รถไฟระหว่างเมือง,แอร์พอร์ต เรล ลิงก์,A6,มักกะสัน,13249,13897,2/20/2024
6247,รถไฟระหว่างเมือง,แอร์พอร์ต เรล ลิงก์,A7,ราชปรารภ,3992,4225,2/20/2024
6248,รถไฟระหว่างเมือง,แอร์พอร์ต เรล ลิงก์,A8,พญาไท,14746,14689,2/20/2024
6249,รถไฟระหว่างเมือง,แอร์พอร์ต เรล ลิงก์,A1,สุวรรณภูมิ,13565,12349,2/21/2024
6250,รถไฟระหว่างเมือง,แอร์พอร์ต เรล ลิงก์,A2,ลาดกระบัง,10594,10519,2/21/2024
6251,รถไฟระหว่างเมือง,แอร์พอร์ต เรล ลิงก์,A3,บ้านทับช้าง,4077,4103,2/21/2024
6252,รถไฟระหว่างเมือง,แอร์พอร์ต เรล ลิงก์,A4,หัวหมาก,6937,6553,2/21/2024
6253,รถไฟระหว่างเมือง,แอร์พอร์ต เรล ลิงก์,A5,รามคำแหง,6691,6968,2/21/2024
6254,รถไฟระหว่างเมือง,แอร์พอร์ต เรล ลิงก์,A6,มักกะสัน,13137,13929,2/21/2024
6255,รถไฟระหว่างเมือง,แอร์พอร์ต เรล ลิงก์,A7,ราชปรารภ,3866,4050,2/21/2024
6256,รถไฟระหว่างเมือง,แอร์พอร์ต เรล ลิงก์,A8,พญาไท,14310,14706,2/21/2024
6257,รถไฟระหว่างเมือง,แอร์พอร์ต เรล ลิงก์,A1,สุวรรณภูมิ,14277,12583,2/22/2024
6258,รถไฟระหว่างเมือง,แอร์พอร์ต เรล ลิงก์,A2,ลาดกระบัง,10795,10630,2/22/2024
6259,รถไฟระหว่างเมือง,แอร์พอร์ต เรล ลิงก์,A3,บ้านทับช้าง,4022,3929,2/22/2024
6260,รถไฟระหว่างเมือง,แอร์พอร์ต เรล ลิงก์,A4,หัวหมาก,6805,6458,2/22/2024
6261,รถไฟระหว่างเมือง,แอร์พอร์ต เรล ลิงก์,A5,รามคำแหง,6620,6945,2/22/2024
6262,รถไฟระหว่างเมือง,แอร์พอร์ต เรล ลิงก์,A6,มักกะสัน,13055,14030,2/22/2024
6263,รถไฟระหว่างเมือง,แอร์พอร์ต เรล ลิงก์,A7,ราชปรารภ,3992,4355,2/22/2024
6264,รถไฟระหว่างเมือง,แอร์พอร์ต เรล ลิงก์,A8,พญาไท,14535,15171,2/22/2024
6265,รถไฟระหว่างเมือง,แอร์พอร์ต เรล ลิงก์,A1,สุวรรณภูมิ,15628,13434,2/23/2024
6266,รถไฟระหว่างเมือง,แอร์พอร์ต เรล ลิงก์,A2,ลาดกระบัง,11389,11153,2/23/2024
6267,รถไฟระหว่างเมือง,แอร์พอร์ต เรล ลิงก์,A3,บ้านทับช้าง,3879,3859,2/23/2024
6268,รถไฟระหว่างเมือง,แอร์พอร์ต เรล ลิงก์,A4,หัวหมาก,6895,6636,2/23/2024
6269,รถไฟระหว่างเมือง,แอร์พอร์ต เรล ลิงก์,A5,รามคำแหง,6591,7100,2/23/2024
6270,รถไฟระหว่างเมือง,แอร์พอร์ต เรล ลิงก์,A6,มักกะสัน,13564,14490,2/23/2024
6271,รถไฟระหว่างเมือง,แอร์พอร์ต เรล ลิงก์,A7,ราชปรารภ,4240,4475,2/23/2024
6272,รถไฟระหว่างเมือง,แอร์พอร์ต เรล ลิงก์,A8,พญาไท,15498,16537,2/23/2024
6273,รถไฟระหว่างเมือง,แอร์พอร์ต เรล ลิงก์,A1,สุวรรณภูมิ,13235,11619,2/24/2024
6274,รถไฟระหว่างเมือง,แอร์พอร์ต เรล ลิงก์,A2,ลาดกระบัง,7629,7482,2/24/2024
6275,รถไฟระหว่างเมือง,แอร์พอร์ต เรล ลิงก์,A3,บ้านทับช้าง,1734,1721,2/24/2024
6276,รถไฟระหว่างเมือง,แอร์พอร์ต เรล ลิงก์,A4,หัวหมาก,3994,3960,2/24/2024
6277,รถไฟระหว่างเมือง,แอร์พอร์ต เรล ลิงก์,A5,รามคำแหง,4256,4651,2/24/2024
6278,รถไฟระหว่างเมือง,แอร์พอร์ต เรล ลิงก์,A6,มักกะสัน,8419,9020,2/24/2024
6279,รถไฟระหว่างเมือง,แอร์พอร์ต เรล ลิงก์,A7,ราชปรารภ,3382,3284,2/24/2024
6280,รถไฟระหว่างเมือง,แอร์พอร์ต เรล ลิงก์,A8,พญาไท,10663,11575,2/24/2024
6281,รถไฟระหว่างเมือง,แอร์พอร์ต เรล ลิงก์,A1,สุวรรณภูมิ,12112,11096,2/25/2024
6282,รถไฟระหว่างเมือง,แอร์พอร์ต เรล ลิงก์,A2,ลาดกระบัง,6845,7048,2/25/2024
6283,รถไฟระหว่างเมือง,แอร์พอร์ต เรล ลิงก์,A3,บ้านทับช้าง,1541,1523,2/25/2024
6284,รถไฟระหว่างเมือง,แอร์พอร์ต เรล ลิงก์,A4,หัวหมาก,3535,3489,2/25/2024
6285,รถไฟระหว่างเมือง,แอร์พอร์ต เรล ลิงก์,A5,รามคำแหง,4367,4605,2/25/2024
6286,รถไฟระหว่างเมือง,แอร์พอร์ต เรล ลิงก์,A6,มักกะสัน,7738,8116,2/25/2024
6287,รถไฟระหว่างเมือง,แอร์พอร์ต เรล ลิงก์,A7,ราชปรารภ,3178,2921,2/25/2024
6288,รถไฟระหว่างเมือง,แอร์พอร์ต เรล ลิงก์,A8,พญาไท,9677,10195,2/25/2024
6289,รถไฟระหว่างเมือง,แอร์พอร์ต เรล ลิงก์,A1,สุวรรณภูมิ,12890,11365,2/26/2024
6290,รถไฟระหว่างเมือง,แอร์พอร์ต เรล ลิงก์,A2,ลาดกระบัง,6750,6825,2/26/2024
6291,รถไฟระหว่างเมือง,แอร์พอร์ต เรล ลิงก์,A3,บ้านทับช้าง,1683,1648,2/26/2024
6292,รถไฟระหว่างเมือง,แอร์พอร์ต เรล ลิงก์,A4,หัวหมาก,3649,3685,2/26/2024
6293,รถไฟระหว่างเมือง,แอร์พอร์ต เรล ลิงก์,A5,รามคำแหง,3797,4213,2/26/2024
6294,รถไฟระหว่างเมือง,แอร์พอร์ต เรล ลิงก์,A6,มักกะสัน,7529,8164,2/26/2024
6295,รถไฟระหว่างเมือง,แอร์พอร์ต เรล ลิงก์,A7,ราชปรารภ,3063,2949,2/26/2024
6296,รถไฟระหว่างเมือง,แอร์พอร์ต เรล ลิงก์,A8,พญาไท,9425,9937,2/26/2024
6297,รถไฟระหว่างเมือง,แอร์พอร์ต เรล ลิงก์,A1,สุวรรณภูมิ,13684,12173,2/27/2024
6298,รถไฟระหว่างเมือง,แอร์พอร์ต เรล ลิงก์,A2,ลาดกระบัง,10763,10258,2/27/2024
6299,รถไฟระหว่างเมือง,แอร์พอร์ต เรล ลิงก์,A3,บ้านทับช้าง,4116,4074,2/27/2024
6300,รถไฟระหว่างเมือง,แอร์พอร์ต เรล ลิงก์,A4,หัวหมาก,6313,6362,2/27/2024
6301,รถไฟระหว่างเมือง,แอร์พอร์ต เรล ลิงก์,A5,รามคำแหง,6447,7032,2/27/2024
6302,รถไฟระหว่างเมือง,แอร์พอร์ต เรล ลิงก์,A6,มักกะสัน,12870,13696,2/27/2024
6303,รถไฟระหว่างเมือง,แอร์พอร์ต เรล ลิงก์,A7,ราชปรารภ,3959,4150,2/27/2024
6304,รถไฟระหว่างเมือง,แอร์พอร์ต เรล ลิงก์,A8,พญาไท,14371,14778,2/27/2024
6305,รถไฟระหว่างเมือง,แอร์พอร์ต เรล ลิงก์,A1,สุวรรณภูมิ,13955,12419,2/28/2024
6306,รถไฟระหว่างเมือง,แอร์พอร์ต เรล ลิงก์,A2,ลาดกระบัง,10413,10442,2/28/2024
6307,รถไฟระหว่างเมือง,แอร์พอร์ต เรล ลิงก์,A3,บ้านทับช้าง,4075,3762,2/28/2024
6308,รถไฟระหว่างเมือง,แอร์พอร์ต เรล ลิงก์,A4,หัวหมาก,6417,6239,2/28/2024
6309,รถไฟระหว่างเมือง,แอร์พอร์ต เรล ลิงก์,A5,รามคำแหง,6673,7266,2/28/2024
6310,รถไฟระหว่างเมือง,แอร์พอร์ต เรล ลิงก์,A6,มักกะสัน,12893,13791,2/28/2024
6311,รถไฟระหว่างเมือง,แอร์พอร์ต เรล ลิงก์,A7,ราชปรารภ,3881,4097,2/28/2024
6312,รถไฟระหว่างเมือง,แอร์พอร์ต เรล ลิงก์,A8,พญาไท,14590,14881,2/28/2024
6313,รถไฟระหว่างเมือง,แอร์พอร์ต เรล ลิงก์,A1,สุวรรณภูมิ,14193,12304,2/29/2024
6314,รถไฟระหว่างเมือง,แอร์พอร์ต เรล ลิงก์,A2,ลาดกระบัง,10926,10692,2/29/2024
6315,รถไฟระหว่างเมือง,แอร์พอร์ต เรล ลิงก์,A3,บ้านทับช้าง,3949,3815,2/29/2024
6316,รถไฟระหว่างเมือง,แอร์พอร์ต เรล ลิงก์,A4,หัวหมาก,6693,6614,2/29/2024
6317,รถไฟระหว่างเมือง,แอร์พอร์ต เรล ลิงก์,A5,รามคำแหง,6738,7339,2/29/2024
6318,รถไฟระหว่างเมือง,แอร์พอร์ต เรล ลิงก์,A6,มักกะสัน,13155,14185,2/29/2024
6319,รถไฟระหว่างเมือง,แอร์พอร์ต เรล ลิงก์,A7,ราชปรารภ,3898,4165,2/29/2024
6320,รถไฟระหว่างเมือง,แอร์พอร์ต เรล ลิงก์,A8,พญาไท,14799,15237,2/29/2024
6321,รถไฟระหว่างเมือง,แอร์พอร์ต เรล ลิงก์,A1,สุวรรณภูมิ,14759,12570,3/1/2024
6322,รถไฟระหว่างเมือง,แอร์พอร์ต เรล ลิงก์,A2,ลาดกระบัง,11486,11201,3/1/2024
6323,รถไฟระหว่างเมือง,แอร์พอร์ต เรล ลิงก์,A3,บ้านทับช้าง,4015,3929,3/1/2024
6324,รถไฟระหว่างเมือง,แอร์พอร์ต เรล ลิงก์,A4,หัวหมาก,6856,6573,3/1/2024
6325,รถไฟระหว่างเมือง,แอร์พอร์ต เรล ลิงก์,A5,รามคำแหง,6971,7500,3/1/2024
6326,รถไฟระหว่างเมือง,แอร์พอร์ต เรล ลิงก์,A6,มักกะสัน,13481,14561,3/1/2024
6327,รถไฟระหว่างเมือง,แอร์พอร์ต เรล ลิงก์,A7,ราชปรารภ,4003,4400,3/1/2024
6328,รถไฟระหว่างเมือง,แอร์พอร์ต เรล ลิงก์,A8,พญาไท,15475,16312,3/1/2024
6329,รถไฟระหว่างเมือง,แอร์พอร์ต เรล ลิงก์,A1,สุวรรณภูมิ,12709,10786,3/2/2024
6330,รถไฟระหว่างเมือง,แอร์พอร์ต เรล ลิงก์,A2,ลาดกระบัง,8686,8544,3/2/2024
6331,รถไฟระหว่างเมือง,แอร์พอร์ต เรล ลิงก์,A3,บ้านทับช้าง,2147,2073,3/2/2024
6332,รถไฟระหว่างเมือง,แอร์พอร์ต เรล ลิงก์,A4,หัวหมาก,4530,4376,3/2/2024
6333,รถไฟระหว่างเมือง,แอร์พอร์ต เรล ลิงก์,A5,รามคำแหง,4638,4817,3/2/2024
6334,รถไฟระหว่างเมือง,แอร์พอร์ต เรล ลิงก์,A6,มักกะสัน,9223,10174,3/2/2024
6335,รถไฟระหว่างเมือง,แอร์พอร์ต เรล ลิงก์,A7,ราชปรารภ,3405,3591,3/2/2024
6336,รถไฟระหว่างเมือง,แอร์พอร์ต เรล ลิงก์,A8,พญาไท,11292,12269,3/2/2024
6337,รถไฟระหว่างเมือง,แอร์พอร์ต เรล ลิงก์,A1,สุวรรณภูมิ,12326,11183,3/3/2024
6338,รถไฟระหว่างเมือง,แอร์พอร์ต เรล ลิงก์,A2,ลาดกระบัง,7881,7946,3/3/2024
6339,รถไฟระหว่างเมือง,แอร์พอร์ต เรล ลิงก์,A3,บ้านทับช้าง,1784,1607,3/3/2024
6340,รถไฟระหว่างเมือง,แอร์พอร์ต เรล ลิงก์,A4,หัวหมาก,3836,3836,3/3/2024
6341,รถไฟระหว่างเมือง,แอร์พอร์ต เรล ลิงก์,A5,รามคำแหง,4090,4423,3/3/2024
6342,รถไฟระหว่างเมือง,แอร์พอร์ต เรล ลิงก์,A6,มักกะสัน,8472,8916,3/3/2024
6343,รถไฟระหว่างเมือง,แอร์พอร์ต เรล ลิงก์,A7,ราชปรารภ,3428,3144,3/3/2024
6344,รถไฟระหว่างเมือง,แอร์พอร์ต เรล ลิงก์,A8,พญาไท,10267,11029,3/3/2024
6345,รถไฟระหว่างเมือง,แอร์พอร์ต เรล ลิงก์,A1,สุวรรณภูมิ,13452,12289,3/4/2024
6346,รถไฟระหว่างเมือง,แอร์พอร์ต เรล ลิงก์,A2,ลาดกระบัง,10793,10478,3/4/2024
6347,รถไฟระหว่างเมือง,แอร์พอร์ต เรล ลิงก์,A3,บ้านทับช้าง,3811,3780,3/4/2024
6348,รถไฟระหว่างเมือง,แอร์พอร์ต เรล ลิงก์,A4,หัวหมาก,6380,6239,3/4/2024
6349,รถไฟระหว่างเมือง,แอร์พอร์ต เรล ลิงก์,A5,รามคำแหง,6319,6680,3/4/2024
6350,รถไฟระหว่างเมือง,แอร์พอร์ต เรล ลิงก์,A6,มักกะสัน,12126,13033,3/4/2024
6351,รถไฟระหว่างเมือง,แอร์พอร์ต เรล ลิงก์,A7,ราชปรารภ,3840,3958,3/4/2024
6352,รถไฟระหว่างเมือง,แอร์พอร์ต เรล ลิงก์,A8,พญาไท,14414,14678,3/4/2024
6353,รถไฟระหว่างเมือง,แอร์พอร์ต เรล ลิงก์,A1,สุวรรณภูมิ,13422,12146,3/5/2024
6354,รถไฟระหว่างเมือง,แอร์พอร์ต เรล ลิงก์,A2,ลาดกระบัง,10557,10360,3/5/2024
6355,รถไฟระหว่างเมือง,แอร์พอร์ต เรล ลิงก์,A3,บ้านทับช้าง,3954,3762,3/5/2024
6356,รถไฟระหว่างเมือง,แอร์พอร์ต เรล ลิงก์,A4,หัวหมาก,6513,6413,3/5/2024
6357,รถไฟระหว่างเมือง,แอร์พอร์ต เรล ลิงก์,A5,รามคำแหง,6435,6849,3/5/2024
6358,รถไฟระหว่างเมือง,แอร์พอร์ต เรล ลิงก์,A6,มักกะสัน,12192,13245,3/5/2024
6359,รถไฟระหว่างเมือง,แอร์พอร์ต เรล ลิงก์,A7,ราชปรารภ,3824,3954,3/5/2024
6360,รถไฟระหว่างเมือง,แอร์พอร์ต เรล ลิงก์,A8,พญาไท,14518,14686,3/5/2024
6361,รถไฟระหว่างเมือง,แอร์พอร์ต เรล ลิงก์,A1,สุวรรณภูมิ,13579,12052,3/6/2024
6362,รถไฟระหว่างเมือง,แอร์พอร์ต เรล ลิงก์,A2,ลาดกระบัง,10516,10428,3/6/2024
6363,รถไฟระหว่างเมือง,แอร์พอร์ต เรล ลิงก์,A3,บ้านทับช้าง,3977,3875,3/6/2024
6364,รถไฟระหว่างเมือง,แอร์พอร์ต เรล ลิงก์,A4,หัวหมาก,6423,6206,3/6/2024
6365,รถไฟระหว่างเมือง,แอร์พอร์ต เรล ลิงก์,A5,รามคำแหง,6758,7198,3/6/2024
6366,รถไฟระหว่างเมือง,แอร์พอร์ต เรล ลิงก์,A6,มักกะสัน,12440,13292,3/6/2024
6367,รถไฟระหว่างเมือง,แอร์พอร์ต เรล ลิงก์,A7,ราชปรารภ,3589,3889,3/6/2024
6368,รถไฟระหว่างเมือง,แอร์พอร์ต เรล ลิงก์,A8,พญาไท,14479,14821,3/6/2024
6369,รถไฟระหว่างเมือง,แอร์พอร์ต เรล ลิงก์,A1,สุวรรณภูมิ,13821,11858,3/7/2024
6370,รถไฟระหว่างเมือง,แอร์พอร์ต เรล ลิงก์,A2,ลาดกระบัง,10313,10123,3/7/2024
6371,รถไฟระหว่างเมือง,แอร์พอร์ต เรล ลิงก์,A3,บ้านทับช้าง,3933,3753,3/7/2024
6372,รถไฟระหว่างเมือง,แอร์พอร์ต เรล ลิงก์,A4,หัวหมาก,6330,6145,3/7/2024
6373,รถไฟระหว่างเมือง,แอร์พอร์ต เรล ลิงก์,A5,รามคำแหง,6465,7028,3/7/2024
6374,รถไฟระหว่างเมือง,แอร์พอร์ต เรล ลิงก์,A6,มักกะสัน,12209,13222,3/7/2024
6375,รถไฟระหว่างเมือง,แอร์พอร์ต เรล ลิงก์,A7,ราชปรารภ,3826,4260,3/7/2024
6376,รถไฟระหว่างเมือง,แอร์พอร์ต เรล ลิงก์,A8,พญาไท,14163,14671,3/7/2024
6377,รถไฟระหว่างเมือง,แอร์พอร์ต เรล ลิงก์,A1,สุวรรณภูมิ,14638,12059,3/8/2024
6378,รถไฟระหว่างเมือง,แอร์พอร์ต เรล ลิงก์,A2,ลาดกระบัง,11085,10779,3/8/2024
6379,รถไฟระหว่างเมือง,แอร์พอร์ต เรล ลิงก์,A3,บ้านทับช้าง,3781,3682,3/8/2024
6380,รถไฟระหว่างเมือง,แอร์พอร์ต เรล ลิงก์,A4,หัวหมาก,6486,6262,3/8/2024
6381,รถไฟระหว่างเมือง,แอร์พอร์ต เรล ลิงก์,A5,รามคำแหง,6610,7099,3/8/2024
6382,รถไฟระหว่างเมือง,แอร์พอร์ต เรล ลิงก์,A6,มักกะสัน,12298,13743,3/8/2024
6383,รถไฟระหว่างเมือง,แอร์พอร์ต เรล ลิงก์,A7,ราชปรารภ,4111,4176,3/8/2024
6384,รถไฟระหว่างเมือง,แอร์พอร์ต เรล ลิงก์,A8,พญาไท,14861,16070,3/8/2024
6385,รถไฟระหว่างเมือง,แอร์พอร์ต เรล ลิงก์,A1,สุวรรณภูมิ,12766,10559,3/9/2024
6386,รถไฟระหว่างเมือง,แอร์พอร์ต เรล ลิงก์,A2,ลาดกระบัง,7670,7851,3/9/2024
6387,รถไฟระหว่างเมือง,แอร์พอร์ต เรล ลิงก์,A3,บ้านทับช้าง,1919,1905,3/9/2024
6388,รถไฟระหว่างเมือง,แอร์พอร์ต เรล ลิงก์,A4,หัวหมาก,4205,4173,3/9/2024
6389,รถไฟระหว่างเมือง,แอร์พอร์ต เรล ลิงก์,A5,รามคำแหง,4432,4655,3/9/2024
6390,รถไฟระหว่างเมือง,แอร์พอร์ต เรล ลิงก์,A6,มักกะสัน,8398,9048,3/9/2024
6391,รถไฟระหว่างเมือง,แอร์พอร์ต เรล ลิงก์,A7,ราชปรารภ,3403,3454,3/9/2024
6392,รถไฟระหว่างเมือง,แอร์พอร์ต เรล ลิงก์,A8,พญาไท,10767,11915,3/9/2024
6393,รถไฟระหว่างเมือง,แอร์พอร์ต เรล ลิงก์,A1,สุวรรณภูมิ,12180,10918,3/10/2024
6394,รถไฟระหว่างเมือง,แอร์พอร์ต เรล ลิงก์,A2,ลาดกระบัง,7050,7279,3/10/2024
6395,รถไฟระหว่างเมือง,แอร์พอร์ต เรล ลิงก์,A3,บ้านทับช้าง,1650,1545,3/10/2024
6396,รถไฟระหว่างเมือง,แอร์พอร์ต เรล ลิงก์,A4,หัวหมาก,3623,3756,3/10/2024
6397,รถไฟระหว่างเมือง,แอร์พอร์ต เรล ลิงก์,A5,รามคำแหง,3767,3979,3/10/2024
6398,รถไฟระหว่างเมือง,แอร์พอร์ต เรล ลิงก์,A6,มักกะสัน,7239,7858,3/10/2024
6399,รถไฟระหว่างเมือง,แอร์พอร์ต เรล ลิงก์,A7,ราชปรารภ,3295,3056,3/10/2024
6400,รถไฟระหว่างเมือง,แอร์พอร์ต เรล ลิงก์,A8,พญาไท,10158,10571,3/10/2024
6401,รถไฟระหว่างเมือง,แอร์พอร์ต เรล ลิงก์,A1,สุวรรณภูมิ,12830,12022,3/11/2024
6402,รถไฟระหว่างเมือง,แอร์พอร์ต เรล ลิงก์,A2,ลาดกระบัง,10387,9979,3/11/2024
6403,รถไฟระหว่างเมือง,แอร์พอร์ต เรล ลิงก์,A3,บ้านทับช้าง,3774,3734,3/11/2024
6404,รถไฟระหว่างเมือง,แอร์พอร์ต เรล ลิงก์,A4,หัวหมาก,6155,6122,3/11/2024
6405,รถไฟระหว่างเมือง,แอร์พอร์ต เรล ลิงก์,A5,รามคำแหง,5972,6331,3/11/2024
6406,รถไฟระหว่างเมือง,แอร์พอร์ต เรล ลิงก์,A6,มักกะสัน,11987,12529,3/11/2024
6407,รถไฟระหว่างเมือง,แอร์พอร์ต เรล ลิงก์,A7,ราชปรารภ,3665,3871,3/11/2024
6408,รถไฟระหว่างเมือง,แอร์พอร์ต เรล ลิงก์,A8,พญาไท,13966,14148,3/11/2024
6409,รถไฟระหว่างเมือง,แอร์พอร์ต เรล ลิงก์,A1,สุวรรณภูมิ,12814,11600,3/12/2024
6410,รถไฟระหว่างเมือง,แอร์พอร์ต เรล ลิงก์,A2,ลาดกระบัง,10359,10027,3/12/2024
6411,รถไฟระหว่างเมือง,แอร์พอร์ต เรล ลิงก์,A3,บ้านทับช้าง,3870,3771,3/12/2024
6412,รถไฟระหว่างเมือง,แอร์พอร์ต เรล ลิงก์,A4,หัวหมาก,6325,6273,3/12/2024
6413,รถไฟระหว่างเมือง,แอร์พอร์ต เรล ลิงก์,A5,รามคำแหง,6145,6620,3/12/2024
6414,รถไฟระหว่างเมือง,แอร์พอร์ต เรล ลิงก์,A6,มักกะสัน,12259,12955,3/12/2024
6415,รถไฟระหว่างเมือง,แอร์พอร์ต เรล ลิงก์,A7,ราชปรารภ,3612,3740,3/12/2024
6416,รถไฟระหว่างเมือง,แอร์พอร์ต เรล ลิงก์,A8,พญาไท,13931,14329,3/12/2024
6417,รถไฟระหว่างเมือง,แอร์พอร์ต เรล ลิงก์,A1,สุวรรณภูมิ,12702,11507,3/13/2024
6418,รถไฟระหว่างเมือง,แอร์พอร์ต เรล ลิงก์,A2,ลาดกระบัง,10209,10058,3/13/2024
6419,รถไฟระหว่างเมือง,แอร์พอร์ต เรล ลิงก์,A3,บ้านทับช้าง,3928,3789,3/13/2024
6420,รถไฟระหว่างเมือง,แอร์พอร์ต เรล ลิงก์,A4,หัวหมาก,6361,6169,3/13/2024
6421,รถไฟระหว่างเมือง,แอร์พอร์ต เรล ลิงก์,A5,รามคำแหง,6317,6775,3/13/2024
6422,รถไฟระหว่างเมือง,แอร์พอร์ต เรล ลิงก์,A6,มักกะสัน,12312,12853,3/13/2024
6423,รถไฟระหว่างเมือง,แอร์พอร์ต เรล ลิงก์,A7,ราชปรารภ,3636,3661,3/13/2024
6424,รถไฟระหว่างเมือง,แอร์พอร์ต เรล ลิงก์,A8,พญาไท,13753,14406,3/13/2024
6425,รถไฟระหว่างเมือง,แอร์พอร์ต เรล ลิงก์,A1,สุวรรณภูมิ,13679,11348,3/14/2024
6426,รถไฟระหว่างเมือง,แอร์พอร์ต เรล ลิงก์,A2,ลาดกระบัง,10376,10102,3/14/2024
6427,รถไฟระหว่างเมือง,แอร์พอร์ต เรล ลิงก์,A3,บ้านทับช้าง,3771,3701,3/14/2024
6428,รถไฟระหว่างเมือง,แอร์พอร์ต เรล ลิงก์,A4,หัวหมาก,6258,6212,3/14/2024
6429,รถไฟระหว่างเมือง,แอร์พอร์ต เรล ลิงก์,A5,รามคำแหง,6362,6901,3/14/2024
6430,รถไฟระหว่างเมือง,แอร์พอร์ต เรล ลิงก์,A6,มักกะสัน,12086,13003,3/14/2024
6431,รถไฟระหว่างเมือง,แอร์พอร์ต เรล ลิงก์,A7,ราชปรารภ,3732,3914,3/14/2024
6432,รถไฟระหว่างเมือง,แอร์พอร์ต เรล ลิงก์,A8,พญาไท,13906,14989,3/14/2024
6433,รถไฟระหว่างเมือง,แอร์พอร์ต เรล ลิงก์,A1,สุวรรณภูมิ,14447,11888,3/15/2024
6434,รถไฟระหว่างเมือง,แอร์พอร์ต เรล ลิงก์,A2,ลาดกระบัง,10659,10749,3/15/2024
6435,รถไฟระหว่างเมือง,แอร์พอร์ต เรล ลิงก์,A3,บ้านทับช้าง,3766,3532,3/15/2024
6436,รถไฟระหว่างเมือง,แอร์พอร์ต เรล ลิงก์,A4,หัวหมาก,6355,6222,3/15/2024
6437,รถไฟระหว่างเมือง,แอร์พอร์ต เรล ลิงก์,A5,รามคำแหง,6491,7022,3/15/2024
6438,รถไฟระหว่างเมือง,แอร์พอร์ต เรล ลิงก์,A6,มักกะสัน,12470,13544,3/15/2024
6439,รถไฟระหว่างเมือง,แอร์พอร์ต เรล ลิงก์,A7,ราชปรารภ,3767,3972,3/15/2024
6440,รถไฟระหว่างเมือง,แอร์พอร์ต เรล ลิงก์,A8,พญาไท,14436,15462,3/15/2024
6441,รถไฟระหว่างเมือง,แอร์พอร์ต เรล ลิงก์,A1,สุวรรณภูมิ,12876,10507,3/16/2024
6442,รถไฟระหว่างเมือง,แอร์พอร์ต เรล ลิงก์,A2,ลาดกระบัง,7771,7798,3/16/2024
6443,รถไฟระหว่างเมือง,แอร์พอร์ต เรล ลิงก์,A3,บ้านทับช้าง,1845,1889,3/16/2024
6444,รถไฟระหว่างเมือง,แอร์พอร์ต เรล ลิงก์,A4,หัวหมาก,4279,4189,3/16/2024
6445,รถไฟระหว่างเมือง,แอร์พอร์ต เรล ลิงก์,A5,รามคำแหง,4464,4804,3/16/2024
6446,รถไฟระหว่างเมือง,แอร์พอร์ต เรล ลิงก์,A6,มักกะสัน,8356,9020,3/16/2024
6447,รถไฟระหว่างเมือง,แอร์พอร์ต เรล ลิงก์,A7,ราชปรารภ,3071,3329,3/16/2024
6448,รถไฟระหว่างเมือง,แอร์พอร์ต เรล ลิงก์,A8,พญาไท,10470,11596,3/16/2024
6449,รถไฟระหว่างเมือง,แอร์พอร์ต เรล ลิงก์,A1,สุวรรณภูมิ,12208,10623,3/17/2024
6450,รถไฟระหว่างเมือง,แอร์พอร์ต เรล ลิงก์,A2,ลาดกระบัง,7000,7007,3/17/2024
6451,รถไฟระหว่างเมือง,แอร์พอร์ต เรล ลิงก์,A3,บ้านทับช้าง,1586,1592,3/17/2024
6452,รถไฟระหว่างเมือง,แอร์พอร์ต เรล ลิงก์,A4,หัวหมาก,3537,3693,3/17/2024
6453,รถไฟระหว่างเมือง,แอร์พอร์ต เรล ลิงก์,A5,รามคำแหง,3813,4343,3/17/2024
6454,รถไฟระหว่างเมือง,แอร์พอร์ต เรล ลิงก์,A6,มักกะสัน,7634,8206,3/17/2024
6455,รถไฟระหว่างเมือง,แอร์พอร์ต เรล ลิงก์,A7,ราชปรารภ,2994,2862,3/17/2024
6456,รถไฟระหว่างเมือง,แอร์พอร์ต เรล ลิงก์,A8,พญาไท,9433,9879,3/17/2024
6457,รถไฟระหว่างเมือง,แอร์พอร์ต เรล ลิงก์,A1,สุวรรณภูมิ,13082,12048,3/18/2024
6458,รถไฟระหว่างเมือง,แอร์พอร์ต เรล ลิงก์,A2,ลาดกระบัง,10553,10266,3/18/2024
6459,รถไฟระหว่างเมือง,แอร์พอร์ต เรล ลิงก์,A3,บ้านทับช้าง,3834,3684,3/18/2024
6460,รถไฟระหว่างเมือง,แอร์พอร์ต เรล ลิงก์,A4,หัวหมาก,6370,6168,3/18/2024
6461,รถไฟระหว่างเมือง,แอร์พอร์ต เรล ลิงก์,A5,รามคำแหง,6422,7029,3/18/2024
6462,รถไฟระหว่างเมือง,แอร์พอร์ต เรล ลิงก์,A6,มักกะสัน,12217,13009,3/18/2024
6463,รถไฟระหว่างเมือง,แอร์พอร์ต เรล ลิงก์,A7,ราชปรารภ,3778,3820,3/18/2024
6464,รถไฟระหว่างเมือง,แอร์พอร์ต เรล ลิงก์,A8,พญาไท,14226,14458,3/18/2024
6465,รถไฟระหว่างเมือง,แอร์พอร์ต เรล ลิงก์,A1,สุวรรณภูมิ,12807,11409,3/19/2024
6466,รถไฟระหว่างเมือง,แอร์พอร์ต เรล ลิงก์,A2,ลาดกระบัง,10399,10042,3/19/2024
6467,รถไฟระหว่างเมือง,แอร์พอร์ต เรล ลิงก์,A3,บ้านทับช้าง,3745,3657,3/19/2024
6468,รถไฟระหว่างเมือง,แอร์พอร์ต เรล ลิงก์,A4,หัวหมาก,6299,6161,3/19/2024
6469,รถไฟระหว่างเมือง,แอร์พอร์ต เรล ลิงก์,A5,รามคำแหง,6401,6733,3/19/2024
6470,รถไฟระหว่างเมือง,แอร์พอร์ต เรล ลิงก์,A6,มักกะสัน,12123,13156,3/19/2024
6471,รถไฟระหว่างเมือง,แอร์พอร์ต เรล ลิงก์,A7,ราชปรารภ,3759,4023,3/19/2024
6472,รถไฟระหว่างเมือง,แอร์พอร์ต เรล ลิงก์,A8,พญาไท,13953,14305,3/19/2024
6473,รถไฟระหว่างเมือง,แอร์พอร์ต เรล ลิงก์,A1,สุวรรณภูมิ,13170,11256,3/20/2024
6474,รถไฟระหว่างเมือง,แอร์พอร์ต เรล ลิงก์,A2,ลาดกระบัง,10019,10066,3/20/2024
6475,รถไฟระหว่างเมือง,แอร์พอร์ต เรล ลิงก์,A3,บ้านทับช้าง,3840,3756,3/20/2024
6476,รถไฟระหว่างเมือง,แอร์พอร์ต เรล ลิงก์,A4,หัวหมาก,6350,5947,3/20/2024
6477,รถไฟระหว่างเมือง,แอร์พอร์ต เรล ลิงก์,A5,รามคำแหง,6720,6744,3/20/2024
6478,รถไฟระหว่างเมือง,แอร์พอร์ต เรล ลิงก์,A6,มักกะสัน,12439,13377,3/20/2024
6479,รถไฟระหว่างเมือง,แอร์พอร์ต เรล ลิงก์,A7,ราชปรารภ,3681,4077,3/20/2024
6480,รถไฟระหว่างเมือง,แอร์พอร์ต เรล ลิงก์,A8,พญาไท,13706,14702,3/20/2024
6481,รถไฟระหว่างเมือง,แอร์พอร์ต เรล ลิงก์,A1,สุวรรณภูมิ,14138,11720,3/21/2024
6482,รถไฟระหว่างเมือง,แอร์พอร์ต เรล ลิงก์,A2,ลาดกระบัง,10291,10051,3/21/2024
6483,รถไฟระหว่างเมือง,แอร์พอร์ต เรล ลิงก์,A3,บ้านทับช้าง,3754,3711,3/21/2024
6484,รถไฟระหว่างเมือง,แอร์พอร์ต เรล ลิงก์,A4,หัวหมาก,6379,6185,3/21/2024
6485,รถไฟระหว่างเมือง,แอร์พอร์ต เรล ลิงก์,A5,รามคำแหง,6381,6759,3/21/2024
6486,รถไฟระหว่างเมือง,แอร์พอร์ต เรล ลิงก์,A6,มักกะสัน,12363,13609,3/21/2024
6487,รถไฟระหว่างเมือง,แอร์พอร์ต เรล ลิงก์,A7,ราชปรารภ,3976,4144,3/21/2024
6488,รถไฟระหว่างเมือง,แอร์พอร์ต เรล ลิงก์,A8,พญาไท,13861,14964,3/21/2024
6489,รถไฟระหว่างเมือง,แอร์พอร์ต เรล ลิงก์,A1,สุวรรณภูมิ,14291,11950,3/22/2024
6490,รถไฟระหว่างเมือง,แอร์พอร์ต เรล ลิงก์,A2,ลาดกระบัง,10737,10529,3/22/2024
6491,รถไฟระหว่างเมือง,แอร์พอร์ต เรล ลิงก์,A3,บ้านทับช้าง,3674,3556,3/22/2024
6492,รถไฟระหว่างเมือง,แอร์พอร์ต เรล ลิงก์,A4,หัวหมาก,6453,6053,3/22/2024
6493,รถไฟระหว่างเมือง,แอร์พอร์ต เรล ลิงก์,A5,รามคำแหง,6369,6866,3/22/2024
6494,รถไฟระหว่างเมือง,แอร์พอร์ต เรล ลิงก์,A6,มักกะสัน,12561,13668,3/22/2024
6495,รถไฟระหว่างเมือง,แอร์พอร์ต เรล ลิงก์,A7,ราชปรารภ,3814,4184,3/22/2024
6496,รถไฟระหว่างเมือง,แอร์พอร์ต เรล ลิงก์,A8,พญาไท,14497,15590,3/22/2024
6497,รถไฟระหว่างเมือง,แอร์พอร์ต เรล ลิงก์,A1,สุวรรณภูมิ,12548,10446,3/23/2024
6498,รถไฟระหว่างเมือง,แอร์พอร์ต เรล ลิงก์,A2,ลาดกระบัง,7363,7577,3/23/2024
6499,รถไฟระหว่างเมือง,แอร์พอร์ต เรล ลิงก์,A3,บ้านทับช้าง,1944,1869,3/23/2024
6500,รถไฟระหว่างเมือง,แอร์พอร์ต เรล ลิงก์,A4,หัวหมาก,4130,4120,3/23/2024
6501,รถไฟระหว่างเมือง,แอร์พอร์ต เรล ลิงก์,A5,รามคำแหง,4490,4768,3/23/2024
6502,รถไฟระหว่างเมือง,แอร์พอร์ต เรล ลิงก์,A6,มักกะสัน,8090,8789,3/23/2024
6503,รถไฟระหว่างเมือง,แอร์พอร์ต เรล ลิงก์,A7,ราชปรารภ,3349,3409,3/23/2024
6504,รถไฟระหว่างเมือง,แอร์พอร์ต เรล ลิงก์,A8,พญาไท,10577,11513,3/23/2024
6505,รถไฟระหว่างเมือง,แอร์พอร์ต เรล ลิงก์,A1,สุวรรณภูมิ,11742,10546,3/24/2024
6506,รถไฟระหว่างเมือง,แอร์พอร์ต เรล ลิงก์,A2,ลาดกระบัง,6825,6525,3/24/2024
6507,รถไฟระหว่างเมือง,แอร์พอร์ต เรล ลิงก์,A3,บ้านทับช้าง,1553,1570,3/24/2024
6508,รถไฟระหว่างเมือง,แอร์พอร์ต เรล ลิงก์,A4,หัวหมาก,3486,3632,3/24/2024
6509,รถไฟระหว่างเมือง,แอร์พอร์ต เรล ลิงก์,A5,รามคำแหง,3855,4295,3/24/2024
6510,รถไฟระหว่างเมือง,แอร์พอร์ต เรล ลิงก์,A6,มักกะสัน,7198,7679,3/24/2024
6511,รถไฟระหว่างเมือง,แอร์พอร์ต เรล ลิงก์,A7,ราชปรารภ,3080,2982,3/24/2024
6512,รถไฟระหว่างเมือง,แอร์พอร์ต เรล ลิงก์,A8,พญาไท,9415,9925,3/24/2024
6513,รถไฟระหว่างเมือง,แอร์พอร์ต เรล ลิงก์,A1,สุวรรณภูมิ,13072,12242,3/25/2024
6514,รถไฟระหว่างเมือง,แอร์พอร์ต เรล ลิงก์,A2,ลาดกระบัง,10596,10171,3/25/2024
6515,รถไฟระหว่างเมือง,แอร์พอร์ต เรล ลิงก์,A3,บ้านทับช้าง,3775,3634,3/25/2024
6516,รถไฟระหว่างเมือง,แอร์พอร์ต เรล ลิงก์,A4,หัวหมาก,6398,6336,3/25/2024
6517,รถไฟระหว่างเมือง,แอร์พอร์ต เรล ลิงก์,A5,รามคำแหง,6629,7050,3/25/2024
6518,รถไฟระหว่างเมือง,แอร์พอร์ต เรล ลิงก์,A6,มักกะสัน,12239,12752,3/25/2024
6519,รถไฟระหว่างเมือง,แอร์พอร์ต เรล ลิงก์,A7,ราชปรารภ,3791,3838,3/25/2024
6520,รถไฟระหว่างเมือง,แอร์พอร์ต เรล ลิงก์,A8,พญาไท,14372,14849,3/25/2024
6521,รถไฟระหว่างเมือง,แอร์พอร์ต เรล ลิงก์,A1,สุวรรณภูมิ,13661,12215,3/26/2024
6522,รถไฟระหว่างเมือง,แอร์พอร์ต เรล ลิงก์,A2,ลาดกระบัง,10888,10784,3/26/2024
6523,รถไฟระหว่างเมือง,แอร์พอร์ต เรล ลิงก์,A3,บ้านทับช้าง,3873,3889,3/26/2024
6524,รถไฟระหว่างเมือง,แอร์พอร์ต เรล ลิงก์,A4,หัวหมาก,7171,7816,3/26/2024
6525,รถไฟระหว่างเมือง,แอร์พอร์ต เรล ลิงก์,A5,รามคำแหง,9056,10043,3/26/2024
6526,รถไฟระหว่างเมือง,แอร์พอร์ต เรล ลิงก์,A6,มักกะสัน,13875,14399,3/26/2024
6527,รถไฟระหว่างเมือง,แอร์พอร์ต เรล ลิงก์,A7,ราชปรารภ,4009,3956,3/26/2024
6528,รถไฟระหว่างเมือง,แอร์พอร์ต เรล ลิงก์,A8,พญาไท,16819,16250,3/26/2024
6529,รถไฟระหว่างเมือง,แอร์พอร์ต เรล ลิงก์,A1,สุวรรณภูมิ,13615,11806,3/27/2024
6530,รถไฟระหว่างเมือง,แอร์พอร์ต เรล ลิงก์,A2,ลาดกระบัง,10536,10238,3/27/2024
6531,รถไฟระหว่างเมือง,แอร์พอร์ต เรล ลิงก์,A3,บ้านทับช้าง,3910,3795,3/27/2024
6532,รถไฟระหว่างเมือง,แอร์พอร์ต เรล ลิงก์,A4,หัวหมาก,6486,6238,3/27/2024
6533,รถไฟระหว่างเมือง,แอร์พอร์ต เรล ลิงก์,A5,รามคำแหง,6435,6573,3/27/2024
6534,รถไฟระหว่างเมือง,แอร์พอร์ต เรล ลิงก์,A6,มักกะสัน,12110,13182,3/27/2024
6535,รถไฟระหว่างเมือง,แอร์พอร์ต เรล ลิงก์,A7,ราชปรารภ,3846,4171,3/27/2024
6536,รถไฟระหว่างเมือง,แอร์พอร์ต เรล ลิงก์,A8,พญาไท,14231,15166,3/27/2024
6537,รถไฟระหว่างเมือง,แอร์พอร์ต เรล ลิงก์,A1,สุวรรณภูมิ,13779,11780,3/28/2024
6538,รถไฟระหว่างเมือง,แอร์พอร์ต เรล ลิงก์,A2,ลาดกระบัง,10931,10511,3/28/2024
6539,รถไฟระหว่างเมือง,แอร์พอร์ต เรล ลิงก์,A3,บ้านทับช้าง,3865,3786,3/28/2024
6540,รถไฟระหว่างเมือง,แอร์พอร์ต เรล ลิงก์,A4,หัวหมาก,6615,6642,3/28/2024
6541,รถไฟระหว่างเมือง,แอร์พอร์ต เรล ลิงก์,A5,รามคำแหง,6306,6736,3/28/2024
6542,รถไฟระหว่างเมือง,แอร์พอร์ต เรล ลิงก์,A6,มักกะสัน,13201,14008,3/28/2024
6543,รถไฟระหว่างเมือง,แอร์พอร์ต เรล ลิงก์,A7,ราชปรารภ,3882,4136,3/28/2024
6544,รถไฟระหว่างเมือง,แอร์พอร์ต เรล ลิงก์,A8,พญาไท,14323,15303,3/28/2024
6545,รถไฟระหว่างเมือง,แอร์พอร์ต เรล ลิงก์,A1,สุวรรณภูมิ,15074,11952,3/29/2024
6546,รถไฟระหว่างเมือง,แอร์พอร์ต เรล ลิงก์,A2,ลาดกระบัง,11436,11500,3/29/2024
6547,รถไฟระหว่างเมือง,แอร์พอร์ต เรล ลิงก์,A3,บ้านทับช้าง,3940,3721,3/29/2024
6548,รถไฟระหว่างเมือง,แอร์พอร์ต เรล ลิงก์,A4,หัวหมาก,6920,6827,3/29/2024
6549,รถไฟระหว่างเมือง,แอร์พอร์ต เรล ลิงก์,A5,รามคำแหง,6616,7196,3/29/2024
6550,รถไฟระหว่างเมือง,แอร์พอร์ต เรล ลิงก์,A6,มักกะสัน,13653,14944,3/29/2024
6551,รถไฟระหว่างเมือง,แอร์พอร์ต เรล ลิงก์,A7,ราชปรารภ,4138,4420,3/29/2024
6552,รถไฟระหว่างเมือง,แอร์พอร์ต เรล ลิงก์,A8,พญาไท,15354,16571,3/29/2024
6553,รถไฟระหว่างเมือง,แอร์พอร์ต เรล ลิงก์,A1,สุวรรณภูมิ,13574,11184,3/30/2024
6554,รถไฟระหว่างเมือง,แอร์พอร์ต เรล ลิงก์,A2,ลาดกระบัง,9707,9493,3/30/2024
6555,รถไฟระหว่างเมือง,แอร์พอร์ต เรล ลิงก์,A3,บ้านทับช้าง,2109,2079,3/30/2024
6556,รถไฟระหว่างเมือง,แอร์พอร์ต เรล ลิงก์,A4,หัวหมาก,6165,7024,3/30/2024
6557,รถไฟระหว่างเมือง,แอร์พอร์ต เรล ลิงก์,A5,รามคำแหง,6469,7923,3/30/2024
6558,รถไฟระหว่างเมือง,แอร์พอร์ต เรล ลิงก์,A6,มักกะสัน,11242,11745,3/30/2024
6559,รถไฟระหว่างเมือง,แอร์พอร์ต เรล ลิงก์,A7,ราชปรารภ,3901,3795,3/30/2024
6560,รถไฟระหว่างเมือง,แอร์พอร์ต เรล ลิงก์,A8,พญาไท,14886,14810,3/30/2024
6561,รถไฟระหว่างเมือง,แอร์พอร์ต เรล ลิงก์,A1,สุวรรณภูมิ,12507,11769,3/31/2024
6562,รถไฟระหว่างเมือง,แอร์พอร์ต เรล ลิงก์,A2,ลาดกระบัง,8519,8373,3/31/2024
6563,รถไฟระหว่างเมือง,แอร์พอร์ต เรล ลิงก์,A3,บ้านทับช้าง,1879,1832,3/31/2024
6564,รถไฟระหว่างเมือง,แอร์พอร์ต เรล ลิงก์,A4,หัวหมาก,5017,5253,3/31/2024
6565,รถไฟระหว่างเมือง,แอร์พอร์ต เรล ลิงก์,A5,รามคำแหง,5562,6081,3/31/2024
6566,รถไฟระหว่างเมือง,แอร์พอร์ต เรล ลิงก์,A6,มักกะสัน,9849,10084,3/31/2024
6567,รถไฟระหว่างเมือง,แอร์พอร์ต เรล ลิงก์,A7,ราชปรารภ,3685,3454,3/31/2024
6568,รถไฟระหว่างเมือง,แอร์พอร์ต เรล ลิงก์,A8,พญาไท,12487,12659,3/31/2024
6569,รถไฟระหว่างเมือง,แอร์พอร์ต เรล ลิงก์,A1,สุวรรณภูมิ,13352,13123,4/1/2024
6570,รถไฟระหว่างเมือง,แอร์พอร์ต เรล ลิงก์,A2,ลาดกระบัง,11153,10823,4/1/2024
6571,รถไฟระหว่างเมือง,แอร์พอร์ต เรล ลิงก์,A3,บ้านทับช้าง,3826,3772,4/1/2024
6572,รถไฟระหว่างเมือง,แอร์พอร์ต เรล ลิงก์,A4,หัวหมาก,6752,6449,4/1/2024
6573,รถไฟระหว่างเมือง,แอร์พอร์ต เรล ลิงก์,A5,รามคำแหง,6787,6737,4/1/2024
6574,รถไฟระหว่างเมือง,แอร์พอร์ต เรล ลิงก์,A6,มักกะสัน,13395,14394,4/1/2024
6575,รถไฟระหว่างเมือง,แอร์พอร์ต เรล ลิงก์,A7,ราชปรารภ,4011,4184,4/1/2024
6576,รถไฟระหว่างเมือง,แอร์พอร์ต เรล ลิงก์,A8,พญาไท,15320,15114,4/1/2024
6577,รถไฟระหว่างเมือง,แอร์พอร์ต เรล ลิงก์,A1,สุวรรณภูมิ,12852,11984,4/2/2024
6578,รถไฟระหว่างเมือง,แอร์พอร์ต เรล ลิงก์,A2,ลาดกระบัง,11004,10542,4/2/2024
6579,รถไฟระหว่างเมือง,แอร์พอร์ต เรล ลิงก์,A3,บ้านทับช้าง,3852,3821,4/2/2024
6580,รถไฟระหว่างเมือง,แอร์พอร์ต เรล ลิงก์,A4,หัวหมาก,6672,6599,4/2/2024
6581,รถไฟระหว่างเมือง,แอร์พอร์ต เรล ลิงก์,A5,รามคำแหง,6303,6668,4/2/2024
6582,รถไฟระหว่างเมือง,แอร์พอร์ต เรล ลิงก์,A6,มักกะสัน,12957,13884,4/2/2024
6583,รถไฟระหว่างเมือง,แอร์พอร์ต เรล ลิงก์,A7,ราชปรารภ,3822,3948,4/2/2024
6584,รถไฟระหว่างเมือง,แอร์พอร์ต เรล ลิงก์,A8,พญาไท,14533,14549,4/2/2024
6585,รถไฟระหว่างเมือง,แอร์พอร์ต เรล ลิงก์,A1,สุวรรณภูมิ,13126,11995,4/3/2024
6586,รถไฟระหว่างเมือง,แอร์พอร์ต เรล ลิงก์,A2,ลาดกระบัง,10938,10632,4/3/2024
6587,รถไฟระหว่างเมือง,แอร์พอร์ต เรล ลิงก์,A3,บ้านทับช้าง,3857,3766,4/3/2024
6588,รถไฟระหว่างเมือง,แอร์พอร์ต เรล ลิงก์,A4,หัวหมาก,6626,6462,4/3/2024
6589,รถไฟระหว่างเมือง,แอร์พอร์ต เรล ลิงก์,A5,รามคำแหง,6277,6598,4/3/2024
6590,รถไฟระหว่างเมือง,แอร์พอร์ต เรล ลิงก์,A6,มักกะสัน,12955,13621,4/3/2024
6591,รถไฟระหว่างเมือง,แอร์พอร์ต เรล ลิงก์,A7,ราชปรารภ,3876,3978,4/3/2024
6592,รถไฟระหว่างเมือง,แอร์พอร์ต เรล ลิงก์,A8,พญาไท,14116,14719,4/3/2024
6593,รถไฟระหว่างเมือง,แอร์พอร์ต เรล ลิงก์,A1,สุวรรณภูมิ,13904,11894,4/4/2024
6594,รถไฟระหว่างเมือง,แอร์พอร์ต เรล ลิงก์,A2,ลาดกระบัง,10819,10487,4/4/2024
6595,รถไฟระหว่างเมือง,แอร์พอร์ต เรล ลิงก์,A3,บ้านทับช้าง,3816,3664,4/4/2024
6596,รถไฟระหว่างเมือง,แอร์พอร์ต เรล ลิงก์,A4,หัวหมาก,6585,6318,4/4/2024
6597,รถไฟระหว่างเมือง,แอร์พอร์ต เรล ลิงก์,A5,รามคำแหง,6136,6249,4/4/2024
6598,รถไฟระหว่างเมือง,แอร์พอร์ต เรล ลิงก์,A6,มักกะสัน,12536,13884,4/4/2024
6599,รถไฟระหว่างเมือง,แอร์พอร์ต เรล ลิงก์,A7,ราชปรารภ,3728,4008,4/4/2024
6600,รถไฟระหว่างเมือง,แอร์พอร์ต เรล ลิงก์,A8,พญาไท,14110,15130,4/4/2024
6601,รถไฟระหว่างเมือง,แอร์พอร์ต เรล ลิงก์,A1,สุวรรณภูมิ,13964,12501,4/5/2024
6602,รถไฟระหว่างเมือง,แอร์พอร์ต เรล ลิงก์,A2,ลาดกระบัง,11151,11004,4/5/2024
6603,รถไฟระหว่างเมือง,แอร์พอร์ต เรล ลิงก์,A3,บ้านทับช้าง,3801,3667,4/5/2024
6604,รถไฟระหว่างเมือง,แอร์พอร์ต เรล ลิงก์,A4,หัวหมาก,6575,6425,4/5/2024
6605,รถไฟระหว่างเมือง,แอร์พอร์ต เรล ลิงก์,A5,รามคำแหง,6222,6359,4/5/2024
6606,รถไฟระหว่างเมือง,แอร์พอร์ต เรล ลิงก์,A6,มักกะสัน,12943,13979,4/5/2024
6607,รถไฟระหว่างเมือง,แอร์พอร์ต เรล ลิงก์,A7,ราชปรารภ,3792,3978,4/5/2024
6608,รถไฟระหว่างเมือง,แอร์พอร์ต เรล ลิงก์,A8,พญาไท,14864,15399,4/5/2024
6609,รถไฟระหว่างเมือง,แอร์พอร์ต เรล ลิงก์,A1,สุวรรณภูมิ,12040,11408,4/6/2024
6610,รถไฟระหว่างเมือง,แอร์พอร์ต เรล ลิงก์,A2,ลาดกระบัง,8005,8086,4/6/2024
6611,รถไฟระหว่างเมือง,แอร์พอร์ต เรล ลิงก์,A3,บ้านทับช้าง,1920,1787,4/6/2024
6612,รถไฟระหว่างเมือง,แอร์พอร์ต เรล ลิงก์,A4,หัวหมาก,4260,4193,4/6/2024
6613,รถไฟระหว่างเมือง,แอร์พอร์ต เรล ลิงก์,A5,รามคำแหง,4041,4260,4/6/2024
6614,รถไฟระหว่างเมือง,แอร์พอร์ต เรล ลิงก์,A6,มักกะสัน,8378,8967,4/6/2024
6615,รถไฟระหว่างเมือง,แอร์พอร์ต เรล ลิงก์,A7,ราชปรารภ,3455,3316,4/6/2024
6616,รถไฟระหว่างเมือง,แอร์พอร์ต เรล ลิงก์,A8,พญาไท,11050,11132,4/6/2024
6617,รถไฟระหว่างเมือง,แอร์พอร์ต เรล ลิงก์,A1,สุวรรณภูมิ,11204,10651,4/7/2024
6618,รถไฟระหว่างเมือง,แอร์พอร์ต เรล ลิงก์,A2,ลาดกระบัง,7188,7143,4/7/2024
6619,รถไฟระหว่างเมือง,แอร์พอร์ต เรล ลิงก์,A3,บ้านทับช้าง,1660,1602,4/7/2024
6620,รถไฟระหว่างเมือง,แอร์พอร์ต เรล ลิงก์,A4,หัวหมาก,3600,3698,4/7/2024
6621,รถไฟระหว่างเมือง,แอร์พอร์ต เรล ลิงก์,A5,รามคำแหง,3667,4009,4/7/2024
6622,รถไฟระหว่างเมือง,แอร์พอร์ต เรล ลิงก์,A6,มักกะสัน,7369,7755,4/7/2024
6623,รถไฟระหว่างเมือง,แอร์พอร์ต เรล ลิงก์,A7,ราชปรารภ,3287,3121,4/7/2024
6624,รถไฟระหว่างเมือง,แอร์พอร์ต เรล ลิงก์,A8,พญาไท,9662,9658,4/7/2024
6625,รถไฟระหว่างเมือง,แอร์พอร์ต เรล ลิงก์,A1,สุวรรณภูมิ,11928,10469,4/8/2024
6626,รถไฟระหว่างเมือง,แอร์พอร์ต เรล ลิงก์,A2,ลาดกระบัง,7142,6761,4/8/2024
6627,รถไฟระหว่างเมือง,แอร์พอร์ต เรล ลิงก์,A3,บ้านทับช้าง,1796,1755,4/8/2024
6628,รถไฟระหว่างเมือง,แอร์พอร์ต เรล ลิงก์,A4,หัวหมาก,3749,3798,4/8/2024
6629,รถไฟระหว่างเมือง,แอร์พอร์ต เรล ลิงก์,A5,รามคำแหง,3857,4093,4/8/2024
6630,รถไฟระหว่างเมือง,แอร์พอร์ต เรล ลิงก์,A6,มักกะสัน,7315,8464,4/8/2024
6631,รถไฟระหว่างเมือง,แอร์พอร์ต เรล ลิงก์,A7,ราชปรารภ,3072,3091,4/8/2024
6632,รถไฟระหว่างเมือง,แอร์พอร์ต เรล ลิงก์,A8,พญาไท,9007,9435,4/8/2024
6633,รถไฟระหว่างเมือง,แอร์พอร์ต เรล ลิงก์,A1,สุวรรณภูมิ,12870,11503,4/9/2024
6634,รถไฟระหว่างเมือง,แอร์พอร์ต เรล ลิงก์,A2,ลาดกระบัง,10195,9882,4/9/2024
6635,รถไฟระหว่างเมือง,แอร์พอร์ต เรล ลิงก์,A3,บ้านทับช้าง,3658,3530,4/9/2024
6636,รถไฟระหว่างเมือง,แอร์พอร์ต เรล ลิงก์,A4,หัวหมาก,6013,5856,4/9/2024
6637,รถไฟระหว่างเมือง,แอร์พอร์ต เรล ลิงก์,A5,รามคำแหง,5474,5908,4/9/2024
6638,รถไฟระหว่างเมือง,แอร์พอร์ต เรล ลิงก์,A6,มักกะสัน,11500,12428,4/9/2024
6639,รถไฟระหว่างเมือง,แอร์พอร์ต เรล ลิงก์,A7,ราชปรารภ,3574,3760,4/9/2024
6640,รถไฟระหว่างเมือง,แอร์พอร์ต เรล ลิงก์,A8,พญาไท,13383,13800,4/9/2024
6641,รถไฟระหว่างเมือง,แอร์พอร์ต เรล ลิงก์,A1,สุวรรณภูมิ,13099,11342,4/10/2024
6642,รถไฟระหว่างเมือง,แอร์พอร์ต เรล ลิงก์,A2,ลาดกระบัง,10066,9506,4/10/2024
6643,รถไฟระหว่างเมือง,แอร์พอร์ต เรล ลิงก์,A3,บ้านทับช้าง,3437,3353,4/10/2024
6644,รถไฟระหว่างเมือง,แอร์พอร์ต เรล ลิงก์,A4,หัวหมาก,5842,5543,4/10/2024
6645,รถไฟระหว่างเมือง,แอร์พอร์ต เรล ลิงก์,A5,รามคำแหง,5604,5748,4/10/2024
6646,รถไฟระหว่างเมือง,แอร์พอร์ต เรล ลิงก์,A6,มักกะสัน,10928,12154,4/10/2024
6647,รถไฟระหว่างเมือง,แอร์พอร์ต เรล ลิงก์,A7,ราชปรารภ,3560,4004,4/10/2024
6648,รถไฟระหว่างเมือง,แอร์พอร์ต เรล ลิงก์,A8,พญาไท,13029,13915,4/10/2024
6649,รถไฟระหว่างเมือง,แอร์พอร์ต เรล ลิงก์,A1,สุวรรณภูมิ,13847,11650,4/11/2024
6650,รถไฟระหว่างเมือง,แอร์พอร์ต เรล ลิงก์,A2,ลาดกระบัง,9854,9547,4/11/2024
6651,รถไฟระหว่างเมือง,แอร์พอร์ต เรล ลิงก์,A3,บ้านทับช้าง,3297,3233,4/11/2024
6652,รถไฟระหว่างเมือง,แอร์พอร์ต เรล ลิงก์,A4,หัวหมาก,5611,5299,4/11/2024
6653,รถไฟระหว่างเมือง,แอร์พอร์ต เรล ลิงก์,A5,รามคำแหง,5308,5601,4/11/2024
6654,รถไฟระหว่างเมือง,แอร์พอร์ต เรล ลิงก์,A6,มักกะสัน,10782,11858,4/11/2024
6655,รถไฟระหว่างเมือง,แอร์พอร์ต เรล ลิงก์,A7,ราชปรารภ,3651,3995,4/11/2024
6656,รถไฟระหว่างเมือง,แอร์พอร์ต เรล ลิงก์,A8,พญาไท,13266,14433,4/11/2024
6657,รถไฟระหว่างเมือง,แอร์พอร์ต เรล ลิงก์,A1,สุวรรณภูมิ,14165,11479,4/12/2024
6658,รถไฟระหว่างเมือง,แอร์พอร์ต เรล ลิงก์,A2,ลาดกระบัง,7949,7326,4/12/2024
6659,รถไฟระหว่างเมือง,แอร์พอร์ต เรล ลิงก์,A3,บ้านทับช้าง,2160,1978,4/12/2024
6660,รถไฟระหว่างเมือง,แอร์พอร์ต เรล ลิงก์,A4,หัวหมาก,4463,4064,4/12/2024
6661,รถไฟระหว่างเมือง,แอร์พอร์ต เรล ลิงก์,A5,รามคำแหง,4190,4095,4/12/2024
6662,รถไฟระหว่างเมือง,แอร์พอร์ต เรล ลิงก์,A6,มักกะสัน,7977,9798,4/12/2024
6663,รถไฟระหว่างเมือง,แอร์พอร์ต เรล ลิงก์,A7,ราชปรารภ,3045,3334,4/12/2024
6664,รถไฟระหว่างเมือง,แอร์พอร์ต เรล ลิงก์,A8,พญาไท,9845,11720,4/12/2024
6665,รถไฟระหว่างเมือง,แอร์พอร์ต เรล ลิงก์,A1,สุวรรณภูมิ,12111,10326,4/13/2024
6666,รถไฟระหว่างเมือง,แอร์พอร์ต เรล ลิงก์,A2,ลาดกระบัง,8998,8131,4/13/2024
6667,รถไฟระหว่างเมือง,แอร์พอร์ต เรล ลิงก์,A3,บ้านทับช้าง,1791,1605,4/13/2024
6668,รถไฟระหว่างเมือง,แอร์พอร์ต เรล ลิงก์,A4,หัวหมาก,4394,3934,4/13/2024
6669,รถไฟระหว่างเมือง,แอร์พอร์ต เรล ลิงก์,A5,รามคำแหง,4223,4259,4/13/2024
6670,รถไฟระหว่างเมือง,แอร์พอร์ต เรล ลิงก์,A6,มักกะสัน,7704,9261,4/13/2024
6671,รถไฟระหว่างเมือง,แอร์พอร์ต เรล ลิงก์,A7,ราชปรารภ,3481,3572,4/13/2024
6672,รถไฟระหว่างเมือง,แอร์พอร์ต เรล ลิงก์,A8,พญาไท,11291,12905,4/13/2024
6673,รถไฟระหว่างเมือง,แอร์พอร์ต เรล ลิงก์,A1,สุวรรณภูมิ,11296,9460,4/14/2024
6674,รถไฟระหว่างเมือง,แอร์พอร์ต เรล ลิงก์,A2,ลาดกระบัง,9238,9097,4/14/2024
6675,รถไฟระหว่างเมือง,แอร์พอร์ต เรล ลิงก์,A3,บ้านทับช้าง,1847,1699,4/14/2024
6676,รถไฟระหว่างเมือง,แอร์พอร์ต เรล ลิงก์,A4,หัวหมาก,4224,4039,4/14/2024
6677,รถไฟระหว่างเมือง,แอร์พอร์ต เรล ลิงก์,A5,รามคำแหง,4172,4378,4/14/2024
6678,รถไฟระหว่างเมือง,แอร์พอร์ต เรล ลิงก์,A6,มักกะสัน,7537,8993,4/14/2024
6679,รถไฟระหว่างเมือง,แอร์พอร์ต เรล ลิงก์,A7,ราชปรารภ,4458,4115,4/14/2024
6680,รถไฟระหว่างเมือง,แอร์พอร์ต เรล ลิงก์,A8,พญาไท,11860,12851,4/14/2024
6681,รถไฟระหว่างเมือง,แอร์พอร์ต เรล ลิงก์,A1,สุวรรณภูมิ,11310,9875,4/15/2024
6682,รถไฟระหว่างเมือง,แอร์พอร์ต เรล ลิงก์,A2,ลาดกระบัง,8814,8673,4/15/2024
6683,รถไฟระหว่างเมือง,แอร์พอร์ต เรล ลิงก์,A3,บ้านทับช้าง,1750,1675,4/15/2024
6684,รถไฟระหว่างเมือง,แอร์พอร์ต เรล ลิงก์,A4,หัวหมาก,4194,3904,4/15/2024
6685,รถไฟระหว่างเมือง,แอร์พอร์ต เรล ลิงก์,A5,รามคำแหง,4057,4485,4/15/2024
6686,รถไฟระหว่างเมือง,แอร์พอร์ต เรล ลิงก์,A6,มักกะสัน,7449,8441,4/15/2024
6687,รถไฟระหว่างเมือง,แอร์พอร์ต เรล ลิงก์,A7,ราชปรารภ,3530,3363,4/15/2024
6688,รถไฟระหว่างเมือง,แอร์พอร์ต เรล ลิงก์,A8,พญาไท,11430,12118,4/15/2024
6689,รถไฟระหว่างเมือง,แอร์พอร์ต เรล ลิงก์,A1,สุวรรณภูมิ,12242,10108,4/16/2024
6690,รถไฟระหว่างเมือง,แอร์พอร์ต เรล ลิงก์,A2,ลาดกระบัง,5546,5868,4/16/2024
6691,รถไฟระหว่างเมือง,แอร์พอร์ต เรล ลิงก์,A3,บ้านทับช้าง,1219,1253,4/16/2024
6692,รถไฟระหว่างเมือง,แอร์พอร์ต เรล ลิงก์,A4,หัวหมาก,2960,3224,4/16/2024
6693,รถไฟระหว่างเมือง,แอร์พอร์ต เรล ลิงก์,A5,รามคำแหง,3261,3591,4/16/2024
6694,รถไฟระหว่างเมือง,แอร์พอร์ต เรล ลิงก์,A6,มักกะสัน,5931,6529,4/16/2024
6695,รถไฟระหว่างเมือง,แอร์พอร์ต เรล ลิงก์,A7,ราชปรารภ,2648,2391,4/16/2024
6696,รถไฟระหว่างเมือง,แอร์พอร์ต เรล ลิงก์,A8,พญาไท,8275,9118,4/16/2024
6697,รถไฟระหว่างเมือง,แอร์พอร์ต เรล ลิงก์,A1,สุวรรณภูมิ,12995,11094,4/17/2024
6698,รถไฟระหว่างเมือง,แอร์พอร์ต เรล ลิงก์,A2,ลาดกระบัง,8897,9047,4/17/2024
6699,รถไฟระหว่างเมือง,แอร์พอร์ต เรล ลิงก์,A3,บ้านทับช้าง,3036,2997,4/17/2024
6700,รถไฟระหว่างเมือง,แอร์พอร์ต เรล ลิงก์,A4,หัวหมาก,5059,5247,4/17/2024
6701,รถไฟระหว่างเมือง,แอร์พอร์ต เรล ลิงก์,A5,รามคำแหง,5088,5669,4/17/2024
6702,รถไฟระหว่างเมือง,แอร์พอร์ต เรล ลิงก์,A6,มักกะสัน,10025,10610,4/17/2024
6703,รถไฟระหว่างเมือง,แอร์พอร์ต เรล ลิงก์,A7,ราชปรารภ,3316,3345,4/17/2024
6704,รถไฟระหว่างเมือง,แอร์พอร์ต เรล ลิงก์,A8,พญาไท,12084,12491,4/17/2024
6705,รถไฟระหว่างเมือง,แอร์พอร์ต เรล ลิงก์,A1,สุวรรณภูมิ,13077,10711,4/18/2024
6706,รถไฟระหว่างเมือง,แอร์พอร์ต เรล ลิงก์,A2,ลาดกระบัง,9168,9159,4/18/2024
6707,รถไฟระหว่างเมือง,แอร์พอร์ต เรล ลิงก์,A3,บ้านทับช้าง,3290,3188,4/18/2024
6708,รถไฟระหว่างเมือง,แอร์พอร์ต เรล ลิงก์,A4,หัวหมาก,5552,5577,4/18/2024
6709,รถไฟระหว่างเมือง,แอร์พอร์ต เรล ลิงก์,A5,รามคำแหง,5295,5911,4/18/2024
6710,รถไฟระหว่างเมือง,แอร์พอร์ต เรล ลิงก์,A6,มักกะสัน,10334,11201,4/18/2024
6711,รถไฟระหว่างเมือง,แอร์พอร์ต เรล ลิงก์,A7,ราชปรารภ,3512,3579,4/18/2024
6712,รถไฟระหว่างเมือง,แอร์พอร์ต เรล ลิงก์,A8,พญาไท,12229,13131,4/18/2024
6713,รถไฟระหว่างเมือง,แอร์พอร์ต เรล ลิงก์,A1,สุวรรณภูมิ,13504,10455,4/19/2024
6714,รถไฟระหว่างเมือง,แอร์พอร์ต เรล ลิงก์,A2,ลาดกระบัง,9392,9697,4/19/2024
6715,รถไฟระหว่างเมือง,แอร์พอร์ต เรล ลิงก์,A3,บ้านทับช้าง,3298,3185,4/19/2024
6716,รถไฟระหว่างเมือง,แอร์พอร์ต เรล ลิงก์,A4,หัวหมาก,5672,5810,4/19/2024
6717,รถไฟระหว่างเมือง,แอร์พอร์ต เรล ลิงก์,A5,รามคำแหง,5452,6025,4/19/2024
6718,รถไฟระหว่างเมือง,แอร์พอร์ต เรล ลิงก์,A6,มักกะสัน,10563,11568,4/19/2024
6719,รถไฟระหว่างเมือง,แอร์พอร์ต เรล ลิงก์,A7,ราชปรารภ,3453,3679,4/19/2024
6720,รถไฟระหว่างเมือง,แอร์พอร์ต เรล ลิงก์,A8,พญาไท,12962,13877,4/19/2024
6721,รถไฟระหว่างเมือง,แอร์พอร์ต เรล ลิงก์,A1,สุวรรณภูมิ,12258,9634,4/20/2024
6722,รถไฟระหว่างเมือง,แอร์พอร์ต เรล ลิงก์,A2,ลาดกระบัง,6977,7020,4/20/2024
6723,รถไฟระหว่างเมือง,แอร์พอร์ต เรล ลิงก์,A3,บ้านทับช้าง,1761,1726,4/20/2024
6724,รถไฟระหว่างเมือง,แอร์พอร์ต เรล ลิงก์,A4,หัวหมาก,3890,3968,4/20/2024
6725,รถไฟระหว่างเมือง,แอร์พอร์ต เรล ลิงก์,A5,รามคำแหง,3925,4379,4/20/2024
6726,รถไฟระหว่างเมือง,แอร์พอร์ต เรล ลิงก์,A6,มักกะสัน,6891,7867,4/20/2024
6727,รถไฟระหว่างเมือง,แอร์พอร์ต เรล ลิงก์,A7,ราชปรารภ,2877,2853,4/20/2024
6728,รถไฟระหว่างเมือง,แอร์พอร์ต เรล ลิงก์,A8,พญาไท,9323,10455,4/20/2024
6729,รถไฟระหว่างเมือง,แอร์พอร์ต เรล ลิงก์,A1,สุวรรณภูมิ,12074,9940,4/21/2024
6730,รถไฟระหว่างเมือง,แอร์พอร์ต เรล ลิงก์,A2,ลาดกระบัง,6502,6537,4/21/2024
6731,รถไฟระหว่างเมือง,แอร์พอร์ต เรล ลิงก์,A3,บ้านทับช้าง,1577,1497,4/21/2024
6732,รถไฟระหว่างเมือง,แอร์พอร์ต เรล ลิงก์,A4,หัวหมาก,3419,3572,4/21/2024
6733,รถไฟระหว่างเมือง,แอร์พอร์ต เรล ลิงก์,A5,รามคำแหง,3458,3823,4/21/2024
6734,รถไฟระหว่างเมือง,แอร์พอร์ต เรล ลิงก์,A6,มักกะสัน,6323,7364,4/21/2024
6735,รถไฟระหว่างเมือง,แอร์พอร์ต เรล ลิงก์,A7,ราชปรารภ,2923,2713,4/21/2024
6736,รถไฟระหว่างเมือง,แอร์พอร์ต เรล ลิงก์,A8,พญาไท,8636,9466,4/21/2024
6737,รถไฟระหว่างเมือง,แอร์พอร์ต เรล ลิงก์,A1,สุวรรณภูมิ,12996,11527,4/22/2024
6738,รถไฟระหว่างเมือง,แอร์พอร์ต เรล ลิงก์,A2,ลาดกระบัง,10372,9998,4/22/2024
6739,รถไฟระหว่างเมือง,แอร์พอร์ต เรล ลิงก์,A3,บ้านทับช้าง,3814,3787,4/22/2024
6740,รถไฟระหว่างเมือง,แอร์พอร์ต เรล ลิงก์,A4,หัวหมาก,6184,6277,4/22/2024
6741,รถไฟระหว่างเมือง,แอร์พอร์ต เรล ลิงก์,A5,รามคำแหง,6009,6622,4/22/2024
6742,รถไฟระหว่างเมือง,แอร์พอร์ต เรล ลิงก์,A6,มักกะสัน,12078,12786,4/22/2024
6743,รถไฟระหว่างเมือง,แอร์พอร์ต เรล ลิงก์,A7,ราชปรารภ,3617,3746,4/22/2024
6744,รถไฟระหว่างเมือง,แอร์พอร์ต เรล ลิงก์,A8,พญาไท,13654,13981,4/22/2024
6745,รถไฟระหว่างเมือง,แอร์พอร์ต เรล ลิงก์,A1,สุวรรณภูมิ,12878,10952,4/23/2024
6746,รถไฟระหว่างเมือง,แอร์พอร์ต เรล ลิงก์,A2,ลาดกระบัง,10086,10022,4/23/2024
6747,รถไฟระหว่างเมือง,แอร์พอร์ต เรล ลิงก์,A3,บ้านทับช้าง,3894,3807,4/23/2024
6748,รถไฟระหว่างเมือง,แอร์พอร์ต เรล ลิงก์,A4,หัวหมาก,6374,6254,4/23/2024
6749,รถไฟระหว่างเมือง,แอร์พอร์ต เรล ลิงก์,A5,รามคำแหง,5898,6629,4/23/2024
6750,รถไฟระหว่างเมือง,แอร์พอร์ต เรล ลิงก์,A6,มักกะสัน,12038,13050,4/23/2024
6751,รถไฟระหว่างเมือง,แอร์พอร์ต เรล ลิงก์,A7,ราชปรารภ,3552,3672,4/23/2024
6752,รถไฟระหว่างเมือง,แอร์พอร์ต เรล ลิงก์,A8,พญาไท,13576,13910,4/23/2024
6753,รถไฟระหว่างเมือง,แอร์พอร์ต เรล ลิงก์,A1,สุวรรณภูมิ,13396,11214,4/24/2024
6754,รถไฟระหว่างเมือง,แอร์พอร์ต เรล ลิงก์,A2,ลาดกระบัง,10342,10270,4/24/2024
6755,รถไฟระหว่างเมือง,แอร์พอร์ต เรล ลิงก์,A3,บ้านทับช้าง,3835,3727,4/24/2024
6756,รถไฟระหว่างเมือง,แอร์พอร์ต เรล ลิงก์,A4,หัวหมาก,6376,6186,4/24/2024
6757,รถไฟระหว่างเมือง,แอร์พอร์ต เรล ลิงก์,A5,รามคำแหง,6130,6643,4/24/2024
6758,รถไฟระหว่างเมือง,แอร์พอร์ต เรล ลิงก์,A6,มักกะสัน,12023,13139,4/24/2024
6759,รถไฟระหว่างเมือง,แอร์พอร์ต เรล ลิงก์,A7,ราชปรารภ,3646,3831,4/24/2024
6760,รถไฟระหว่างเมือง,แอร์พอร์ต เรล ลิงก์,A8,พญาไท,13610,14348,4/24/2024
6761,รถไฟระหว่างเมือง,แอร์พอร์ต เรล ลิงก์,A1,สุวรรณภูมิ,13731,11387,4/25/2024
6762,รถไฟระหว่างเมือง,แอร์พอร์ต เรล ลิงก์,A2,ลาดกระบัง,10367,10272,4/25/2024
6763,รถไฟระหว่างเมือง,แอร์พอร์ต เรล ลิงก์,A3,บ้านทับช้าง,3865,3661,4/25/2024
6764,รถไฟระหว่างเมือง,แอร์พอร์ต เรล ลิงก์,A4,หัวหมาก,6349,6349,4/25/2024
6765,รถไฟระหว่างเมือง,แอร์พอร์ต เรล ลิงก์,A5,รามคำแหง,6035,6716,4/25/2024
6766,รถไฟระหว่างเมือง,แอร์พอร์ต เรล ลิงก์,A6,มักกะสัน,12390,13158,4/25/2024
6767,รถไฟระหว่างเมือง,แอร์พอร์ต เรล ลิงก์,A7,ราชปรารภ,3773,3919,4/25/2024
6768,รถไฟระหว่างเมือง,แอร์พอร์ต เรล ลิงก์,A8,พญาไท,13880,14928,4/25/2024
6769,รถไฟระหว่างเมือง,แอร์พอร์ต เรล ลิงก์,A1,สุวรรณภูมิ,15254,11774,4/26/2024
6770,รถไฟระหว่างเมือง,แอร์พอร์ต เรล ลิงก์,A2,ลาดกระบัง,10634,10709,4/26/2024
6771,รถไฟระหว่างเมือง,แอร์พอร์ต เรล ลิงก์,A3,บ้านทับช้าง,3674,3620,4/26/2024
6772,รถไฟระหว่างเมือง,แอร์พอร์ต เรล ลิงก์,A4,หัวหมาก,6361,6570,4/26/2024
6773,รถไฟระหว่างเมือง,แอร์พอร์ต เรล ลิงก์,A5,รามคำแหง,6632,7141,4/26/2024
6774,รถไฟระหว่างเมือง,แอร์พอร์ต เรล ลิงก์,A6,มักกะสัน,12524,13578,4/26/2024
6775,รถไฟระหว่างเมือง,แอร์พอร์ต เรล ลิงก์,A7,ราชปรารภ,3898,4263,4/26/2024
6776,รถไฟระหว่างเมือง,แอร์พอร์ต เรล ลิงก์,A8,พญาไท,14824,16146,4/26/2024
6777,รถไฟระหว่างเมือง,แอร์พอร์ต เรล ลิงก์,A1,สุวรรณภูมิ,13762,10259,4/27/2024
6778,รถไฟระหว่างเมือง,แอร์พอร์ต เรล ลิงก์,A2,ลาดกระบัง,7606,7624,4/27/2024
6779,รถไฟระหว่างเมือง,แอร์พอร์ต เรล ลิงก์,A3,บ้านทับช้าง,1918,1891,4/27/2024
6780,รถไฟระหว่างเมือง,แอร์พอร์ต เรล ลิงก์,A4,หัวหมาก,4094,4156,4/27/2024
6781,รถไฟระหว่างเมือง,แอร์พอร์ต เรล ลิงก์,A5,รามคำแหง,4239,4354,4/27/2024
6782,รถไฟระหว่างเมือง,แอร์พอร์ต เรล ลิงก์,A6,มักกะสัน,7481,8793,4/27/2024
6783,รถไฟระหว่างเมือง,แอร์พอร์ต เรล ลิงก์,A7,ราชปรารภ,3191,3373,4/27/2024
6784,รถไฟระหว่างเมือง,แอร์พอร์ต เรล ลิงก์,A8,พญาไท,10442,12283,4/27/2024
6785,รถไฟระหว่างเมือง,แอร์พอร์ต เรล ลิงก์,A1,สุวรรณภูมิ,12798,10214,4/28/2024
6786,รถไฟระหว่างเมือง,แอร์พอร์ต เรล ลิงก์,A2,ลาดกระบัง,6796,6666,4/28/2024
6787,รถไฟระหว่างเมือง,แอร์พอร์ต เรล ลิงก์,A3,บ้านทับช้าง,1481,1483,4/28/2024
6788,รถไฟระหว่างเมือง,แอร์พอร์ต เรล ลิงก์,A4,หัวหมาก,3514,3553,4/28/2024
6789,รถไฟระหว่างเมือง,แอร์พอร์ต เรล ลิงก์,A5,รามคำแหง,3587,3955,4/28/2024
6790,รถไฟระหว่างเมือง,แอร์พอร์ต เรล ลิงก์,A6,มักกะสัน,6631,7697,4/28/2024
6791,รถไฟระหว่างเมือง,แอร์พอร์ต เรล ลิงก์,A7,ราชปรารภ,2813,2892,4/28/2024
6792,รถไฟระหว่างเมือง,แอร์พอร์ต เรล ลิงก์,A8,พญาไท,9433,10593,4/28/2024
6793,รถไฟระหว่างเมือง,แอร์พอร์ต เรล ลิงก์,A1,สุวรรณภูมิ,13748,11837,4/29/2024
6794,รถไฟระหว่างเมือง,แอร์พอร์ต เรล ลิงก์,A2,ลาดกระบัง,10323,10250,4/29/2024
6795,รถไฟระหว่างเมือง,แอร์พอร์ต เรล ลิงก์,A3,บ้านทับช้าง,3726,3601,4/29/2024
6796,รถไฟระหว่างเมือง,แอร์พอร์ต เรล ลิงก์,A4,หัวหมาก,6161,6142,4/29/2024
6797,รถไฟระหว่างเมือง,แอร์พอร์ต เรล ลิงก์,A5,รามคำแหง,6167,6675,4/29/2024
6798,รถไฟระหว่างเมือง,แอร์พอร์ต เรล ลิงก์,A6,มักกะสัน,11885,12881,4/29/2024
6799,รถไฟระหว่างเมือง,แอร์พอร์ต เรล ลิงก์,A7,ราชปรารภ,3742,3776,4/29/2024
6800,รถไฟระหว่างเมือง,แอร์พอร์ต เรล ลิงก์,A8,พญาไท,14339,14929,4/29/2024
6801,รถไฟระหว่างเมือง,แอร์พอร์ต เรล ลิงก์,A1,สุวรรณภูมิ,14309,12302,4/30/2024
6802,รถไฟระหว่างเมือง,แอร์พอร์ต เรล ลิงก์,A2,ลาดกระบัง,11023,10854,4/30/2024
6803,รถไฟระหว่างเมือง,แอร์พอร์ต เรล ลิงก์,A3,บ้านทับช้าง,3884,3717,4/30/2024
6804,รถไฟระหว่างเมือง,แอร์พอร์ต เรล ลิงก์,A4,หัวหมาก,6780,6610,4/30/2024
6805,รถไฟระหว่างเมือง,แอร์พอร์ต เรล ลิงก์,A5,รามคำแหง,6701,7198,4/30/2024
6806,รถไฟระหว่างเมือง,แอร์พอร์ต เรล ลิงก์,A6,มักกะสัน,12649,13721,4/30/2024
6807,รถไฟระหว่างเมือง,แอร์พอร์ต เรล ลิงก์,A7,ราชปรารภ,3949,4167,4/30/2024
6808,รถไฟระหว่างเมือง,แอร์พอร์ต เรล ลิงก์,A8,พญาไท,15491,16217,4/30/2024
6809,รถไฟระหว่างเมือง,แอร์พอร์ต เรล ลิงก์,A1,สุวรรณภูมิ,14401,11458,5/1/2024
6810,รถไฟระหว่างเมือง,แอร์พอร์ต เรล ลิงก์,A2,ลาดกระบัง,7695,7554,5/1/2024
6811,รถไฟระหว่างเมือง,แอร์พอร์ต เรล ลิงก์,A3,บ้านทับช้าง,2154,2076,5/1/2024
6812,รถไฟระหว่างเมือง,แอร์พอร์ต เรล ลิงก์,A4,หัวหมาก,4264,4243,5/1/2024
6813,รถไฟระหว่างเมือง,แอร์พอร์ต เรล ลิงก์,A5,รามคำแหง,4318,4700,5/1/2024
6814,รถไฟระหว่างเมือง,แอร์พอร์ต เรล ลิงก์,A6,มักกะสัน,8142,9112,5/1/2024
6815,รถไฟระหว่างเมือง,แอร์พอร์ต เรล ลิงก์,A7,ราชปรารภ,3234,3487,5/1/2024
6816,รถไฟระหว่างเมือง,แอร์พอร์ต เรล ลิงก์,A8,พญาไท,11375,12953,5/1/2024
6817,รถไฟระหว่างเมือง,แอร์พอร์ต เรล ลิงก์,A1,สุวรรณภูมิ,14778,12630,5/2/2024
6818,รถไฟระหว่างเมือง,แอร์พอร์ต เรล ลิงก์,A2,ลาดกระบัง,10516,10277,5/2/2024
6819,รถไฟระหว่างเมือง,แอร์พอร์ต เรล ลิงก์,A3,บ้านทับช้าง,3751,3646,5/2/2024
6820,รถไฟระหว่างเมือง,แอร์พอร์ต เรล ลิงก์,A4,หัวหมาก,6320,6309,5/2/2024
6821,รถไฟระหว่างเมือง,แอร์พอร์ต เรล ลิงก์,A5,รามคำแหง,6285,6701,5/2/2024
6822,รถไฟระหว่างเมือง,แอร์พอร์ต เรล ลิงก์,A6,มักกะสัน,12590,13404,5/2/2024
6823,รถไฟระหว่างเมือง,แอร์พอร์ต เรล ลิงก์,A7,ราชปรารภ,4002,4260,5/2/2024
6824,รถไฟระหว่างเมือง,แอร์พอร์ต เรล ลิงก์,A8,พญาไท,14685,15700,5/2/2024
6825,รถไฟระหว่างเมือง,แอร์พอร์ต เรล ลิงก์,A1,สุวรรณภูมิ,14916,13507,5/3/2024
6826,รถไฟระหว่างเมือง,แอร์พอร์ต เรล ลิงก์,A2,ลาดกระบัง,10951,10838,5/3/2024
6827,รถไฟระหว่างเมือง,แอร์พอร์ต เรล ลิงก์,A3,บ้านทับช้าง,3747,3533,5/3/2024
6828,รถไฟระหว่างเมือง,แอร์พอร์ต เรล ลิงก์,A4,หัวหมาก,6630,6624,5/3/2024
6829,รถไฟระหว่างเมือง,แอร์พอร์ต เรล ลิงก์,A5,รามคำแหง,6803,7176,5/3/2024
6830,รถไฟระหว่างเมือง,แอร์พอร์ต เรล ลิงก์,A6,มักกะสัน,13093,14180,5/3/2024
6831,รถไฟระหว่างเมือง,แอร์พอร์ต เรล ลิงก์,A7,ราชปรารภ,4257,4122,5/3/2024
6832,รถไฟระหว่างเมือง,แอร์พอร์ต เรล ลิงก์,A8,พญาไท,15851,16268,5/3/2024
6833,รถไฟระหว่างเมือง,แอร์พอร์ต เรล ลิงก์,A1,สุวรรณภูมิ,12655,12686,5/4/2024
6834,รถไฟระหว่างเมือง,แอร์พอร์ต เรล ลิงก์,A2,ลาดกระบัง,7441,7532,5/4/2024
6835,รถไฟระหว่างเมือง,แอร์พอร์ต เรล ลิงก์,A3,บ้านทับช้าง,1785,1730,5/4/2024
6836,รถไฟระหว่างเมือง,แอร์พอร์ต เรล ลิงก์,A4,หัวหมาก,4470,5463,5/4/2024
6837,รถไฟระหว่างเมือง,แอร์พอร์ต เรล ลิงก์,A5,รามคำแหง,5751,6817,5/4/2024
6838,รถไฟระหว่างเมือง,แอร์พอร์ต เรล ลิงก์,A6,มักกะสัน,9206,8578,5/4/2024
6839,รถไฟระหว่างเมือง,แอร์พอร์ต เรล ลิงก์,A7,ราชปรารภ,3502,3325,5/4/2024
6840,รถไฟระหว่างเมือง,แอร์พอร์ต เรล ลิงก์,A8,พญาไท,13364,12043,5/4/2024
6841,รถไฟระหว่างเมือง,แอร์พอร์ต เรล ลิงก์,A1,สุวรรณภูมิ,11023,11505,5/5/2024
6842,รถไฟระหว่างเมือง,แอร์พอร์ต เรล ลิงก์,A2,ลาดกระบัง,6420,6595,5/5/2024
6843,รถไฟระหว่างเมือง,แอร์พอร์ต เรล ลิงก์,A3,บ้านทับช้าง,1520,1445,5/5/2024
6844,รถไฟระหว่างเมือง,แอร์พอร์ต เรล ลิงก์,A4,หัวหมาก,3708,3531,5/5/2024
6845,รถไฟระหว่างเมือง,แอร์พอร์ต เรล ลิงก์,A5,รามคำแหง,4424,4028,5/5/2024
6846,รถไฟระหว่างเมือง,แอร์พอร์ต เรล ลิงก์,A6,มักกะสัน,6931,7363,5/5/2024
6847,รถไฟระหว่างเมือง,แอร์พอร์ต เรล ลิงก์,A7,ราชปรารภ,3319,2949,5/5/2024
6848,รถไฟระหว่างเมือง,แอร์พอร์ต เรล ลิงก์,A8,พญาไท,9997,9926,5/5/2024
6849,รถไฟระหว่างเมือง,แอร์พอร์ต เรล ลิงก์,A1,สุวรรณภูมิ,12359,10932,5/6/2024
6850,รถไฟระหว่างเมือง,แอร์พอร์ต เรล ลิงก์,A2,ลาดกระบัง,6766,6582,5/6/2024
6851,รถไฟระหว่างเมือง,แอร์พอร์ต เรล ลิงก์,A3,บ้านทับช้าง,1761,1772,5/6/2024
6852,รถไฟระหว่างเมือง,แอร์พอร์ต เรล ลิงก์,A4,หัวหมาก,3682,3857,5/6/2024
6853,รถไฟระหว่างเมือง,แอร์พอร์ต เรล ลิงก์,A5,รามคำแหง,3962,4300,5/6/2024
6854,รถไฟระหว่างเมือง,แอร์พอร์ต เรล ลิงก์,A6,มักกะสัน,7348,7852,5/6/2024
6855,รถไฟระหว่างเมือง,แอร์พอร์ต เรล ลิงก์,A7,ราชปรารภ,2908,2935,5/6/2024
6856,รถไฟระหว่างเมือง,แอร์พอร์ต เรล ลิงก์,A8,พญาไท,9351,9907,5/6/2024
6857,รถไฟระหว่างเมือง,แอร์พอร์ต เรล ลิงก์,A1,สุวรรณภูมิ,12416,11828,5/7/2024
6858,รถไฟระหว่างเมือง,แอร์พอร์ต เรล ลิงก์,A2,ลาดกระบัง,10061,9692,5/7/2024
6859,รถไฟระหว่างเมือง,แอร์พอร์ต เรล ลิงก์,A3,บ้านทับช้าง,3638,3584,5/7/2024
6860,รถไฟระหว่างเมือง,แอร์พอร์ต เรล ลิงก์,A4,หัวหมาก,6420,5518,5/7/2024
6861,รถไฟระหว่างเมือง,แอร์พอร์ต เรล ลิงก์,A5,รามคำแหง,6115,6580,5/7/2024
6862,รถไฟระหว่างเมือง,แอร์พอร์ต เรล ลิงก์,A6,มักกะสัน,11853,12712,5/7/2024
6863,รถไฟระหว่างเมือง,แอร์พอร์ต เรล ลิงก์,A7,ราชปรารภ,3653,3669,5/7/2024
6864,รถไฟระหว่างเมือง,แอร์พอร์ต เรล ลิงก์,A8,พญาไท,13945,14518,5/7/2024
6865,รถไฟระหว่างเมือง,แอร์พอร์ต เรล ลิงก์,A1,สุวรรณภูมิ,12067,11442,5/8/2024
6866,รถไฟระหว่างเมือง,แอร์พอร์ต เรล ลิงก์,A2,ลาดกระบัง,10373,10399,5/8/2024
6867,รถไฟระหว่างเมือง,แอร์พอร์ต เรล ลิงก์,A3,บ้านทับช้าง,3806,3592,5/8/2024
6868,รถไฟระหว่างเมือง,แอร์พอร์ต เรล ลิงก์,A4,หัวหมาก,6449,6271,5/8/2024
6869,รถไฟระหว่างเมือง,แอร์พอร์ต เรล ลิงก์,A5,รามคำแหง,6085,6447,5/8/2024
6870,รถไฟระหว่างเมือง,แอร์พอร์ต เรล ลิงก์,A6,มักกะสัน,12048,12594,5/8/2024
6871,รถไฟระหว่างเมือง,แอร์พอร์ต เรล ลิงก์,A7,ราชปรารภ,3759,3900,5/8/2024
6872,รถไฟระหว่างเมือง,แอร์พอร์ต เรล ลิงก์,A8,พญาไท,13836,13778,5/8/2024
6873,รถไฟระหว่างเมือง,แอร์พอร์ต เรล ลิงก์,A1,สุวรรณภูมิ,12370,11339,5/9/2024
6874,รถไฟระหว่างเมือง,แอร์พอร์ต เรล ลิงก์,A2,ลาดกระบัง,10414,10083,5/9/2024
6875,รถไฟระหว่างเมือง,แอร์พอร์ต เรล ลิงก์,A3,บ้านทับช้าง,3808,3743,5/9/2024
6876,รถไฟระหว่างเมือง,แอร์พอร์ต เรล ลิงก์,A4,หัวหมาก,6556,6223,5/9/2024
6877,รถไฟระหว่างเมือง,แอร์พอร์ต เรล ลิงก์,A5,รามคำแหง,6242,6599,5/9/2024
6878,รถไฟระหว่างเมือง,แอร์พอร์ต เรล ลิงก์,A6,มักกะสัน,11920,13027,5/9/2024
6879,รถไฟระหว่างเมือง,แอร์พอร์ต เรล ลิงก์,A7,ราชปรารภ,3803,3844,5/9/2024
6880,รถไฟระหว่างเมือง,แอร์พอร์ต เรล ลิงก์,A8,พญาไท,13956,14211,5/9/2024
6881,รถไฟระหว่างเมือง,แอร์พอร์ต เรล ลิงก์,A1,สุวรรณภูมิ,12914,10562,5/10/2024
6882,รถไฟระหว่างเมือง,แอร์พอร์ต เรล ลิงก์,A2,ลาดกระบัง,9501,9274,5/10/2024
6883,รถไฟระหว่างเมือง,แอร์พอร์ต เรล ลิงก์,A3,บ้านทับช้าง,3288,3131,5/10/2024
6884,รถไฟระหว่างเมือง,แอร์พอร์ต เรล ลิงก์,A4,หัวหมาก,5994,5692,5/10/2024
6885,รถไฟระหว่างเมือง,แอร์พอร์ต เรล ลิงก์,A5,รามคำแหง,5657,5956,5/10/2024
6886,รถไฟระหว่างเมือง,แอร์พอร์ต เรล ลิงก์,A6,มักกะสัน,10996,12130,5/10/2024
6887,รถไฟระหว่างเมือง,แอร์พอร์ต เรล ลิงก์,A7,ราชปรารภ,3550,3763,5/10/2024
6888,รถไฟระหว่างเมือง,แอร์พอร์ต เรล ลิงก์,A8,พญาไท,11978,13370,5/10/2024
6889,รถไฟระหว่างเมือง,แอร์พอร์ต เรล ลิงก์,A1,สุวรรณภูมิ,12008,9784,5/11/2024
6890,รถไฟระหว่างเมือง,แอร์พอร์ต เรล ลิงก์,A2,ลาดกระบัง,7196,7236,5/11/2024
6891,รถไฟระหว่างเมือง,แอร์พอร์ต เรล ลิงก์,A3,บ้านทับช้าง,1815,1801,5/11/2024
6892,รถไฟระหว่างเมือง,แอร์พอร์ต เรล ลิงก์,A4,หัวหมาก,4126,4116,5/11/2024
6893,รถไฟระหว่างเมือง,แอร์พอร์ต เรล ลิงก์,A5,รามคำแหง,3979,4276,5/11/2024
6894,รถไฟระหว่างเมือง,แอร์พอร์ต เรล ลิงก์,A6,มักกะสัน,7410,8261,5/11/2024
6895,รถไฟระหว่างเมือง,แอร์พอร์ต เรล ลิงก์,A7,ราชปรารภ,3090,3006,5/11/2024
6896,รถไฟระหว่างเมือง,แอร์พอร์ต เรล ลิงก์,A8,พญาไท,9683,10827,5/11/2024
6897,รถไฟระหว่างเมือง,แอร์พอร์ต เรล ลิงก์,A1,สุวรรณภูมิ,11673,9918,5/12/2024
6898,รถไฟระหว่างเมือง,แอร์พอร์ต เรล ลิงก์,A2,ลาดกระบัง,6667,6654,5/12/2024
6899,รถไฟระหว่างเมือง,แอร์พอร์ต เรล ลิงก์,A3,บ้านทับช้าง,1518,1527,5/12/2024
6900,รถไฟระหว่างเมือง,แอร์พอร์ต เรล ลิงก์,A4,หัวหมาก,3551,3720,5/12/2024
6901,รถไฟระหว่างเมือง,แอร์พอร์ต เรล ลิงก์,A5,รามคำแหง,3517,3855,5/12/2024
6902,รถไฟระหว่างเมือง,แอร์พอร์ต เรล ลิงก์,A6,มักกะสัน,6859,7632,5/12/2024
6903,รถไฟระหว่างเมือง,แอร์พอร์ต เรล ลิงก์,A7,ราชปรารภ,3136,2947,5/12/2024
6904,รถไฟระหว่างเมือง,แอร์พอร์ต เรล ลิงก์,A8,พญาไท,8783,9451,5/12/2024
6905,รถไฟระหว่างเมือง,แอร์พอร์ต เรล ลิงก์,A1,สุวรรณภูมิ,12269,10723,5/13/2024
6906,รถไฟระหว่างเมือง,แอร์พอร์ต เรล ลิงก์,A2,ลาดกระบัง,9879,9737,5/13/2024
6907,รถไฟระหว่างเมือง,แอร์พอร์ต เรล ลิงก์,A3,บ้านทับช้าง,3604,3553,5/13/2024
6908,รถไฟระหว่างเมือง,แอร์พอร์ต เรล ลิงก์,A4,หัวหมาก,5994,6217,5/13/2024
6909,รถไฟระหว่างเมือง,แอร์พอร์ต เรล ลิงก์,A5,รามคำแหง,5840,6738,5/13/2024
6910,รถไฟระหว่างเมือง,แอร์พอร์ต เรล ลิงก์,A6,มักกะสัน,11636,12070,5/13/2024
6911,รถไฟระหว่างเมือง,แอร์พอร์ต เรล ลิงก์,A7,ราชปรารภ,3437,3834,5/13/2024
6912,รถไฟระหว่างเมือง,แอร์พอร์ต เรล ลิงก์,A8,พญาไท,13701,13488,5/13/2024
6913,รถไฟระหว่างเมือง,แอร์พอร์ต เรล ลิงก์,A1,สุวรรณภูมิ,12313,11024,5/14/2024
6914,รถไฟระหว่างเมือง,แอร์พอร์ต เรล ลิงก์,A2,ลาดกระบัง,10192,9951,5/14/2024
6915,รถไฟระหว่างเมือง,แอร์พอร์ต เรล ลิงก์,A3,บ้านทับช้าง,3817,3597,5/14/2024
6916,รถไฟระหว่างเมือง,แอร์พอร์ต เรล ลิงก์,A4,หัวหมาก,6355,6257,5/14/2024
6917,รถไฟระหว่างเมือง,แอร์พอร์ต เรล ลิงก์,A5,รามคำแหง,6058,6629,5/14/2024
6918,รถไฟระหว่างเมือง,แอร์พอร์ต เรล ลิงก์,A6,มักกะสัน,11656,12367,5/14/2024
6919,รถไฟระหว่างเมือง,แอร์พอร์ต เรล ลิงก์,A7,ราชปรารภ,3569,3812,5/14/2024
6920,รถไฟระหว่างเมือง,แอร์พอร์ต เรล ลิงก์,A8,พญาไท,13515,13838,5/14/2024
6921,รถไฟระหว่างเมือง,แอร์พอร์ต เรล ลิงก์,A1,สุวรรณภูมิ,13245,11692,5/15/2024
6922,รถไฟระหว่างเมือง,แอร์พอร์ต เรล ลิงก์,A2,ลาดกระบัง,10112,9669,5/15/2024
6923,รถไฟระหว่างเมือง,แอร์พอร์ต เรล ลิงก์,A3,บ้านทับช้าง,3858,3588,5/15/2024
6924,รถไฟระหว่างเมือง,แอร์พอร์ต เรล ลิงก์,A4,หัวหมาก,6349,6171,5/15/2024
6925,รถไฟระหว่างเมือง,แอร์พอร์ต เรล ลิงก์,A5,รามคำแหง,6136,6382,5/15/2024
6926,รถไฟระหว่างเมือง,แอร์พอร์ต เรล ลิงก์,A6,มักกะสัน,11395,12547,5/15/2024
6927,รถไฟระหว่างเมือง,แอร์พอร์ต เรล ลิงก์,A7,ราชปรารภ,3527,3837,5/15/2024
6928,รถไฟระหว่างเมือง,แอร์พอร์ต เรล ลิงก์,A8,พญาไท,13567,14303,5/15/2024
6929,รถไฟระหว่างเมือง,แอร์พอร์ต เรล ลิงก์,A1,สุวรรณภูมิ,12591,10797,5/16/2024
6930,รถไฟระหว่างเมือง,แอร์พอร์ต เรล ลิงก์,A2,ลาดกระบัง,9786,9705,5/16/2024
6931,รถไฟระหว่างเมือง,แอร์พอร์ต เรล ลิงก์,A3,บ้านทับช้าง,3664,3651,5/16/2024
6932,รถไฟระหว่างเมือง,แอร์พอร์ต เรล ลิงก์,A4,หัวหมาก,6304,6217,5/16/2024
6933,รถไฟระหว่างเมือง,แอร์พอร์ต เรล ลิงก์,A5,รามคำแหง,5990,6534,5/16/2024
6934,รถไฟระหว่างเมือง,แอร์พอร์ต เรล ลิงก์,A6,มักกะสัน,11450,11945,5/16/2024
6935,รถไฟระหว่างเมือง,แอร์พอร์ต เรล ลิงก์,A7,ราชปรารภ,3649,3891,5/16/2024
6936,รถไฟระหว่างเมือง,แอร์พอร์ต เรล ลิงก์,A8,พญาไท,13372,14066,5/16/2024
6937,รถไฟระหว่างเมือง,แอร์พอร์ต เรล ลิงก์,A1,สุวรรณภูมิ,14113,11949,5/17/2024
6938,รถไฟระหว่างเมือง,แอร์พอร์ต เรล ลิงก์,A2,ลาดกระบัง,10206,10192,5/17/2024
6939,รถไฟระหว่างเมือง,แอร์พอร์ต เรล ลิงก์,A3,บ้านทับช้าง,3711,3610,5/17/2024
6940,รถไฟระหว่างเมือง,แอร์พอร์ต เรล ลิงก์,A4,หัวหมาก,6437,6372,5/17/2024
6941,รถไฟระหว่างเมือง,แอร์พอร์ต เรล ลิงก์,A5,รามคำแหง,6305,6901,5/17/2024
6942,รถไฟระหว่างเมือง,แอร์พอร์ต เรล ลิงก์,A6,มักกะสัน,12082,12899,5/17/2024
6943,รถไฟระหว่างเมือง,แอร์พอร์ต เรล ลิงก์,A7,ราชปรารภ,3924,4200,5/17/2024
6944,รถไฟระหว่างเมือง,แอร์พอร์ต เรล ลิงก์,A8,พญาไท,14386,15041,5/17/2024
6945,รถไฟระหว่างเมือง,แอร์พอร์ต เรล ลิงก์,A1,สุวรรณภูมิ,11906,10473,5/18/2024
6946,รถไฟระหว่างเมือง,แอร์พอร์ต เรล ลิงก์,A2,ลาดกระบัง,7242,7044,5/18/2024
6947,รถไฟระหว่างเมือง,แอร์พอร์ต เรล ลิงก์,A3,บ้านทับช้าง,1893,1815,5/18/2024
6948,รถไฟระหว่างเมือง,แอร์พอร์ต เรล ลิงก์,A4,หัวหมาก,4181,4125,5/18/2024
6949,รถไฟระหว่างเมือง,แอร์พอร์ต เรล ลิงก์,A5,รามคำแหง,4220,4526,5/18/2024
6950,รถไฟระหว่างเมือง,แอร์พอร์ต เรล ลิงก์,A6,มักกะสัน,7393,8037,5/18/2024
6951,รถไฟระหว่างเมือง,แอร์พอร์ต เรล ลิงก์,A7,ราชปรารภ,3146,3308,5/18/2024
6952,รถไฟระหว่างเมือง,แอร์พอร์ต เรล ลิงก์,A8,พญาไท,10371,11024,5/18/2024
6953,รถไฟระหว่างเมือง,แอร์พอร์ต เรล ลิงก์,A1,สุวรรณภูมิ,10133,10029,5/19/2024
6954,รถไฟระหว่างเมือง,แอร์พอร์ต เรล ลิงก์,A2,ลาดกระบัง,6127,6473,5/19/2024
6955,รถไฟระหว่างเมือง,แอร์พอร์ต เรล ลิงก์,A3,บ้านทับช้าง,1402,1444,5/19/2024
6956,รถไฟระหว่างเมือง,แอร์พอร์ต เรล ลิงก์,A4,หัวหมาก,3390,2109,5/19/2024
6957,รถไฟระหว่างเมือง,แอร์พอร์ต เรล ลิงก์,A5,รามคำแหง,3688,4230,5/19/2024
6958,รถไฟระหว่างเมือง,แอร์พอร์ต เรล ลิงก์,A6,มักกะสัน,6192,6198,5/19/2024
6959,รถไฟระหว่างเมือง,แอร์พอร์ต เรล ลิงก์,A7,ราชปรารภ,2769,2844,5/19/2024
6960,รถไฟระหว่างเมือง,แอร์พอร์ต เรล ลิงก์,A8,พญาไท,9069,9443,5/19/2024
6961,รถไฟระหว่างเมือง,แอร์พอร์ต เรล ลิงก์,A1,สุวรรณภูมิ,12141,11985,5/20/2024
6962,รถไฟระหว่างเมือง,แอร์พอร์ต เรล ลิงก์,A2,ลาดกระบัง,9992,9880,5/20/2024
6963,รถไฟระหว่างเมือง,แอร์พอร์ต เรล ลิงก์,A3,บ้านทับช้าง,3473,3617,5/20/2024
6964,รถไฟระหว่างเมือง,แอร์พอร์ต เรล ลิงก์,A4,หัวหมาก,6306,6123,5/20/2024
6965,รถไฟระหว่างเมือง,แอร์พอร์ต เรล ลิงก์,A5,รามคำแหง,5913,6491,5/20/2024
6966,รถไฟระหว่างเมือง,แอร์พอร์ต เรล ลิงก์,A6,มักกะสัน,11516,11392,5/20/2024
6967,รถไฟระหว่างเมือง,แอร์พอร์ต เรล ลิงก์,A7,ราชปรารภ,3606,3874,5/20/2024
6968,รถไฟระหว่างเมือง,แอร์พอร์ต เรล ลิงก์,A8,พญาไท,13945,13530,5/20/2024
6969,รถไฟระหว่างเมือง,แอร์พอร์ต เรล ลิงก์,A1,สุวรรณภูมิ,12357,11868,5/21/2024
6970,รถไฟระหว่างเมือง,แอร์พอร์ต เรล ลิงก์,A2,ลาดกระบัง,10113,10278,5/21/2024
6971,รถไฟระหว่างเมือง,แอร์พอร์ต เรล ลิงก์,A3,บ้านทับช้าง,3744,3588,5/21/2024
6972,รถไฟระหว่างเมือง,แอร์พอร์ต เรล ลิงก์,A4,หัวหมาก,6542,6605,5/21/2024
6973,รถไฟระหว่างเมือง,แอร์พอร์ต เรล ลิงก์,A5,รามคำแหง,6379,7632,5/21/2024
6974,รถไฟระหว่างเมือง,แอร์พอร์ต เรล ลิงก์,A6,มักกะสัน,12511,12436,5/21/2024
6975,รถไฟระหว่างเมือง,แอร์พอร์ต เรล ลิงก์,A7,ราชปรารภ,3538,3840,5/21/2024
6976,รถไฟระหว่างเมือง,แอร์พอร์ต เรล ลิงก์,A8,พญาไท,15126,14063,5/21/2024
6977,รถไฟระหว่างเมือง,แอร์พอร์ต เรล ลิงก์,A1,สุวรรณภูมิ,11321,9542,5/22/2024
6978,รถไฟระหว่างเมือง,แอร์พอร์ต เรล ลิงก์,A2,ลาดกระบัง,6105,6106,5/22/2024
6979,รถไฟระหว่างเมือง,แอร์พอร์ต เรล ลิงก์,A3,บ้านทับช้าง,1578,1533,5/22/2024
6980,รถไฟระหว่างเมือง,แอร์พอร์ต เรล ลิงก์,A4,หัวหมาก,3562,3523,5/22/2024
6981,รถไฟระหว่างเมือง,แอร์พอร์ต เรล ลิงก์,A5,รามคำแหง,3678,3991,5/22/2024
6982,รถไฟระหว่างเมือง,แอร์พอร์ต เรล ลิงก์,A6,มักกะสัน,6182,6936,5/22/2024
6983,รถไฟระหว่างเมือง,แอร์พอร์ต เรล ลิงก์,A7,ราชปรารภ,2870,2980,5/22/2024
6984,รถไฟระหว่างเมือง,แอร์พอร์ต เรล ลิงก์,A8,พญาไท,8211,8896,5/22/2024
6985,รถไฟระหว่างเมือง,แอร์พอร์ต เรล ลิงก์,A1,สุวรรณภูมิ,12364,10347,5/23/2024
6986,รถไฟระหว่างเมือง,แอร์พอร์ต เรล ลิงก์,A2,ลาดกระบัง,10142,9935,5/23/2024
6987,รถไฟระหว่างเมือง,แอร์พอร์ต เรล ลิงก์,A3,บ้านทับช้าง,3712,3587,5/23/2024
6988,รถไฟระหว่างเมือง,แอร์พอร์ต เรล ลิงก์,A4,หัวหมาก,6319,6067,5/23/2024
6989,รถไฟระหว่างเมือง,แอร์พอร์ต เรล ลิงก์,A5,รามคำแหง,6318,6705,5/23/2024
6990,รถไฟระหว่างเมือง,แอร์พอร์ต เรล ลิงก์,A6,มักกะสัน,11198,12258,5/23/2024
6991,รถไฟระหว่างเมือง,แอร์พอร์ต เรล ลิงก์,A7,ราชปรารภ,3553,3732,5/23/2024
6992,รถไฟระหว่างเมือง,แอร์พอร์ต เรล ลิงก์,A8,พญาไท,13465,14440,5/23/2024
6993,รถไฟระหว่างเมือง,แอร์พอร์ต เรล ลิงก์,A1,สุวรรณภูมิ,13065,10783,5/24/2024
6994,รถไฟระหว่างเมือง,แอร์พอร์ต เรล ลิงก์,A2,ลาดกระบัง,10366,10054,5/24/2024
6995,รถไฟระหว่างเมือง,แอร์พอร์ต เรล ลิงก์,A3,บ้านทับช้าง,3615,3627,5/24/2024
6996,รถไฟระหว่างเมือง,แอร์พอร์ต เรล ลิงก์,A4,หัวหมาก,6510,6229,5/24/2024
6997,รถไฟระหว่างเมือง,แอร์พอร์ต เรล ลิงก์,A5,รามคำแหง,6422,6596,5/24/2024
6998,รถไฟระหว่างเมือง,แอร์พอร์ต เรล ลิงก์,A6,มักกะสัน,11177,12682,5/24/2024
6999,รถไฟระหว่างเมือง,แอร์พอร์ต เรล ลิงก์,A7,ราชปรารภ,3675,3907,5/24/2024
7000,รถไฟระหว่างเมือง,แอร์พอร์ต เรล ลิงก์,A8,พญาไท,14031,14983,5/24/2024
7001,รถไฟระหว่างเมือง,แอร์พอร์ต เรล ลิงก์,A1,สุวรรณภูมิ,11698,9773,5/25/2024
7002,รถไฟระหว่างเมือง,แอร์พอร์ต เรล ลิงก์,A2,ลาดกระบัง,7130,6984,5/25/2024
7003,รถไฟระหว่างเมือง,แอร์พอร์ต เรล ลิงก์,A3,บ้านทับช้าง,1920,1922,5/25/2024
7004,รถไฟระหว่างเมือง,แอร์พอร์ต เรล ลิงก์,A4,หัวหมาก,4171,4103,5/25/2024
7005,รถไฟระหว่างเมือง,แอร์พอร์ต เรล ลิงก์,A5,รามคำแหง,4255,4598,5/25/2024
7006,รถไฟระหว่างเมือง,แอร์พอร์ต เรล ลิงก์,A6,มักกะสัน,7331,8110,5/25/2024
7007,รถไฟระหว่างเมือง,แอร์พอร์ต เรล ลิงก์,A7,ราชปรารภ,3039,3201,5/25/2024
7008,รถไฟระหว่างเมือง,แอร์พอร์ต เรล ลิงก์,A8,พญาไท,10021,10874,5/25/2024
7009,รถไฟระหว่างเมือง,แอร์พอร์ต เรล ลิงก์,A1,สุวรรณภูมิ,11080,9899,5/26/2024
7010,รถไฟระหว่างเมือง,แอร์พอร์ต เรล ลิงก์,A2,ลาดกระบัง,6644,6468,5/26/2024
7011,รถไฟระหว่างเมือง,แอร์พอร์ต เรล ลิงก์,A3,บ้านทับช้าง,1507,1495,5/26/2024
7012,รถไฟระหว่างเมือง,แอร์พอร์ต เรล ลิงก์,A4,หัวหมาก,3381,3537,5/26/2024
7013,รถไฟระหว่างเมือง,แอร์พอร์ต เรล ลิงก์,A5,รามคำแหง,3717,4360,5/26/2024
7014,รถไฟระหว่างเมือง,แอร์พอร์ต เรล ลิงก์,A6,มักกะสัน,6370,6761,5/26/2024
7015,รถไฟระหว่างเมือง,แอร์พอร์ต เรล ลิงก์,A7,ราชปรารภ,2742,2795,5/26/2024
7016,รถไฟระหว่างเมือง,แอร์พอร์ต เรล ลิงก์,A8,พญาไท,9449,9575,5/26/2024
7017,รถไฟระหว่างเมือง,แอร์พอร์ต เรล ลิงก์,A1,สุวรรณภูมิ,12396,11477,5/27/2024
7018,รถไฟระหว่างเมือง,แอร์พอร์ต เรล ลิงก์,A2,ลาดกระบัง,9963,9841,5/27/2024
7019,รถไฟระหว่างเมือง,แอร์พอร์ต เรล ลิงก์,A3,บ้านทับช้าง,3681,3779,5/27/2024
7020,รถไฟระหว่างเมือง,แอร์พอร์ต เรล ลิงก์,A4,หัวหมาก,6431,6372,5/27/2024
7021,รถไฟระหว่างเมือง,แอร์พอร์ต เรล ลิงก์,A5,รามคำแหง,6239,6923,5/27/2024
7022,รถไฟระหว่างเมือง,แอร์พอร์ต เรล ลิงก์,A6,มักกะสัน,11853,12303,5/27/2024
7023,รถไฟระหว่างเมือง,แอร์พอร์ต เรล ลิงก์,A7,ราชปรารภ,3742,3576,5/27/2024
7024,รถไฟระหว่างเมือง,แอร์พอร์ต เรล ลิงก์,A8,พญาไท,13764,13798,5/27/2024
7025,รถไฟระหว่างเมือง,แอร์พอร์ต เรล ลิงก์,A1,สุวรรณภูมิ,12287,11098,5/28/2024
7026,รถไฟระหว่างเมือง,แอร์พอร์ต เรล ลิงก์,A2,ลาดกระบัง,10120,10077,5/28/2024
7027,รถไฟระหว่างเมือง,แอร์พอร์ต เรล ลิงก์,A3,บ้านทับช้าง,3896,3947,5/28/2024
7028,รถไฟระหว่างเมือง,แอร์พอร์ต เรล ลิงก์,A4,หัวหมาก,6584,6432,5/28/2024
7029,รถไฟระหว่างเมือง,แอร์พอร์ต เรล ลิงก์,A5,รามคำแหง,6621,6869,5/28/2024
7030,รถไฟระหว่างเมือง,แอร์พอร์ต เรล ลิงก์,A6,มักกะสัน,12095,12627,5/28/2024
7031,รถไฟระหว่างเมือง,แอร์พอร์ต เรล ลิงก์,A7,ราชปรารภ,3667,3809,5/28/2024
7032,รถไฟระหว่างเมือง,แอร์พอร์ต เรล ลิงก์,A8,พญาไท,13866,14277,5/28/2024
7033,รถไฟระหว่างเมือง,แอร์พอร์ต เรล ลิงก์,A1,สุวรรณภูมิ,12782,10738,5/29/2024
7034,รถไฟระหว่างเมือง,แอร์พอร์ต เรล ลิงก์,A2,ลาดกระบัง,10090,10126,5/29/2024
7035,รถไฟระหว่างเมือง,แอร์พอร์ต เรล ลิงก์,A3,บ้านทับช้าง,3860,3887,5/29/2024
7036,รถไฟระหว่างเมือง,แอร์พอร์ต เรล ลิงก์,A4,หัวหมาก,6484,6453,5/29/2024
7037,รถไฟระหว่างเมือง,แอร์พอร์ต เรล ลิงก์,A5,รามคำแหง,6663,7090,5/29/2024
7038,รถไฟระหว่างเมือง,แอร์พอร์ต เรล ลิงก์,A6,มักกะสัน,11799,12570,5/29/2024
7039,รถไฟระหว่างเมือง,แอร์พอร์ต เรล ลิงก์,A7,ราชปรารภ,3592,3968,5/29/2024
7040,รถไฟระหว่างเมือง,แอร์พอร์ต เรล ลิงก์,A8,พญาไท,13814,14252,5/29/2024
7041,รถไฟระหว่างเมือง,แอร์พอร์ต เรล ลิงก์,A1,สุวรรณภูมิ,12575,11479,5/30/2024
7042,รถไฟระหว่างเมือง,แอร์พอร์ต เรล ลิงก์,A2,ลาดกระบัง,10186,10429,5/30/2024
7043,รถไฟระหว่างเมือง,แอร์พอร์ต เรล ลิงก์,A3,บ้านทับช้าง,3803,3798,5/30/2024
7044,รถไฟระหว่างเมือง,แอร์พอร์ต เรล ลิงก์,A4,หัวหมาก,6588,6570,5/30/2024
7045,รถไฟระหว่างเมือง,แอร์พอร์ต เรล ลิงก์,A5,รามคำแหง,6555,7128,5/30/2024
7046,รถไฟระหว่างเมือง,แอร์พอร์ต เรล ลิงก์,A6,มักกะสัน,12619,12836,5/30/2024
7047,รถไฟระหว่างเมือง,แอร์พอร์ต เรล ลิงก์,A7,ราชปรารภ,3629,3956,5/30/2024
7048,รถไฟระหว่างเมือง,แอร์พอร์ต เรล ลิงก์,A8,พญาไท,14645,14404,5/30/2024
7049,รถไฟระหว่างเมือง,แอร์พอร์ต เรล ลิงก์,A1,สุวรรณภูมิ,13970,12316,5/31/2024
7050,รถไฟระหว่างเมือง,แอร์พอร์ต เรล ลิงก์,A2,ลาดกระบัง,11094,10865,5/31/2024
7051,รถไฟระหว่างเมือง,แอร์พอร์ต เรล ลิงก์,A3,บ้านทับช้าง,3824,3855,5/31/2024
7052,รถไฟระหว่างเมือง,แอร์พอร์ต เรล ลิงก์,A4,หัวหมาก,6937,6809,5/31/2024
7053,รถไฟระหว่างเมือง,แอร์พอร์ต เรล ลิงก์,A5,รามคำแหง,6602,7215,5/31/2024
7054,รถไฟระหว่างเมือง,แอร์พอร์ต เรล ลิงก์,A6,มักกะสัน,12701,13371,5/31/2024
7055,รถไฟระหว่างเมือง,แอร์พอร์ต เรล ลิงก์,A7,ราชปรารภ,3765,4135,5/31/2024
7056,รถไฟระหว่างเมือง,แอร์พอร์ต เรล ลิงก์,A8,พญาไท,15406,15733,5/31/2024
7057,รถไฟระหว่างเมือง,แอร์พอร์ต เรล ลิงก์,A1,สุวรรณภูมิ,12490,10749,6/1/2024
7058,รถไฟระหว่างเมือง,แอร์พอร์ต เรล ลิงก์,A2,ลาดกระบัง,8013,8003,6/1/2024
7059,รถไฟระหว่างเมือง,แอร์พอร์ต เรล ลิงก์,A3,บ้านทับช้าง,1954,1872,6/1/2024
7060,รถไฟระหว่างเมือง,แอร์พอร์ต เรล ลิงก์,A4,หัวหมาก,4744,4495,6/1/2024
7061,รถไฟระหว่างเมือง,แอร์พอร์ต เรล ลิงก์,A5,รามคำแหง,4610,4558,6/1/2024
7062,รถไฟระหว่างเมือง,แอร์พอร์ต เรล ลิงก์,A6,มักกะสัน,7832,8586,6/1/2024
7063,รถไฟระหว่างเมือง,แอร์พอร์ต เรล ลิงก์,A7,ราชปรารภ,3327,3163,6/1/2024
7064,รถไฟระหว่างเมือง,แอร์พอร์ต เรล ลิงก์,A8,พญาไท,11398,12942,6/1/2024
7065,รถไฟระหว่างเมือง,แอร์พอร์ต เรล ลิงก์,A1,สุวรรณภูมิ,11171,10729,6/2/2024
7066,รถไฟระหว่างเมือง,แอร์พอร์ต เรล ลิงก์,A2,ลาดกระบัง,7292,7426,6/2/2024
7067,รถไฟระหว่างเมือง,แอร์พอร์ต เรล ลิงก์,A3,บ้านทับช้าง,1611,1578,6/2/2024
7068,รถไฟระหว่างเมือง,แอร์พอร์ต เรล ลิงก์,A4,หัวหมาก,4020,3928,6/2/2024
7069,รถไฟระหว่างเมือง,แอร์พอร์ต เรล ลิงก์,A5,รามคำแหง,3886,4279,6/2/2024
7070,รถไฟระหว่างเมือง,แอร์พอร์ต เรล ลิงก์,A6,มักกะสัน,7458,7869,6/2/2024
7071,รถไฟระหว่างเมือง,แอร์พอร์ต เรล ลิงก์,A7,ราชปรารภ,3239,2831,6/2/2024
7072,รถไฟระหว่างเมือง,แอร์พอร์ต เรล ลิงก์,A8,พญาไท,10734,10771,6/2/2024
7073,รถไฟระหว่างเมือง,แอร์พอร์ต เรล ลิงก์,A1,สุวรรณภูมิ,11582,9900,6/3/2024
7074,รถไฟระหว่างเมือง,แอร์พอร์ต เรล ลิงก์,A2,ลาดกระบัง,6586,6359,6/3/2024
7075,รถไฟระหว่างเมือง,แอร์พอร์ต เรล ลิงก์,A3,บ้านทับช้าง,1425,1478,6/3/2024
7076,รถไฟระหว่างเมือง,แอร์พอร์ต เรล ลิงก์,A4,หัวหมาก,3614,3586,6/3/2024
7077,รถไฟระหว่างเมือง,แอร์พอร์ต เรล ลิงก์,A5,รามคำแหง,3416,3894,6/3/2024
7078,รถไฟระหว่างเมือง,แอร์พอร์ต เรล ลิงก์,A6,มักกะสัน,6249,6857,6/3/2024
7079,รถไฟระหว่างเมือง,แอร์พอร์ต เรล ลิงก์,A7,ราชปรารภ,2625,2702,6/3/2024
7080,รถไฟระหว่างเมือง,แอร์พอร์ต เรล ลิงก์,A8,พญาไท,8575,9296,6/3/2024
7081,รถไฟระหว่างเมือง,แอร์พอร์ต เรล ลิงก์,A1,สุวรรณภูมิ,12510,10840,6/4/2024
7082,รถไฟระหว่างเมือง,แอร์พอร์ต เรล ลิงก์,A2,ลาดกระบัง,10665,10575,6/4/2024
7083,รถไฟระหว่างเมือง,แอร์พอร์ต เรล ลิงก์,A3,บ้านทับช้าง,3992,3899,6/4/2024
7084,รถไฟระหว่างเมือง,แอร์พอร์ต เรล ลิงก์,A4,หัวหมาก,6755,6756,6/4/2024
7085,รถไฟระหว่างเมือง,แอร์พอร์ต เรล ลิงก์,A5,รามคำแหง,6201,6904,6/4/2024
7086,รถไฟระหว่างเมือง,แอร์พอร์ต เรล ลิงก์,A6,มักกะสัน,12086,12831,6/4/2024
7087,รถไฟระหว่างเมือง,แอร์พอร์ต เรล ลิงก์,A7,ราชปรารภ,3675,3785,6/4/2024
7088,รถไฟระหว่างเมือง,แอร์พอร์ต เรล ลิงก์,A8,พญาไท,14134,14428,6/4/2024
7089,รถไฟระหว่างเมือง,แอร์พอร์ต เรล ลิงก์,A1,สุวรรณภูมิ,12896,10700,6/5/2024
7090,รถไฟระหว่างเมือง,แอร์พอร์ต เรล ลิงก์,A2,ลาดกระบัง,10510,10802,6/5/2024
7091,รถไฟระหว่างเมือง,แอร์พอร์ต เรล ลิงก์,A3,บ้านทับช้าง,4131,4099,6/5/2024
7092,รถไฟระหว่างเมือง,แอร์พอร์ต เรล ลิงก์,A4,หัวหมาก,6754,6658,6/5/2024
7093,รถไฟระหว่างเมือง,แอร์พอร์ต เรล ลิงก์,A5,รามคำแหง,6309,6765,6/5/2024
7094,รถไฟระหว่างเมือง,แอร์พอร์ต เรล ลิงก์,A6,มักกะสัน,12023,12769,6/5/2024
7095,รถไฟระหว่างเมือง,แอร์พอร์ต เรล ลิงก์,A7,ราชปรารภ,3760,4164,6/5/2024
7096,รถไฟระหว่างเมือง,แอร์พอร์ต เรล ลิงก์,A8,พญาไท,13946,14372,6/5/2024
7097,รถไฟระหว่างเมือง,แอร์พอร์ต เรล ลิงก์,A1,สุวรรณภูมิ,13551,10359,6/6/2024
7098,รถไฟระหว่างเมือง,แอร์พอร์ต เรล ลิงก์,A2,ลาดกระบัง,10349,10222,6/6/2024
7099,รถไฟระหว่างเมือง,แอร์พอร์ต เรล ลิงก์,A3,บ้านทับช้าง,3982,3900,6/6/2024
7100,รถไฟระหว่างเมือง,แอร์พอร์ต เรล ลิงก์,A4,หัวหมาก,6538,6399,6/6/2024
7101,รถไฟระหว่างเมือง,แอร์พอร์ต เรล ลิงก์,A5,รามคำแหง,6288,6903,6/6/2024
7102,รถไฟระหว่างเมือง,แอร์พอร์ต เรล ลิงก์,A6,มักกะสัน,11788,13140,6/6/2024
7103,รถไฟระหว่างเมือง,แอร์พอร์ต เรล ลิงก์,A7,ราชปรารภ,3699,4062,6/6/2024
7104,รถไฟระหว่างเมือง,แอร์พอร์ต เรล ลิงก์,A8,พญาไท,13502,14712,6/6/2024
7105,รถไฟระหว่างเมือง,แอร์พอร์ต เรล ลิงก์,A1,สุวรรณภูมิ,15090,11760,6/7/2024
7106,รถไฟระหว่างเมือง,แอร์พอร์ต เรล ลิงก์,A2,ลาดกระบัง,10566,10391,6/7/2024
7107,รถไฟระหว่างเมือง,แอร์พอร์ต เรล ลิงก์,A3,บ้านทับช้าง,3980,3772,6/7/2024
7108,รถไฟระหว่างเมือง,แอร์พอร์ต เรล ลิงก์,A4,หัวหมาก,6828,6657,6/7/2024
7109,รถไฟระหว่างเมือง,แอร์พอร์ต เรล ลิงก์,A5,รามคำแหง,6449,6809,6/7/2024
7110,รถไฟระหว่างเมือง,แอร์พอร์ต เรล ลิงก์,A6,มักกะสัน,11899,13442,6/7/2024
7111,รถไฟระหว่างเมือง,แอร์พอร์ต เรล ลิงก์,A7,ราชปรารภ,3909,4115,6/7/2024
7112,รถไฟระหว่างเมือง,แอร์พอร์ต เรล ลิงก์,A8,พญาไท,14176,15951,6/7/2024
7113,รถไฟระหว่างเมือง,แอร์พอร์ต เรล ลิงก์,A1,สุวรรณภูมิ,13512,9939,6/8/2024
7114,รถไฟระหว่างเมือง,แอร์พอร์ต เรล ลิงก์,A2,ลาดกระบัง,7848,7511,6/8/2024
7115,รถไฟระหว่างเมือง,แอร์พอร์ต เรล ลิงก์,A3,บ้านทับช้าง,2007,2026,6/8/2024
7116,รถไฟระหว่างเมือง,แอร์พอร์ต เรล ลิงก์,A4,หัวหมาก,4448,4435,6/8/2024
7117,รถไฟระหว่างเมือง,แอร์พอร์ต เรล ลิงก์,A5,รามคำแหง,4435,4863,6/8/2024
7118,รถไฟระหว่างเมือง,แอร์พอร์ต เรล ลิงก์,A6,มักกะสัน,7807,9081,6/8/2024
7119,รถไฟระหว่างเมือง,แอร์พอร์ต เรล ลิงก์,A7,ราชปรารภ,3080,3294,6/8/2024
7120,รถไฟระหว่างเมือง,แอร์พอร์ต เรล ลิงก์,A8,พญาไท,10277,12265,6/8/2024
7121,รถไฟระหว่างเมือง,แอร์พอร์ต เรล ลิงก์,A1,สุวรรณภูมิ,11777,10041,6/9/2024
7122,รถไฟระหว่างเมือง,แอร์พอร์ต เรล ลิงก์,A2,ลาดกระบัง,7198,7016,6/9/2024
7123,รถไฟระหว่างเมือง,แอร์พอร์ต เรล ลิงก์,A3,บ้านทับช้าง,1672,1627,6/9/2024
7124,รถไฟระหว่างเมือง,แอร์พอร์ต เรล ลิงก์,A4,หัวหมาก,3762,3871,6/9/2024
7125,รถไฟระหว่างเมือง,แอร์พอร์ต เรล ลิงก์,A5,รามคำแหง,3848,4271,6/9/2024
7126,รถไฟระหว่างเมือง,แอร์พอร์ต เรล ลิงก์,A6,มักกะสัน,6970,7707,6/9/2024
7127,รถไฟระหว่างเมือง,แอร์พอร์ต เรล ลิงก์,A7,ราชปรารภ,2879,2880,6/9/2024
7128,รถไฟระหว่างเมือง,แอร์พอร์ต เรล ลิงก์,A8,พญาไท,9896,10589,6/9/2024
7129,รถไฟระหว่างเมือง,แอร์พอร์ต เรล ลิงก์,A1,สุวรรณภูมิ,13337,13178,6/10/2024
7130,รถไฟระหว่างเมือง,แอร์พอร์ต เรล ลิงก์,A2,ลาดกระบัง,10502,10336,6/10/2024
7131,รถไฟระหว่างเมือง,แอร์พอร์ต เรล ลิงก์,A3,บ้านทับช้าง,3910,3888,6/10/2024
7132,รถไฟระหว่างเมือง,แอร์พอร์ต เรล ลิงก์,A4,หัวหมาก,6650,6554,6/10/2024
7133,รถไฟระหว่างเมือง,แอร์พอร์ต เรล ลิงก์,A5,รามคำแหง,6437,7064,6/10/2024
7134,รถไฟระหว่างเมือง,แอร์พอร์ต เรล ลิงก์,A6,มักกะสัน,12236,12698,6/10/2024
7135,รถไฟระหว่างเมือง,แอร์พอร์ต เรล ลิงก์,A7,ราชปรารภ,3681,3959,6/10/2024
7136,รถไฟระหว่างเมือง,แอร์พอร์ต เรล ลิงก์,A8,พญาไท,15135,14211,6/10/2024
7137,รถไฟระหว่างเมือง,แอร์พอร์ต เรล ลิงก์,A1,สุวรรณภูมิ,12727,12587,6/11/2024
7138,รถไฟระหว่างเมือง,แอร์พอร์ต เรล ลิงก์,A2,ลาดกระบัง,10881,10452,6/11/2024
7139,รถไฟระหว่างเมือง,แอร์พอร์ต เรล ลิงก์,A3,บ้านทับช้าง,4061,4116,6/11/2024
7140,รถไฟระหว่างเมือง,แอร์พอร์ต เรล ลิงก์,A4,หัวหมาก,7157,7502,6/11/2024
7141,รถไฟระหว่างเมือง,แอร์พอร์ต เรล ลิงก์,A5,รามคำแหง,7646,8568,6/11/2024
7142,รถไฟระหว่างเมือง,แอร์พอร์ต เรล ลิงก์,A6,มักกะสัน,13269,13339,6/11/2024
7143,รถไฟระหว่างเมือง,แอร์พอร์ต เรล ลิงก์,A7,ราชปรารภ,3829,4069,6/11/2024
7144,รถไฟระหว่างเมือง,แอร์พอร์ต เรล ลิงก์,A8,พญาไท,15970,14907,6/11/2024
7145,รถไฟระหว่างเมือง,แอร์พอร์ต เรล ลิงก์,A1,สุวรรณภูมิ,12450,11554,6/12/2024
7146,รถไฟระหว่างเมือง,แอร์พอร์ต เรล ลิงก์,A2,ลาดกระบัง,10377,10194,6/12/2024
7147,รถไฟระหว่างเมือง,แอร์พอร์ต เรล ลิงก์,A3,บ้านทับช้าง,3955,3926,6/12/2024
7148,รถไฟระหว่างเมือง,แอร์พอร์ต เรล ลิงก์,A4,หัวหมาก,6628,6650,6/12/2024
7149,รถไฟระหว่างเมือง,แอร์พอร์ต เรล ลิงก์,A5,รามคำแหง,6370,6485,6/12/2024
7150,รถไฟระหว่างเมือง,แอร์พอร์ต เรล ลิงก์,A6,มักกะสัน,11711,12611,6/12/2024
7151,รถไฟระหว่างเมือง,แอร์พอร์ต เรล ลิงก์,A7,ราชปรารภ,3818,3967,6/12/2024
7152,รถไฟระหว่างเมือง,แอร์พอร์ต เรล ลิงก์,A8,พญาไท,14175,14097,6/12/2024
7153,รถไฟระหว่างเมือง,แอร์พอร์ต เรล ลิงก์,A1,สุวรรณภูมิ,13631,11303,6/13/2024
7154,รถไฟระหว่างเมือง,แอร์พอร์ต เรล ลิงก์,A2,ลาดกระบัง,10421,10090,6/13/2024
7155,รถไฟระหว่างเมือง,แอร์พอร์ต เรล ลิงก์,A3,บ้านทับช้าง,3977,3883,6/13/2024
7156,รถไฟระหว่างเมือง,แอร์พอร์ต เรล ลิงก์,A4,หัวหมาก,6853,6302,6/13/2024
7157,รถไฟระหว่างเมือง,แอร์พอร์ต เรล ลิงก์,A5,รามคำแหง,6194,6439,6/13/2024
7158,รถไฟระหว่างเมือง,แอร์พอร์ต เรล ลิงก์,A6,มักกะสัน,12089,13184,6/13/2024
7159,รถไฟระหว่างเมือง,แอร์พอร์ต เรล ลิงก์,A7,ราชปรารภ,3740,4117,6/13/2024
7160,รถไฟระหว่างเมือง,แอร์พอร์ต เรล ลิงก์,A8,พญาไท,13334,14921,6/13/2024
7161,รถไฟระหว่างเมือง,แอร์พอร์ต เรล ลิงก์,A1,สุวรรณภูมิ,14103,11643,6/14/2024
7162,รถไฟระหว่างเมือง,แอร์พอร์ต เรล ลิงก์,A2,ลาดกระบัง,10760,10728,6/14/2024
7163,รถไฟระหว่างเมือง,แอร์พอร์ต เรล ลิงก์,A3,บ้านทับช้าง,3901,3877,6/14/2024
7164,รถไฟระหว่างเมือง,แอร์พอร์ต เรล ลิงก์,A4,หัวหมาก,6817,6657,6/14/2024
7165,รถไฟระหว่างเมือง,แอร์พอร์ต เรล ลิงก์,A5,รามคำแหง,6437,6771,6/14/2024
7166,รถไฟระหว่างเมือง,แอร์พอร์ต เรล ลิงก์,A6,มักกะสัน,12264,13722,6/14/2024
7167,รถไฟระหว่างเมือง,แอร์พอร์ต เรล ลิงก์,A7,ราชปรารภ,3868,4030,6/14/2024
7168,รถไฟระหว่างเมือง,แอร์พอร์ต เรล ลิงก์,A8,พญาไท,14857,15579,6/14/2024
7169,รถไฟระหว่างเมือง,แอร์พอร์ต เรล ลิงก์,A1,สุวรรณภูมิ,12888,11026,6/15/2024
7170,รถไฟระหว่างเมือง,แอร์พอร์ต เรล ลิงก์,A2,ลาดกระบัง,7764,7996,6/15/2024
7171,รถไฟระหว่างเมือง,แอร์พอร์ต เรล ลิงก์,A3,บ้านทับช้าง,2020,2045,6/15/2024
7172,รถไฟระหว่างเมือง,แอร์พอร์ต เรล ลิงก์,A4,หัวหมาก,4532,4428,6/15/2024
7173,รถไฟระหว่างเมือง,แอร์พอร์ต เรล ลิงก์,A5,รามคำแหง,4395,4403,6/15/2024
7174,รถไฟระหว่างเมือง,แอร์พอร์ต เรล ลิงก์,A6,มักกะสัน,8099,8880,6/15/2024
7175,รถไฟระหว่างเมือง,แอร์พอร์ต เรล ลิงก์,A7,ราชปรารภ,3217,3323,6/15/2024
7176,รถไฟระหว่างเมือง,แอร์พอร์ต เรล ลิงก์,A8,พญาไท,11207,12021,6/15/2024
7177,รถไฟระหว่างเมือง,แอร์พอร์ต เรล ลิงก์,A1,สุวรรณภูมิ,11454,10216,6/16/2024
7178,รถไฟระหว่างเมือง,แอร์พอร์ต เรล ลิงก์,A2,ลาดกระบัง,6783,6786,6/16/2024
7179,รถไฟระหว่างเมือง,แอร์พอร์ต เรล ลิงก์,A3,บ้านทับช้าง,1486,1534,6/16/2024
7180,รถไฟระหว่างเมือง,แอร์พอร์ต เรล ลิงก์,A4,หัวหมาก,3450,3533,6/16/2024
7181,รถไฟระหว่างเมือง,แอร์พอร์ต เรล ลิงก์,A5,รามคำแหง,3460,3750,6/16/2024
7182,รถไฟระหว่างเมือง,แอร์พอร์ต เรล ลิงก์,A6,มักกะสัน,6776,7158,6/16/2024
7183,รถไฟระหว่างเมือง,แอร์พอร์ต เรล ลิงก์,A7,ราชปรารภ,3051,2978,6/16/2024
7184,รถไฟระหว่างเมือง,แอร์พอร์ต เรล ลิงก์,A8,พญาไท,9381,9886,6/16/2024
7185,รถไฟระหว่างเมือง,แอร์พอร์ต เรล ลิงก์,A1,สุวรรณภูมิ,12290,11586,6/17/2024
7186,รถไฟระหว่างเมือง,แอร์พอร์ต เรล ลิงก์,A2,ลาดกระบัง,10305,9964,6/17/2024
7187,รถไฟระหว่างเมือง,แอร์พอร์ต เรล ลิงก์,A3,บ้านทับช้าง,3582,3562,6/17/2024
7188,รถไฟระหว่างเมือง,แอร์พอร์ต เรล ลิงก์,A4,หัวหมาก,6111,6127,6/17/2024
7189,รถไฟระหว่างเมือง,แอร์พอร์ต เรล ลิงก์,A5,รามคำแหง,6127,6508,6/17/2024
7190,รถไฟระหว่างเมือง,แอร์พอร์ต เรล ลิงก์,A6,มักกะสัน,11943,12430,6/17/2024
7191,รถไฟระหว่างเมือง,แอร์พอร์ต เรล ลิงก์,A7,ราชปรารภ,3738,3957,6/17/2024
7192,รถไฟระหว่างเมือง,แอร์พอร์ต เรล ลิงก์,A8,พญาไท,13815,13777,6/17/2024
7193,รถไฟระหว่างเมือง,แอร์พอร์ต เรล ลิงก์,A1,สุวรรณภูมิ,12014,10919,6/18/2024
7194,รถไฟระหว่างเมือง,แอร์พอร์ต เรล ลิงก์,A2,ลาดกระบัง,10272,10202,6/18/2024
7195,รถไฟระหว่างเมือง,แอร์พอร์ต เรล ลิงก์,A3,บ้านทับช้าง,3924,3893,6/18/2024
7196,รถไฟระหว่างเมือง,แอร์พอร์ต เรล ลิงก์,A4,หัวหมาก,6497,6517,6/18/2024
7197,รถไฟระหว่างเมือง,แอร์พอร์ต เรล ลิงก์,A5,รามคำแหง,6051,6504,6/18/2024
7198,รถไฟระหว่างเมือง,แอร์พอร์ต เรล ลิงก์,A6,มักกะสัน,12125,12762,6/18/2024
7199,รถไฟระหว่างเมือง,แอร์พอร์ต เรล ลิงก์,A7,ราชปรารภ,3608,3757,6/18/2024
7200,รถไฟระหว่างเมือง,แอร์พอร์ต เรล ลิงก์,A8,พญาไท,14011,13948,6/18/2024
7201,รถไฟระหว่างเมือง,แอร์พอร์ต เรล ลิงก์,A1,สุวรรณภูมิ,12780,10836,6/19/2024
7202,รถไฟระหว่างเมือง,แอร์พอร์ต เรล ลิงก์,A2,ลาดกระบัง,10273,10424,6/19/2024
7203,รถไฟระหว่างเมือง,แอร์พอร์ต เรล ลิงก์,A3,บ้านทับช้าง,3909,3924,6/19/2024
7204,รถไฟระหว่างเมือง,แอร์พอร์ต เรล ลิงก์,A4,หัวหมาก,6522,6502,6/19/2024
7205,รถไฟระหว่างเมือง,แอร์พอร์ต เรล ลิงก์,A5,รามคำแหง,6058,6766,6/19/2024
7206,รถไฟระหว่างเมือง,แอร์พอร์ต เรล ลิงก์,A6,มักกะสัน,12329,12763,6/19/2024
7207,รถไฟระหว่างเมือง,แอร์พอร์ต เรล ลิงก์,A7,ราชปรารภ,3627,3920,6/19/2024
7208,รถไฟระหว่างเมือง,แอร์พอร์ต เรล ลิงก์,A8,พญาไท,13963,14326,6/19/2024
7209,รถไฟระหว่างเมือง,แอร์พอร์ต เรล ลิงก์,A1,สุวรรณภูมิ,13465,10520,6/20/2024
7210,รถไฟระหว่างเมือง,แอร์พอร์ต เรล ลิงก์,A2,ลาดกระบัง,10346,10108,6/20/2024
7211,รถไฟระหว่างเมือง,แอร์พอร์ต เรล ลิงก์,A3,บ้านทับช้าง,3863,3758,6/20/2024
7212,รถไฟระหว่างเมือง,แอร์พอร์ต เรล ลิงก์,A4,หัวหมาก,6606,6761,6/20/2024
7213,รถไฟระหว่างเมือง,แอร์พอร์ต เรล ลิงก์,A5,รามคำแหง,6511,7346,6/20/2024
7214,รถไฟระหว่างเมือง,แอร์พอร์ต เรล ลิงก์,A6,มักกะสัน,12175,13209,6/20/2024
7215,รถไฟระหว่างเมือง,แอร์พอร์ต เรล ลิงก์,A7,ราชปรารภ,3743,4140,6/20/2024
7216,รถไฟระหว่างเมือง,แอร์พอร์ต เรล ลิงก์,A8,พญาไท,14128,14995,6/20/2024
7217,รถไฟระหว่างเมือง,แอร์พอร์ต เรล ลิงก์,A1,สุวรรณภูมิ,14731,11238,6/21/2024
7218,รถไฟระหว่างเมือง,แอร์พอร์ต เรล ลิงก์,A2,ลาดกระบัง,11063,11144,6/21/2024
7219,รถไฟระหว่างเมือง,แอร์พอร์ต เรล ลิงก์,A3,บ้านทับช้าง,3780,3739,6/21/2024
7220,รถไฟระหว่างเมือง,แอร์พอร์ต เรล ลิงก์,A4,หัวหมาก,6936,7146,6/21/2024
7221,รถไฟระหว่างเมือง,แอร์พอร์ต เรล ลิงก์,A5,รามคำแหง,6887,7862,6/21/2024
7222,รถไฟระหว่างเมือง,แอร์พอร์ต เรล ลิงก์,A6,มักกะสัน,12765,13989,6/21/2024
7223,รถไฟระหว่างเมือง,แอร์พอร์ต เรล ลิงก์,A7,ราชปรารภ,4106,4332,6/21/2024
7224,รถไฟระหว่างเมือง,แอร์พอร์ต เรล ลิงก์,A8,พญาไท,15447,16265,6/21/2024
7225,รถไฟระหว่างเมือง,แอร์พอร์ต เรล ลิงก์,A1,สุวรรณภูมิ,12858,10318,6/22/2024
7226,รถไฟระหว่างเมือง,แอร์พอร์ต เรล ลิงก์,A2,ลาดกระบัง,8342,8393,6/22/2024
7227,รถไฟระหว่างเมือง,แอร์พอร์ต เรล ลิงก์,A3,บ้านทับช้าง,2027,2027,6/22/2024
7228,รถไฟระหว่างเมือง,แอร์พอร์ต เรล ลิงก์,A4,หัวหมาก,5487,5811,6/22/2024
7229,รถไฟระหว่างเมือง,แอร์พอร์ต เรล ลิงก์,A5,รามคำแหง,7517,10343,6/22/2024
7230,รถไฟระหว่างเมือง,แอร์พอร์ต เรล ลิงก์,A6,มักกะสัน,10283,9976,6/22/2024
7231,รถไฟระหว่างเมือง,แอร์พอร์ต เรล ลิงก์,A7,ราชปรารภ,3509,3461,6/22/2024
7232,รถไฟระหว่างเมือง,แอร์พอร์ต เรล ลิงก์,A8,พญาไท,14459,14153,6/22/2024
7233,รถไฟระหว่างเมือง,แอร์พอร์ต เรล ลิงก์,A1,สุวรรณภูมิ,11750,10657,6/23/2024
7234,รถไฟระหว่างเมือง,แอร์พอร์ต เรล ลิงก์,A2,ลาดกระบัง,7227,7240,6/23/2024
7235,รถไฟระหว่างเมือง,แอร์พอร์ต เรล ลิงก์,A3,บ้านทับช้าง,1615,1641,6/23/2024
7236,รถไฟระหว่างเมือง,แอร์พอร์ต เรล ลิงก์,A4,หัวหมาก,4565,4540,6/23/2024
7237,รถไฟระหว่างเมือง,แอร์พอร์ต เรล ลิงก์,A5,รามคำแหง,7039,8642,6/23/2024
7238,รถไฟระหว่างเมือง,แอร์พอร์ต เรล ลิงก์,A6,มักกะสัน,8626,8333,6/23/2024
7239,รถไฟระหว่างเมือง,แอร์พอร์ต เรล ลิงก์,A7,ราชปรารภ,3114,3004,6/23/2024
7240,รถไฟระหว่างเมือง,แอร์พอร์ต เรล ลิงก์,A8,พญาไท,12393,12272,6/23/2024
7241,รถไฟระหว่างเมือง,แอร์พอร์ต เรล ลิงก์,A1,สุวรรณภูมิ,12853,12481,6/24/2024
7242,รถไฟระหว่างเมือง,แอร์พอร์ต เรล ลิงก์,A2,ลาดกระบัง,10547,10373,6/24/2024
7243,รถไฟระหว่างเมือง,แอร์พอร์ต เรล ลิงก์,A3,บ้านทับช้าง,3893,3842,6/24/2024
7244,รถไฟระหว่างเมือง,แอร์พอร์ต เรล ลิงก์,A4,หัวหมาก,6991,6416,6/24/2024
7245,รถไฟระหว่างเมือง,แอร์พอร์ต เรล ลิงก์,A5,รามคำแหง,6924,6719,6/24/2024
7246,รถไฟระหว่างเมือง,แอร์พอร์ต เรล ลิงก์,A6,มักกะสัน,11819,12910,6/24/2024
7247,รถไฟระหว่างเมือง,แอร์พอร์ต เรล ลิงก์,A7,ราชปรารภ,3838,4063,6/24/2024
7248,รถไฟระหว่างเมือง,แอร์พอร์ต เรล ลิงก์,A8,พญาไท,14666,14727,6/24/2024
7249,รถไฟระหว่างเมือง,แอร์พอร์ต เรล ลิงก์,A1,สุวรรณภูมิ,12933,11747,6/25/2024
7250,รถไฟระหว่างเมือง,แอร์พอร์ต เรล ลิงก์,A2,ลาดกระบัง,10503,10539,6/25/2024
7251,รถไฟระหว่างเมือง,แอร์พอร์ต เรล ลิงก์,A3,บ้านทับช้าง,4001,3961,6/25/2024
7252,รถไฟระหว่างเมือง,แอร์พอร์ต เรล ลิงก์,A4,หัวหมาก,6729,6787,6/25/2024
7253,รถไฟระหว่างเมือง,แอร์พอร์ต เรล ลิงก์,A5,รามคำแหง,6147,7382,6/25/2024
7254,รถไฟระหว่างเมือง,แอร์พอร์ต เรล ลิงก์,A6,มักกะสัน,12741,12841,6/25/2024
7255,รถไฟระหว่างเมือง,แอร์พอร์ต เรล ลิงก์,A7,ราชปรารภ,3686,3975,6/25/2024
7256,รถไฟระหว่างเมือง,แอร์พอร์ต เรล ลิงก์,A8,พญาไท,14880,14388,6/25/2024
7257,รถไฟระหว่างเมือง,แอร์พอร์ต เรล ลิงก์,A1,สุวรรณภูมิ,12746,11292,6/26/2024
7258,รถไฟระหว่างเมือง,แอร์พอร์ต เรล ลิงก์,A2,ลาดกระบัง,10403,10422,6/26/2024
7259,รถไฟระหว่างเมือง,แอร์พอร์ต เรล ลิงก์,A3,บ้านทับช้าง,3998,3986,6/26/2024
7260,รถไฟระหว่างเมือง,แอร์พอร์ต เรล ลิงก์,A4,หัวหมาก,6743,6341,6/26/2024
7261,รถไฟระหว่างเมือง,แอร์พอร์ต เรล ลิงก์,A5,รามคำแหง,6274,6876,6/26/2024
7262,รถไฟระหว่างเมือง,แอร์พอร์ต เรล ลิงก์,A6,มักกะสัน,12199,12797,6/26/2024
7263,รถไฟระหว่างเมือง,แอร์พอร์ต เรล ลิงก์,A7,ราชปรารภ,3815,4093,6/26/2024
7264,รถไฟระหว่างเมือง,แอร์พอร์ต เรล ลิงก์,A8,พญาไท,14096,14467,6/26/2024
7265,รถไฟระหว่างเมือง,แอร์พอร์ต เรล ลิงก์,A1,สุวรรณภูมิ,14012,11551,6/27/2024
7266,รถไฟระหว่างเมือง,แอร์พอร์ต เรล ลิงก์,A2,ลาดกระบัง,10611,10532,6/27/2024
7267,รถไฟระหว่างเมือง,แอร์พอร์ต เรล ลิงก์,A3,บ้านทับช้าง,3968,3896,6/27/2024
7268,รถไฟระหว่างเมือง,แอร์พอร์ต เรล ลิงก์,A4,หัวหมาก,6765,6564,6/27/2024
7269,รถไฟระหว่างเมือง,แอร์พอร์ต เรล ลิงก์,A5,รามคำแหง,6366,6978,6/27/2024
7270,รถไฟระหว่างเมือง,แอร์พอร์ต เรล ลิงก์,A6,มักกะสัน,12358,13150,6/27/2024
7271,รถไฟระหว่างเมือง,แอร์พอร์ต เรล ลิงก์,A7,ราชปรารภ,3830,4274,6/27/2024
7272,รถไฟระหว่างเมือง,แอร์พอร์ต เรล ลิงก์,A8,พญาไท,14355,15320,6/27/2024
7273,รถไฟระหว่างเมือง,แอร์พอร์ต เรล ลิงก์,A1,สุวรรณภูมิ,15176,11946,6/28/2024
7274,รถไฟระหว่างเมือง,แอร์พอร์ต เรล ลิงก์,A2,ลาดกระบัง,11865,11853,6/28/2024
7275,รถไฟระหว่างเมือง,แอร์พอร์ต เรล ลิงก์,A3,บ้านทับช้าง,4050,4001,6/28/2024
7276,รถไฟระหว่างเมือง,แอร์พอร์ต เรล ลิงก์,A4,หัวหมาก,7168,7069,6/28/2024
7277,รถไฟระหว่างเมือง,แอร์พอร์ต เรล ลิงก์,A5,รามคำแหง,6722,7417,6/28/2024
7278,รถไฟระหว่างเมือง,แอร์พอร์ต เรล ลิงก์,A6,มักกะสัน,13336,14877,6/28/2024
7279,รถไฟระหว่างเมือง,แอร์พอร์ต เรล ลิงก์,A7,ราชปรารภ,4033,4356,6/28/2024
7280,รถไฟระหว่างเมือง,แอร์พอร์ต เรล ลิงก์,A8,พญาไท,15868,16699,6/28/2024
7281,รถไฟระหว่างเมือง,แอร์พอร์ต เรล ลิงก์,A1,สุวรรณภูมิ,13033,10797,6/29/2024
7282,รถไฟระหว่างเมือง,แอร์พอร์ต เรล ลิงก์,A2,ลาดกระบัง,8819,8799,6/29/2024
7283,รถไฟระหว่างเมือง,แอร์พอร์ต เรล ลิงก์,A3,บ้านทับช้าง,2153,2182,6/29/2024
7284,รถไฟระหว่างเมือง,แอร์พอร์ต เรล ลิงก์,A4,หัวหมาก,4805,4801,6/29/2024
7285,รถไฟระหว่างเมือง,แอร์พอร์ต เรล ลิงก์,A5,รามคำแหง,4763,5117,6/29/2024
7286,รถไฟระหว่างเมือง,แอร์พอร์ต เรล ลิงก์,A6,มักกะสัน,9208,9809,6/29/2024
7287,รถไฟระหว่างเมือง,แอร์พอร์ต เรล ลิงก์,A7,ราชปรารภ,3430,3511,6/29/2024
7288,รถไฟระหว่างเมือง,แอร์พอร์ต เรล ลิงก์,A8,พญาไท,11871,13066,6/29/2024
7289,รถไฟระหว่างเมือง,แอร์พอร์ต เรล ลิงก์,A1,สุวรรณภูมิ,12079,11007,6/30/2024
7290,รถไฟระหว่างเมือง,แอร์พอร์ต เรล ลิงก์,A2,ลาดกระบัง,8129,8382,6/30/2024
7291,รถไฟระหว่างเมือง,แอร์พอร์ต เรล ลิงก์,A3,บ้านทับช้าง,1798,1802,6/30/2024
7292,รถไฟระหว่างเมือง,แอร์พอร์ต เรล ลิงก์,A4,หัวหมาก,4252,4141,6/30/2024
7293,รถไฟระหว่างเมือง,แอร์พอร์ต เรล ลิงก์,A5,รามคำแหง,4320,4999,6/30/2024
7294,รถไฟระหว่างเมือง,แอร์พอร์ต เรล ลิงก์,A6,มักกะสัน,8043,8513,6/30/2024
7295,รถไฟระหว่างเมือง,แอร์พอร์ต เรล ลิงก์,A7,ราชปรารภ,3216,3132,6/30/2024
7296,รถไฟระหว่างเมือง,แอร์พอร์ต เรล ลิงก์,A8,พญาไท,11683,11544,6/30/2024
7297,รถไฟระหว่างเมือง,แอร์พอร์ต เรล ลิงก์,A1,สุวรรณภูมิ,12500,12074,7/1/2024
7298,รถไฟระหว่างเมือง,แอร์พอร์ต เรล ลิงก์,A2,ลาดกระบัง,10966,10694,7/1/2024
7299,รถไฟระหว่างเมือง,แอร์พอร์ต เรล ลิงก์,A3,บ้านทับช้าง,3965,3866,7/1/2024
7300,รถไฟระหว่างเมือง,แอร์พอร์ต เรล ลิงก์,A4,หัวหมาก,7008,7025,7/1/2024
7301,รถไฟระหว่างเมือง,แอร์พอร์ต เรล ลิงก์,A5,รามคำแหง,3904,5282,7/1/2024
7302,รถไฟระหว่างเมือง,แอร์พอร์ต เรล ลิงก์,A6,มักกะสัน,12136,12429,7/1/2024
7303,รถไฟระหว่างเมือง,แอร์พอร์ต เรล ลิงก์,A7,ราชปรารภ,3825,3918,7/1/2024
7304,รถไฟระหว่างเมือง,แอร์พอร์ต เรล ลิงก์,A8,พญาไท,14694,13710,7/1/2024
7305,รถไฟระหว่างเมือง,แอร์พอร์ต เรล ลิงก์,A1,สุวรรณภูมิ,12208,11342,7/2/2024
7306,รถไฟระหว่างเมือง,แอร์พอร์ต เรล ลิงก์,A2,ลาดกระบัง,11047,10841,7/2/2024
7307,รถไฟระหว่างเมือง,แอร์พอร์ต เรล ลิงก์,A3,บ้านทับช้าง,4131,4084,7/2/2024
7308,รถไฟระหว่างเมือง,แอร์พอร์ต เรล ลิงก์,A4,หัวหมาก,7116,6683,7/2/2024
7309,รถไฟระหว่างเมือง,แอร์พอร์ต เรล ลิงก์,A5,รามคำแหง,5885,6633,7/2/2024
7310,รถไฟระหว่างเมือง,แอร์พอร์ต เรล ลิงก์,A6,มักกะสัน,12403,13075,7/2/2024
7311,รถไฟระหว่างเมือง,แอร์พอร์ต เรล ลิงก์,A7,ราชปรารภ,3744,3928,7/2/2024
7312,รถไฟระหว่างเมือง,แอร์พอร์ต เรล ลิงก์,A8,พญาไท,14513,14461,7/2/2024
7313,รถไฟระหว่างเมือง,แอร์พอร์ต เรล ลิงก์,A1,สุวรรณภูมิ,12808,11073,7/3/2024
7314,รถไฟระหว่างเมือง,แอร์พอร์ต เรล ลิงก์,A2,ลาดกระบัง,11006,10932,7/3/2024
7315,รถไฟระหว่างเมือง,แอร์พอร์ต เรล ลิงก์,A3,บ้านทับช้าง,4123,3978,7/3/2024
7316,รถไฟระหว่างเมือง,แอร์พอร์ต เรล ลิงก์,A4,หัวหมาก,6982,6992,7/3/2024
7317,รถไฟระหว่างเมือง,แอร์พอร์ต เรล ลิงก์,A5,รามคำแหง,6110,6690,7/3/2024
7318,รถไฟระหว่างเมือง,แอร์พอร์ต เรล ลิงก์,A6,มักกะสัน,12381,13264,7/3/2024
7319,รถไฟระหว่างเมือง,แอร์พอร์ต เรล ลิงก์,A7,ราชปรารภ,3977,4088,7/3/2024
7320,รถไฟระหว่างเมือง,แอร์พอร์ต เรล ลิงก์,A8,พญาไท,14060,14430,7/3/2024
7321,รถไฟระหว่างเมือง,แอร์พอร์ต เรล ลิงก์,A1,สุวรรณภูมิ,13608,10692,7/4/2024
7322,รถไฟระหว่างเมือง,แอร์พอร์ต เรล ลิงก์,A2,ลาดกระบัง,10767,10556,7/4/2024
7323,รถไฟระหว่างเมือง,แอร์พอร์ต เรล ลิงก์,A3,บ้านทับช้าง,4092,3984,7/4/2024
7324,รถไฟระหว่างเมือง,แอร์พอร์ต เรล ลิงก์,A4,หัวหมาก,6870,6672,7/4/2024
7325,รถไฟระหว่างเมือง,แอร์พอร์ต เรล ลิงก์,A5,รามคำแหง,6097,6780,7/4/2024
7326,รถไฟระหว่างเมือง,แอร์พอร์ต เรล ลิงก์,A6,มักกะสัน,12199,13533,7/4/2024
7327,รถไฟระหว่างเมือง,แอร์พอร์ต เรล ลิงก์,A7,ราชปรารภ,3912,4243,7/4/2024
7328,รถไฟระหว่างเมือง,แอร์พอร์ต เรล ลิงก์,A8,พญาไท,13956,15041,7/4/2024
7329,รถไฟระหว่างเมือง,แอร์พอร์ต เรล ลิงก์,A1,สุวรรณภูมิ,14552,11512,7/5/2024
7330,รถไฟระหว่างเมือง,แอร์พอร์ต เรล ลิงก์,A2,ลาดกระบัง,11531,11250,7/5/2024
7331,รถไฟระหว่างเมือง,แอร์พอร์ต เรล ลิงก์,A3,บ้านทับช้าง,3912,3852,7/5/2024
7332,รถไฟระหว่างเมือง,แอร์พอร์ต เรล ลิงก์,A4,หัวหมาก,7138,7141,7/5/2024
7333,รถไฟระหว่างเมือง,แอร์พอร์ต เรล ลิงก์,A5,รามคำแหง,6355,6906,7/5/2024
7334,รถไฟระหว่างเมือง,แอร์พอร์ต เรล ลิงก์,A6,มักกะสัน,12668,14003,7/5/2024
7335,รถไฟระหว่างเมือง,แอร์พอร์ต เรล ลิงก์,A7,ราชปรารภ,4069,4380,7/5/2024
7336,รถไฟระหว่างเมือง,แอร์พอร์ต เรล ลิงก์,A8,พญาไท,14837,16018,7/5/2024
7337,รถไฟระหว่างเมือง,แอร์พอร์ต เรล ลิงก์,A1,สุวรรณภูมิ,12541,10263,7/6/2024
7338,รถไฟระหว่างเมือง,แอร์พอร์ต เรล ลิงก์,A2,ลาดกระบัง,8528,8283,7/6/2024
7339,รถไฟระหว่างเมือง,แอร์พอร์ต เรล ลิงก์,A3,บ้านทับช้าง,2018,2041,7/6/2024
7340,รถไฟระหว่างเมือง,แอร์พอร์ต เรล ลิงก์,A4,หัวหมาก,4649,4587,7/6/2024
7341,รถไฟระหว่างเมือง,แอร์พอร์ต เรล ลิงก์,A5,รามคำแหง,4261,4806,7/6/2024
7342,รถไฟระหว่างเมือง,แอร์พอร์ต เรล ลิงก์,A6,มักกะสัน,8130,8916,7/6/2024
7343,รถไฟระหว่างเมือง,แอร์พอร์ต เรล ลิงก์,A7,ราชปรารภ,3467,3662,7/6/2024
7344,รถไฟระหว่างเมือง,แอร์พอร์ต เรล ลิงก์,A8,พญาไท,11247,12283,7/6/2024
7345,รถไฟระหว่างเมือง,แอร์พอร์ต เรล ลิงก์,A1,สุวรรณภูมิ,11874,10210,7/7/2024
7346,รถไฟระหว่างเมือง,แอร์พอร์ต เรล ลิงก์,A2,ลาดกระบัง,7391,7553,7/7/2024
7347,รถไฟระหว่างเมือง,แอร์พอร์ต เรล ลิงก์,A3,บ้านทับช้าง,1694,1676,7/7/2024
7348,รถไฟระหว่างเมือง,แอร์พอร์ต เรล ลิงก์,A4,หัวหมาก,4006,4089,7/7/2024
7349,รถไฟระหว่างเมือง,แอร์พอร์ต เรล ลิงก์,A5,รามคำแหง,3901,4256,7/7/2024
7350,รถไฟระหว่างเมือง,แอร์พอร์ต เรล ลิงก์,A6,มักกะสัน,7230,8027,7/7/2024
7351,รถไฟระหว่างเมือง,แอร์พอร์ต เรล ลิงก์,A7,ราชปรารภ,3222,3058,7/7/2024
7352,รถไฟระหว่างเมือง,แอร์พอร์ต เรล ลิงก์,A8,พญาไท,10387,10836,7/7/2024
7353,รถไฟระหว่างเมือง,แอร์พอร์ต เรล ลิงก์,A1,สุวรรณภูมิ,12532,11738,7/8/2024
7354,รถไฟระหว่างเมือง,แอร์พอร์ต เรล ลิงก์,A2,ลาดกระบัง,10694,10501,7/8/2024
7355,รถไฟระหว่างเมือง,แอร์พอร์ต เรล ลิงก์,A3,บ้านทับช้าง,3867,3785,7/8/2024
7356,รถไฟระหว่างเมือง,แอร์พอร์ต เรล ลิงก์,A4,หัวหมาก,6656,6454,7/8/2024
7357,รถไฟระหว่างเมือง,แอร์พอร์ต เรล ลิงก์,A5,รามคำแหง,6096,6697,7/8/2024
7358,รถไฟระหว่างเมือง,แอร์พอร์ต เรล ลิงก์,A6,มักกะสัน,11957,12728,7/8/2024
7359,รถไฟระหว่างเมือง,แอร์พอร์ต เรล ลิงก์,A7,ราชปรารภ,3969,4095,7/8/2024
7360,รถไฟระหว่างเมือง,แอร์พอร์ต เรล ลิงก์,A8,พญาไท,14276,14049,7/8/2024
7361,รถไฟระหว่างเมือง,แอร์พอร์ต เรล ลิงก์,A1,สุวรรณภูมิ,12468,11010,7/9/2024
7362,รถไฟระหว่างเมือง,แอร์พอร์ต เรล ลิงก์,A2,ลาดกระบัง,10632,10405,7/9/2024
7363,รถไฟระหว่างเมือง,แอร์พอร์ต เรล ลิงก์,A3,บ้านทับช้าง,4130,4137,7/9/2024
7364,รถไฟระหว่างเมือง,แอร์พอร์ต เรล ลิงก์,A4,หัวหมาก,7002,6873,7/9/2024
7365,รถไฟระหว่างเมือง,แอร์พอร์ต เรล ลิงก์,A5,รามคำแหง,6163,6708,7/9/2024
7366,รถไฟระหว่างเมือง,แอร์พอร์ต เรล ลิงก์,A6,มักกะสัน,12245,13103,7/9/2024
7367,รถไฟระหว่างเมือง,แอร์พอร์ต เรล ลิงก์,A7,ราชปรารภ,3826,3938,7/9/2024
7368,รถไฟระหว่างเมือง,แอร์พอร์ต เรล ลิงก์,A8,พญาไท,14031,14323,7/9/2024
7369,รถไฟระหว่างเมือง,แอร์พอร์ต เรล ลิงก์,A1,สุวรรณภูมิ,13172,11263,7/10/2024
7370,รถไฟระหว่างเมือง,แอร์พอร์ต เรล ลิงก์,A2,ลาดกระบัง,10911,10553,7/10/2024
7371,รถไฟระหว่างเมือง,แอร์พอร์ต เรล ลิงก์,A3,บ้านทับช้าง,4093,4113,7/10/2024
7372,รถไฟระหว่างเมือง,แอร์พอร์ต เรล ลิงก์,A4,หัวหมาก,7049,6897,7/10/2024
7373,รถไฟระหว่างเมือง,แอร์พอร์ต เรล ลิงก์,A5,รามคำแหง,6195,6672,7/10/2024
7374,รถไฟระหว่างเมือง,แอร์พอร์ต เรล ลิงก์,A6,มักกะสัน,12356,13284,7/10/2024
7375,รถไฟระหว่างเมือง,แอร์พอร์ต เรล ลิงก์,A7,ราชปรารภ,3925,4234,7/10/2024
7376,รถไฟระหว่างเมือง,แอร์พอร์ต เรล ลิงก์,A8,พญาไท,14019,14704,7/10/2024
7377,รถไฟระหว่างเมือง,แอร์พอร์ต เรล ลิงก์,A1,สุวรรณภูมิ,13601,10543,7/11/2024
7378,รถไฟระหว่างเมือง,แอร์พอร์ต เรล ลิงก์,A2,ลาดกระบัง,10692,10513,7/11/2024
7379,รถไฟระหว่างเมือง,แอร์พอร์ต เรล ลิงก์,A3,บ้านทับช้าง,4069,4006,7/11/2024
7380,รถไฟระหว่างเมือง,แอร์พอร์ต เรล ลิงก์,A4,หัวหมาก,7022,7059,7/11/2024
7381,รถไฟระหว่างเมือง,แอร์พอร์ต เรล ลิงก์,A5,รามคำแหง,6148,6855,7/11/2024
7382,รถไฟระหว่างเมือง,แอร์พอร์ต เรล ลิงก์,A6,มักกะสัน,12269,13420,7/11/2024
7383,รถไฟระหว่างเมือง,แอร์พอร์ต เรล ลิงก์,A7,ราชปรารภ,3807,4247,7/11/2024
7384,รถไฟระหว่างเมือง,แอร์พอร์ต เรล ลิงก์,A8,พญาไท,13977,14942,7/11/2024
7385,รถไฟระหว่างเมือง,แอร์พอร์ต เรล ลิงก์,A1,สุวรรณภูมิ,14874,11535,7/12/2024
7386,รถไฟระหว่างเมือง,แอร์พอร์ต เรล ลิงก์,A2,ลาดกระบัง,11436,11087,7/12/2024
7387,รถไฟระหว่างเมือง,แอร์พอร์ต เรล ลิงก์,A3,บ้านทับช้าง,3948,3884,7/12/2024
7388,รถไฟระหว่างเมือง,แอร์พอร์ต เรล ลิงก์,A4,หัวหมาก,6998,6946,7/12/2024
7389,รถไฟระหว่างเมือง,แอร์พอร์ต เรล ลิงก์,A5,รามคำแหง,6409,7071,7/12/2024
7390,รถไฟระหว่างเมือง,แอร์พอร์ต เรล ลิงก์,A6,มักกะสัน,12923,14481,7/12/2024
7391,รถไฟระหว่างเมือง,แอร์พอร์ต เรล ลิงก์,A7,ราชปรารภ,3976,4347,7/12/2024
7392,รถไฟระหว่างเมือง,แอร์พอร์ต เรล ลิงก์,A8,พญาไท,14826,16039,7/12/2024
7393,รถไฟระหว่างเมือง,แอร์พอร์ต เรล ลิงก์,A1,สุวรรณภูมิ,13018,10218,7/13/2024
7394,รถไฟระหว่างเมือง,แอร์พอร์ต เรล ลิงก์,A2,ลาดกระบัง,7963,7987,7/13/2024
7395,รถไฟระหว่างเมือง,แอร์พอร์ต เรล ลิงก์,A3,บ้านทับช้าง,1980,2030,7/13/2024
7396,รถไฟระหว่างเมือง,แอร์พอร์ต เรล ลิงก์,A4,หัวหมาก,4507,4477,7/13/2024
7397,รถไฟระหว่างเมือง,แอร์พอร์ต เรล ลิงก์,A5,รามคำแหง,4194,4663,7/13/2024
7398,รถไฟระหว่างเมือง,แอร์พอร์ต เรล ลิงก์,A6,มักกะสัน,8196,9175,7/13/2024
7399,รถไฟระหว่างเมือง,แอร์พอร์ต เรล ลิงก์,A7,ราชปรารภ,3216,3398,7/13/2024
7400,รถไฟระหว่างเมือง,แอร์พอร์ต เรล ลิงก์,A8,พญาไท,10871,11997,7/13/2024
7401,รถไฟระหว่างเมือง,แอร์พอร์ต เรล ลิงก์,A1,สุวรรณภูมิ,11627,10822,7/14/2024
7402,รถไฟระหว่างเมือง,แอร์พอร์ต เรล ลิงก์,A2,ลาดกระบัง,6943,7118,7/14/2024
7403,รถไฟระหว่างเมือง,แอร์พอร์ต เรล ลิงก์,A3,บ้านทับช้าง,1537,1512,7/14/2024
7404,รถไฟระหว่างเมือง,แอร์พอร์ต เรล ลิงก์,A4,หัวหมาก,3894,4044,7/14/2024
7405,รถไฟระหว่างเมือง,แอร์พอร์ต เรล ลิงก์,A5,รามคำแหง,3492,3917,7/14/2024
7406,รถไฟระหว่างเมือง,แอร์พอร์ต เรล ลิงก์,A6,มักกะสัน,7397,7328,7/14/2024
7407,รถไฟระหว่างเมือง,แอร์พอร์ต เรล ลิงก์,A7,ราชปรารภ,3139,3069,7/14/2024
7408,รถไฟระหว่างเมือง,แอร์พอร์ต เรล ลิงก์,A8,พญาไท,9818,10037,7/14/2024
7409,รถไฟระหว่างเมือง,แอร์พอร์ต เรล ลิงก์,A1,สุวรรณภูมิ,12404,12048,7/15/2024
7410,รถไฟระหว่างเมือง,แอร์พอร์ต เรล ลิงก์,A2,ลาดกระบัง,10939,10295,7/15/2024
7411,รถไฟระหว่างเมือง,แอร์พอร์ต เรล ลิงก์,A3,บ้านทับช้าง,3976,3894,7/15/2024
7412,รถไฟระหว่างเมือง,แอร์พอร์ต เรล ลิงก์,A4,หัวหมาก,6564,6777,7/15/2024
7413,รถไฟระหว่างเมือง,แอร์พอร์ต เรล ลิงก์,A5,รามคำแหง,6124,6545,7/15/2024
7414,รถไฟระหว่างเมือง,แอร์พอร์ต เรล ลิงก์,A6,มักกะสัน,12140,12605,7/15/2024
7415,รถไฟระหว่างเมือง,แอร์พอร์ต เรล ลิงก์,A7,ราชปรารภ,3882,3943,7/15/2024
7416,รถไฟระหว่างเมือง,แอร์พอร์ต เรล ลิงก์,A8,พญาไท,14231,14153,7/15/2024
7417,รถไฟระหว่างเมือง,แอร์พอร์ต เรล ลิงก์,A1,สุวรรณภูมิ,12675,11355,7/16/2024
7418,รถไฟระหว่างเมือง,แอร์พอร์ต เรล ลิงก์,A2,ลาดกระบัง,10549,10550,7/16/2024
7419,รถไฟระหว่างเมือง,แอร์พอร์ต เรล ลิงก์,A3,บ้านทับช้าง,4078,4057,7/16/2024
7420,รถไฟระหว่างเมือง,แอร์พอร์ต เรล ลิงก์,A4,หัวหมาก,6844,6881,7/16/2024
7421,รถไฟระหว่างเมือง,แอร์พอร์ต เรล ลิงก์,A5,รามคำแหง,6089,6769,7/16/2024
7422,รถไฟระหว่างเมือง,แอร์พอร์ต เรล ลิงก์,A6,มักกะสัน,12476,12829,7/16/2024
7423,รถไฟระหว่างเมือง,แอร์พอร์ต เรล ลิงก์,A7,ราชปรารภ,3756,3922,7/16/2024
7424,รถไฟระหว่างเมือง,แอร์พอร์ต เรล ลิงก์,A8,พญาไท,14111,14215,7/16/2024
7425,รถไฟระหว่างเมือง,แอร์พอร์ต เรล ลิงก์,A1,สุวรรณภูมิ,12350,11298,7/17/2024
7426,รถไฟระหว่างเมือง,แอร์พอร์ต เรล ลิงก์,A2,ลาดกระบัง,10746,10460,7/17/2024
7427,รถไฟระหว่างเมือง,แอร์พอร์ต เรล ลิงก์,A3,บ้านทับช้าง,4096,3994,7/17/2024
7428,รถไฟระหว่างเมือง,แอร์พอร์ต เรล ลิงก์,A4,หัวหมาก,6887,6817,7/17/2024
7429,รถไฟระหว่างเมือง,แอร์พอร์ต เรล ลิงก์,A5,รามคำแหง,6098,6533,7/17/2024
7430,รถไฟระหว่างเมือง,แอร์พอร์ต เรล ลิงก์,A6,มักกะสัน,12130,13017,7/17/2024
7431,รถไฟระหว่างเมือง,แอร์พอร์ต เรล ลิงก์,A7,ราชปรารภ,3864,3974,7/17/2024
7432,รถไฟระหว่างเมือง,แอร์พอร์ต เรล ลิงก์,A8,พญาไท,13954,14032,7/17/2024
7433,รถไฟระหว่างเมือง,แอร์พอร์ต เรล ลิงก์,A1,สุวรรณภูมิ,13501,11268,7/18/2024
7434,รถไฟระหว่างเมือง,แอร์พอร์ต เรล ลิงก์,A2,ลาดกระบัง,10820,10502,7/18/2024
7435,รถไฟระหว่างเมือง,แอร์พอร์ต เรล ลิงก์,A3,บ้านทับช้าง,4055,3989,7/18/2024
7436,รถไฟระหว่างเมือง,แอร์พอร์ต เรล ลิงก์,A4,หัวหมาก,7147,6833,7/18/2024
7437,รถไฟระหว่างเมือง,แอร์พอร์ต เรล ลิงก์,A5,รามคำแหง,6088,6772,7/18/2024
7438,รถไฟระหว่างเมือง,แอร์พอร์ต เรล ลิงก์,A6,มักกะสัน,12379,13245,7/18/2024
7439,รถไฟระหว่างเมือง,แอร์พอร์ต เรล ลิงก์,A7,ราชปรารภ,3804,4176,7/18/2024
7440,รถไฟระหว่างเมือง,แอร์พอร์ต เรล ลิงก์,A8,พญาไท,13970,14979,7/18/2024
7441,รถไฟระหว่างเมือง,แอร์พอร์ต เรล ลิงก์,A1,สุวรรณภูมิ,14502,12747,7/19/2024
7442,รถไฟระหว่างเมือง,แอร์พอร์ต เรล ลิงก์,A2,ลาดกระบัง,12010,11174,7/19/2024
7443,รถไฟระหว่างเมือง,แอร์พอร์ต เรล ลิงก์,A3,บ้านทับช้าง,3997,3889,7/19/2024
7444,รถไฟระหว่างเมือง,แอร์พอร์ต เรล ลิงก์,A4,หัวหมาก,7115,7048,7/19/2024
7445,รถไฟระหว่างเมือง,แอร์พอร์ต เรล ลิงก์,A5,รามคำแหง,6230,6781,7/19/2024
7446,รถไฟระหว่างเมือง,แอร์พอร์ต เรล ลิงก์,A6,มักกะสัน,13067,13822,7/19/2024
7447,รถไฟระหว่างเมือง,แอร์พอร์ต เรล ลิงก์,A7,ราชปรารภ,4124,4404,7/19/2024
7448,รถไฟระหว่างเมือง,แอร์พอร์ต เรล ลิงก์,A8,พญาไท,15304,16484,7/19/2024
7449,รถไฟระหว่างเมือง,แอร์พอร์ต เรล ลิงก์,A1,สุวรรณภูมิ,12151,10819,7/20/2024
7450,รถไฟระหว่างเมือง,แอร์พอร์ต เรล ลิงก์,A2,ลาดกระบัง,7725,7405,7/20/2024
7451,รถไฟระหว่างเมือง,แอร์พอร์ต เรล ลิงก์,A3,บ้านทับช้าง,1753,1796,7/20/2024
7452,รถไฟระหว่างเมือง,แอร์พอร์ต เรล ลิงก์,A4,หัวหมาก,4158,4138,7/20/2024
7453,รถไฟระหว่างเมือง,แอร์พอร์ต เรล ลิงก์,A5,รามคำแหง,3710,4105,7/20/2024
7454,รถไฟระหว่างเมือง,แอร์พอร์ต เรล ลิงก์,A6,มักกะสัน,7616,8198,7/20/2024
7455,รถไฟระหว่างเมือง,แอร์พอร์ต เรล ลิงก์,A7,ราชปรารภ,3044,3078,7/20/2024
7456,รถไฟระหว่างเมือง,แอร์พอร์ต เรล ลิงก์,A8,พญาไท,10612,11230,7/20/2024
7457,รถไฟระหว่างเมือง,แอร์พอร์ต เรล ลิงก์,A1,สุวรรณภูมิ,10839,10007,7/21/2024
7458,รถไฟระหว่างเมือง,แอร์พอร์ต เรล ลิงก์,A2,ลาดกระบัง,6402,6647,7/21/2024
7459,รถไฟระหว่างเมือง,แอร์พอร์ต เรล ลิงก์,A3,บ้านทับช้าง,1492,1571,7/21/2024
7460,รถไฟระหว่างเมือง,แอร์พอร์ต เรล ลิงก์,A4,หัวหมาก,3661,3804,7/21/2024
7461,รถไฟระหว่างเมือง,แอร์พอร์ต เรล ลิงก์,A5,รามคำแหง,3263,3939,7/21/2024
7462,รถไฟระหว่างเมือง,แอร์พอร์ต เรล ลิงก์,A6,มักกะสัน,6805,6695,7/21/2024
7463,รถไฟระหว่างเมือง,แอร์พอร์ต เรล ลิงก์,A7,ราชปรารภ,2943,2792,7/21/2024
7464,รถไฟระหว่างเมือง,แอร์พอร์ต เรล ลิงก์,A8,พญาไท,9396,9346,7/21/2024
7465,รถไฟระหว่างเมือง,แอร์พอร์ต เรล ลิงก์,A1,สุวรรณภูมิ,12599,10307,7/22/2024
7466,รถไฟระหว่างเมือง,แอร์พอร์ต เรล ลิงก์,A2,ลาดกระบัง,6815,7001,7/22/2024
7467,รถไฟระหว่างเมือง,แอร์พอร์ต เรล ลิงก์,A3,บ้านทับช้าง,1824,1747,7/22/2024
7468,รถไฟระหว่างเมือง,แอร์พอร์ต เรล ลิงก์,A4,หัวหมาก,3783,3942,7/22/2024
7469,รถไฟระหว่างเมือง,แอร์พอร์ต เรล ลิงก์,A5,รามคำแหง,3676,4180,7/22/2024
7470,รถไฟระหว่างเมือง,แอร์พอร์ต เรล ลิงก์,A6,มักกะสัน,7154,7788,7/22/2024
7471,รถไฟระหว่างเมือง,แอร์พอร์ต เรล ลิงก์,A7,ราชปรารภ,2955,3054,7/22/2024
7472,รถไฟระหว่างเมือง,แอร์พอร์ต เรล ลิงก์,A8,พญาไท,8999,9786,7/22/2024
7473,รถไฟระหว่างเมือง,แอร์พอร์ต เรล ลิงก์,A1,สุวรรณภูมิ,12866,11219,7/23/2024
7474,รถไฟระหว่างเมือง,แอร์พอร์ต เรล ลิงก์,A2,ลาดกระบัง,10735,10599,7/23/2024
7475,รถไฟระหว่างเมือง,แอร์พอร์ต เรล ลิงก์,A3,บ้านทับช้าง,3994,3941,7/23/2024
7476,รถไฟระหว่างเมือง,แอร์พอร์ต เรล ลิงก์,A4,หัวหมาก,6848,6915,7/23/2024
7477,รถไฟระหว่างเมือง,แอร์พอร์ต เรล ลิงก์,A5,รามคำแหง,5976,6848,7/23/2024
7478,รถไฟระหว่างเมือง,แอร์พอร์ต เรล ลิงก์,A6,มักกะสัน,12417,13109,7/23/2024
7479,รถไฟระหว่างเมือง,แอร์พอร์ต เรล ลิงก์,A7,ราชปรารภ,3709,3948,7/23/2024
7480,รถไฟระหว่างเมือง,แอร์พอร์ต เรล ลิงก์,A8,พญาไท,14174,14140,7/23/2024
7481,รถไฟระหว่างเมือง,แอร์พอร์ต เรล ลิงก์,A1,สุวรรณภูมิ,13375,11067,7/24/2024
7482,รถไฟระหว่างเมือง,แอร์พอร์ต เรล ลิงก์,A2,ลาดกระบัง,10812,10710,7/24/2024
7483,รถไฟระหว่างเมือง,แอร์พอร์ต เรล ลิงก์,A3,บ้านทับช้าง,4043,4059,7/24/2024
7484,รถไฟระหว่างเมือง,แอร์พอร์ต เรล ลิงก์,A4,หัวหมาก,7175,6971,7/24/2024
7485,รถไฟระหว่างเมือง,แอร์พอร์ต เรล ลิงก์,A5,รามคำแหง,6170,6806,7/24/2024
7486,รถไฟระหว่างเมือง,แอร์พอร์ต เรล ลิงก์,A6,มักกะสัน,12433,13612,7/24/2024
7487,รถไฟระหว่างเมือง,แอร์พอร์ต เรล ลิงก์,A7,ราชปรารภ,3877,4048,7/24/2024
7488,รถไฟระหว่างเมือง,แอร์พอร์ต เรล ลิงก์,A8,พญาไท,13995,14607,7/24/2024
7489,รถไฟระหว่างเมือง,แอร์พอร์ต เรล ลิงก์,A1,สุวรรณภูมิ,13758,11790,7/25/2024
7490,รถไฟระหว่างเมือง,แอร์พอร์ต เรล ลิงก์,A2,ลาดกระบัง,10747,10687,7/25/2024
7491,รถไฟระหว่างเมือง,แอร์พอร์ต เรล ลิงก์,A3,บ้านทับช้าง,4083,4036,7/25/2024
7492,รถไฟระหว่างเมือง,แอร์พอร์ต เรล ลิงก์,A4,หัวหมาก,7229,7103,7/25/2024
7493,รถไฟระหว่างเมือง,แอร์พอร์ต เรล ลิงก์,A5,รามคำแหง,6387,7121,7/25/2024
7494,รถไฟระหว่างเมือง,แอร์พอร์ต เรล ลิงก์,A6,มักกะสัน,13138,13816,7/25/2024
7495,รถไฟระหว่างเมือง,แอร์พอร์ต เรล ลิงก์,A7,ราชปรารภ,3930,4181,7/25/2024
7496,รถไฟระหว่างเมือง,แอร์พอร์ต เรล ลิงก์,A8,พญาไท,14532,15070,7/25/2024
7497,รถไฟระหว่างเมือง,แอร์พอร์ต เรล ลิงก์,A1,สุวรรณภูมิ,14846,12497,7/26/2024
7498,รถไฟระหว่างเมือง,แอร์พอร์ต เรล ลิงก์,A2,ลาดกระบัง,11786,11280,7/26/2024
7499,รถไฟระหว่างเมือง,แอร์พอร์ต เรล ลิงก์,A3,บ้านทับช้าง,4002,3896,7/26/2024
7500,รถไฟระหว่างเมือง,แอร์พอร์ต เรล ลิงก์,A4,หัวหมาก,7337,7211,7/26/2024
7501,รถไฟระหว่างเมือง,แอร์พอร์ต เรล ลิงก์,A5,รามคำแหง,6569,7038,7/26/2024
7502,รถไฟระหว่างเมือง,แอร์พอร์ต เรล ลิงก์,A6,มักกะสัน,13283,14650,7/26/2024
7503,รถไฟระหว่างเมือง,แอร์พอร์ต เรล ลิงก์,A7,ราชปรารภ,4070,4321,7/26/2024
7504,รถไฟระหว่างเมือง,แอร์พอร์ต เรล ลิงก์,A8,พญาไท,15441,16441,7/26/2024
7505,รถไฟระหว่างเมือง,แอร์พอร์ต เรล ลิงก์,A1,สุวรรณภูมิ,12678,11121,7/27/2024
7506,รถไฟระหว่างเมือง,แอร์พอร์ต เรล ลิงก์,A2,ลาดกระบัง,8083,8061,7/27/2024
7507,รถไฟระหว่างเมือง,แอร์พอร์ต เรล ลิงก์,A3,บ้านทับช้าง,1892,1814,7/27/2024
7508,รถไฟระหว่างเมือง,แอร์พอร์ต เรล ลิงก์,A4,หัวหมาก,4345,4473,7/27/2024
7509,รถไฟระหว่างเมือง,แอร์พอร์ต เรล ลิงก์,A5,รามคำแหง,4024,4400,7/27/2024
7510,รถไฟระหว่างเมือง,แอร์พอร์ต เรล ลิงก์,A6,มักกะสัน,8387,8923,7/27/2024
7511,รถไฟระหว่างเมือง,แอร์พอร์ต เรล ลิงก์,A7,ราชปรารภ,3138,3296,7/27/2024
7512,รถไฟระหว่างเมือง,แอร์พอร์ต เรล ลิงก์,A8,พญาไท,11489,11948,7/27/2024
7513,รถไฟระหว่างเมือง,แอร์พอร์ต เรล ลิงก์,A1,สุวรรณภูมิ,12044,10685,7/28/2024
7514,รถไฟระหว่างเมือง,แอร์พอร์ต เรล ลิงก์,A2,ลาดกระบัง,7136,7376,7/28/2024
7515,รถไฟระหว่างเมือง,แอร์พอร์ต เรล ลิงก์,A3,บ้านทับช้าง,1543,1548,7/28/2024
7516,รถไฟระหว่างเมือง,แอร์พอร์ต เรล ลิงก์,A4,หัวหมาก,4029,4029,7/28/2024
7517,รถไฟระหว่างเมือง,แอร์พอร์ต เรล ลิงก์,A5,รามคำแหง,3659,4076,7/28/2024
7518,รถไฟระหว่างเมือง,แอร์พอร์ต เรล ลิงก์,A6,มักกะสัน,7357,7982,7/28/2024
7519,รถไฟระหว่างเมือง,แอร์พอร์ต เรล ลิงก์,A7,ราชปรารภ,3268,3019,7/28/2024
7520,รถไฟระหว่างเมือง,แอร์พอร์ต เรล ลิงก์,A8,พญาไท,10078,10399,7/28/2024
7521,รถไฟระหว่างเมือง,แอร์พอร์ต เรล ลิงก์,A1,สุวรรณภูมิ,12593,10367,7/29/2024
7522,รถไฟระหว่างเมือง,แอร์พอร์ต เรล ลิงก์,A2,ลาดกระบัง,6550,6813,7/29/2024
7523,รถไฟระหว่างเมือง,แอร์พอร์ต เรล ลิงก์,A3,บ้านทับช้าง,1572,1450,7/29/2024
7524,รถไฟระหว่างเมือง,แอร์พอร์ต เรล ลิงก์,A4,หัวหมาก,3527,3674,7/29/2024
7525,รถไฟระหว่างเมือง,แอร์พอร์ต เรล ลิงก์,A5,รามคำแหง,3264,3890,7/29/2024
7526,รถไฟระหว่างเมือง,แอร์พอร์ต เรล ลิงก์,A6,มักกะสัน,6593,7563,7/29/2024
7527,รถไฟระหว่างเมือง,แอร์พอร์ต เรล ลิงก์,A7,ราชปรารภ,2810,2816,7/29/2024
7528,รถไฟระหว่างเมือง,แอร์พอร์ต เรล ลิงก์,A8,พญาไท,9396,9732,7/29/2024
7529,รถไฟระหว่างเมือง,แอร์พอร์ต เรล ลิงก์,A1,สุวรรณภูมิ,13422,11453,7/30/2024
7530,รถไฟระหว่างเมือง,แอร์พอร์ต เรล ลิงก์,A2,ลาดกระบัง,10818,10783,7/30/2024
7531,รถไฟระหว่างเมือง,แอร์พอร์ต เรล ลิงก์,A3,บ้านทับช้าง,4032,4013,7/30/2024
7532,รถไฟระหว่างเมือง,แอร์พอร์ต เรล ลิงก์,A4,หัวหมาก,7120,7102,7/30/2024
7533,รถไฟระหว่างเมือง,แอร์พอร์ต เรล ลิงก์,A5,รามคำแหง,6157,7171,7/30/2024
7534,รถไฟระหว่างเมือง,แอร์พอร์ต เรล ลิงก์,A6,มักกะสัน,12603,13553,7/30/2024
7535,รถไฟระหว่างเมือง,แอร์พอร์ต เรล ลิงก์,A7,ราชปรารภ,3918,4157,7/30/2024
7536,รถไฟระหว่างเมือง,แอร์พอร์ต เรล ลิงก์,A8,พญาไท,14750,14588,7/30/2024
7537,รถไฟระหว่างเมือง,แอร์พอร์ต เรล ลิงก์,A1,สุวรรณภูมิ,13964,11934,7/31/2024
7538,รถไฟระหว่างเมือง,แอร์พอร์ต เรล ลิงก์,A2,ลาดกระบัง,10852,10808,7/31/2024
7539,รถไฟระหว่างเมือง,แอร์พอร์ต เรล ลิงก์,A3,บ้านทับช้าง,4104,3988,7/31/2024
7540,รถไฟระหว่างเมือง,แอร์พอร์ต เรล ลิงก์,A4,หัวหมาก,7287,7096,7/31/2024
7541,รถไฟระหว่างเมือง,แอร์พอร์ต เรล ลิงก์,A5,รามคำแหง,6300,6999,7/31/2024
7542,รถไฟระหว่างเมือง,แอร์พอร์ต เรล ลิงก์,A6,มักกะสัน,12814,13745,7/31/2024
7543,รถไฟระหว่างเมือง,แอร์พอร์ต เรล ลิงก์,A7,ราชปรารภ,4011,4096,7/31/2024
7544,รถไฟระหว่างเมือง,แอร์พอร์ต เรล ลิงก์,A8,พญาไท,14686,15352,7/31/2024
7545,รถไฟระหว่างเมือง,แอร์พอร์ต เรล ลิงก์,A1,สุวรรณภูมิ,14017,11328,8/1/2024
7546,รถไฟระหว่างเมือง,แอร์พอร์ต เรล ลิงก์,A2,ลาดกระบัง,10890,10457,8/1/2024
7547,รถไฟระหว่างเมือง,แอร์พอร์ต เรล ลิงก์,A3,บ้านทับช้าง,4109,4146,8/1/2024
7548,รถไฟระหว่างเมือง,แอร์พอร์ต เรล ลิงก์,A4,หัวหมาก,7258,7106,8/1/2024
7549,รถไฟระหว่างเมือง,แอร์พอร์ต เรล ลิงก์,A5,รามคำแหง,6272,7166,8/1/2024
7550,รถไฟระหว่างเมือง,แอร์พอร์ต เรล ลิงก์,A6,มักกะสัน,12948,13819,8/1/2024
7551,รถไฟระหว่างเมือง,แอร์พอร์ต เรล ลิงก์,A7,ราชปรารภ,4073,4370,8/1/2024
7552,รถไฟระหว่างเมือง,แอร์พอร์ต เรล ลิงก์,A8,พญาไท,14144,15319,8/1/2024
7553,รถไฟระหว่างเมือง,แอร์พอร์ต เรล ลิงก์,A1,สุวรรณภูมิ,14165,11573,8/2/2024
7554,รถไฟระหว่างเมือง,แอร์พอร์ต เรล ลิงก์,A2,ลาดกระบัง,11478,11248,8/2/2024
7555,รถไฟระหว่างเมือง,แอร์พอร์ต เรล ลิงก์,A3,บ้านทับช้าง,3895,3903,8/2/2024
7556,รถไฟระหว่างเมือง,แอร์พอร์ต เรล ลิงก์,A4,หัวหมาก,7216,7075,8/2/2024
7557,รถไฟระหว่างเมือง,แอร์พอร์ต เรล ลิงก์,A5,รามคำแหง,6427,6980,8/2/2024
7558,รถไฟระหว่างเมือง,แอร์พอร์ต เรล ลิงก์,A6,มักกะสัน,12927,14169,8/2/2024
7559,รถไฟระหว่างเมือง,แอร์พอร์ต เรล ลิงก์,A7,ราชปรารภ,4049,4254,8/2/2024
7560,รถไฟระหว่างเมือง,แอร์พอร์ต เรล ลิงก์,A8,พญาไท,14984,15939,8/2/2024
7561,รถไฟระหว่างเมือง,แอร์พอร์ต เรล ลิงก์,A1,สุวรรณภูมิ,13122,10630,8/3/2024
7562,รถไฟระหว่างเมือง,แอร์พอร์ต เรล ลิงก์,A2,ลาดกระบัง,9125,9104,8/3/2024
7563,รถไฟระหว่างเมือง,แอร์พอร์ต เรล ลิงก์,A3,บ้านทับช้าง,2047,2037,8/3/2024
7564,รถไฟระหว่างเมือง,แอร์พอร์ต เรล ลิงก์,A4,หัวหมาก,4826,5033,8/3/2024
7565,รถไฟระหว่างเมือง,แอร์พอร์ต เรล ลิงก์,A5,รามคำแหง,4354,5330,8/3/2024
7566,รถไฟระหว่างเมือง,แอร์พอร์ต เรล ลิงก์,A6,มักกะสัน,8856,9214,8/3/2024
7567,รถไฟระหว่างเมือง,แอร์พอร์ต เรล ลิงก์,A7,ราชปรารภ,3642,3766,8/3/2024
7568,รถไฟระหว่างเมือง,แอร์พอร์ต เรล ลิงก์,A8,พญาไท,12267,13125,8/3/2024
7569,รถไฟระหว่างเมือง,แอร์พอร์ต เรล ลิงก์,A1,สุวรรณภูมิ,11938,10370,8/4/2024
7570,รถไฟระหว่างเมือง,แอร์พอร์ต เรล ลิงก์,A2,ลาดกระบัง,7493,7438,8/4/2024
7571,รถไฟระหว่างเมือง,แอร์พอร์ต เรล ลิงก์,A3,บ้านทับช้าง,1646,1625,8/4/2024
7572,รถไฟระหว่างเมือง,แอร์พอร์ต เรล ลิงก์,A4,หัวหมาก,3922,4252,8/4/2024
7573,รถไฟระหว่างเมือง,แอร์พอร์ต เรล ลิงก์,A5,รามคำแหง,4221,4766,8/4/2024
7574,รถไฟระหว่างเมือง,แอร์พอร์ต เรล ลิงก์,A6,มักกะสัน,7756,7669,8/4/2024
7575,รถไฟระหว่างเมือง,แอร์พอร์ต เรล ลิงก์,A7,ราชปรารภ,3206,3190,8/4/2024
7576,รถไฟระหว่างเมือง,แอร์พอร์ต เรล ลิงก์,A8,พญาไท,10506,11378,8/4/2024
7577,รถไฟระหว่างเมือง,แอร์พอร์ต เรล ลิงก์,A1,สุวรรณภูมิ,12979,12199,8/5/2024
7578,รถไฟระหว่างเมือง,แอร์พอร์ต เรล ลิงก์,A2,ลาดกระบัง,10991,10722,8/5/2024
7579,รถไฟระหว่างเมือง,แอร์พอร์ต เรล ลิงก์,A3,บ้านทับช้าง,4086,4166,8/5/2024
7580,รถไฟระหว่างเมือง,แอร์พอร์ต เรล ลิงก์,A4,หัวหมาก,7284,7244,8/5/2024
7581,รถไฟระหว่างเมือง,แอร์พอร์ต เรล ลิงก์,A5,รามคำแหง,6288,7272,8/5/2024
7582,รถไฟระหว่างเมือง,แอร์พอร์ต เรล ลิงก์,A6,มักกะสัน,13210,13570,8/5/2024
7583,รถไฟระหว่างเมือง,แอร์พอร์ต เรล ลิงก์,A7,ราชปรารภ,4127,4236,8/5/2024
7584,รถไฟระหว่างเมือง,แอร์พอร์ต เรล ลิงก์,A8,พญาไท,15511,15067,8/5/2024
7585,รถไฟระหว่างเมือง,แอร์พอร์ต เรล ลิงก์,A1,สุวรรณภูมิ,12873,11817,8/6/2024
7586,รถไฟระหว่างเมือง,แอร์พอร์ต เรล ลิงก์,A2,ลาดกระบัง,10860,10632,8/6/2024
7587,รถไฟระหว่างเมือง,แอร์พอร์ต เรล ลิงก์,A3,บ้านทับช้าง,4253,4232,8/6/2024
7588,รถไฟระหว่างเมือง,แอร์พอร์ต เรล ลิงก์,A4,หัวหมาก,7343,7360,8/6/2024
7589,รถไฟระหว่างเมือง,แอร์พอร์ต เรล ลิงก์,A5,รามคำแหง,6370,7302,8/6/2024
7590,รถไฟระหว่างเมือง,แอร์พอร์ต เรล ลิงก์,A6,มักกะสัน,13508,14089,8/6/2024
7591,รถไฟระหว่างเมือง,แอร์พอร์ต เรล ลิงก์,A7,ราชปรารภ,3848,4265,8/6/2024
7592,รถไฟระหว่างเมือง,แอร์พอร์ต เรล ลิงก์,A8,พญาไท,15410,14768,8/6/2024
7593,รถไฟระหว่างเมือง,แอร์พอร์ต เรล ลิงก์,A1,สุวรรณภูมิ,13812,11858,8/8/2024
7594,รถไฟระหว่างเมือง,แอร์พอร์ต เรล ลิงก์,A2,ลาดกระบัง,11114,10530,8/8/2024
7595,รถไฟระหว่างเมือง,แอร์พอร์ต เรล ลิงก์,A3,บ้านทับช้าง,4252,4011,8/8/2024
7596,รถไฟระหว่างเมือง,แอร์พอร์ต เรล ลิงก์,A4,หัวหมาก,7339,7357,8/8/2024
7597,รถไฟระหว่างเมือง,แอร์พอร์ต เรล ลิงก์,A5,รามคำแหง,6526,7234,8/8/2024
7598,รถไฟระหว่างเมือง,แอร์พอร์ต เรล ลิงก์,A6,มักกะสัน,13075,14271,8/8/2024
7599,รถไฟระหว่างเมือง,แอร์พอร์ต เรล ลิงก์,A7,ราชปรารภ,4072,4444,8/8/2024
7600,รถไฟระหว่างเมือง,แอร์พอร์ต เรล ลิงก์,A8,พญาไท,14619,15104,8/8/2024
7601,รถไฟระหว่างเมือง,แอร์พอร์ต เรล ลิงก์,A1,สุวรรณภูมิ,14595,11894,8/8/2024
7602,รถไฟระหว่างเมือง,แอร์พอร์ต เรล ลิงก์,A2,ลาดกระบัง,11328,10599,8/8/2024
7603,รถไฟระหว่างเมือง,แอร์พอร์ต เรล ลิงก์,A3,บ้านทับช้าง,4303,4132,8/8/2024
7604,รถไฟระหว่างเมือง,แอร์พอร์ต เรล ลิงก์,A4,หัวหมาก,7365,7183,8/8/2024
7605,รถไฟระหว่างเมือง,แอร์พอร์ต เรล ลิงก์,A5,รามคำแหง,6815,7176,8/8/2024
7606,รถไฟระหว่างเมือง,แอร์พอร์ต เรล ลิงก์,A6,มักกะสัน,13259,14762,8/8/2024
7607,รถไฟระหว่างเมือง,แอร์พอร์ต เรล ลิงก์,A7,ราชปรารภ,4200,4539,8/8/2024
7608,รถไฟระหว่างเมือง,แอร์พอร์ต เรล ลิงก์,A8,พญาไท,14687,16267,8/8/2024
7609,รถไฟระหว่างเมือง,แอร์พอร์ต เรล ลิงก์,A1,สุวรรณภูมิ,15876,13002,8/9/2024
7610,รถไฟระหว่างเมือง,แอร์พอร์ต เรล ลิงก์,A2,ลาดกระบัง,12459,11241,8/9/2024
7611,รถไฟระหว่างเมือง,แอร์พอร์ต เรล ลิงก์,A3,บ้านทับช้าง,4249,4140,8/9/2024
7612,รถไฟระหว่างเมือง,แอร์พอร์ต เรล ลิงก์,A4,หัวหมาก,7624,7491,8/9/2024
7613,รถไฟระหว่างเมือง,แอร์พอร์ต เรล ลิงก์,A5,รามคำแหง,7142,7602,8/9/2024
7614,รถไฟระหว่างเมือง,แอร์พอร์ต เรล ลิงก์,A6,มักกะสัน,14040,15903,8/9/2024
7615,รถไฟระหว่างเมือง,แอร์พอร์ต เรล ลิงก์,A7,ราชปรารภ,4203,4582,8/9/2024
7616,รถไฟระหว่างเมือง,แอร์พอร์ต เรล ลิงก์,A8,พญาไท,16007,17639,8/9/2024
7617,รถไฟระหว่างเมือง,แอร์พอร์ต เรล ลิงก์,A1,สุวรรณภูมิ,13875,11248,8/10/2024
7618,รถไฟระหว่างเมือง,แอร์พอร์ต เรล ลิงก์,A2,ลาดกระบัง,8466,7896,8/10/2024
7619,รถไฟระหว่างเมือง,แอร์พอร์ต เรล ลิงก์,A3,บ้านทับช้าง,2073,1965,8/10/2024
7620,รถไฟระหว่างเมือง,แอร์พอร์ต เรล ลิงก์,A4,หัวหมาก,4729,4774,8/10/2024
7621,รถไฟระหว่างเมือง,แอร์พอร์ต เรล ลิงก์,A5,รามคำแหง,4491,4707,8/10/2024
7622,รถไฟระหว่างเมือง,แอร์พอร์ต เรล ลิงก์,A6,มักกะสัน,8567,9771,8/10/2024
7623,รถไฟระหว่างเมือง,แอร์พอร์ต เรล ลิงก์,A7,ราชปรารภ,3489,3853,8/10/2024
7624,รถไฟระหว่างเมือง,แอร์พอร์ต เรล ลิงก์,A8,พญาไท,11317,12793,8/10/2024
7625,รถไฟระหว่างเมือง,แอร์พอร์ต เรล ลิงก์,A1,สุวรรณภูมิ,12389,11036,8/11/2024
7626,รถไฟระหว่างเมือง,แอร์พอร์ต เรล ลิงก์,A2,ลาดกระบัง,7125,7143,8/11/2024
7627,รถไฟระหว่างเมือง,แอร์พอร์ต เรล ลิงก์,A3,บ้านทับช้าง,1600,1557,8/11/2024
7628,รถไฟระหว่างเมือง,แอร์พอร์ต เรล ลิงก์,A4,หัวหมาก,3884,3911,8/11/2024
7629,รถไฟระหว่างเมือง,แอร์พอร์ต เรล ลิงก์,A5,รามคำแหง,3688,4123,8/11/2024
7630,รถไฟระหว่างเมือง,แอร์พอร์ต เรล ลิงก์,A6,มักกะสัน,7194,7787,8/11/2024
7631,รถไฟระหว่างเมือง,แอร์พอร์ต เรล ลิงก์,A7,ราชปรารภ,3501,3333,8/11/2024
7632,รถไฟระหว่างเมือง,แอร์พอร์ต เรล ลิงก์,A8,พญาไท,10272,10763,8/11/2024
7633,รถไฟระหว่างเมือง,แอร์พอร์ต เรล ลิงก์,A1,สุวรรณภูมิ,13588,11353,8/12/2024
7634,รถไฟระหว่างเมือง,แอร์พอร์ต เรล ลิงก์,A2,ลาดกระบัง,6676,6860,8/12/2024
7635,รถไฟระหว่างเมือง,แอร์พอร์ต เรล ลิงก์,A3,บ้านทับช้าง,1468,1359,8/12/2024
7636,รถไฟระหว่างเมือง,แอร์พอร์ต เรล ลิงก์,A4,หัวหมาก,3512,3479,8/12/2024
7637,รถไฟระหว่างเมือง,แอร์พอร์ต เรล ลิงก์,A5,รามคำแหง,3342,3968,8/12/2024
7638,รถไฟระหว่างเมือง,แอร์พอร์ต เรล ลิงก์,A6,มักกะสัน,6765,7877,8/12/2024
7639,รถไฟระหว่างเมือง,แอร์พอร์ต เรล ลิงก์,A7,ราชปรารภ,3022,3026,8/12/2024
7640,รถไฟระหว่างเมือง,แอร์พอร์ต เรล ลิงก์,A8,พญาไท,9644,10095,8/12/2024
7641,รถไฟระหว่างเมือง,แอร์พอร์ต เรล ลิงก์,A1,สุวรรณภูมิ,14093,12622,8/13/2024
7642,รถไฟระหว่างเมือง,แอร์พอร์ต เรล ลิงก์,A2,ลาดกระบัง,11003,10863,8/13/2024
7643,รถไฟระหว่างเมือง,แอร์พอร์ต เรล ลิงก์,A3,บ้านทับช้าง,4178,4245,8/13/2024
7644,รถไฟระหว่างเมือง,แอร์พอร์ต เรล ลิงก์,A4,หัวหมาก,7278,7316,8/13/2024
7645,รถไฟระหว่างเมือง,แอร์พอร์ต เรล ลิงก์,A5,รามคำแหง,6397,7183,8/13/2024
7646,รถไฟระหว่างเมือง,แอร์พอร์ต เรล ลิงก์,A6,มักกะสัน,13666,14463,8/13/2024
7647,รถไฟระหว่างเมือง,แอร์พอร์ต เรล ลิงก์,A7,ราชปรารภ,4049,4259,8/13/2024
7648,รถไฟระหว่างเมือง,แอร์พอร์ต เรล ลิงก์,A8,พญาไท,15682,15395,8/13/2024
7649,รถไฟระหว่างเมือง,แอร์พอร์ต เรล ลิงก์,A1,สุวรรณภูมิ,14403,12526,8/14/2024
7650,รถไฟระหว่างเมือง,แอร์พอร์ต เรล ลิงก์,A2,ลาดกระบัง,10752,10836,8/14/2024
7651,รถไฟระหว่างเมือง,แอร์พอร์ต เรล ลิงก์,A3,บ้านทับช้าง,4182,4252,8/14/2024
7652,รถไฟระหว่างเมือง,แอร์พอร์ต เรล ลิงก์,A4,หัวหมาก,7326,7389,8/14/2024
7653,รถไฟระหว่างเมือง,แอร์พอร์ต เรล ลิงก์,A5,รามคำแหง,6583,7057,8/14/2024
7654,รถไฟระหว่างเมือง,แอร์พอร์ต เรล ลิงก์,A6,มักกะสัน,13620,14306,8/14/2024
7655,รถไฟระหว่างเมือง,แอร์พอร์ต เรล ลิงก์,A7,ราชปรารภ,4206,4380,8/14/2024
7656,รถไฟระหว่างเมือง,แอร์พอร์ต เรล ลิงก์,A8,พญาไท,15149,15475,8/14/2024
7657,รถไฟระหว่างเมือง,แอร์พอร์ต เรล ลิงก์,A1,สุวรรณภูมิ,14945,12563,8/15/2024
7658,รถไฟระหว่างเมือง,แอร์พอร์ต เรล ลิงก์,A2,ลาดกระบัง,11128,10809,8/15/2024
7659,รถไฟระหว่างเมือง,แอร์พอร์ต เรล ลิงก์,A3,บ้านทับช้าง,4200,4204,8/15/2024
7660,รถไฟระหว่างเมือง,แอร์พอร์ต เรล ลิงก์,A4,หัวหมาก,7348,7400,8/15/2024
7661,รถไฟระหว่างเมือง,แอร์พอร์ต เรล ลิงก์,A5,รามคำแหง,6400,7203,8/15/2024
7662,รถไฟระหว่างเมือง,แอร์พอร์ต เรล ลิงก์,A6,มักกะสัน,13566,14579,8/15/2024
7663,รถไฟระหว่างเมือง,แอร์พอร์ต เรล ลิงก์,A7,ราชปรารภ,4294,4526,8/15/2024
7664,รถไฟระหว่างเมือง,แอร์พอร์ต เรล ลิงก์,A8,พญาไท,15427,16024,8/15/2024
7665,รถไฟระหว่างเมือง,แอร์พอร์ต เรล ลิงก์,A1,สุวรรณภูมิ,15764,14110,8/16/2024
7666,รถไฟระหว่างเมือง,แอร์พอร์ต เรล ลิงก์,A2,ลาดกระบัง,11676,11098,8/16/2024
7667,รถไฟระหว่างเมือง,แอร์พอร์ต เรล ลิงก์,A3,บ้านทับช้าง,4099,4070,8/16/2024
7668,รถไฟระหว่างเมือง,แอร์พอร์ต เรล ลิงก์,A4,หัวหมาก,7524,7450,8/16/2024
7669,รถไฟระหว่างเมือง,แอร์พอร์ต เรล ลิงก์,A5,รามคำแหง,6821,7318,8/16/2024
7670,รถไฟระหว่างเมือง,แอร์พอร์ต เรล ลิงก์,A6,มักกะสัน,14120,15359,8/16/2024
7671,รถไฟระหว่างเมือง,แอร์พอร์ต เรล ลิงก์,A7,ราชปรารภ,4554,4613,8/16/2024
7672,รถไฟระหว่างเมือง,แอร์พอร์ต เรล ลิงก์,A8,พญาไท,16611,17151,8/16/2024
7673,รถไฟระหว่างเมือง,แอร์พอร์ต เรล ลิงก์,A1,สุวรรณภูมิ,13469,12129,8/17/2024
7674,รถไฟระหว่างเมือง,แอร์พอร์ต เรล ลิงก์,A2,ลาดกระบัง,8275,8233,8/17/2024
7675,รถไฟระหว่างเมือง,แอร์พอร์ต เรล ลิงก์,A3,บ้านทับช้าง,2145,2038,8/17/2024
7676,รถไฟระหว่างเมือง,แอร์พอร์ต เรล ลิงก์,A4,หัวหมาก,5006,4780,8/17/2024
7677,รถไฟระหว่างเมือง,แอร์พอร์ต เรล ลิงก์,A5,รามคำแหง,4503,4929,8/17/2024
7678,รถไฟระหว่างเมือง,แอร์พอร์ต เรล ลิงก์,A6,มักกะสัน,8758,9578,8/17/2024
7679,รถไฟระหว่างเมือง,แอร์พอร์ต เรล ลิงก์,A7,ราชปรารภ,3817,3586,8/17/2024
7680,รถไฟระหว่างเมือง,แอร์พอร์ต เรล ลิงก์,A8,พญาไท,12195,12895,8/17/2024
7681,รถไฟระหว่างเมือง,แอร์พอร์ต เรล ลิงก์,A1,สุวรรณภูมิ,12406,11626,8/18/2024
7682,รถไฟระหว่างเมือง,แอร์พอร์ต เรล ลิงก์,A2,ลาดกระบัง,7180,7183,8/18/2024
7683,รถไฟระหว่างเมือง,แอร์พอร์ต เรล ลิงก์,A3,บ้านทับช้าง,1719,1635,8/18/2024
7684,รถไฟระหว่างเมือง,แอร์พอร์ต เรล ลิงก์,A4,หัวหมาก,3988,4049,8/18/2024
7685,รถไฟระหว่างเมือง,แอร์พอร์ต เรล ลิงก์,A5,รามคำแหง,3709,4220,8/18/2024
7686,รถไฟระหว่างเมือง,แอร์พอร์ต เรล ลิงก์,A6,มักกะสัน,7704,8080,8/18/2024
7687,รถไฟระหว่างเมือง,แอร์พอร์ต เรล ลิงก์,A7,ราชปรารภ,3200,2953,8/18/2024
7688,รถไฟระหว่างเมือง,แอร์พอร์ต เรล ลิงก์,A8,พญาไท,10735,10895,8/18/2024
7689,รถไฟระหว่างเมือง,แอร์พอร์ต เรล ลิงก์,A1,สุวรรณภูมิ,13564,13199,8/19/2024
7690,รถไฟระหว่างเมือง,แอร์พอร์ต เรล ลิงก์,A2,ลาดกระบัง,11205,10980,8/19/2024
7691,รถไฟระหว่างเมือง,แอร์พอร์ต เรล ลิงก์,A3,บ้านทับช้าง,4229,4243,8/19/2024
7692,รถไฟระหว่างเมือง,แอร์พอร์ต เรล ลิงก์,A4,หัวหมาก,7358,7072,8/19/2024
7693,รถไฟระหว่างเมือง,แอร์พอร์ต เรล ลิงก์,A5,รามคำแหง,6342,7121,8/19/2024
7694,รถไฟระหว่างเมือง,แอร์พอร์ต เรล ลิงก์,A6,มักกะสัน,13420,13941,8/19/2024
7695,รถไฟระหว่างเมือง,แอร์พอร์ต เรล ลิงก์,A7,ราชปรารภ,3950,4229,8/19/2024
7696,รถไฟระหว่างเมือง,แอร์พอร์ต เรล ลิงก์,A8,พญาไท,15637,14920,8/19/2024
7697,รถไฟระหว่างเมือง,แอร์พอร์ต เรล ลิงก์,A1,สุวรรณภูมิ,13143,12379,8/20/2024
7698,รถไฟระหว่างเมือง,แอร์พอร์ต เรล ลิงก์,A2,ลาดกระบัง,10901,10735,8/20/2024
7699,รถไฟระหว่างเมือง,แอร์พอร์ต เรล ลิงก์,A3,บ้านทับช้าง,4347,4317,8/20/2024
7700,รถไฟระหว่างเมือง,แอร์พอร์ต เรล ลิงก์,A4,หัวหมาก,7459,7280,8/20/2024
7701,รถไฟระหว่างเมือง,แอร์พอร์ต เรล ลิงก์,A5,รามคำแหง,6506,7155,8/20/2024
7702,รถไฟระหว่างเมือง,แอร์พอร์ต เรล ลิงก์,A6,มักกะสัน,13554,14043,8/20/2024
7703,รถไฟระหว่างเมือง,แอร์พอร์ต เรล ลิงก์,A7,ราชปรารภ,3915,4168,8/20/2024
7704,รถไฟระหว่างเมือง,แอร์พอร์ต เรล ลิงก์,A8,พญาไท,15158,14906,8/20/2024
7705,รถไฟระหว่างเมือง,แอร์พอร์ต เรล ลิงก์,A1,สุวรรณภูมิ,13366,12141,8/21/2024
7706,รถไฟระหว่างเมือง,แอร์พอร์ต เรล ลิงก์,A2,ลาดกระบัง,10925,10535,8/21/2024
7707,รถไฟระหว่างเมือง,แอร์พอร์ต เรล ลิงก์,A3,บ้านทับช้าง,4298,4300,8/21/2024
7708,รถไฟระหว่างเมือง,แอร์พอร์ต เรล ลิงก์,A4,หัวหมาก,7366,7258,8/21/2024
7709,รถไฟระหว่างเมือง,แอร์พอร์ต เรล ลิงก์,A5,รามคำแหง,6478,6986,8/21/2024
7710,รถไฟระหว่างเมือง,แอร์พอร์ต เรล ลิงก์,A6,มักกะสัน,13294,14028,8/21/2024
7711,รถไฟระหว่างเมือง,แอร์พอร์ต เรล ลิงก์,A7,ราชปรารภ,3963,4248,8/21/2024
7712,รถไฟระหว่างเมือง,แอร์พอร์ต เรล ลิงก์,A8,พญาไท,14814,15008,8/21/2024
7713,รถไฟระหว่างเมือง,แอร์พอร์ต เรล ลิงก์,A1,สุวรรณภูมิ,14053,12277,8/22/2024
7714,รถไฟระหว่างเมือง,แอร์พอร์ต เรล ลิงก์,A2,ลาดกระบัง,10941,10561,8/22/2024
7715,รถไฟระหว่างเมือง,แอร์พอร์ต เรล ลิงก์,A3,บ้านทับช้าง,4284,4315,8/22/2024
7716,รถไฟระหว่างเมือง,แอร์พอร์ต เรล ลิงก์,A4,หัวหมาก,7456,7514,8/22/2024
7717,รถไฟระหว่างเมือง,แอร์พอร์ต เรล ลิงก์,A5,รามคำแหง,6788,7437,8/22/2024
7718,รถไฟระหว่างเมือง,แอร์พอร์ต เรล ลิงก์,A6,มักกะสัน,13725,14431,8/22/2024
7719,รถไฟระหว่างเมือง,แอร์พอร์ต เรล ลิงก์,A7,ราชปรารภ,3968,4247,8/22/2024
7720,รถไฟระหว่างเมือง,แอร์พอร์ต เรล ลิงก์,A8,พญาไท,15016,15449,8/22/2024
7721,รถไฟระหว่างเมือง,แอร์พอร์ต เรล ลิงก์,A1,สุวรรณภูมิ,15382,13080,8/23/2024
7722,รถไฟระหว่างเมือง,แอร์พอร์ต เรล ลิงก์,A2,ลาดกระบัง,11417,11369,8/23/2024
7723,รถไฟระหว่างเมือง,แอร์พอร์ต เรล ลิงก์,A3,บ้านทับช้าง,4529,3988,8/23/2024
7724,รถไฟระหว่างเมือง,แอร์พอร์ต เรล ลิงก์,A4,หัวหมาก,7517,7699,8/23/2024
7725,รถไฟระหว่างเมือง,แอร์พอร์ต เรล ลิงก์,A5,รามคำแหง,6991,7673,8/23/2024
7726,รถไฟระหว่างเมือง,แอร์พอร์ต เรล ลิงก์,A6,มักกะสัน,14223,15117,8/23/2024
7727,รถไฟระหว่างเมือง,แอร์พอร์ต เรล ลิงก์,A7,ราชปรารภ,4242,4468,8/23/2024
7728,รถไฟระหว่างเมือง,แอร์พอร์ต เรล ลิงก์,A8,พญาไท,16029,16936,8/23/2024
7729,รถไฟระหว่างเมือง,แอร์พอร์ต เรล ลิงก์,A1,สุวรรณภูมิ,13132,11500,8/24/2024
7730,รถไฟระหว่างเมือง,แอร์พอร์ต เรล ลิงก์,A2,ลาดกระบัง,7944,7772,8/24/2024
7731,รถไฟระหว่างเมือง,แอร์พอร์ต เรล ลิงก์,A3,บ้านทับช้าง,2028,2017,8/24/2024
7732,รถไฟระหว่างเมือง,แอร์พอร์ต เรล ลิงก์,A4,หัวหมาก,4755,4764,8/24/2024
7733,รถไฟระหว่างเมือง,แอร์พอร์ต เรล ลิงก์,A5,รามคำแหง,4733,5209,8/24/2024
7734,รถไฟระหว่างเมือง,แอร์พอร์ต เรล ลิงก์,A6,มักกะสัน,8569,9341,8/24/2024
7735,รถไฟระหว่างเมือง,แอร์พอร์ต เรล ลิงก์,A7,ราชปรารภ,3457,3612,8/24/2024
7736,รถไฟระหว่างเมือง,แอร์พอร์ต เรล ลิงก์,A8,พญาไท,11900,12303,8/24/2024
7737,รถไฟระหว่างเมือง,แอร์พอร์ต เรล ลิงก์,A1,สุวรรณภูมิ,12348,11462,8/25/2024
7738,รถไฟระหว่างเมือง,แอร์พอร์ต เรล ลิงก์,A2,ลาดกระบัง,7439,7562,8/25/2024
7739,รถไฟระหว่างเมือง,แอร์พอร์ต เรล ลิงก์,A3,บ้านทับช้าง,1682,1738,8/25/2024
7740,รถไฟระหว่างเมือง,แอร์พอร์ต เรล ลิงก์,A4,หัวหมาก,4441,4314,8/25/2024
7741,รถไฟระหว่างเมือง,แอร์พอร์ต เรล ลิงก์,A5,รามคำแหง,4192,4784,8/25/2024
7742,รถไฟระหว่างเมือง,แอร์พอร์ต เรล ลิงก์,A6,มักกะสัน,7872,8340,8/25/2024
7743,รถไฟระหว่างเมือง,แอร์พอร์ต เรล ลิงก์,A7,ราชปรารภ,3354,3165,8/25/2024
7744,รถไฟระหว่างเมือง,แอร์พอร์ต เรล ลิงก์,A8,พญาไท,11131,11094,8/25/2024
7745,รถไฟระหว่างเมือง,แอร์พอร์ต เรล ลิงก์,A1,สุวรรณภูมิ,13555,13329,8/26/2024
7746,รถไฟระหว่างเมือง,แอร์พอร์ต เรล ลิงก์,A2,ลาดกระบัง,10624,10346,8/26/2024
7747,รถไฟระหว่างเมือง,แอร์พอร์ต เรล ลิงก์,A3,บ้านทับช้าง,4186,4034,8/26/2024
7748,รถไฟระหว่างเมือง,แอร์พอร์ต เรล ลิงก์,A4,หัวหมาก,7052,7049,8/26/2024
7749,รถไฟระหว่างเมือง,แอร์พอร์ต เรล ลิงก์,A5,รามคำแหง,6639,7098,8/26/2024
7750,รถไฟระหว่างเมือง,แอร์พอร์ต เรล ลิงก์,A6,มักกะสัน,13311,13780,8/26/2024
7751,รถไฟระหว่างเมือง,แอร์พอร์ต เรล ลิงก์,A7,ราชปรารภ,4067,4179,8/26/2024
7752,รถไฟระหว่างเมือง,แอร์พอร์ต เรล ลิงก์,A8,พญาไท,15253,14872,8/26/2024
7753,รถไฟระหว่างเมือง,แอร์พอร์ต เรล ลิงก์,A1,สุวรรณภูมิ,12701,12803,8/27/2024
7754,รถไฟระหว่างเมือง,แอร์พอร์ต เรล ลิงก์,A2,ลาดกระบัง,10869,10617,8/27/2024
7755,รถไฟระหว่างเมือง,แอร์พอร์ต เรล ลิงก์,A3,บ้านทับช้าง,4323,4408,8/27/2024
7756,รถไฟระหว่างเมือง,แอร์พอร์ต เรล ลิงก์,A4,หัวหมาก,7379,7305,8/27/2024
7757,รถไฟระหว่างเมือง,แอร์พอร์ต เรล ลิงก์,A5,รามคำแหง,6863,7245,8/27/2024
7758,รถไฟระหว่างเมือง,แอร์พอร์ต เรล ลิงก์,A6,มักกะสัน,13351,13816,8/27/2024
7759,รถไฟระหว่างเมือง,แอร์พอร์ต เรล ลิงก์,A7,ราชปรารภ,4057,4208,8/27/2024
7760,รถไฟระหว่างเมือง,แอร์พอร์ต เรล ลิงก์,A8,พญาไท,15586,14727,8/27/2024
7761,รถไฟระหว่างเมือง,แอร์พอร์ต เรล ลิงก์,A1,สุวรรณภูมิ,13143,12070,8/28/2024
7762,รถไฟระหว่างเมือง,แอร์พอร์ต เรล ลิงก์,A2,ลาดกระบัง,10713,10305,8/28/2024
7763,รถไฟระหว่างเมือง,แอร์พอร์ต เรล ลิงก์,A3,บ้านทับช้าง,4279,4199,8/28/2024
7764,รถไฟระหว่างเมือง,แอร์พอร์ต เรล ลิงก์,A4,หัวหมาก,7207,7268,8/28/2024
7765,รถไฟระหว่างเมือง,แอร์พอร์ต เรล ลิงก์,A5,รามคำแหง,6570,6931,8/28/2024
7766,รถไฟระหว่างเมือง,แอร์พอร์ต เรล ลิงก์,A6,มักกะสัน,13078,13891,8/28/2024
7767,รถไฟระหว่างเมือง,แอร์พอร์ต เรล ลิงก์,A7,ราชปรารภ,4118,4247,8/28/2024
7768,รถไฟระหว่างเมือง,แอร์พอร์ต เรล ลิงก์,A8,พญาไท,14738,14935,8/28/2024
7769,รถไฟระหว่างเมือง,แอร์พอร์ต เรล ลิงก์,A1,สุวรรณภูมิ,13713,12211,8/29/2024
7770,รถไฟระหว่างเมือง,แอร์พอร์ต เรล ลิงก์,A2,ลาดกระบัง,10598,10243,8/29/2024
7771,รถไฟระหว่างเมือง,แอร์พอร์ต เรล ลิงก์,A3,บ้านทับช้าง,4221,4209,8/29/2024
7772,รถไฟระหว่างเมือง,แอร์พอร์ต เรล ลิงก์,A4,หัวหมาก,7235,7070,8/29/2024
7773,รถไฟระหว่างเมือง,แอร์พอร์ต เรล ลิงก์,A5,รามคำแหง,6538,6982,8/29/2024
7774,รถไฟระหว่างเมือง,แอร์พอร์ต เรล ลิงก์,A6,มักกะสัน,13016,13934,8/29/2024
7775,รถไฟระหว่างเมือง,แอร์พอร์ต เรล ลิงก์,A7,ราชปรารภ,4072,4142,8/29/2024
7776,รถไฟระหว่างเมือง,แอร์พอร์ต เรล ลิงก์,A8,พญาไท,14584,15186,8/29/2024
7777,รถไฟระหว่างเมือง,แอร์พอร์ต เรล ลิงก์,A1,สุวรรณภูมิ,15237,12516,8/30/2024
7778,รถไฟระหว่างเมือง,แอร์พอร์ต เรล ลิงก์,A2,ลาดกระบัง,11317,11197,8/30/2024
7779,รถไฟระหว่างเมือง,แอร์พอร์ต เรล ลิงก์,A3,บ้านทับช้าง,4234,4276,8/30/2024
7780,รถไฟระหว่างเมือง,แอร์พอร์ต เรล ลิงก์,A4,หัวหมาก,7625,7436,8/30/2024
7781,รถไฟระหว่างเมือง,แอร์พอร์ต เรล ลิงก์,A5,รามคำแหง,6824,7312,8/30/2024
7782,รถไฟระหว่างเมือง,แอร์พอร์ต เรล ลิงก์,A6,มักกะสัน,13490,14835,8/30/2024
7783,รถไฟระหว่างเมือง,แอร์พอร์ต เรล ลิงก์,A7,ราชปรารภ,4184,4257,8/30/2024
7784,รถไฟระหว่างเมือง,แอร์พอร์ต เรล ลิงก์,A8,พญาไท,16134,17216,8/30/2024
7785,รถไฟระหว่างเมือง,แอร์พอร์ต เรล ลิงก์,A1,สุวรรณภูมิ,13423,11371,8/31/2024
7786,รถไฟระหว่างเมือง,แอร์พอร์ต เรล ลิงก์,A2,ลาดกระบัง,8601,8313,8/31/2024
7787,รถไฟระหว่างเมือง,แอร์พอร์ต เรล ลิงก์,A3,บ้านทับช้าง,2205,2202,8/31/2024
7788,รถไฟระหว่างเมือง,แอร์พอร์ต เรล ลิงก์,A4,หัวหมาก,5066,5103,8/31/2024
7789,รถไฟระหว่างเมือง,แอร์พอร์ต เรล ลิงก์,A5,รามคำแหง,4841,5138,8/31/2024
7790,รถไฟระหว่างเมือง,แอร์พอร์ต เรล ลิงก์,A6,มักกะสัน,8432,9857,8/31/2024
7791,รถไฟระหว่างเมือง,แอร์พอร์ต เรล ลิงก์,A7,ราชปรารภ,3695,3523,8/31/2024
7792,รถไฟระหว่างเมือง,แอร์พอร์ต เรล ลิงก์,A8,พญาไท,12521,13277,8/31/2024
7793,รถไฟระหว่างเมือง,แอร์พอร์ต เรล ลิงก์,A1,สุวรรณภูมิ,12155,11634,9/1/2024
7794,รถไฟระหว่างเมือง,แอร์พอร์ต เรล ลิงก์,A2,ลาดกระบัง,7636,7868,9/1/2024
7795,รถไฟระหว่างเมือง,แอร์พอร์ต เรล ลิงก์,A3,บ้านทับช้าง,1790,1649,9/1/2024
7796,รถไฟระหว่างเมือง,แอร์พอร์ต เรล ลิงก์,A4,หัวหมาก,4196,4286,9/1/2024
7797,รถไฟระหว่างเมือง,แอร์พอร์ต เรล ลิงก์,A5,รามคำแหง,4187,4973,9/1/2024
7798,รถไฟระหว่างเมือง,แอร์พอร์ต เรล ลิงก์,A6,มักกะสัน,8145,8298,9/1/2024
7799,รถไฟระหว่างเมือง,แอร์พอร์ต เรล ลิงก์,A7,ราชปรารภ,3313,3068,9/1/2024
7800,รถไฟระหว่างเมือง,แอร์พอร์ต เรล ลิงก์,A8,พญาไท,11745,11391,9/1/2024
7801,รถไฟระหว่างเมือง,แอร์พอร์ต เรล ลิงก์,A1,สุวรรณภูมิ,13099,13186,9/2/2024
7802,รถไฟระหว่างเมือง,แอร์พอร์ต เรล ลิงก์,A2,ลาดกระบัง,11243,10827,9/2/2024
7803,รถไฟระหว่างเมือง,แอร์พอร์ต เรล ลิงก์,A3,บ้านทับช้าง,4235,4261,9/2/2024
7804,รถไฟระหว่างเมือง,แอร์พอร์ต เรล ลิงก์,A4,หัวหมาก,7164,7180,9/2/2024
7805,รถไฟระหว่างเมือง,แอร์พอร์ต เรล ลิงก์,A5,รามคำแหง,6606,7171,9/2/2024
7806,รถไฟระหว่างเมือง,แอร์พอร์ต เรล ลิงก์,A6,มักกะสัน,13473,14012,9/2/2024
7807,รถไฟระหว่างเมือง,แอร์พอร์ต เรล ลิงก์,A7,ราชปรารภ,3980,4085,9/2/2024
7808,รถไฟระหว่างเมือง,แอร์พอร์ต เรล ลิงก์,A8,พญาไท,15945,15023,9/2/2024
7809,รถไฟระหว่างเมือง,แอร์พอร์ต เรล ลิงก์,A1,สุวรรณภูมิ,13071,12210,9/3/2024
7810,รถไฟระหว่างเมือง,แอร์พอร์ต เรล ลิงก์,A2,ลาดกระบัง,10972,10860,9/3/2024
7811,รถไฟระหว่างเมือง,แอร์พอร์ต เรล ลิงก์,A3,บ้านทับช้าง,4313,4289,9/3/2024
7812,รถไฟระหว่างเมือง,แอร์พอร์ต เรล ลิงก์,A4,หัวหมาก,7552,7608,9/3/2024
7813,รถไฟระหว่างเมือง,แอร์พอร์ต เรล ลิงก์,A5,รามคำแหง,6811,7369,9/3/2024
7814,รถไฟระหว่างเมือง,แอร์พอร์ต เรล ลิงก์,A6,มักกะสัน,13439,14087,9/3/2024
7815,รถไฟระหว่างเมือง,แอร์พอร์ต เรล ลิงก์,A7,ราชปรารภ,3802,4063,9/3/2024
7816,รถไฟระหว่างเมือง,แอร์พอร์ต เรล ลิงก์,A8,พญาไท,15488,14962,9/3/2024
7817,รถไฟระหว่างเมือง,แอร์พอร์ต เรล ลิงก์,A1,สุวรรณภูมิ,12974,11877,9/4/2024
7818,รถไฟระหว่างเมือง,แอร์พอร์ต เรล ลิงก์,A2,ลาดกระบัง,11070,10631,9/4/2024
7819,รถไฟระหว่างเมือง,แอร์พอร์ต เรล ลิงก์,A3,บ้านทับช้าง,4447,4411,9/4/2024
7820,รถไฟระหว่างเมือง,แอร์พอร์ต เรล ลิงก์,A4,หัวหมาก,7442,7301,9/4/2024
7821,รถไฟระหว่างเมือง,แอร์พอร์ต เรล ลิงก์,A5,รามคำแหง,6888,7499,9/4/2024
7822,รถไฟระหว่างเมือง,แอร์พอร์ต เรล ลิงก์,A6,มักกะสัน,13198,14175,9/4/2024
7823,รถไฟระหว่างเมือง,แอร์พอร์ต เรล ลิงก์,A7,ราชปรารภ,4030,4074,9/4/2024
7824,รถไฟระหว่างเมือง,แอร์พอร์ต เรล ลิงก์,A8,พญาไท,14905,14986,9/4/2024
7825,รถไฟระหว่างเมือง,แอร์พอร์ต เรล ลิงก์,A1,สุวรรณภูมิ,13673,11483,9/5/2024
7826,รถไฟระหว่างเมือง,แอร์พอร์ต เรล ลิงก์,A2,ลาดกระบัง,11089,10640,9/5/2024
7827,รถไฟระหว่างเมือง,แอร์พอร์ต เรล ลิงก์,A3,บ้านทับช้าง,4281,4289,9/5/2024
7828,รถไฟระหว่างเมือง,แอร์พอร์ต เรล ลิงก์,A4,หัวหมาก,7459,7362,9/5/2024
7829,รถไฟระหว่างเมือง,แอร์พอร์ต เรล ลิงก์,A5,รามคำแหง,6572,6930,9/5/2024
7830,รถไฟระหว่างเมือง,แอร์พอร์ต เรล ลิงก์,A6,มักกะสัน,12878,14092,9/5/2024
7831,รถไฟระหว่างเมือง,แอร์พอร์ต เรล ลิงก์,A7,ราชปรารภ,3823,4098,9/5/2024
7832,รถไฟระหว่างเมือง,แอร์พอร์ต เรล ลิงก์,A8,พญาไท,14443,15324,9/5/2024
7833,รถไฟระหว่างเมือง,แอร์พอร์ต เรล ลิงก์,A1,สุวรรณภูมิ,14405,12146,9/6/2024
7834,รถไฟระหว่างเมือง,แอร์พอร์ต เรล ลิงก์,A2,ลาดกระบัง,11938,11343,9/6/2024
7835,รถไฟระหว่างเมือง,แอร์พอร์ต เรล ลิงก์,A3,บ้านทับช้าง,4346,4147,9/6/2024
7836,รถไฟระหว่างเมือง,แอร์พอร์ต เรล ลิงก์,A4,หัวหมาก,7533,7599,9/6/2024
7837,รถไฟระหว่างเมือง,แอร์พอร์ต เรล ลิงก์,A5,รามคำแหง,6911,7493,9/6/2024
7838,รถไฟระหว่างเมือง,แอร์พอร์ต เรล ลิงก์,A6,มักกะสัน,13359,14719,9/6/2024
7839,รถไฟระหว่างเมือง,แอร์พอร์ต เรล ลิงก์,A7,ราชปรารภ,4130,4188,9/6/2024
7840,รถไฟระหว่างเมือง,แอร์พอร์ต เรล ลิงก์,A8,พญาไท,15526,16513,9/6/2024
7841,รถไฟระหว่างเมือง,แอร์พอร์ต เรล ลิงก์,A1,สุวรรณภูมิ,11993,10886,9/7/2024
7842,รถไฟระหว่างเมือง,แอร์พอร์ต เรล ลิงก์,A2,ลาดกระบัง,8405,8392,9/7/2024
7843,รถไฟระหว่างเมือง,แอร์พอร์ต เรล ลิงก์,A3,บ้านทับช้าง,2171,2119,9/7/2024
7844,รถไฟระหว่างเมือง,แอร์พอร์ต เรล ลิงก์,A4,หัวหมาก,4889,4826,9/7/2024
7845,รถไฟระหว่างเมือง,แอร์พอร์ต เรล ลิงก์,A5,รามคำแหง,4635,5157,9/7/2024
7846,รถไฟระหว่างเมือง,แอร์พอร์ต เรล ลิงก์,A6,มักกะสัน,8358,8967,9/7/2024
7847,รถไฟระหว่างเมือง,แอร์พอร์ต เรล ลิงก์,A7,ราชปรารภ,3182,3397,9/7/2024
7848,รถไฟระหว่างเมือง,แอร์พอร์ต เรล ลิงก์,A8,พญาไท,11754,11643,9/7/2024
7849,รถไฟระหว่างเมือง,แอร์พอร์ต เรล ลิงก์,A1,สุวรรณภูมิ,11660,11427,9/8/2024
7850,รถไฟระหว่างเมือง,แอร์พอร์ต เรล ลิงก์,A2,ลาดกระบัง,7234,7519,9/8/2024
7851,รถไฟระหว่างเมือง,แอร์พอร์ต เรล ลิงก์,A3,บ้านทับช้าง,1729,1687,9/8/2024
7852,รถไฟระหว่างเมือง,แอร์พอร์ต เรล ลิงก์,A4,หัวหมาก,4019,4140,9/8/2024
7853,รถไฟระหว่างเมือง,แอร์พอร์ต เรล ลิงก์,A5,รามคำแหง,3854,4395,9/8/2024
7854,รถไฟระหว่างเมือง,แอร์พอร์ต เรล ลิงก์,A6,มักกะสัน,7226,7624,9/8/2024
7855,รถไฟระหว่างเมือง,แอร์พอร์ต เรล ลิงก์,A7,ราชปรารภ,3070,3059,9/8/2024
7856,รถไฟระหว่างเมือง,แอร์พอร์ต เรล ลิงก์,A8,พญาไท,10945,9886,9/8/2024
7857,รถไฟระหว่างเมือง,แอร์พอร์ต เรล ลิงก์,A1,สุวรรณภูมิ,12186,11910,9/9/2024
7858,รถไฟระหว่างเมือง,แอร์พอร์ต เรล ลิงก์,A2,ลาดกระบัง,11174,10604,9/9/2024
7859,รถไฟระหว่างเมือง,แอร์พอร์ต เรล ลิงก์,A3,บ้านทับช้าง,4245,4087,9/9/2024
7860,รถไฟระหว่างเมือง,แอร์พอร์ต เรล ลิงก์,A4,หัวหมาก,6922,6993,9/9/2024
7861,รถไฟระหว่างเมือง,แอร์พอร์ต เรล ลิงก์,A5,รามคำแหง,6458,7081,9/9/2024
7862,รถไฟระหว่างเมือง,แอร์พอร์ต เรล ลิงก์,A6,มักกะสัน,12868,13630,9/9/2024
7863,รถไฟระหว่างเมือง,แอร์พอร์ต เรล ลิงก์,A7,ราชปรารภ,3731,3951,9/9/2024
7864,รถไฟระหว่างเมือง,แอร์พอร์ต เรล ลิงก์,A8,พญาไท,14741,14069,9/9/2024
7865,รถไฟระหว่างเมือง,แอร์พอร์ต เรล ลิงก์,A1,สุวรรณภูมิ,11820,11464,9/10/2024
7866,รถไฟระหว่างเมือง,แอร์พอร์ต เรล ลิงก์,A2,ลาดกระบัง,9111,10702,9/10/2024
7867,รถไฟระหว่างเมือง,แอร์พอร์ต เรล ลิงก์,A3,บ้านทับช้าง,3457,4340,9/10/2024
7868,รถไฟระหว่างเมือง,แอร์พอร์ต เรล ลิงก์,A4,หัวหมาก,6430,7291,9/10/2024
7869,รถไฟระหว่างเมือง,แอร์พอร์ต เรล ลิงก์,A5,รามคำแหง,6135,7409,9/10/2024
7870,รถไฟระหว่างเมือง,แอร์พอร์ต เรล ลิงก์,A6,มักกะสัน,13332,9290,9/10/2024
7871,รถไฟระหว่างเมือง,แอร์พอร์ต เรล ลิงก์,A7,ราชปรารภ,3680,3950,9/10/2024
7872,รถไฟระหว่างเมือง,แอร์พอร์ต เรล ลิงก์,A8,พญาไท,14583,14102,9/10/2024
7873,รถไฟระหว่างเมือง,แอร์พอร์ต เรล ลิงก์,A1,สุวรรณภูมิ,12726,10705,9/11/2024
7874,รถไฟระหว่างเมือง,แอร์พอร์ต เรล ลิงก์,A2,ลาดกระบัง,10713,10658,9/11/2024
7875,รถไฟระหว่างเมือง,แอร์พอร์ต เรล ลิงก์,A3,บ้านทับช้าง,4307,4231,9/11/2024
7876,รถไฟระหว่างเมือง,แอร์พอร์ต เรล ลิงก์,A4,หัวหมาก,7108,7082,9/11/2024
7877,รถไฟระหว่างเมือง,แอร์พอร์ต เรล ลิงก์,A5,รามคำแหง,6365,7133,9/11/2024
7878,รถไฟระหว่างเมือง,แอร์พอร์ต เรล ลิงก์,A6,มักกะสัน,12904,13629,9/11/2024
7879,รถไฟระหว่างเมือง,แอร์พอร์ต เรล ลิงก์,A7,ราชปรารภ,3604,3869,9/11/2024
7880,รถไฟระหว่างเมือง,แอร์พอร์ต เรล ลิงก์,A8,พญาไท,13879,14299,9/11/2024
7881,รถไฟระหว่างเมือง,แอร์พอร์ต เรล ลิงก์,A1,สุวรรณภูมิ,13794,11120,9/12/2024
7882,รถไฟระหว่างเมือง,แอร์พอร์ต เรล ลิงก์,A2,ลาดกระบัง,10958,10537,9/12/2024
7883,รถไฟระหว่างเมือง,แอร์พอร์ต เรล ลิงก์,A3,บ้านทับช้าง,4281,4238,9/12/2024
7884,รถไฟระหว่างเมือง,แอร์พอร์ต เรล ลิงก์,A4,หัวหมาก,7174,7117,9/12/2024
7885,รถไฟระหว่างเมือง,แอร์พอร์ต เรล ลิงก์,A5,รามคำแหง,6466,7070,9/12/2024
7886,รถไฟระหว่างเมือง,แอร์พอร์ต เรล ลิงก์,A6,มักกะสัน,12823,14181,9/12/2024
7887,รถไฟระหว่างเมือง,แอร์พอร์ต เรล ลิงก์,A7,ราชปรารภ,3652,3921,9/12/2024
7888,รถไฟระหว่างเมือง,แอร์พอร์ต เรล ลิงก์,A8,พญาไท,14159,15123,9/12/2024
7889,รถไฟระหว่างเมือง,แอร์พอร์ต เรล ลิงก์,A1,สุวรรณภูมิ,14762,11360,9/13/2024
7890,รถไฟระหว่างเมือง,แอร์พอร์ต เรล ลิงก์,A2,ลาดกระบัง,11224,11046,9/13/2024
7891,รถไฟระหว่างเมือง,แอร์พอร์ต เรล ลิงก์,A3,บ้านทับช้าง,4038,3997,9/13/2024
7892,รถไฟระหว่างเมือง,แอร์พอร์ต เรล ลิงก์,A4,หัวหมาก,7230,7243,9/13/2024
7893,รถไฟระหว่างเมือง,แอร์พอร์ต เรล ลิงก์,A5,รามคำแหง,6434,7348,9/13/2024
7894,รถไฟระหว่างเมือง,แอร์พอร์ต เรล ลิงก์,A6,มักกะสัน,12952,13355,9/13/2024
7895,รถไฟระหว่างเมือง,แอร์พอร์ต เรล ลิงก์,A7,ราชปรารภ,3691,4221,9/13/2024
7896,รถไฟระหว่างเมือง,แอร์พอร์ต เรล ลิงก์,A8,พญาไท,14737,16498,9/13/2024
7897,รถไฟระหว่างเมือง,แอร์พอร์ต เรล ลิงก์,A1,สุวรรณภูมิ,14436,10395,9/14/2024
7898,รถไฟระหว่างเมือง,แอร์พอร์ต เรล ลิงก์,A2,ลาดกระบัง,7779,7784,9/14/2024
7899,รถไฟระหว่างเมือง,แอร์พอร์ต เรล ลิงก์,A3,บ้านทับช้าง,2168,2159,9/14/2024
7900,รถไฟระหว่างเมือง,แอร์พอร์ต เรล ลิงก์,A4,หัวหมาก,4554,4538,9/14/2024
7901,รถไฟระหว่างเมือง,แอร์พอร์ต เรล ลิงก์,A5,รามคำแหง,4503,5059,9/14/2024
7902,รถไฟระหว่างเมือง,แอร์พอร์ต เรล ลิงก์,A6,มักกะสัน,8237,9697,9/14/2024
7903,รถไฟระหว่างเมือง,แอร์พอร์ต เรล ลิงก์,A7,ราชปรารภ,3268,3639,9/14/2024
7904,รถไฟระหว่างเมือง,แอร์พอร์ต เรล ลิงก์,A8,พญาไท,11088,12762,9/14/2024
7905,รถไฟระหว่างเมือง,แอร์พอร์ต เรล ลิงก์,A1,สุวรรณภูมิ,13201,10980,9/15/2024
7906,รถไฟระหว่างเมือง,แอร์พอร์ต เรล ลิงก์,A2,ลาดกระบัง,6993,7119,9/15/2024
7907,รถไฟระหว่างเมือง,แอร์พอร์ต เรล ลิงก์,A3,บ้านทับช้าง,1503,1469,9/15/2024
7908,รถไฟระหว่างเมือง,แอร์พอร์ต เรล ลิงก์,A4,หัวหมาก,3714,3908,9/15/2024
7909,รถไฟระหว่างเมือง,แอร์พอร์ต เรล ลิงก์,A5,รามคำแหง,3796,4137,9/15/2024
7910,รถไฟระหว่างเมือง,แอร์พอร์ต เรล ลิงก์,A6,มักกะสัน,7116,7889,9/15/2024
7911,รถไฟระหว่างเมือง,แอร์พอร์ต เรล ลิงก์,A7,ราชปรารภ,3138,3204,9/15/2024
7912,รถไฟระหว่างเมือง,แอร์พอร์ต เรล ลิงก์,A8,พญาไท,10193,10948,9/15/2024
7913,รถไฟระหว่างเมือง,แอร์พอร์ต เรล ลิงก์,A1,สุวรรณภูมิ,12908,12783,9/16/2024
7914,รถไฟระหว่างเมือง,แอร์พอร์ต เรล ลิงก์,A2,ลาดกระบัง,10976,10660,9/16/2024
7915,รถไฟระหว่างเมือง,แอร์พอร์ต เรล ลิงก์,A3,บ้านทับช้าง,4154,4121,9/16/2024
7916,รถไฟระหว่างเมือง,แอร์พอร์ต เรล ลิงก์,A4,หัวหมาก,7053,7051,9/16/2024
7917,รถไฟระหว่างเมือง,แอร์พอร์ต เรล ลิงก์,A5,รามคำแหง,6373,7021,9/16/2024
7918,รถไฟระหว่างเมือง,แอร์พอร์ต เรล ลิงก์,A6,มักกะสัน,13118,13819,9/16/2024
7919,รถไฟระหว่างเมือง,แอร์พอร์ต เรล ลิงก์,A7,ราชปรารภ,3947,4006,9/16/2024
7920,รถไฟระหว่างเมือง,แอร์พอร์ต เรล ลิงก์,A8,พญาไท,15526,14594,9/16/2024
7921,รถไฟระหว่างเมือง,แอร์พอร์ต เรล ลิงก์,A1,สุวรรณภูมิ,12868,13121,9/17/2024
7922,รถไฟระหว่างเมือง,แอร์พอร์ต เรล ลิงก์,A2,ลาดกระบัง,11096,10916,9/17/2024
7923,รถไฟระหว่างเมือง,แอร์พอร์ต เรล ลิงก์,A3,บ้านทับช้าง,4265,4275,9/17/2024
7924,รถไฟระหว่างเมือง,แอร์พอร์ต เรล ลิงก์,A4,หัวหมาก,7349,7295,9/17/2024
7925,รถไฟระหว่างเมือง,แอร์พอร์ต เรล ลิงก์,A5,รามคำแหง,6606,7180,9/17/2024
7926,รถไฟระหว่างเมือง,แอร์พอร์ต เรล ลิงก์,A6,มักกะสัน,13451,13859,9/17/2024
7927,รถไฟระหว่างเมือง,แอร์พอร์ต เรล ลิงก์,A7,ราชปรารภ,4200,4195,9/17/2024
7928,รถไฟระหว่างเมือง,แอร์พอร์ต เรล ลิงก์,A8,พญาไท,16221,15215,9/17/2024
7929,รถไฟระหว่างเมือง,แอร์พอร์ต เรล ลิงก์,A1,สุวรรณภูมิ,13166,12168,9/18/2024
7930,รถไฟระหว่างเมือง,แอร์พอร์ต เรล ลิงก์,A2,ลาดกระบัง,10520,10572,9/18/2024
7931,รถไฟระหว่างเมือง,แอร์พอร์ต เรล ลิงก์,A3,บ้านทับช้าง,4158,4256,9/18/2024
7932,รถไฟระหว่างเมือง,แอร์พอร์ต เรล ลิงก์,A4,หัวหมาก,7066,7239,9/18/2024
7933,รถไฟระหว่างเมือง,แอร์พอร์ต เรล ลิงก์,A5,รามคำแหง,6350,7311,9/18/2024
7934,รถไฟระหว่างเมือง,แอร์พอร์ต เรล ลิงก์,A6,มักกะสัน,13237,13482,9/18/2024
7935,รถไฟระหว่างเมือง,แอร์พอร์ต เรล ลิงก์,A7,ราชปรารภ,3744,4079,9/18/2024
7936,รถไฟระหว่างเมือง,แอร์พอร์ต เรล ลิงก์,A8,พญาไท,15545,14679,9/18/2024
7937,รถไฟระหว่างเมือง,แอร์พอร์ต เรล ลิงก์,A1,สุวรรณภูมิ,13347,11309,9/19/2024
7938,รถไฟระหว่างเมือง,แอร์พอร์ต เรล ลิงก์,A2,ลาดกระบัง,10871,10747,9/19/2024
7939,รถไฟระหว่างเมือง,แอร์พอร์ต เรล ลิงก์,A3,บ้านทับช้าง,4126,4156,9/19/2024
7940,รถไฟระหว่างเมือง,แอร์พอร์ต เรล ลิงก์,A4,หัวหมาก,7084,7161,9/19/2024
7941,รถไฟระหว่างเมือง,แอร์พอร์ต เรล ลิงก์,A5,รามคำแหง,6532,7228,9/19/2024
7942,รถไฟระหว่างเมือง,แอร์พอร์ต เรล ลิงก์,A6,มักกะสัน,13049,13640,9/19/2024
7943,รถไฟระหว่างเมือง,แอร์พอร์ต เรล ลิงก์,A7,ราชปรารภ,3829,4110,9/19/2024
7944,รถไฟระหว่างเมือง,แอร์พอร์ต เรล ลิงก์,A8,พญาไท,14491,14978,9/19/2024
7945,รถไฟระหว่างเมือง,แอร์พอร์ต เรล ลิงก์,A1,สุวรรณภูมิ,14089,12246,9/20/2024
7946,รถไฟระหว่างเมือง,แอร์พอร์ต เรล ลิงก์,A2,ลาดกระบัง,11397,11275,9/20/2024
7947,รถไฟระหว่างเมือง,แอร์พอร์ต เรล ลิงก์,A3,บ้านทับช้าง,4109,4076,9/20/2024
7948,รถไฟระหว่างเมือง,แอร์พอร์ต เรล ลิงก์,A4,หัวหมาก,7379,7349,9/20/2024
7949,รถไฟระหว่างเมือง,แอร์พอร์ต เรล ลิงก์,A5,รามคำแหง,6577,7449,9/20/2024
7950,รถไฟระหว่างเมือง,แอร์พอร์ต เรล ลิงก์,A6,มักกะสัน,13389,14320,9/20/2024
7951,รถไฟระหว่างเมือง,แอร์พอร์ต เรล ลิงก์,A7,ราชปรารภ,4016,3990,9/20/2024
7952,รถไฟระหว่างเมือง,แอร์พอร์ต เรล ลิงก์,A8,พญาไท,15364,15615,9/20/2024
7953,รถไฟระหว่างเมือง,แอร์พอร์ต เรล ลิงก์,A1,สุวรรณภูมิ,12713,10933,9/21/2024
7954,รถไฟระหว่างเมือง,แอร์พอร์ต เรล ลิงก์,A2,ลาดกระบัง,7765,7819,9/21/2024
7955,รถไฟระหว่างเมือง,แอร์พอร์ต เรล ลิงก์,A3,บ้านทับช้าง,1948,1974,9/21/2024
7956,รถไฟระหว่างเมือง,แอร์พอร์ต เรล ลิงก์,A4,หัวหมาก,4550,4577,9/21/2024
7957,รถไฟระหว่างเมือง,แอร์พอร์ต เรล ลิงก์,A5,รามคำแหง,4204,4734,9/21/2024
7958,รถไฟระหว่างเมือง,แอร์พอร์ต เรล ลิงก์,A6,มักกะสัน,8157,8893,9/21/2024
7959,รถไฟระหว่างเมือง,แอร์พอร์ต เรล ลิงก์,A7,ราชปรารภ,3468,3488,9/21/2024
7960,รถไฟระหว่างเมือง,แอร์พอร์ต เรล ลิงก์,A8,พญาไท,11462,11849,9/21/2024
7961,รถไฟระหว่างเมือง,แอร์พอร์ต เรล ลิงก์,A1,สุวรรณภูมิ,11650,11153,9/22/2024
7962,รถไฟระหว่างเมือง,แอร์พอร์ต เรล ลิงก์,A2,ลาดกระบัง,6721,6891,9/22/2024
7963,รถไฟระหว่างเมือง,แอร์พอร์ต เรล ลิงก์,A3,บ้านทับช้าง,1631,1660,9/22/2024
7964,รถไฟระหว่างเมือง,แอร์พอร์ต เรล ลิงก์,A4,หัวหมาก,3836,3976,9/22/2024
7965,รถไฟระหว่างเมือง,แอร์พอร์ต เรล ลิงก์,A5,รามคำแหง,3660,4023,9/22/2024
7966,รถไฟระหว่างเมือง,แอร์พอร์ต เรล ลิงก์,A6,มักกะสัน,7009,7391,9/22/2024
7967,รถไฟระหว่างเมือง,แอร์พอร์ต เรล ลิงก์,A7,ราชปรารภ,3020,2989,9/22/2024
7968,รถไฟระหว่างเมือง,แอร์พอร์ต เรล ลิงก์,A8,พญาไท,10278,9722,9/22/2024
7969,รถไฟระหว่างเมือง,แอร์พอร์ต เรล ลิงก์,A1,สุวรรณภูมิ,12354,11736,9/23/2024
7970,รถไฟระหว่างเมือง,แอร์พอร์ต เรล ลิงก์,A2,ลาดกระบัง,10472,10184,9/23/2024
7971,รถไฟระหว่างเมือง,แอร์พอร์ต เรล ลิงก์,A3,บ้านทับช้าง,4037,3622,9/23/2024
7972,รถไฟระหว่างเมือง,แอร์พอร์ต เรล ลิงก์,A4,หัวหมาก,6671,6790,9/23/2024
7973,รถไฟระหว่างเมือง,แอร์พอร์ต เรล ลิงก์,A5,รามคำแหง,6078,6792,9/23/2024
7974,รถไฟระหว่างเมือง,แอร์พอร์ต เรล ลิงก์,A6,มักกะสัน,12273,12798,9/23/2024
7975,รถไฟระหว่างเมือง,แอร์พอร์ต เรล ลิงก์,A7,ราชปรารภ,3647,3663,9/23/2024
7976,รถไฟระหว่างเมือง,แอร์พอร์ต เรล ลิงก์,A8,พญาไท,14078,14025,9/23/2024
7977,รถไฟระหว่างเมือง,แอร์พอร์ต เรล ลิงก์,A1,สุวรรณภูมิ,12115,11054,9/24/2024
7978,รถไฟระหว่างเมือง,แอร์พอร์ต เรล ลิงก์,A2,ลาดกระบัง,10497,10291,9/24/2024
7979,รถไฟระหว่างเมือง,แอร์พอร์ต เรล ลิงก์,A3,บ้านทับช้าง,4033,3942,9/24/2024
7980,รถไฟระหว่างเมือง,แอร์พอร์ต เรล ลิงก์,A4,หัวหมาก,6758,6563,9/24/2024
7981,รถไฟระหว่างเมือง,แอร์พอร์ต เรล ลิงก์,A5,รามคำแหง,6469,6775,9/24/2024
7982,รถไฟระหว่างเมือง,แอร์พอร์ต เรล ลิงก์,A6,มักกะสัน,12189,13195,9/24/2024
7983,รถไฟระหว่างเมือง,แอร์พอร์ต เรล ลิงก์,A7,ราชปรารภ,3621,3779,9/24/2024
7984,รถไฟระหว่างเมือง,แอร์พอร์ต เรล ลิงก์,A8,พญาไท,13972,14055,9/24/2024
7985,รถไฟระหว่างเมือง,แอร์พอร์ต เรล ลิงก์,A1,สุวรรณภูมิ,12833,10970,9/25/2024
7986,รถไฟระหว่างเมือง,แอร์พอร์ต เรล ลิงก์,A2,ลาดกระบัง,10770,10445,9/25/2024
7987,รถไฟระหว่างเมือง,แอร์พอร์ต เรล ลิงก์,A3,บ้านทับช้าง,4087,4092,9/25/2024
7988,รถไฟระหว่างเมือง,แอร์พอร์ต เรล ลิงก์,A4,หัวหมาก,7045,6911,9/25/2024
7989,รถไฟระหว่างเมือง,แอร์พอร์ต เรล ลิงก์,A5,รามคำแหง,6311,7009,9/25/2024
7990,รถไฟระหว่างเมือง,แอร์พอร์ต เรล ลิงก์,A6,มักกะสัน,12542,13461,9/25/2024
7991,รถไฟระหว่างเมือง,แอร์พอร์ต เรล ลิงก์,A7,ราชปรารภ,3651,4048,9/25/2024
7992,รถไฟระหว่างเมือง,แอร์พอร์ต เรล ลิงก์,A8,พญาไท,14116,14419,9/25/2024
7993,รถไฟระหว่างเมือง,แอร์พอร์ต เรล ลิงก์,A1,สุวรรณภูมิ,13207,10803,9/26/2024
7994,รถไฟระหว่างเมือง,แอร์พอร์ต เรล ลิงก์,A2,ลาดกระบัง,11109,10473,9/26/2024
7995,รถไฟระหว่างเมือง,แอร์พอร์ต เรล ลิงก์,A3,บ้านทับช้าง,4189,3985,9/26/2024
7996,รถไฟระหว่างเมือง,แอร์พอร์ต เรล ลิงก์,A4,หัวหมาก,7095,6910,9/26/2024
7997,รถไฟระหว่างเมือง,แอร์พอร์ต เรล ลิงก์,A5,รามคำแหง,6249,7068,9/26/2024
7998,รถไฟระหว่างเมือง,แอร์พอร์ต เรล ลิงก์,A6,มักกะสัน,12273,13451,9/26/2024
7999,รถไฟระหว่างเมือง,แอร์พอร์ต เรล ลิงก์,A7,ราชปรารภ,3643,4087,9/26/2024
8000,รถไฟระหว่างเมือง,แอร์พอร์ต เรล ลิงก์,A8,พญาไท,14015,15003,9/26/2024
8001,รถไฟระหว่างเมือง,แอร์พอร์ต เรล ลิงก์,A1,สุวรรณภูมิ,14747,11874,9/27/2024
8002,รถไฟระหว่างเมือง,แอร์พอร์ต เรล ลิงก์,A2,ลาดกระบัง,11402,10865,9/27/2024
8003,รถไฟระหว่างเมือง,แอร์พอร์ต เรล ลิงก์,A3,บ้านทับช้าง,3950,3820,9/27/2024
8004,รถไฟระหว่างเมือง,แอร์พอร์ต เรล ลิงก์,A4,หัวหมาก,7156,7114,9/27/2024
8005,รถไฟระหว่างเมือง,แอร์พอร์ต เรล ลิงก์,A5,รามคำแหง,6626,7159,9/27/2024
8006,รถไฟระหว่างเมือง,แอร์พอร์ต เรล ลิงก์,A6,มักกะสัน,12639,14142,9/27/2024
8007,รถไฟระหว่างเมือง,แอร์พอร์ต เรล ลิงก์,A7,ราชปรารภ,3852,4144,9/27/2024
8008,รถไฟระหว่างเมือง,แอร์พอร์ต เรล ลิงก์,A8,พญาไท,14969,16223,9/27/2024
8009,รถไฟระหว่างเมือง,แอร์พอร์ต เรล ลิงก์,A1,สุวรรณภูมิ,13503,10313,9/28/2024
8010,รถไฟระหว่างเมือง,แอร์พอร์ต เรล ลิงก์,A2,ลาดกระบัง,8295,8247,9/28/2024
8011,รถไฟระหว่างเมือง,แอร์พอร์ต เรล ลิงก์,A3,บ้านทับช้าง,2011,2074,9/28/2024
8012,รถไฟระหว่างเมือง,แอร์พอร์ต เรล ลิงก์,A4,หัวหมาก,4827,4833,9/28/2024
8013,รถไฟระหว่างเมือง,แอร์พอร์ต เรล ลิงก์,A5,รามคำแหง,4534,5181,9/28/2024
8014,รถไฟระหว่างเมือง,แอร์พอร์ต เรล ลิงก์,A6,มักกะสัน,8349,9595,9/28/2024
8015,รถไฟระหว่างเมือง,แอร์พอร์ต เรล ลิงก์,A7,ราชปรารภ,3400,3514,9/28/2024
8016,รถไฟระหว่างเมือง,แอร์พอร์ต เรล ลิงก์,A8,พญาไท,11835,12997,9/28/2024
8017,รถไฟระหว่างเมือง,แอร์พอร์ต เรล ลิงก์,A1,สุวรรณภูมิ,12516,10606,9/29/2024
8018,รถไฟระหว่างเมือง,แอร์พอร์ต เรล ลิงก์,A2,ลาดกระบัง,7177,7033,9/29/2024
8019,รถไฟระหว่างเมือง,แอร์พอร์ต เรล ลิงก์,A3,บ้านทับช้าง,1592,1680,9/29/2024
8020,รถไฟระหว่างเมือง,แอร์พอร์ต เรล ลิงก์,A4,หัวหมาก,4016,4071,9/29/2024
8021,รถไฟระหว่างเมือง,แอร์พอร์ต เรล ลิงก์,A5,รามคำแหง,4291,4733,9/29/2024
8022,รถไฟระหว่างเมือง,แอร์พอร์ต เรล ลิงก์,A6,มักกะสัน,7176,7793,9/29/2024
8023,รถไฟระหว่างเมือง,แอร์พอร์ต เรล ลิงก์,A7,ราชปรารภ,3175,3083,9/29/2024
8024,รถไฟระหว่างเมือง,แอร์พอร์ต เรล ลิงก์,A8,พญาไท,10132,11076,9/29/2024
8025,รถไฟระหว่างเมือง,แอร์พอร์ต เรล ลิงก์,A1,สุวรรณภูมิ,13368,11478,9/30/2024
8026,รถไฟระหว่างเมือง,แอร์พอร์ต เรล ลิงก์,A2,ลาดกระบัง,11012,10622,9/30/2024
8027,รถไฟระหว่างเมือง,แอร์พอร์ต เรล ลิงก์,A3,บ้านทับช้าง,4077,3977,9/30/2024
8028,รถไฟระหว่างเมือง,แอร์พอร์ต เรล ลิงก์,A4,หัวหมาก,6823,6853,9/30/2024
8029,รถไฟระหว่างเมือง,แอร์พอร์ต เรล ลิงก์,A5,รามคำแหง,6399,7114,9/30/2024
8030,รถไฟระหว่างเมือง,แอร์พอร์ต เรล ลิงก์,A6,มักกะสัน,12503,13459,9/30/2024
8031,รถไฟระหว่างเมือง,แอร์พอร์ต เรล ลิงก์,A7,ราชปรารภ,3710,3912,9/30/2024
8032,รถไฟระหว่างเมือง,แอร์พอร์ต เรล ลิงก์,A8,พญาไท,14823,15300,9/30/2024
8033,รถไฟระหว่างเมือง,แอร์พอร์ต เรล ลิงก์,A1,สุวรรณภูมิ,13337,10903,10/1/2024
8034,รถไฟระหว่างเมือง,แอร์พอร์ต เรล ลิงก์,A2,ลาดกระบัง,10754,10609,10/1/2024
8035,รถไฟระหว่างเมือง,แอร์พอร์ต เรล ลิงก์,A3,บ้านทับช้าง,4093,4029,10/1/2024
8036,รถไฟระหว่างเมือง,แอร์พอร์ต เรล ลิงก์,A4,หัวหมาก,7092,7015,10/1/2024
8037,รถไฟระหว่างเมือง,แอร์พอร์ต เรล ลิงก์,A5,รามคำแหง,6561,7299,10/1/2024
8038,รถไฟระหว่างเมือง,แอร์พอร์ต เรล ลิงก์,A6,มักกะสัน,12428,13436,10/1/2024
8039,รถไฟระหว่างเมือง,แอร์พอร์ต เรล ลิงก์,A7,ราชปรารภ,3992,4172,10/1/2024
8040,รถไฟระหว่างเมือง,แอร์พอร์ต เรล ลิงก์,A8,พญาไท,14557,15351,10/1/2024
8041,รถไฟระหว่างเมือง,แอร์พอร์ต เรล ลิงก์,A1,สุวรรณภูมิ,13196,11021,10/2/2024
8042,รถไฟระหว่างเมือง,แอร์พอร์ต เรล ลิงก์,A2,ลาดกระบัง,10884,10672,10/2/2024
8043,รถไฟระหว่างเมือง,แอร์พอร์ต เรล ลิงก์,A3,บ้านทับช้าง,4154,4154,10/2/2024
8044,รถไฟระหว่างเมือง,แอร์พอร์ต เรล ลิงก์,A4,หัวหมาก,6989,6671,10/2/2024
8045,รถไฟระหว่างเมือง,แอร์พอร์ต เรล ลิงก์,A5,รามคำแหง,6453,7168,10/2/2024
8046,รถไฟระหว่างเมือง,แอร์พอร์ต เรล ลิงก์,A6,มักกะสัน,12282,13336,10/2/2024
8047,รถไฟระหว่างเมือง,แอร์พอร์ต เรล ลิงก์,A7,ราชปรารภ,3744,4102,10/2/2024
8048,รถไฟระหว่างเมือง,แอร์พอร์ต เรล ลิงก์,A8,พญาไท,14675,15253,10/2/2024
8049,รถไฟระหว่างเมือง,แอร์พอร์ต เรล ลิงก์,A1,สุวรรณภูมิ,13958,11480,10/3/2024
8050,รถไฟระหว่างเมือง,แอร์พอร์ต เรล ลิงก์,A2,ลาดกระบัง,10937,10847,10/3/2024
8051,รถไฟระหว่างเมือง,แอร์พอร์ต เรล ลิงก์,A3,บ้านทับช้าง,4073,3950,10/3/2024
8052,รถไฟระหว่างเมือง,แอร์พอร์ต เรล ลิงก์,A4,หัวหมาก,7013,7091,10/3/2024
8053,รถไฟระหว่างเมือง,แอร์พอร์ต เรล ลิงก์,A5,รามคำแหง,6622,7325,10/3/2024
8054,รถไฟระหว่างเมือง,แอร์พอร์ต เรล ลิงก์,A6,มักกะสัน,12898,13892,10/3/2024
8055,รถไฟระหว่างเมือง,แอร์พอร์ต เรล ลิงก์,A7,ราชปรารภ,4074,4444,10/3/2024
8056,รถไฟระหว่างเมือง,แอร์พอร์ต เรล ลิงก์,A8,พญาไท,15617,16163,10/3/2024
8057,รถไฟระหว่างเมือง,แอร์พอร์ต เรล ลิงก์,A1,สุวรรณภูมิ,14839,12492,10/4/2024
8058,รถไฟระหว่างเมือง,แอร์พอร์ต เรล ลิงก์,A2,ลาดกระบัง,11374,11097,10/4/2024
8059,รถไฟระหว่างเมือง,แอร์พอร์ต เรล ลิงก์,A3,บ้านทับช้าง,3972,3860,10/4/2024
8060,รถไฟระหว่างเมือง,แอร์พอร์ต เรล ลิงก์,A4,หัวหมาก,7292,7265,10/4/2024
8061,รถไฟระหว่างเมือง,แอร์พอร์ต เรล ลิงก์,A5,รามคำแหง,6993,7743,10/4/2024
8062,รถไฟระหว่างเมือง,แอร์พอร์ต เรล ลิงก์,A6,มักกะสัน,13366,14726,10/4/2024
8063,รถไฟระหว่างเมือง,แอร์พอร์ต เรล ลิงก์,A7,ราชปรารภ,4152,4407,10/4/2024
8064,รถไฟระหว่างเมือง,แอร์พอร์ต เรล ลิงก์,A8,พญาไท,16663,17061,10/4/2024
8065,รถไฟระหว่างเมือง,แอร์พอร์ต เรล ลิงก์,A1,สุวรรณภูมิ,12786,11479,10/5/2024
8066,รถไฟระหว่างเมือง,แอร์พอร์ต เรล ลิงก์,A2,ลาดกระบัง,8618,8566,10/5/2024
8067,รถไฟระหว่างเมือง,แอร์พอร์ต เรล ลิงก์,A3,บ้านทับช้าง,2065,2059,10/5/2024
8068,รถไฟระหว่างเมือง,แอร์พอร์ต เรล ลิงก์,A4,หัวหมาก,4976,4831,10/5/2024
8069,รถไฟระหว่างเมือง,แอร์พอร์ต เรล ลิงก์,A5,รามคำแหง,4740,4788,10/5/2024
8070,รถไฟระหว่างเมือง,แอร์พอร์ต เรล ลิงก์,A6,มักกะสัน,8362,9227,10/5/2024
8071,รถไฟระหว่างเมือง,แอร์พอร์ต เรล ลิงก์,A7,ราชปรารภ,3613,3706,10/5/2024
8072,รถไฟระหว่างเมือง,แอร์พอร์ต เรล ลิงก์,A8,พญาไท,12531,13035,10/5/2024
8073,รถไฟระหว่างเมือง,แอร์พอร์ต เรล ลิงก์,A1,สุวรรณภูมิ,11190,10503,10/6/2024
8074,รถไฟระหว่างเมือง,แอร์พอร์ต เรล ลิงก์,A2,ลาดกระบัง,7433,7381,10/6/2024
8075,รถไฟระหว่างเมือง,แอร์พอร์ต เรล ลิงก์,A3,บ้านทับช้าง,1654,1672,10/6/2024
8076,รถไฟระหว่างเมือง,แอร์พอร์ต เรล ลิงก์,A4,หัวหมาก,3928,4085,10/6/2024
8077,รถไฟระหว่างเมือง,แอร์พอร์ต เรล ลิงก์,A5,รามคำแหง,4201,4573,10/6/2024
8078,รถไฟระหว่างเมือง,แอร์พอร์ต เรล ลิงก์,A6,มักกะสัน,7207,7811,10/6/2024
8079,รถไฟระหว่างเมือง,แอร์พอร์ต เรล ลิงก์,A7,ราชปรารภ,3295,3071,10/6/2024
8080,รถไฟระหว่างเมือง,แอร์พอร์ต เรล ลิงก์,A8,พญาไท,10706,10518,10/6/2024
8081,รถไฟระหว่างเมือง,แอร์พอร์ต เรล ลิงก์,A1,สุวรรณภูมิ,12555,12689,10/7/2024
8082,รถไฟระหว่างเมือง,แอร์พอร์ต เรล ลิงก์,A2,ลาดกระบัง,10990,10702,10/7/2024
8083,รถไฟระหว่างเมือง,แอร์พอร์ต เรล ลิงก์,A3,บ้านทับช้าง,4220,4072,10/7/2024
8084,รถไฟระหว่างเมือง,แอร์พอร์ต เรล ลิงก์,A4,หัวหมาก,7002,7099,10/7/2024
8085,รถไฟระหว่างเมือง,แอร์พอร์ต เรล ลิงก์,A5,รามคำแหง,6487,6944,10/7/2024
8086,รถไฟระหว่างเมือง,แอร์พอร์ต เรล ลิงก์,A6,มักกะสัน,12743,13163,10/7/2024
8087,รถไฟระหว่างเมือง,แอร์พอร์ต เรล ลิงก์,A7,ราชปรารภ,3841,3956,10/7/2024
8088,รถไฟระหว่างเมือง,แอร์พอร์ต เรล ลิงก์,A8,พญาไท,15566,14779,10/7/2024
8089,รถไฟระหว่างเมือง,แอร์พอร์ต เรล ลิงก์,A1,สุวรรณภูมิ,12395,12375,10/8/2024
8090,รถไฟระหว่างเมือง,แอร์พอร์ต เรล ลิงก์,A2,ลาดกระบัง,11173,10792,10/8/2024
8091,รถไฟระหว่างเมือง,แอร์พอร์ต เรล ลิงก์,A3,บ้านทับช้าง,4202,4211,10/8/2024
8092,รถไฟระหว่างเมือง,แอร์พอร์ต เรล ลิงก์,A4,หัวหมาก,7147,7130,10/8/2024
8093,รถไฟระหว่างเมือง,แอร์พอร์ต เรล ลิงก์,A5,รามคำแหง,6638,7284,10/8/2024
8094,รถไฟระหว่างเมือง,แอร์พอร์ต เรล ลิงก์,A6,มักกะสัน,12941,13342,10/8/2024
8095,รถไฟระหว่างเมือง,แอร์พอร์ต เรล ลิงก์,A7,ราชปรารภ,3819,3861,10/8/2024
8096,รถไฟระหว่างเมือง,แอร์พอร์ต เรล ลิงก์,A8,พญาไท,15660,14980,10/8/2024
8097,รถไฟระหว่างเมือง,แอร์พอร์ต เรล ลิงก์,A1,สุวรรณภูมิ,12778,12220,10/9/2024
8098,รถไฟระหว่างเมือง,แอร์พอร์ต เรล ลิงก์,A2,ลาดกระบัง,10937,10579,10/9/2024
8099,รถไฟระหว่างเมือง,แอร์พอร์ต เรล ลิงก์,A3,บ้านทับช้าง,4215,4175,10/9/2024
8100,รถไฟระหว่างเมือง,แอร์พอร์ต เรล ลิงก์,A4,หัวหมาก,7190,7021,10/9/2024
8101,รถไฟระหว่างเมือง,แอร์พอร์ต เรล ลิงก์,A5,รามคำแหง,6498,6958,10/9/2024
8102,รถไฟระหว่างเมือง,แอร์พอร์ต เรล ลิงก์,A6,มักกะสัน,12946,13602,10/9/2024
8103,รถไฟระหว่างเมือง,แอร์พอร์ต เรล ลิงก์,A7,ราชปรารภ,3774,3946,10/9/2024
8104,รถไฟระหว่างเมือง,แอร์พอร์ต เรล ลิงก์,A8,พญาไท,14843,14680,10/9/2024
8105,รถไฟระหว่างเมือง,แอร์พอร์ต เรล ลิงก์,A1,สุวรรณภูมิ,13680,12428,10/10/2024
8106,รถไฟระหว่างเมือง,แอร์พอร์ต เรล ลิงก์,A2,ลาดกระบัง,11182,10964,10/10/2024
8107,รถไฟระหว่างเมือง,แอร์พอร์ต เรล ลิงก์,A3,บ้านทับช้าง,4203,4217,10/10/2024
8108,รถไฟระหว่างเมือง,แอร์พอร์ต เรล ลิงก์,A4,หัวหมาก,7207,7286,10/10/2024
8109,รถไฟระหว่างเมือง,แอร์พอร์ต เรล ลิงก์,A5,รามคำแหง,6849,7349,10/10/2024
8110,รถไฟระหว่างเมือง,แอร์พอร์ต เรล ลิงก์,A6,มักกะสัน,13630,14264,10/10/2024
8111,รถไฟระหว่างเมือง,แอร์พอร์ต เรล ลิงก์,A7,ราชปรารภ,3787,3978,10/10/2024
8112,รถไฟระหว่างเมือง,แอร์พอร์ต เรล ลิงก์,A8,พญาไท,15251,15303,10/10/2024
8113,รถไฟระหว่างเมือง,แอร์พอร์ต เรล ลิงก์,A1,สุวรรณภูมิ,14697,13292,10/11/2024
8114,รถไฟระหว่างเมือง,แอร์พอร์ต เรล ลิงก์,A2,ลาดกระบัง,11794,11221,10/11/2024
8115,รถไฟระหว่างเมือง,แอร์พอร์ต เรล ลิงก์,A3,บ้านทับช้าง,4093,4008,10/11/2024
8116,รถไฟระหว่างเมือง,แอร์พอร์ต เรล ลิงก์,A4,หัวหมาก,7365,7268,10/11/2024
8117,รถไฟระหว่างเมือง,แอร์พอร์ต เรล ลิงก์,A5,รามคำแหง,6821,7448,10/11/2024
8118,รถไฟระหว่างเมือง,แอร์พอร์ต เรล ลิงก์,A6,มักกะสัน,13975,14775,10/11/2024
8119,รถไฟระหว่างเมือง,แอร์พอร์ต เรล ลิงก์,A7,ราชปรารภ,3826,3950,10/11/2024
8120,รถไฟระหว่างเมือง,แอร์พอร์ต เรล ลิงก์,A8,พญาไท,15517,16126,10/11/2024
8121,รถไฟระหว่างเมือง,แอร์พอร์ต เรล ลิงก์,A1,สุวรรณภูมิ,12595,11644,10/12/2024
8122,รถไฟระหว่างเมือง,แอร์พอร์ต เรล ลิงก์,A2,ลาดกระบัง,8878,8675,10/12/2024
8123,รถไฟระหว่างเมือง,แอร์พอร์ต เรล ลิงก์,A3,บ้านทับช้าง,2213,2130,10/12/2024
8124,รถไฟระหว่างเมือง,แอร์พอร์ต เรล ลิงก์,A4,หัวหมาก,4932,4790,10/12/2024
8125,รถไฟระหว่างเมือง,แอร์พอร์ต เรล ลิงก์,A5,รามคำแหง,4779,5030,10/12/2024
8126,รถไฟระหว่างเมือง,แอร์พอร์ต เรล ลิงก์,A6,มักกะสัน,9156,9603,10/12/2024
8127,รถไฟระหว่างเมือง,แอร์พอร์ต เรล ลิงก์,A7,ราชปรารภ,3390,3376,10/12/2024
8128,รถไฟระหว่างเมือง,แอร์พอร์ต เรล ลิงก์,A8,พญาไท,11743,12438,10/12/2024
8129,รถไฟระหว่างเมือง,แอร์พอร์ต เรล ลิงก์,A1,สุวรรณภูมิ,11403,10547,10/13/2024
8130,รถไฟระหว่างเมือง,แอร์พอร์ต เรล ลิงก์,A2,ลาดกระบัง,7450,6963,10/13/2024
8131,รถไฟระหว่างเมือง,แอร์พอร์ต เรล ลิงก์,A3,บ้านทับช้าง,1673,1734,10/13/2024
8132,รถไฟระหว่างเมือง,แอร์พอร์ต เรล ลิงก์,A4,หัวหมาก,3963,3931,10/13/2024
8133,รถไฟระหว่างเมือง,แอร์พอร์ต เรล ลิงก์,A5,รามคำแหง,3840,4430,10/13/2024
8134,รถไฟระหว่างเมือง,แอร์พอร์ต เรล ลิงก์,A6,มักกะสัน,7498,8203,10/13/2024
8135,รถไฟระหว่างเมือง,แอร์พอร์ต เรล ลิงก์,A7,ราชปรารภ,2990,2775,10/13/2024
8136,รถไฟระหว่างเมือง,แอร์พอร์ต เรล ลิงก์,A8,พญาไท,9712,9946,10/13/2024
8137,รถไฟระหว่างเมือง,แอร์พอร์ต เรล ลิงก์,A1,สุวรรณภูมิ,13413,11454,10/14/2024
8138,รถไฟระหว่างเมือง,แอร์พอร์ต เรล ลิงก์,A2,ลาดกระบัง,7045,6938,10/14/2024
8139,รถไฟระหว่างเมือง,แอร์พอร์ต เรล ลิงก์,A3,บ้านทับช้าง,1698,1673,10/14/2024
8140,รถไฟระหว่างเมือง,แอร์พอร์ต เรล ลิงก์,A4,หัวหมาก,3972,4103,10/14/2024
8141,รถไฟระหว่างเมือง,แอร์พอร์ต เรล ลิงก์,A5,รามคำแหง,4015,4620,10/14/2024
8142,รถไฟระหว่างเมือง,แอร์พอร์ต เรล ลิงก์,A6,มักกะสัน,7571,8553,10/14/2024
8143,รถไฟระหว่างเมือง,แอร์พอร์ต เรล ลิงก์,A7,ราชปรารภ,3107,2897,10/14/2024
8144,รถไฟระหว่างเมือง,แอร์พอร์ต เรล ลิงก์,A8,พญาไท,9282,9865,10/14/2024
8145,รถไฟระหว่างเมือง,แอร์พอร์ต เรล ลิงก์,A1,สุวรรณภูมิ,13698,12005,10/15/2024
8146,รถไฟระหว่างเมือง,แอร์พอร์ต เรล ลิงก์,A2,ลาดกระบัง,11292,10995,10/15/2024
8147,รถไฟระหว่างเมือง,แอร์พอร์ต เรล ลิงก์,A3,บ้านทับช้าง,4315,4174,10/15/2024
8148,รถไฟระหว่างเมือง,แอร์พอร์ต เรล ลิงก์,A4,หัวหมาก,7132,7130,10/15/2024
8149,รถไฟระหว่างเมือง,แอร์พอร์ต เรล ลิงก์,A5,รามคำแหง,6476,7118,10/15/2024
8150,รถไฟระหว่างเมือง,แอร์พอร์ต เรล ลิงก์,A6,มักกะสัน,13162,14066,10/15/2024
8151,รถไฟระหว่างเมือง,แอร์พอร์ต เรล ลิงก์,A7,ราชปรารภ,3831,4120,10/15/2024
8152,รถไฟระหว่างเมือง,แอร์พอร์ต เรล ลิงก์,A8,พญาไท,14808,15106,10/15/2024
8153,รถไฟระหว่างเมือง,แอร์พอร์ต เรล ลิงก์,A1,สุวรรณภูมิ,13100,11319,10/16/2024
8154,รถไฟระหว่างเมือง,แอร์พอร์ต เรล ลิงก์,A2,ลาดกระบัง,10828,10580,10/16/2024
8155,รถไฟระหว่างเมือง,แอร์พอร์ต เรล ลิงก์,A3,บ้านทับช้าง,4210,4117,10/16/2024
8156,รถไฟระหว่างเมือง,แอร์พอร์ต เรล ลิงก์,A4,หัวหมาก,7097,6970,10/16/2024
8157,รถไฟระหว่างเมือง,แอร์พอร์ต เรล ลิงก์,A5,รามคำแหง,6810,7529,10/16/2024
8158,รถไฟระหว่างเมือง,แอร์พอร์ต เรล ลิงก์,A6,มักกะสัน,13002,13963,10/16/2024
8159,รถไฟระหว่างเมือง,แอร์พอร์ต เรล ลิงก์,A7,ราชปรารภ,3729,3851,10/16/2024
8160,รถไฟระหว่างเมือง,แอร์พอร์ต เรล ลิงก์,A8,พญาไท,14193,14640,10/16/2024
8161,รถไฟระหว่างเมือง,แอร์พอร์ต เรล ลิงก์,A1,สุวรรณภูมิ,13664,11610,10/17/2024
8162,รถไฟระหว่างเมือง,แอร์พอร์ต เรล ลิงก์,A2,ลาดกระบัง,11042,10586,10/17/2024
8163,รถไฟระหว่างเมือง,แอร์พอร์ต เรล ลิงก์,A3,บ้านทับช้าง,4044,3898,10/17/2024
8164,รถไฟระหว่างเมือง,แอร์พอร์ต เรล ลิงก์,A4,หัวหมาก,7076,7060,10/17/2024
8165,รถไฟระหว่างเมือง,แอร์พอร์ต เรล ลิงก์,A5,รามคำแหง,6832,7535,10/17/2024
8166,รถไฟระหว่างเมือง,แอร์พอร์ต เรล ลิงก์,A6,มักกะสัน,12906,13977,10/17/2024
8167,รถไฟระหว่างเมือง,แอร์พอร์ต เรล ลิงก์,A7,ราชปรารภ,3831,4087,10/17/2024
8168,รถไฟระหว่างเมือง,แอร์พอร์ต เรล ลิงก์,A8,พญาไท,14468,15110,10/17/2024
8169,รถไฟระหว่างเมือง,แอร์พอร์ต เรล ลิงก์,A1,สุวรรณภูมิ,14891,12550,10/18/2024
8170,รถไฟระหว่างเมือง,แอร์พอร์ต เรล ลิงก์,A2,ลาดกระบัง,11093,11206,10/18/2024
8171,รถไฟระหว่างเมือง,แอร์พอร์ต เรล ลิงก์,A3,บ้านทับช้าง,3907,3867,10/18/2024
8172,รถไฟระหว่างเมือง,แอร์พอร์ต เรล ลิงก์,A4,หัวหมาก,7084,7349,10/18/2024
8173,รถไฟระหว่างเมือง,แอร์พอร์ต เรล ลิงก์,A5,รามคำแหง,6830,8265,10/18/2024
8174,รถไฟระหว่างเมือง,แอร์พอร์ต เรล ลิงก์,A6,มักกะสัน,14426,14912,10/18/2024
8175,รถไฟระหว่างเมือง,แอร์พอร์ต เรล ลิงก์,A7,ราชปรารภ,4065,4206,10/18/2024
8176,รถไฟระหว่างเมือง,แอร์พอร์ต เรล ลิงก์,A8,พญาไท,16100,16041,10/18/2024
8177,รถไฟระหว่างเมือง,แอร์พอร์ต เรล ลิงก์,A1,สุวรรณภูมิ,12898,10479,10/19/2024
8178,รถไฟระหว่างเมือง,แอร์พอร์ต เรล ลิงก์,A2,ลาดกระบัง,8238,8475,10/19/2024
8179,รถไฟระหว่างเมือง,แอร์พอร์ต เรล ลิงก์,A3,บ้านทับช้าง,2104,2136,10/19/2024
8180,รถไฟระหว่างเมือง,แอร์พอร์ต เรล ลิงก์,A4,หัวหมาก,4868,4645,10/19/2024
8181,รถไฟระหว่างเมือง,แอร์พอร์ต เรล ลิงก์,A5,รามคำแหง,5207,5780,10/19/2024
8182,รถไฟระหว่างเมือง,แอร์พอร์ต เรล ลิงก์,A6,มักกะสัน,9776,10817,10/19/2024
8183,รถไฟระหว่างเมือง,แอร์พอร์ต เรล ลิงก์,A7,ราชปรารภ,3299,3430,10/19/2024
8184,รถไฟระหว่างเมือง,แอร์พอร์ต เรล ลิงก์,A8,พญาไท,10919,11547,10/19/2024
8185,รถไฟระหว่างเมือง,แอร์พอร์ต เรล ลิงก์,A1,สุวรรณภูมิ,12029,10621,10/20/2024
8186,รถไฟระหว่างเมือง,แอร์พอร์ต เรล ลิงก์,A2,ลาดกระบัง,7146,7052,10/20/2024
8187,รถไฟระหว่างเมือง,แอร์พอร์ต เรล ลิงก์,A3,บ้านทับช้าง,1684,1697,10/20/2024
8188,รถไฟระหว่างเมือง,แอร์พอร์ต เรล ลิงก์,A4,หัวหมาก,3923,4132,10/20/2024
8189,รถไฟระหว่างเมือง,แอร์พอร์ต เรล ลิงก์,A5,รามคำแหง,4329,4930,10/20/2024
8190,รถไฟระหว่างเมือง,แอร์พอร์ต เรล ลิงก์,A6,มักกะสัน,8245,8913,10/20/2024
8191,รถไฟระหว่างเมือง,แอร์พอร์ต เรล ลิงก์,A7,ราชปรารภ,3216,3055,10/20/2024
8192,รถไฟระหว่างเมือง,แอร์พอร์ต เรล ลิงก์,A8,พญาไท,9620,9792,10/20/2024
8193,รถไฟระหว่างเมือง,แอร์พอร์ต เรล ลิงก์,A1,สุวรรณภูมิ,12666,12012,10/21/2024
8194,รถไฟระหว่างเมือง,แอร์พอร์ต เรล ลิงก์,A2,ลาดกระบัง,10511,9821,10/21/2024
8195,รถไฟระหว่างเมือง,แอร์พอร์ต เรล ลิงก์,A3,บ้านทับช้าง,3868,3866,10/21/2024
8196,รถไฟระหว่างเมือง,แอร์พอร์ต เรล ลิงก์,A4,หัวหมาก,6527,6589,10/21/2024
8197,รถไฟระหว่างเมือง,แอร์พอร์ต เรล ลิงก์,A5,รามคำแหง,6522,7435,10/21/2024
8198,รถไฟระหว่างเมือง,แอร์พอร์ต เรล ลิงก์,A6,มักกะสัน,12320,12837,10/21/2024
8199,รถไฟระหว่างเมือง,แอร์พอร์ต เรล ลิงก์,A7,ราชปรารภ,3723,3861,10/21/2024
8200,รถไฟระหว่างเมือง,แอร์พอร์ต เรล ลิงก์,A8,พญาไท,14411,14127,10/21/2024
8201,รถไฟระหว่างเมือง,แอร์พอร์ต เรล ลิงก์,A1,สุวรรณภูมิ,13038,11890,10/22/2024
8202,รถไฟระหว่างเมือง,แอร์พอร์ต เรล ลิงก์,A2,ลาดกระบัง,10832,10845,10/22/2024
8203,รถไฟระหว่างเมือง,แอร์พอร์ต เรล ลิงก์,A3,บ้านทับช้าง,4151,4085,10/22/2024
8204,รถไฟระหว่างเมือง,แอร์พอร์ต เรล ลิงก์,A4,หัวหมาก,6925,7008,10/22/2024
8205,รถไฟระหว่างเมือง,แอร์พอร์ต เรล ลิงก์,A5,รามคำแหง,7056,7550,10/22/2024
8206,รถไฟระหว่างเมือง,แอร์พอร์ต เรล ลิงก์,A6,มักกะสัน,13138,13821,10/22/2024
8207,รถไฟระหว่างเมือง,แอร์พอร์ต เรล ลิงก์,A7,ราชปรารภ,3865,4034,10/22/2024
8208,รถไฟระหว่างเมือง,แอร์พอร์ต เรล ลิงก์,A8,พญาไท,15001,14773,10/22/2024
8209,รถไฟระหว่างเมือง,แอร์พอร์ต เรล ลิงก์,A1,สุวรรณภูมิ,11995,10063,10/23/2024
8210,รถไฟระหว่างเมือง,แอร์พอร์ต เรล ลิงก์,A2,ลาดกระบัง,6089,6218,10/23/2024
8211,รถไฟระหว่างเมือง,แอร์พอร์ต เรล ลิงก์,A3,บ้านทับช้าง,1628,1645,10/23/2024
8212,รถไฟระหว่างเมือง,แอร์พอร์ต เรล ลิงก์,A4,หัวหมาก,3980,3862,10/23/2024
8213,รถไฟระหว่างเมือง,แอร์พอร์ต เรล ลิงก์,A5,รามคำแหง,3852,4227,10/23/2024
8214,รถไฟระหว่างเมือง,แอร์พอร์ต เรล ลิงก์,A6,มักกะสัน,6588,7163,10/23/2024
8215,รถไฟระหว่างเมือง,แอร์พอร์ต เรล ลิงก์,A7,ราชปรารภ,2877,2920,10/23/2024
8216,รถไฟระหว่างเมือง,แอร์พอร์ต เรล ลิงก์,A8,พญาไท,8289,9200,10/23/2024
8217,รถไฟระหว่างเมือง,แอร์พอร์ต เรล ลิงก์,A1,สุวรรณภูมิ,13945,10858,10/24/2024
8218,รถไฟระหว่างเมือง,แอร์พอร์ต เรล ลิงก์,A2,ลาดกระบัง,10642,10470,10/24/2024
8219,รถไฟระหว่างเมือง,แอร์พอร์ต เรล ลิงก์,A3,บ้านทับช้าง,4041,4007,10/24/2024
8220,รถไฟระหว่างเมือง,แอร์พอร์ต เรล ลิงก์,A4,หัวหมาก,6720,6758,10/24/2024
8221,รถไฟระหว่างเมือง,แอร์พอร์ต เรล ลิงก์,A5,รามคำแหง,6508,7336,10/24/2024
8222,รถไฟระหว่างเมือง,แอร์พอร์ต เรล ลิงก์,A6,มักกะสัน,12556,13678,10/24/2024
8223,รถไฟระหว่างเมือง,แอร์พอร์ต เรล ลิงก์,A7,ราชปรารภ,3843,4134,10/24/2024
8224,รถไฟระหว่างเมือง,แอร์พอร์ต เรล ลิงก์,A8,พญาไท,13991,15005,10/24/2024
8225,รถไฟระหว่างเมือง,แอร์พอร์ต เรล ลิงก์,A1,สุวรรณภูมิ,14358,11288,10/25/2024
8226,รถไฟระหว่างเมือง,แอร์พอร์ต เรล ลิงก์,A2,ลาดกระบัง,11103,11094,10/25/2024
8227,รถไฟระหว่างเมือง,แอร์พอร์ต เรล ลิงก์,A3,บ้านทับช้าง,3960,3763,10/25/2024
8228,รถไฟระหว่างเมือง,แอร์พอร์ต เรล ลิงก์,A4,หัวหมาก,7026,7178,10/25/2024
8229,รถไฟระหว่างเมือง,แอร์พอร์ต เรล ลิงก์,A5,รามคำแหง,6897,7691,10/25/2024
8230,รถไฟระหว่างเมือง,แอร์พอร์ต เรล ลิงก์,A6,มักกะสัน,13072,14008,10/25/2024
8231,รถไฟระหว่างเมือง,แอร์พอร์ต เรล ลิงก์,A7,ราชปรารภ,3754,4035,10/25/2024
8232,รถไฟระหว่างเมือง,แอร์พอร์ต เรล ลิงก์,A8,พญาไท,14889,16002,10/25/2024
8233,รถไฟระหว่างเมือง,แอร์พอร์ต เรล ลิงก์,A1,สุวรรณภูมิ,13009,10183,10/26/2024
8234,รถไฟระหว่างเมือง,แอร์พอร์ต เรล ลิงก์,A2,ลาดกระบัง,7775,7634,10/26/2024
8235,รถไฟระหว่างเมือง,แอร์พอร์ต เรล ลิงก์,A3,บ้านทับช้าง,2095,2123,10/26/2024
8236,รถไฟระหว่างเมือง,แอร์พอร์ต เรล ลิงก์,A4,หัวหมาก,4454,4424,10/26/2024
8237,รถไฟระหว่างเมือง,แอร์พอร์ต เรล ลิงก์,A5,รามคำแหง,4638,5181,10/26/2024
8238,รถไฟระหว่างเมือง,แอร์พอร์ต เรล ลิงก์,A6,มักกะสัน,8124,8956,10/26/2024
8239,รถไฟระหว่างเมือง,แอร์พอร์ต เรล ลิงก์,A7,ราชปรารภ,3347,3536,10/26/2024
8240,รถไฟระหว่างเมือง,แอร์พอร์ต เรล ลิงก์,A8,พญาไท,10630,12035,10/26/2024
8241,รถไฟระหว่างเมือง,แอร์พอร์ต เรล ลิงก์,A1,สุวรรณภูมิ,12924,10401,10/27/2024
8242,รถไฟระหว่างเมือง,แอร์พอร์ต เรล ลิงก์,A2,ลาดกระบัง,7172,7203,10/27/2024
8243,รถไฟระหว่างเมือง,แอร์พอร์ต เรล ลิงก์,A3,บ้านทับช้าง,1678,1687,10/27/2024
8244,รถไฟระหว่างเมือง,แอร์พอร์ต เรล ลิงก์,A4,หัวหมาก,3955,3978,10/27/2024
8245,รถไฟระหว่างเมือง,แอร์พอร์ต เรล ลิงก์,A5,รามคำแหง,4180,4846,10/27/2024
8246,รถไฟระหว่างเมือง,แอร์พอร์ต เรล ลิงก์,A6,มักกะสัน,7539,8581,10/27/2024
8247,รถไฟระหว่างเมือง,แอร์พอร์ต เรล ลิงก์,A7,ราชปรารภ,3218,3202,10/27/2024
8248,รถไฟระหว่างเมือง,แอร์พอร์ต เรล ลิงก์,A8,พญาไท,9845,10613,10/27/2024
8249,รถไฟระหว่างเมือง,แอร์พอร์ต เรล ลิงก์,A1,สุวรรณภูมิ,13281,11600,10/28/2024
8250,รถไฟระหว่างเมือง,แอร์พอร์ต เรล ลิงก์,A2,ลาดกระบัง,10602,10597,10/28/2024
8251,รถไฟระหว่างเมือง,แอร์พอร์ต เรล ลิงก์,A3,บ้านทับช้าง,4065,4146,10/28/2024
8252,รถไฟระหว่างเมือง,แอร์พอร์ต เรล ลิงก์,A4,หัวหมาก,6807,4915,10/28/2024
8253,รถไฟระหว่างเมือง,แอร์พอร์ต เรล ลิงก์,A5,รามคำแหง,6614,7442,10/28/2024
8254,รถไฟระหว่างเมือง,แอร์พอร์ต เรล ลิงก์,A6,มักกะสัน,12310,13453,10/28/2024
8255,รถไฟระหว่างเมือง,แอร์พอร์ต เรล ลิงก์,A7,ราชปรารภ,3794,4042,10/28/2024
8256,รถไฟระหว่างเมือง,แอร์พอร์ต เรล ลิงก์,A8,พญาไท,13746,15024,10/28/2024
8257,รถไฟระหว่างเมือง,แอร์พอร์ต เรล ลิงก์,A1,สุวรรณภูมิ,13569,11363,10/29/2024
8258,รถไฟระหว่างเมือง,แอร์พอร์ต เรล ลิงก์,A2,ลาดกระบัง,10787,10723,10/29/2024
8259,รถไฟระหว่างเมือง,แอร์พอร์ต เรล ลิงก์,A3,บ้านทับช้าง,4181,4232,10/29/2024
8260,รถไฟระหว่างเมือง,แอร์พอร์ต เรล ลิงก์,A4,หัวหมาก,7201,7377,10/29/2024
8261,รถไฟระหว่างเมือง,แอร์พอร์ต เรล ลิงก์,A5,รามคำแหง,6841,7616,10/29/2024
8262,รถไฟระหว่างเมือง,แอร์พอร์ต เรล ลิงก์,A6,มักกะสัน,13371,14118,10/29/2024
8263,รถไฟระหว่างเมือง,แอร์พอร์ต เรล ลิงก์,A7,ราชปรารภ,4265,4615,10/29/2024
8264,รถไฟระหว่างเมือง,แอร์พอร์ต เรล ลิงก์,A8,พญาไท,14925,15096,10/29/2024
8265,รถไฟระหว่างเมือง,แอร์พอร์ต เรล ลิงก์,A1,สุวรรณภูมิ,14264,11011,10/30/2024
8266,รถไฟระหว่างเมือง,แอร์พอร์ต เรล ลิงก์,A2,ลาดกระบัง,10706,10303,10/30/2024
8267,รถไฟระหว่างเมือง,แอร์พอร์ต เรล ลิงก์,A3,บ้านทับช้าง,4215,4162,10/30/2024
8268,รถไฟระหว่างเมือง,แอร์พอร์ต เรล ลิงก์,A4,หัวหมาก,7060,7169,10/30/2024
8269,รถไฟระหว่างเมือง,แอร์พอร์ต เรล ลิงก์,A5,รามคำแหง,7162,7650,10/30/2024
8270,รถไฟระหว่างเมือง,แอร์พอร์ต เรล ลิงก์,A6,มักกะสัน,12903,14472,10/30/2024
8271,รถไฟระหว่างเมือง,แอร์พอร์ต เรล ลิงก์,A7,ราชปรารภ,4252,4637,10/30/2024
8272,รถไฟระหว่างเมือง,แอร์พอร์ต เรล ลิงก์,A8,พญาไท,14563,15721,10/30/2024
8273,รถไฟระหว่างเมือง,แอร์พอร์ต เรล ลิงก์,A1,สุวรรณภูมิ,14885,11471,10/31/2024
8274,รถไฟระหว่างเมือง,แอร์พอร์ต เรล ลิงก์,A2,ลาดกระบัง,11283,11293,10/31/2024
8275,รถไฟระหว่างเมือง,แอร์พอร์ต เรล ลิงก์,A3,บ้านทับช้าง,4255,4278,10/31/2024
8276,รถไฟระหว่างเมือง,แอร์พอร์ต เรล ลิงก์,A4,หัวหมาก,7429,7460,10/31/2024
8277,รถไฟระหว่างเมือง,แอร์พอร์ต เรล ลิงก์,A5,รามคำแหง,6788,7534,10/31/2024
8278,รถไฟระหว่างเมือง,แอร์พอร์ต เรล ลิงก์,A6,มักกะสัน,14022,15280,10/31/2024
8279,รถไฟระหว่างเมือง,แอร์พอร์ต เรล ลิงก์,A7,ราชปรารภ,5299,5483,10/31/2024
8280,รถไฟระหว่างเมือง,แอร์พอร์ต เรล ลิงก์,A8,พญาไท,15439,16601,10/31/2024
8281,รถไฟระหว่างเมือง,แอร์พอร์ต เรล ลิงก์,A1,สุวรรณภูมิ,15460,12276,11/1/2024
8282,รถไฟระหว่างเมือง,แอร์พอร์ต เรล ลิงก์,A2,ลาดกระบัง,11272,11111,11/1/2024
8283,รถไฟระหว่างเมือง,แอร์พอร์ต เรล ลิงก์,A3,บ้านทับช้าง,4097,4117,11/1/2024
8284,รถไฟระหว่างเมือง,แอร์พอร์ต เรล ลิงก์,A4,หัวหมาก,7213,7377,11/1/2024
8285,รถไฟระหว่างเมือง,แอร์พอร์ต เรล ลิงก์,A5,รามคำแหง,6975,7538,11/1/2024
8286,รถไฟระหว่างเมือง,แอร์พอร์ต เรล ลิงก์,A6,มักกะสัน,13673,14998,11/1/2024
8287,รถไฟระหว่างเมือง,แอร์พอร์ต เรล ลิงก์,A7,ราชปรารภ,4052,4353,11/1/2024
8288,รถไฟระหว่างเมือง,แอร์พอร์ต เรล ลิงก์,A8,พญาไท,15691,16663,11/1/2024
8289,รถไฟระหว่างเมือง,แอร์พอร์ต เรล ลิงก์,A1,สุวรรณภูมิ,14039,11391,11/2/2024
8290,รถไฟระหว่างเมือง,แอร์พอร์ต เรล ลิงก์,A2,ลาดกระบัง,9071,8798,11/2/2024
8291,รถไฟระหว่างเมือง,แอร์พอร์ต เรล ลิงก์,A3,บ้านทับช้าง,2193,2266,11/2/2024
8292,รถไฟระหว่างเมือง,แอร์พอร์ต เรล ลิงก์,A4,หัวหมาก,5082,5019,11/2/2024
8293,รถไฟระหว่างเมือง,แอร์พอร์ต เรล ลิงก์,A5,รามคำแหง,4905,5258,11/2/2024
8294,รถไฟระหว่างเมือง,แอร์พอร์ต เรล ลิงก์,A6,มักกะสัน,9409,10533,11/2/2024
8295,รถไฟระหว่างเมือง,แอร์พอร์ต เรล ลิงก์,A7,ราชปรารภ,3746,3733,11/2/2024
8296,รถไฟระหว่างเมือง,แอร์พอร์ต เรล ลิงก์,A8,พญาไท,12102,13549,11/2/2024
8297,รถไฟระหว่างเมือง,แอร์พอร์ต เรล ลิงก์,A1,สุวรรณภูมิ,12736,11483,11/3/2024
8298,รถไฟระหว่างเมือง,แอร์พอร์ต เรล ลิงก์,A2,ลาดกระบัง,7651,7845,11/3/2024
8299,รถไฟระหว่างเมือง,แอร์พอร์ต เรล ลิงก์,A3,บ้านทับช้าง,1834,1862,11/3/2024
8300,รถไฟระหว่างเมือง,แอร์พอร์ต เรล ลิงก์,A4,หัวหมาก,4229,4284,11/3/2024
8301,รถไฟระหว่างเมือง,แอร์พอร์ต เรล ลิงก์,A5,รามคำแหง,4398,4877,11/3/2024
8302,รถไฟระหว่างเมือง,แอร์พอร์ต เรล ลิงก์,A6,มักกะสัน,8399,8647,11/3/2024
8303,รถไฟระหว่างเมือง,แอร์พอร์ต เรล ลิงก์,A7,ราชปรารภ,3500,3157,11/3/2024
8304,รถไฟระหว่างเมือง,แอร์พอร์ต เรล ลิงก์,A8,พญาไท,10945,11537,11/3/2024
8305,รถไฟระหว่างเมือง,แอร์พอร์ต เรล ลิงก์,A1,สุวรรณภูมิ,13454,12415,11/4/2024
8306,รถไฟระหว่างเมือง,แอร์พอร์ต เรล ลิงก์,A2,ลาดกระบัง,11063,10400,11/4/2024
8307,รถไฟระหว่างเมือง,แอร์พอร์ต เรล ลิงก์,A3,บ้านทับช้าง,4131,4103,11/4/2024
8308,รถไฟระหว่างเมือง,แอร์พอร์ต เรล ลิงก์,A4,หัวหมาก,7039,6838,11/4/2024
8309,รถไฟระหว่างเมือง,แอร์พอร์ต เรล ลิงก์,A5,รามคำแหง,6525,7257,11/4/2024
8310,รถไฟระหว่างเมือง,แอร์พอร์ต เรล ลิงก์,A6,มักกะสัน,13100,13709,11/4/2024
8311,รถไฟระหว่างเมือง,แอร์พอร์ต เรล ลิงก์,A7,ราชปรารภ,3847,4192,11/4/2024
8312,รถไฟระหว่างเมือง,แอร์พอร์ต เรล ลิงก์,A8,พญาไท,15045,15290,11/4/2024
8313,รถไฟระหว่างเมือง,แอร์พอร์ต เรล ลิงก์,A1,สุวรรณภูมิ,13510,11882,11/5/2024
8314,รถไฟระหว่างเมือง,แอร์พอร์ต เรล ลิงก์,A2,ลาดกระบัง,10955,10735,11/5/2024
8315,รถไฟระหว่างเมือง,แอร์พอร์ต เรล ลิงก์,A3,บ้านทับช้าง,4302,4400,11/5/2024
8316,รถไฟระหว่างเมือง,แอร์พอร์ต เรล ลิงก์,A4,หัวหมาก,7245,7206,11/5/2024
8317,รถไฟระหว่างเมือง,แอร์พอร์ต เรล ลิงก์,A5,รามคำแหง,6817,7250,11/5/2024
8318,รถไฟระหว่างเมือง,แอร์พอร์ต เรล ลิงก์,A6,มักกะสัน,13384,14109,11/5/2024
8319,รถไฟระหว่างเมือง,แอร์พอร์ต เรล ลิงก์,A7,ราชปรารภ,4077,4277,11/5/2024
8320,รถไฟระหว่างเมือง,แอร์พอร์ต เรล ลิงก์,A8,พญาไท,14724,15155,11/5/2024
8321,รถไฟระหว่างเมือง,แอร์พอร์ต เรล ลิงก์,A1,สุวรรณภูมิ,13938,11640,11/6/2024
8322,รถไฟระหว่างเมือง,แอร์พอร์ต เรล ลิงก์,A2,ลาดกระบัง,10825,10216,11/6/2024
8323,รถไฟระหว่างเมือง,แอร์พอร์ต เรล ลิงก์,A3,บ้านทับช้าง,4319,4266,11/6/2024
8324,รถไฟระหว่างเมือง,แอร์พอร์ต เรล ลิงก์,A4,หัวหมาก,7319,7189,11/6/2024
8325,รถไฟระหว่างเมือง,แอร์พอร์ต เรล ลิงก์,A5,รามคำแหง,6543,7248,11/6/2024
8326,รถไฟระหว่างเมือง,แอร์พอร์ต เรล ลิงก์,A6,มักกะสัน,12905,13987,11/6/2024
8327,รถไฟระหว่างเมือง,แอร์พอร์ต เรล ลิงก์,A7,ราชปรารภ,3953,4275,11/6/2024
8328,รถไฟระหว่างเมือง,แอร์พอร์ต เรล ลิงก์,A8,พญาไท,14332,15313,11/6/2024
8329,รถไฟระหว่างเมือง,แอร์พอร์ต เรล ลิงก์,A1,สุวรรณภูมิ,14562,11631,11/7/2024
8330,รถไฟระหว่างเมือง,แอร์พอร์ต เรล ลิงก์,A2,ลาดกระบัง,10901,10581,11/7/2024
8331,รถไฟระหว่างเมือง,แอร์พอร์ต เรล ลิงก์,A3,บ้านทับช้าง,4162,4200,11/7/2024
8332,รถไฟระหว่างเมือง,แอร์พอร์ต เรล ลิงก์,A4,หัวหมาก,7285,7104,11/7/2024
8333,รถไฟระหว่างเมือง,แอร์พอร์ต เรล ลิงก์,A5,รามคำแหง,6556,7262,11/7/2024
8334,รถไฟระหว่างเมือง,แอร์พอร์ต เรล ลิงก์,A6,มักกะสัน,13140,14314,11/7/2024
8335,รถไฟระหว่างเมือง,แอร์พอร์ต เรล ลิงก์,A7,ราชปรารภ,4043,4272,11/7/2024
8336,รถไฟระหว่างเมือง,แอร์พอร์ต เรล ลิงก์,A8,พญาไท,14457,15742,11/7/2024
8337,รถไฟระหว่างเมือง,แอร์พอร์ต เรล ลิงก์,A1,สุวรรณภูมิ,15939,12339,11/8/2024
8338,รถไฟระหว่างเมือง,แอร์พอร์ต เรล ลิงก์,A2,ลาดกระบัง,11143,10843,11/8/2024
8339,รถไฟระหว่างเมือง,แอร์พอร์ต เรล ลิงก์,A3,บ้านทับช้าง,4174,4143,11/8/2024
8340,รถไฟระหว่างเมือง,แอร์พอร์ต เรล ลิงก์,A4,หัวหมาก,7275,7287,11/8/2024
8341,รถไฟระหว่างเมือง,แอร์พอร์ต เรล ลิงก์,A5,รามคำแหง,6915,7583,11/8/2024
8342,รถไฟระหว่างเมือง,แอร์พอร์ต เรล ลิงก์,A6,มักกะสัน,13668,14995,11/8/2024
8343,รถไฟระหว่างเมือง,แอร์พอร์ต เรล ลิงก์,A7,ราชปรารภ,4147,4490,11/8/2024
8344,รถไฟระหว่างเมือง,แอร์พอร์ต เรล ลิงก์,A8,พญาไท,15263,16844,11/8/2024
8345,รถไฟระหว่างเมือง,แอร์พอร์ต เรล ลิงก์,A1,สุวรรณภูมิ,14040,11063,11/9/2024
8346,รถไฟระหว่างเมือง,แอร์พอร์ต เรล ลิงก์,A2,ลาดกระบัง,9091,9097,11/9/2024
8347,รถไฟระหว่างเมือง,แอร์พอร์ต เรล ลิงก์,A3,บ้านทับช้าง,2269,2343,11/9/2024
8348,รถไฟระหว่างเมือง,แอร์พอร์ต เรล ลิงก์,A4,หัวหมาก,5310,5239,11/9/2024
8349,รถไฟระหว่างเมือง,แอร์พอร์ต เรล ลิงก์,A5,รามคำแหง,5142,5502,11/9/2024
8350,รถไฟระหว่างเมือง,แอร์พอร์ต เรล ลิงก์,A6,มักกะสัน,10435,11754,11/9/2024
8351,รถไฟระหว่างเมือง,แอร์พอร์ต เรล ลิงก์,A7,ราชปรารภ,3818,3809,11/9/2024
8352,รถไฟระหว่างเมือง,แอร์พอร์ต เรล ลิงก์,A8,พญาไท,12274,13572,11/9/2024
8353,รถไฟระหว่างเมือง,แอร์พอร์ต เรล ลิงก์,A1,สุวรรณภูมิ,13387,11226,11/10/2024
8354,รถไฟระหว่างเมือง,แอร์พอร์ต เรล ลิงก์,A2,ลาดกระบัง,7686,7792,11/10/2024
8355,รถไฟระหว่างเมือง,แอร์พอร์ต เรล ลิงก์,A3,บ้านทับช้าง,1773,1875,11/10/2024
8356,รถไฟระหว่างเมือง,แอร์พอร์ต เรล ลิงก์,A4,หัวหมาก,4466,4412,11/10/2024
8357,รถไฟระหว่างเมือง,แอร์พอร์ต เรล ลิงก์,A5,รามคำแหง,4156,4770,11/10/2024
8358,รถไฟระหว่างเมือง,แอร์พอร์ต เรล ลิงก์,A6,มักกะสัน,8840,10106,11/10/2024
8359,รถไฟระหว่างเมือง,แอร์พอร์ต เรล ลิงก์,A7,ราชปรารภ,3579,3076,11/10/2024
8360,รถไฟระหว่างเมือง,แอร์พอร์ต เรล ลิงก์,A8,พญาไท,10962,11592,11/10/2024
8361,รถไฟระหว่างเมือง,แอร์พอร์ต เรล ลิงก์,A1,สุวรรณภูมิ,14144,12310,11/11/2024
8362,รถไฟระหว่างเมือง,แอร์พอร์ต เรล ลิงก์,A2,ลาดกระบัง,10603,10177,11/11/2024
8363,รถไฟระหว่างเมือง,แอร์พอร์ต เรล ลิงก์,A3,บ้านทับช้าง,4039,4089,11/11/2024
8364,รถไฟระหว่างเมือง,แอร์พอร์ต เรล ลิงก์,A4,หัวหมาก,6820,6825,11/11/2024
8365,รถไฟระหว่างเมือง,แอร์พอร์ต เรล ลิงก์,A5,รามคำแหง,6423,7070,11/11/2024
8366,รถไฟระหว่างเมือง,แอร์พอร์ต เรล ลิงก์,A6,มักกะสัน,12844,13781,11/11/2024
8367,รถไฟระหว่างเมือง,แอร์พอร์ต เรล ลิงก์,A7,ราชปรารภ,4073,4137,11/11/2024
8368,รถไฟระหว่างเมือง,แอร์พอร์ต เรล ลิงก์,A8,พญาไท,14589,15146,11/11/2024
8369,รถไฟระหว่างเมือง,แอร์พอร์ต เรล ลิงก์,A1,สุวรรณภูมิ,14402,11926,11/12/2024
8370,รถไฟระหว่างเมือง,แอร์พอร์ต เรล ลิงก์,A2,ลาดกระบัง,10751,10713,11/12/2024
8371,รถไฟระหว่างเมือง,แอร์พอร์ต เรล ลิงก์,A3,บ้านทับช้าง,4301,4252,11/12/2024
8372,รถไฟระหว่างเมือง,แอร์พอร์ต เรล ลิงก์,A4,หัวหมาก,7317,7243,11/12/2024
8373,รถไฟระหว่างเมือง,แอร์พอร์ต เรล ลิงก์,A5,รามคำแหง,6658,7200,11/12/2024
8374,รถไฟระหว่างเมือง,แอร์พอร์ต เรล ลิงก์,A6,มักกะสัน,13377,14299,11/12/2024
8375,รถไฟระหว่างเมือง,แอร์พอร์ต เรล ลิงก์,A7,ราชปรารภ,4076,4539,11/12/2024
8376,รถไฟระหว่างเมือง,แอร์พอร์ต เรล ลิงก์,A8,พญาไท,14749,15459,11/12/2024
8377,รถไฟระหว่างเมือง,แอร์พอร์ต เรล ลิงก์,A1,สุวรรณภูมิ,14409,11509,11/13/2024
8378,รถไฟระหว่างเมือง,แอร์พอร์ต เรล ลิงก์,A2,ลาดกระบัง,10617,10471,11/13/2024
8379,รถไฟระหว่างเมือง,แอร์พอร์ต เรล ลิงก์,A3,บ้านทับช้าง,4307,4275,11/13/2024
8380,รถไฟระหว่างเมือง,แอร์พอร์ต เรล ลิงก์,A4,หัวหมาก,7188,7138,11/13/2024
8381,รถไฟระหว่างเมือง,แอร์พอร์ต เรล ลิงก์,A5,รามคำแหง,6671,7080,11/13/2024
8382,รถไฟระหว่างเมือง,แอร์พอร์ต เรล ลิงก์,A6,มักกะสัน,12965,14092,11/13/2024
8383,รถไฟระหว่างเมือง,แอร์พอร์ต เรล ลิงก์,A7,ราชปรารภ,4033,4501,11/13/2024
8384,รถไฟระหว่างเมือง,แอร์พอร์ต เรล ลิงก์,A8,พญาไท,14288,15412,11/13/2024
8385,รถไฟระหว่างเมือง,แอร์พอร์ต เรล ลิงก์,A1,สุวรรณภูมิ,14958,11905,11/14/2024
8386,รถไฟระหว่างเมือง,แอร์พอร์ต เรล ลิงก์,A2,ลาดกระบัง,10489,10424,11/14/2024
8387,รถไฟระหว่างเมือง,แอร์พอร์ต เรล ลิงก์,A3,บ้านทับช้าง,4172,4188,11/14/2024
8388,รถไฟระหว่างเมือง,แอร์พอร์ต เรล ลิงก์,A4,หัวหมาก,7146,7194,11/14/2024
8389,รถไฟระหว่างเมือง,แอร์พอร์ต เรล ลิงก์,A5,รามคำแหง,6697,7654,11/14/2024
8390,รถไฟระหว่างเมือง,แอร์พอร์ต เรล ลิงก์,A6,มักกะสัน,13542,14327,11/14/2024
8391,รถไฟระหว่างเมือง,แอร์พอร์ต เรล ลิงก์,A7,ราชปรารภ,4167,4641,11/14/2024
8392,รถไฟระหว่างเมือง,แอร์พอร์ต เรล ลิงก์,A8,พญาไท,14874,15712,11/14/2024
8393,รถไฟระหว่างเมือง,แอร์พอร์ต เรล ลิงก์,A1,สุวรรณภูมิ,15685,12384,11/15/2024
8394,รถไฟระหว่างเมือง,แอร์พอร์ต เรล ลิงก์,A2,ลาดกระบัง,11423,11602,11/15/2024
8395,รถไฟระหว่างเมือง,แอร์พอร์ต เรล ลิงก์,A3,บ้านทับช้าง,4171,4177,11/15/2024
8396,รถไฟระหว่างเมือง,แอร์พอร์ต เรล ลิงก์,A4,หัวหมาก,7645,7596,11/15/2024
8397,รถไฟระหว่างเมือง,แอร์พอร์ต เรล ลิงก์,A5,รามคำแหง,7220,8266,11/15/2024
8398,รถไฟระหว่างเมือง,แอร์พอร์ต เรล ลิงก์,A6,มักกะสัน,14595,15825,11/15/2024
8399,รถไฟระหว่างเมือง,แอร์พอร์ต เรล ลิงก์,A7,ราชปรารภ,4600,4626,11/15/2024
8400,รถไฟระหว่างเมือง,แอร์พอร์ต เรล ลิงก์,A8,พญาไท,16432,17295,11/15/2024
8401,รถไฟระหว่างเมือง,แอร์พอร์ต เรล ลิงก์,A1,สุวรรณภูมิ,13336,11062,11/16/2024
8402,รถไฟระหว่างเมือง,แอร์พอร์ต เรล ลิงก์,A2,ลาดกระบัง,7504,7493,11/16/2024
8403,รถไฟระหว่างเมือง,แอร์พอร์ต เรล ลิงก์,A3,บ้านทับช้าง,2096,2116,11/16/2024
8404,รถไฟระหว่างเมือง,แอร์พอร์ต เรล ลิงก์,A4,หัวหมาก,4645,4651,11/16/2024
8405,รถไฟระหว่างเมือง,แอร์พอร์ต เรล ลิงก์,A5,รามคำแหง,4463,4748,11/16/2024
8406,รถไฟระหว่างเมือง,แอร์พอร์ต เรล ลิงก์,A6,มักกะสัน,8578,9220,11/16/2024
8407,รถไฟระหว่างเมือง,แอร์พอร์ต เรล ลิงก์,A7,ราชปรารภ,3618,3596,11/16/2024
8408,รถไฟระหว่างเมือง,แอร์พอร์ต เรล ลิงก์,A8,พญาไท,11089,12443,11/16/2024
8409,รถไฟระหว่างเมือง,แอร์พอร์ต เรล ลิงก์,A1,สุวรรณภูมิ,12674,10993,11/17/2024
8410,รถไฟระหว่างเมือง,แอร์พอร์ต เรล ลิงก์,A2,ลาดกระบัง,6458,6648,11/17/2024
8411,รถไฟระหว่างเมือง,แอร์พอร์ต เรล ลิงก์,A3,บ้านทับช้าง,1630,1667,11/17/2024
8412,รถไฟระหว่างเมือง,แอร์พอร์ต เรล ลิงก์,A4,หัวหมาก,3756,3923,11/17/2024
8413,รถไฟระหว่างเมือง,แอร์พอร์ต เรล ลิงก์,A5,รามคำแหง,3884,4224,11/17/2024
8414,รถไฟระหว่างเมือง,แอร์พอร์ต เรล ลิงก์,A6,มักกะสัน,7209,7730,11/17/2024
8415,รถไฟระหว่างเมือง,แอร์พอร์ต เรล ลิงก์,A7,ราชปรารภ,3328,3065,11/17/2024
8416,รถไฟระหว่างเมือง,แอร์พอร์ต เรล ลิงก์,A8,พญาไท,9899,10588,11/17/2024
8417,รถไฟระหว่างเมือง,แอร์พอร์ต เรล ลิงก์,A1,สุวรรณภูมิ,13597,13034,11/18/2024
8418,รถไฟระหว่างเมือง,แอร์พอร์ต เรล ลิงก์,A2,ลาดกระบัง,10539,10098,11/18/2024
8419,รถไฟระหว่างเมือง,แอร์พอร์ต เรล ลิงก์,A3,บ้านทับช้าง,4134,4089,11/18/2024
8420,รถไฟระหว่างเมือง,แอร์พอร์ต เรล ลิงก์,A4,หัวหมาก,6999,6897,11/18/2024
8421,รถไฟระหว่างเมือง,แอร์พอร์ต เรล ลิงก์,A5,รามคำแหง,6436,7066,11/18/2024
8422,รถไฟระหว่างเมือง,แอร์พอร์ต เรล ลิงก์,A6,มักกะสัน,12984,13582,11/18/2024
8423,รถไฟระหว่างเมือง,แอร์พอร์ต เรล ลิงก์,A7,ราชปรารภ,4134,4169,11/18/2024
8424,รถไฟระหว่างเมือง,แอร์พอร์ต เรล ลิงก์,A8,พญาไท,14938,14826,11/18/2024
8425,รถไฟระหว่างเมือง,แอร์พอร์ต เรล ลิงก์,A1,สุวรรณภูมิ,13907,12562,11/19/2024
8426,รถไฟระหว่างเมือง,แอร์พอร์ต เรล ลิงก์,A2,ลาดกระบัง,10659,10597,11/19/2024
8427,รถไฟระหว่างเมือง,แอร์พอร์ต เรล ลิงก์,A3,บ้านทับช้าง,4199,4256,11/19/2024
8428,รถไฟระหว่างเมือง,แอร์พอร์ต เรล ลิงก์,A4,หัวหมาก,7317,7324,11/19/2024
8429,รถไฟระหว่างเมือง,แอร์พอร์ต เรล ลิงก์,A5,รามคำแหง,6685,7490,11/19/2024
8430,รถไฟระหว่างเมือง,แอร์พอร์ต เรล ลิงก์,A6,มักกะสัน,13476,14178,11/19/2024
8431,รถไฟระหว่างเมือง,แอร์พอร์ต เรล ลิงก์,A7,ราชปรารภ,4383,4499,11/19/2024
8432,รถไฟระหว่างเมือง,แอร์พอร์ต เรล ลิงก์,A8,พญาไท,15457,15177,11/19/2024
8433,รถไฟระหว่างเมือง,แอร์พอร์ต เรล ลิงก์,A1,สุวรรณภูมิ,14014,12335,11/20/2024
8434,รถไฟระหว่างเมือง,แอร์พอร์ต เรล ลิงก์,A2,ลาดกระบัง,10357,9959,11/20/2024
8435,รถไฟระหว่างเมือง,แอร์พอร์ต เรล ลิงก์,A3,บ้านทับช้าง,4294,4293,11/20/2024
8436,รถไฟระหว่างเมือง,แอร์พอร์ต เรล ลิงก์,A4,หัวหมาก,7159,6820,11/20/2024
8437,รถไฟระหว่างเมือง,แอร์พอร์ต เรล ลิงก์,A5,รามคำแหง,6577,7219,11/20/2024
8438,รถไฟระหว่างเมือง,แอร์พอร์ต เรล ลิงก์,A6,มักกะสัน,13205,14167,11/20/2024
8439,รถไฟระหว่างเมือง,แอร์พอร์ต เรล ลิงก์,A7,ราชปรารภ,3985,4211,11/20/2024
8440,รถไฟระหว่างเมือง,แอร์พอร์ต เรล ลิงก์,A8,พญาไท,14680,15267,11/20/2024
8441,รถไฟระหว่างเมือง,แอร์พอร์ต เรล ลิงก์,A1,สุวรรณภูมิ,14525,11984,11/21/2024
8442,รถไฟระหว่างเมือง,แอร์พอร์ต เรล ลิงก์,A2,ลาดกระบัง,10421,10224,11/21/2024
8443,รถไฟระหว่างเมือง,แอร์พอร์ต เรล ลิงก์,A3,บ้านทับช้าง,4309,4229,11/21/2024
8444,รถไฟระหว่างเมือง,แอร์พอร์ต เรล ลิงก์,A4,หัวหมาก,7415,7335,11/21/2024
8445,รถไฟระหว่างเมือง,แอร์พอร์ต เรล ลิงก์,A5,รามคำแหง,6573,7027,11/21/2024
8446,รถไฟระหว่างเมือง,แอร์พอร์ต เรล ลิงก์,A6,มักกะสัน,12951,14210,11/21/2024
8447,รถไฟระหว่างเมือง,แอร์พอร์ต เรล ลิงก์,A7,ราชปรารภ,4182,4449,11/21/2024
8448,รถไฟระหว่างเมือง,แอร์พอร์ต เรล ลิงก์,A8,พญาไท,14801,15719,11/21/2024
8449,รถไฟระหว่างเมือง,แอร์พอร์ต เรล ลิงก์,A1,สุวรรณภูมิ,15596,12555,11/22/2024
8450,รถไฟระหว่างเมือง,แอร์พอร์ต เรล ลิงก์,A2,ลาดกระบัง,10810,10993,11/22/2024
8451,รถไฟระหว่างเมือง,แอร์พอร์ต เรล ลิงก์,A3,บ้านทับช้าง,4135,4002,11/22/2024
8452,รถไฟระหว่างเมือง,แอร์พอร์ต เรล ลิงก์,A4,หัวหมาก,7407,7205,11/22/2024
8453,รถไฟระหว่างเมือง,แอร์พอร์ต เรล ลิงก์,A5,รามคำแหง,6677,7245,11/22/2024
8454,รถไฟระหว่างเมือง,แอร์พอร์ต เรล ลิงก์,A6,มักกะสัน,13279,14482,11/22/2024
8455,รถไฟระหว่างเมือง,แอร์พอร์ต เรล ลิงก์,A7,ราชปรารภ,4234,4583,11/22/2024
8456,รถไฟระหว่างเมือง,แอร์พอร์ต เรล ลิงก์,A8,พญาไท,15297,16370,11/22/2024
8457,รถไฟระหว่างเมือง,แอร์พอร์ต เรล ลิงก์,A1,สุวรรณภูมิ,14362,11701,11/23/2024
8458,รถไฟระหว่างเมือง,แอร์พอร์ต เรล ลิงก์,A2,ลาดกระบัง,8881,8995,11/23/2024
8459,รถไฟระหว่างเมือง,แอร์พอร์ต เรล ลิงก์,A3,บ้านทับช้าง,2359,2396,11/23/2024
8460,รถไฟระหว่างเมือง,แอร์พอร์ต เรล ลิงก์,A4,หัวหมาก,5452,5280,11/23/2024
8461,รถไฟระหว่างเมือง,แอร์พอร์ต เรล ลิงก์,A5,รามคำแหง,5008,5366,11/23/2024
8462,รถไฟระหว่างเมือง,แอร์พอร์ต เรล ลิงก์,A6,มักกะสัน,11393,12662,11/23/2024
8463,รถไฟระหว่างเมือง,แอร์พอร์ต เรล ลิงก์,A7,ราชปรารภ,3933,3929,11/23/2024
8464,รถไฟระหว่างเมือง,แอร์พอร์ต เรล ลิงก์,A8,พญาไท,12544,13603,11/23/2024
8465,รถไฟระหว่างเมือง,แอร์พอร์ต เรล ลิงก์,A1,สุวรรณภูมิ,12666,11106,11/24/2024
8466,รถไฟระหว่างเมือง,แอร์พอร์ต เรล ลิงก์,A2,ลาดกระบัง,7012,7347,11/24/2024
8467,รถไฟระหว่างเมือง,แอร์พอร์ต เรล ลิงก์,A3,บ้านทับช้าง,1682,1727,11/24/2024
8468,รถไฟระหว่างเมือง,แอร์พอร์ต เรล ลิงก์,A4,หัวหมาก,3953,3960,11/24/2024
8469,รถไฟระหว่างเมือง,แอร์พอร์ต เรล ลิงก์,A5,รามคำแหง,3734,4180,11/24/2024
8470,รถไฟระหว่างเมือง,แอร์พอร์ต เรล ลิงก์,A6,มักกะสัน,7350,7934,11/24/2024
8471,รถไฟระหว่างเมือง,แอร์พอร์ต เรล ลิงก์,A7,ราชปรารภ,3508,3295,11/24/2024
8472,รถไฟระหว่างเมือง,แอร์พอร์ต เรล ลิงก์,A8,พญาไท,10486,10842,11/24/2024
8473,รถไฟระหว่างเมือง,แอร์พอร์ต เรล ลิงก์,A1,สุวรรณภูมิ,14391,12556,11/25/2024
8474,รถไฟระหว่างเมือง,แอร์พอร์ต เรล ลิงก์,A2,ลาดกระบัง,10922,10580,11/25/2024
8475,รถไฟระหว่างเมือง,แอร์พอร์ต เรล ลิงก์,A3,บ้านทับช้าง,4109,4032,11/25/2024
8476,รถไฟระหว่างเมือง,แอร์พอร์ต เรล ลิงก์,A4,หัวหมาก,7072,6996,11/25/2024
8477,รถไฟระหว่างเมือง,แอร์พอร์ต เรล ลิงก์,A5,รามคำแหง,6477,7173,11/25/2024
8478,รถไฟระหว่างเมือง,แอร์พอร์ต เรล ลิงก์,A6,มักกะสัน,12592,13529,11/25/2024
8479,รถไฟระหว่างเมือง,แอร์พอร์ต เรล ลิงก์,A7,ราชปรารภ,4059,4365,11/25/2024
8480,รถไฟระหว่างเมือง,แอร์พอร์ต เรล ลิงก์,A8,พญาไท,15209,15600,11/25/2024
8481,รถไฟระหว่างเมือง,แอร์พอร์ต เรล ลิงก์,A1,สุวรรณภูมิ,13683,12386,11/26/2024
8482,รถไฟระหว่างเมือง,แอร์พอร์ต เรล ลิงก์,A2,ลาดกระบัง,10896,10456,11/26/2024
8483,รถไฟระหว่างเมือง,แอร์พอร์ต เรล ลิงก์,A3,บ้านทับช้าง,4465,4252,11/26/2024
8484,รถไฟระหว่างเมือง,แอร์พอร์ต เรล ลิงก์,A4,หัวหมาก,7456,7193,11/26/2024
8485,รถไฟระหว่างเมือง,แอร์พอร์ต เรล ลิงก์,A5,รามคำแหง,6967,7373,11/26/2024
8486,รถไฟระหว่างเมือง,แอร์พอร์ต เรล ลิงก์,A6,มักกะสัน,12837,14137,11/26/2024
8487,รถไฟระหว่างเมือง,แอร์พอร์ต เรล ลิงก์,A7,ราชปรารภ,3981,4097,11/26/2024
8488,รถไฟระหว่างเมือง,แอร์พอร์ต เรล ลิงก์,A8,พญาไท,15097,15488,11/26/2024
8489,รถไฟระหว่างเมือง,แอร์พอร์ต เรล ลิงก์,A1,สุวรรณภูมิ,14149,12029,11/27/2024
8490,รถไฟระหว่างเมือง,แอร์พอร์ต เรล ลิงก์,A2,ลาดกระบัง,10805,10594,11/27/2024
8491,รถไฟระหว่างเมือง,แอร์พอร์ต เรล ลิงก์,A3,บ้านทับช้าง,4390,4298,11/27/2024
8492,รถไฟระหว่างเมือง,แอร์พอร์ต เรล ลิงก์,A4,หัวหมาก,7359,7264,11/27/2024
8493,รถไฟระหว่างเมือง,แอร์พอร์ต เรล ลิงก์,A5,รามคำแหง,6498,7130,11/27/2024
8494,รถไฟระหว่างเมือง,แอร์พอร์ต เรล ลิงก์,A6,มักกะสัน,12752,13820,11/27/2024
8495,รถไฟระหว่างเมือง,แอร์พอร์ต เรล ลิงก์,A7,ราชปรารภ,3985,4256,11/27/2024
8496,รถไฟระหว่างเมือง,แอร์พอร์ต เรล ลิงก์,A8,พญาไท,14947,15494,11/27/2024
8497,รถไฟระหว่างเมือง,แอร์พอร์ต เรล ลิงก์,A1,สุวรรณภูมิ,14463,11911,11/28/2024
8498,รถไฟระหว่างเมือง,แอร์พอร์ต เรล ลิงก์,A2,ลาดกระบัง,10866,10576,11/28/2024
8499,รถไฟระหว่างเมือง,แอร์พอร์ต เรล ลิงก์,A3,บ้านทับช้าง,4221,4245,11/28/2024
8500,รถไฟระหว่างเมือง,แอร์พอร์ต เรล ลิงก์,A4,หัวหมาก,7349,7210,11/28/2024
8501,รถไฟระหว่างเมือง,แอร์พอร์ต เรล ลิงก์,A5,รามคำแหง,6653,7382,11/28/2024
8502,รถไฟระหว่างเมือง,แอร์พอร์ต เรล ลิงก์,A6,มักกะสัน,12942,14187,11/28/2024
8503,รถไฟระหว่างเมือง,แอร์พอร์ต เรล ลิงก์,A7,ราชปรารภ,3918,4306,11/28/2024
8504,รถไฟระหว่างเมือง,แอร์พอร์ต เรล ลิงก์,A8,พญาไท,15027,15622,11/28/2024
8505,รถไฟระหว่างเมือง,แอร์พอร์ต เรล ลิงก์,A1,สุวรรณภูมิ,15545,12619,11/29/2024
8506,รถไฟระหว่างเมือง,แอร์พอร์ต เรล ลิงก์,A2,ลาดกระบัง,11624,10946,11/29/2024
8507,รถไฟระหว่างเมือง,แอร์พอร์ต เรล ลิงก์,A3,บ้านทับช้าง,4142,4056,11/29/2024
8508,รถไฟระหว่างเมือง,แอร์พอร์ต เรล ลิงก์,A4,หัวหมาก,7434,7226,11/29/2024
8509,รถไฟระหว่างเมือง,แอร์พอร์ต เรล ลิงก์,A5,รามคำแหง,6682,7374,11/29/2024
8510,รถไฟระหว่างเมือง,แอร์พอร์ต เรล ลิงก์,A6,มักกะสัน,13303,15068,11/29/2024
8511,รถไฟระหว่างเมือง,แอร์พอร์ต เรล ลิงก์,A7,ราชปรารภ,4322,4685,11/29/2024
8512,รถไฟระหว่างเมือง,แอร์พอร์ต เรล ลิงก์,A8,พญาไท,15874,16952,11/29/2024
8513,รถไฟระหว่างเมือง,แอร์พอร์ต เรล ลิงก์,A1,สุวรรณภูมิ,14078,11177,11/30/2024
8514,รถไฟระหว่างเมือง,แอร์พอร์ต เรล ลิงก์,A2,ลาดกระบัง,8986,8918,11/30/2024
8515,รถไฟระหว่างเมือง,แอร์พอร์ต เรล ลิงก์,A3,บ้านทับช้าง,2345,2241,11/30/2024
8516,รถไฟระหว่างเมือง,แอร์พอร์ต เรล ลิงก์,A4,หัวหมาก,5435,5327,11/30/2024
8517,รถไฟระหว่างเมือง,แอร์พอร์ต เรล ลิงก์,A5,รามคำแหง,4907,5457,11/30/2024
8518,รถไฟระหว่างเมือง,แอร์พอร์ต เรล ลิงก์,A6,มักกะสัน,9098,10008,11/30/2024
8519,รถไฟระหว่างเมือง,แอร์พอร์ต เรล ลิงก์,A7,ราชปรารภ,4013,4308,11/30/2024
8520,รถไฟระหว่างเมือง,แอร์พอร์ต เรล ลิงก์,A8,พญาไท,12506,13932,11/30/2024
8521,รถไฟระหว่างเมือง,แอร์พอร์ต เรล ลิงก์,A1,สุวรรณภูมิ,12351,11487,12/1/2024
8522,รถไฟระหว่างเมือง,แอร์พอร์ต เรล ลิงก์,A2,ลาดกระบัง,8077,8376,12/1/2024
8523,รถไฟระหว่างเมือง,แอร์พอร์ต เรล ลิงก์,A3,บ้านทับช้าง,1815,1883,12/1/2024
8524,รถไฟระหว่างเมือง,แอร์พอร์ต เรล ลิงก์,A4,หัวหมาก,4479,4390,12/1/2024
8525,รถไฟระหว่างเมือง,แอร์พอร์ต เรล ลิงก์,A5,รามคำแหง,4223,4685,12/1/2024
8526,รถไฟระหว่างเมือง,แอร์พอร์ต เรล ลิงก์,A6,มักกะสัน,8109,8640,12/1/2024
8527,รถไฟระหว่างเมือง,แอร์พอร์ต เรล ลิงก์,A7,ราชปรารภ,3965,3780,12/1/2024
8528,รถไฟระหว่างเมือง,แอร์พอร์ต เรล ลิงก์,A8,พญาไท,11655,11433,12/1/2024
8529,รถไฟระหว่างเมือง,แอร์พอร์ต เรล ลิงก์,A1,สุวรรณภูมิ,13415,12446,12/2/2024
8530,รถไฟระหว่างเมือง,แอร์พอร์ต เรล ลิงก์,A2,ลาดกระบัง,11091,10993,12/2/2024
8531,รถไฟระหว่างเมือง,แอร์พอร์ต เรล ลิงก์,A3,บ้านทับช้าง,4270,4059,12/2/2024
8532,รถไฟระหว่างเมือง,แอร์พอร์ต เรล ลิงก์,A4,หัวหมาก,7231,7102,12/2/2024
8533,รถไฟระหว่างเมือง,แอร์พอร์ต เรล ลิงก์,A5,รามคำแหง,6671,7293,12/2/2024
8534,รถไฟระหว่างเมือง,แอร์พอร์ต เรล ลิงก์,A6,มักกะสัน,12618,13335,12/2/2024
8535,รถไฟระหว่างเมือง,แอร์พอร์ต เรล ลิงก์,A7,ราชปรารภ,4228,4435,12/2/2024
8536,รถไฟระหว่างเมือง,แอร์พอร์ต เรล ลิงก์,A8,พญาไท,15327,15188,12/2/2024
8537,รถไฟระหว่างเมือง,แอร์พอร์ต เรล ลิงก์,A1,สุวรรณภูมิ,13082,12100,12/3/2024
8538,รถไฟระหว่างเมือง,แอร์พอร์ต เรล ลิงก์,A2,ลาดกระบัง,11198,11000,12/3/2024
8539,รถไฟระหว่างเมือง,แอร์พอร์ต เรล ลิงก์,A3,บ้านทับช้าง,4353,4308,12/3/2024
8540,รถไฟระหว่างเมือง,แอร์พอร์ต เรล ลิงก์,A4,หัวหมาก,7570,7224,12/3/2024
8541,รถไฟระหว่างเมือง,แอร์พอร์ต เรล ลิงก์,A5,รามคำแหง,6941,7536,12/3/2024
8542,รถไฟระหว่างเมือง,แอร์พอร์ต เรล ลิงก์,A6,มักกะสัน,12739,13626,12/3/2024
8543,รถไฟระหว่างเมือง,แอร์พอร์ต เรล ลิงก์,A7,ราชปรารภ,4223,4438,12/3/2024
8544,รถไฟระหว่างเมือง,แอร์พอร์ต เรล ลิงก์,A8,พญาไท,15687,15561,12/3/2024
8545,รถไฟระหว่างเมือง,แอร์พอร์ต เรล ลิงก์,A1,สุวรรณภูมิ,13672,13039,12/4/2024
8546,รถไฟระหว่างเมือง,แอร์พอร์ต เรล ลิงก์,A2,ลาดกระบัง,11665,11038,12/4/2024
8547,รถไฟระหว่างเมือง,แอร์พอร์ต เรล ลิงก์,A3,บ้านทับช้าง,4419,4328,12/4/2024
8548,รถไฟระหว่างเมือง,แอร์พอร์ต เรล ลิงก์,A4,หัวหมาก,7833,7628,12/4/2024
8549,รถไฟระหว่างเมือง,แอร์พอร์ต เรล ลิงก์,A5,รามคำแหง,7119,7344,12/4/2024
8550,รถไฟระหว่างเมือง,แอร์พอร์ต เรล ลิงก์,A6,มักกะสัน,13540,14197,12/4/2024
8551,รถไฟระหว่างเมือง,แอร์พอร์ต เรล ลิงก์,A7,ราชปรารภ,4156,4591,12/4/2024
8552,รถไฟระหว่างเมือง,แอร์พอร์ต เรล ลิงก์,A8,พญาไท,15917,16156,12/4/2024
8553,รถไฟระหว่างเมือง,แอร์พอร์ต เรล ลิงก์,A1,สุวรรณภูมิ,12492,10911,12/5/2024
8554,รถไฟระหว่างเมือง,แอร์พอร์ต เรล ลิงก์,A2,ลาดกระบัง,7156,7243,12/5/2024
8555,รถไฟระหว่างเมือง,แอร์พอร์ต เรล ลิงก์,A3,บ้านทับช้าง,1727,1632,12/5/2024
8556,รถไฟระหว่างเมือง,แอร์พอร์ต เรล ลิงก์,A4,หัวหมาก,4423,4335,12/5/2024
8557,รถไฟระหว่างเมือง,แอร์พอร์ต เรล ลิงก์,A5,รามคำแหง,4109,4467,12/5/2024
8558,รถไฟระหว่างเมือง,แอร์พอร์ต เรล ลิงก์,A6,มักกะสัน,7192,7491,12/5/2024
8559,รถไฟระหว่างเมือง,แอร์พอร์ต เรล ลิงก์,A7,ราชปรารภ,3346,3549,12/5/2024
8560,รถไฟระหว่างเมือง,แอร์พอร์ต เรล ลิงก์,A8,พญาไท,9698,10515,12/5/2024
8561,รถไฟระหว่างเมือง,แอร์พอร์ต เรล ลิงก์,A1,สุวรรณภูมิ,14667,11831,12/6/2024
8562,รถไฟระหว่างเมือง,แอร์พอร์ต เรล ลิงก์,A2,ลาดกระบัง,11071,10420,12/6/2024
8563,รถไฟระหว่างเมือง,แอร์พอร์ต เรล ลิงก์,A3,บ้านทับช้าง,3759,3696,12/6/2024
8564,รถไฟระหว่างเมือง,แอร์พอร์ต เรล ลิงก์,A4,หัวหมาก,6923,6827,12/6/2024
8565,รถไฟระหว่างเมือง,แอร์พอร์ต เรล ลิงก์,A5,รามคำแหง,6495,6906,12/6/2024
8566,รถไฟระหว่างเมือง,แอร์พอร์ต เรล ลิงก์,A6,มักกะสัน,11984,13633,12/6/2024
8567,รถไฟระหว่างเมือง,แอร์พอร์ต เรล ลิงก์,A7,ราชปรารภ,4151,4279,12/6/2024
8568,รถไฟระหว่างเมือง,แอร์พอร์ต เรล ลิงก์,A8,พญาไท,14366,15824,12/6/2024
8569,รถไฟระหว่างเมือง,แอร์พอร์ต เรล ลิงก์,A1,สุวรรณภูมิ,13376,10611,12/7/2024
8570,รถไฟระหว่างเมือง,แอร์พอร์ต เรล ลิงก์,A2,ลาดกระบัง,8281,8384,12/7/2024
8571,รถไฟระหว่างเมือง,แอร์พอร์ต เรล ลิงก์,A3,บ้านทับช้าง,2001,2079,12/7/2024
8572,รถไฟระหว่างเมือง,แอร์พอร์ต เรล ลิงก์,A4,หัวหมาก,4974,4877,12/7/2024
8573,รถไฟระหว่างเมือง,แอร์พอร์ต เรล ลิงก์,A5,รามคำแหง,4479,4883,12/7/2024
8574,รถไฟระหว่างเมือง,แอร์พอร์ต เรล ลิงก์,A6,มักกะสัน,8479,9577,12/7/2024
8575,รถไฟระหว่างเมือง,แอร์พอร์ต เรล ลิงก์,A7,ราชปรารภ,3561,3623,12/7/2024
8576,รถไฟระหว่างเมือง,แอร์พอร์ต เรล ลิงก์,A8,พญาไท,11079,12196,12/7/2024
8577,รถไฟระหว่างเมือง,แอร์พอร์ต เรล ลิงก์,A1,สุวรรณภูมิ,12294,10520,12/8/2024
8578,รถไฟระหว่างเมือง,แอร์พอร์ต เรล ลิงก์,A2,ลาดกระบัง,7347,7397,12/8/2024
8579,รถไฟระหว่างเมือง,แอร์พอร์ต เรล ลิงก์,A3,บ้านทับช้าง,1535,1639,12/8/2024
8580,รถไฟระหว่างเมือง,แอร์พอร์ต เรล ลิงก์,A4,หัวหมาก,4172,4297,12/8/2024
8581,รถไฟระหว่างเมือง,แอร์พอร์ต เรล ลิงก์,A5,รามคำแหง,3805,4228,12/8/2024
8582,รถไฟระหว่างเมือง,แอร์พอร์ต เรล ลิงก์,A6,มักกะสัน,7033,7621,12/8/2024
8583,รถไฟระหว่างเมือง,แอร์พอร์ต เรล ลิงก์,A7,ราชปรารภ,3457,3320,12/8/2024
8584,รถไฟระหว่างเมือง,แอร์พอร์ต เรล ลิงก์,A8,พญาไท,10122,10743,12/8/2024
8585,รถไฟระหว่างเมือง,แอร์พอร์ต เรล ลิงก์,A1,สุวรรณภูมิ,13688,11997,12/9/2024
8586,รถไฟระหว่างเมือง,แอร์พอร์ต เรล ลิงก์,A2,ลาดกระบัง,10466,10478,12/9/2024
8587,รถไฟระหว่างเมือง,แอร์พอร์ต เรล ลิงก์,A3,บ้านทับช้าง,3774,3732,12/9/2024
8588,รถไฟระหว่างเมือง,แอร์พอร์ต เรล ลิงก์,A4,หัวหมาก,6516,6554,12/9/2024
8589,รถไฟระหว่างเมือง,แอร์พอร์ต เรล ลิงก์,A5,รามคำแหง,6213,6531,12/9/2024
8590,รถไฟระหว่างเมือง,แอร์พอร์ต เรล ลิงก์,A6,มักกะสัน,11749,12586,12/9/2024
8591,รถไฟระหว่างเมือง,แอร์พอร์ต เรล ลิงก์,A7,ราชปรารภ,3963,4167,12/9/2024
8592,รถไฟระหว่างเมือง,แอร์พอร์ต เรล ลิงก์,A8,พญาไท,14143,14467,12/9/2024
8593,รถไฟระหว่างเมือง,แอร์พอร์ต เรล ลิงก์,A1,สุวรรณภูมิ,13431,10522,12/10/2024
8594,รถไฟระหว่างเมือง,แอร์พอร์ต เรล ลิงก์,A2,ลาดกระบัง,7536,7636,12/10/2024
8595,รถไฟระหว่างเมือง,แอร์พอร์ต เรล ลิงก์,A3,บ้านทับช้าง,2189,2199,12/10/2024
8596,รถไฟระหว่างเมือง,แอร์พอร์ต เรล ลิงก์,A4,หัวหมาก,4987,5013,12/10/2024
8597,รถไฟระหว่างเมือง,แอร์พอร์ต เรล ลิงก์,A5,รามคำแหง,4314,4827,12/10/2024
8598,รถไฟระหว่างเมือง,แอร์พอร์ต เรล ลิงก์,A6,มักกะสัน,7933,9101,12/10/2024
8599,รถไฟระหว่างเมือง,แอร์พอร์ต เรล ลิงก์,A7,ราชปรารภ,3441,3491,12/10/2024
8600,รถไฟระหว่างเมือง,แอร์พอร์ต เรล ลิงก์,A8,พญาไท,9933,10975,12/10/2024
8601,รถไฟระหว่างเมือง,แอร์พอร์ต เรล ลิงก์,A1,สุวรรณภูมิ,14449,11291,12/11/2024
8602,รถไฟระหว่างเมือง,แอร์พอร์ต เรล ลิงก์,A2,ลาดกระบัง,11062,10776,12/11/2024
8603,รถไฟระหว่างเมือง,แอร์พอร์ต เรล ลิงก์,A3,บ้านทับช้าง,4256,4112,12/11/2024
8604,รถไฟระหว่างเมือง,แอร์พอร์ต เรล ลิงก์,A4,หัวหมาก,7346,7202,12/11/2024
8605,รถไฟระหว่างเมือง,แอร์พอร์ต เรล ลิงก์,A5,รามคำแหง,6606,7317,12/11/2024
8606,รถไฟระหว่างเมือง,แอร์พอร์ต เรล ลิงก์,A6,มักกะสัน,12542,14135,12/11/2024
8607,รถไฟระหว่างเมือง,แอร์พอร์ต เรล ลิงก์,A7,ราชปรารภ,4153,4383,12/11/2024
8608,รถไฟระหว่างเมือง,แอร์พอร์ต เรล ลิงก์,A8,พญาไท,14627,15825,12/11/2024
8609,รถไฟระหว่างเมือง,แอร์พอร์ต เรล ลิงก์,A1,สุวรรณภูมิ,14757,11833,12/12/2024
8610,รถไฟระหว่างเมือง,แอร์พอร์ต เรล ลิงก์,A2,ลาดกระบัง,11274,10646,12/12/2024
8611,รถไฟระหว่างเมือง,แอร์พอร์ต เรล ลิงก์,A3,บ้านทับช้าง,4299,4167,12/12/2024
8612,รถไฟระหว่างเมือง,แอร์พอร์ต เรล ลิงก์,A4,หัวหมาก,7475,7144,12/12/2024
8613,รถไฟระหว่างเมือง,แอร์พอร์ต เรล ลิงก์,A5,รามคำแหง,6771,7415,12/12/2024
8614,รถไฟระหว่างเมือง,แอร์พอร์ต เรล ลิงก์,A6,มักกะสัน,12664,14270,12/12/2024
8615,รถไฟระหว่างเมือง,แอร์พอร์ต เรล ลิงก์,A7,ราชปรารภ,4281,4789,12/12/2024
8616,รถไฟระหว่างเมือง,แอร์พอร์ต เรล ลิงก์,A8,พญาไท,14959,16216,12/12/2024
8617,รถไฟระหว่างเมือง,แอร์พอร์ต เรล ลิงก์,A1,สุวรรณภูมิ,15691,12049,12/13/2024
8618,รถไฟระหว่างเมือง,แอร์พอร์ต เรล ลิงก์,A2,ลาดกระบัง,11924,11420,12/13/2024
8619,รถไฟระหว่างเมือง,แอร์พอร์ต เรล ลิงก์,A3,บ้านทับช้าง,4257,4108,12/13/2024
8620,รถไฟระหว่างเมือง,แอร์พอร์ต เรล ลิงก์,A4,หัวหมาก,7658,7364,12/13/2024
8621,รถไฟระหว่างเมือง,แอร์พอร์ต เรล ลิงก์,A5,รามคำแหง,7372,7562,12/13/2024
8622,รถไฟระหว่างเมือง,แอร์พอร์ต เรล ลิงก์,A6,มักกะสัน,13638,15497,12/13/2024
8623,รถไฟระหว่างเมือง,แอร์พอร์ต เรล ลิงก์,A7,ราชปรารภ,4426,4819,12/13/2024
8624,รถไฟระหว่างเมือง,แอร์พอร์ต เรล ลิงก์,A8,พญาไท,15426,17573,12/13/2024
8625,รถไฟระหว่างเมือง,แอร์พอร์ต เรล ลิงก์,A1,สุวรรณภูมิ,13856,11131,12/14/2024
8626,รถไฟระหว่างเมือง,แอร์พอร์ต เรล ลิงก์,A2,ลาดกระบัง,9864,9861,12/14/2024
8627,รถไฟระหว่างเมือง,แอร์พอร์ต เรล ลิงก์,A3,บ้านทับช้าง,2534,2544,12/14/2024
8628,รถไฟระหว่างเมือง,แอร์พอร์ต เรล ลิงก์,A4,หัวหมาก,5565,5740,12/14/2024
8629,รถไฟระหว่างเมือง,แอร์พอร์ต เรล ลิงก์,A5,รามคำแหง,5937,6637,12/14/2024
8630,รถไฟระหว่างเมือง,แอร์พอร์ต เรล ลิงก์,A6,มักกะสัน,10662,11367,12/14/2024
8631,รถไฟระหว่างเมือง,แอร์พอร์ต เรล ลิงก์,A7,ราชปรารภ,3952,3942,12/14/2024
8632,รถไฟระหว่างเมือง,แอร์พอร์ต เรล ลิงก์,A8,พญาไท,13696,14844,12/14/2024
8633,รถไฟระหว่างเมือง,แอร์พอร์ต เรล ลิงก์,A1,สุวรรณภูมิ,12633,11619,12/15/2024
8634,รถไฟระหว่างเมือง,แอร์พอร์ต เรล ลิงก์,A2,ลาดกระบัง,8051,8207,12/15/2024
8635,รถไฟระหว่างเมือง,แอร์พอร์ต เรล ลิงก์,A3,บ้านทับช้าง,1926,1961,12/15/2024
8636,รถไฟระหว่างเมือง,แอร์พอร์ต เรล ลิงก์,A4,หัวหมาก,4551,4267,12/15/2024
8637,รถไฟระหว่างเมือง,แอร์พอร์ต เรล ลิงก์,A5,รามคำแหง,4406,4737,12/15/2024
8638,รถไฟระหว่างเมือง,แอร์พอร์ต เรล ลิงก์,A6,มักกะสัน,8613,9338,12/15/2024
8639,รถไฟระหว่างเมือง,แอร์พอร์ต เรล ลิงก์,A7,ราชปรารภ,3752,3532,12/15/2024
8640,รถไฟระหว่างเมือง,แอร์พอร์ต เรล ลิงก์,A8,พญาไท,11258,11529,12/15/2024
8641,รถไฟระหว่างเมือง,แอร์พอร์ต เรล ลิงก์,A1,สุวรรณภูมิ,14362,12820,12/16/2024
8642,รถไฟระหว่างเมือง,แอร์พอร์ต เรล ลิงก์,A2,ลาดกระบัง,10952,10451,12/16/2024
8643,รถไฟระหว่างเมือง,แอร์พอร์ต เรล ลิงก์,A3,บ้านทับช้าง,4026,3897,12/16/2024
8644,รถไฟระหว่างเมือง,แอร์พอร์ต เรล ลิงก์,A4,หัวหมาก,7172,6902,12/16/2024
8645,รถไฟระหว่างเมือง,แอร์พอร์ต เรล ลิงก์,A5,รามคำแหง,6577,7288,12/16/2024
8646,รถไฟระหว่างเมือง,แอร์พอร์ต เรล ลิงก์,A6,มักกะสัน,12618,13632,12/16/2024
8647,รถไฟระหว่างเมือง,แอร์พอร์ต เรล ลิงก์,A7,ราชปรารภ,4233,4415,12/16/2024
8648,รถไฟระหว่างเมือง,แอร์พอร์ต เรล ลิงก์,A8,พญาไท,14543,15078,12/16/2024
8649,รถไฟระหว่างเมือง,แอร์พอร์ต เรล ลิงก์,A1,สุวรรณภูมิ,13797,12106,12/17/2024
8650,รถไฟระหว่างเมือง,แอร์พอร์ต เรล ลิงก์,A2,ลาดกระบัง,10896,10702,12/17/2024
8651,รถไฟระหว่างเมือง,แอร์พอร์ต เรล ลิงก์,A3,บ้านทับช้าง,4151,3914,12/17/2024
8652,รถไฟระหว่างเมือง,แอร์พอร์ต เรล ลิงก์,A4,หัวหมาก,7236,6948,12/17/2024
8653,รถไฟระหว่างเมือง,แอร์พอร์ต เรล ลิงก์,A5,รามคำแหง,6588,7253,12/17/2024
8654,รถไฟระหว่างเมือง,แอร์พอร์ต เรล ลิงก์,A6,มักกะสัน,12684,13740,12/17/2024
8655,รถไฟระหว่างเมือง,แอร์พอร์ต เรล ลิงก์,A7,ราชปรารภ,4237,4483,12/17/2024
8656,รถไฟระหว่างเมือง,แอร์พอร์ต เรล ลิงก์,A8,พญาไท,14714,15157,12/17/2024
8657,รถไฟระหว่างเมือง,แอร์พอร์ต เรล ลิงก์,A1,สุวรรณภูมิ,13895,12360,12/18/2024
8658,รถไฟระหว่างเมือง,แอร์พอร์ต เรล ลิงก์,A2,ลาดกระบัง,11099,10386,12/18/2024
8659,รถไฟระหว่างเมือง,แอร์พอร์ต เรล ลิงก์,A3,บ้านทับช้าง,4268,4077,12/18/2024
8660,รถไฟระหว่างเมือง,แอร์พอร์ต เรล ลิงก์,A4,หัวหมาก,7442,7077,12/18/2024
8661,รถไฟระหว่างเมือง,แอร์พอร์ต เรล ลิงก์,A5,รามคำแหง,6715,7450,12/18/2024
8662,รถไฟระหว่างเมือง,แอร์พอร์ต เรล ลิงก์,A6,มักกะสัน,12691,13988,12/18/2024
8663,รถไฟระหว่างเมือง,แอร์พอร์ต เรล ลิงก์,A7,ราชปรารภ,4095,4475,12/18/2024
8664,รถไฟระหว่างเมือง,แอร์พอร์ต เรล ลิงก์,A8,พญาไท,14719,15111,12/18/2024
8665,รถไฟระหว่างเมือง,แอร์พอร์ต เรล ลิงก์,A1,สุวรรณภูมิ,14555,12098,12/19/2024
8666,รถไฟระหว่างเมือง,แอร์พอร์ต เรล ลิงก์,A2,ลาดกระบัง,11060,10809,12/19/2024
8667,รถไฟระหว่างเมือง,แอร์พอร์ต เรล ลิงก์,A3,บ้านทับช้าง,4186,4093,12/19/2024
8668,รถไฟระหว่างเมือง,แอร์พอร์ต เรล ลิงก์,A4,หัวหมาก,7278,6738,12/19/2024
8669,รถไฟระหว่างเมือง,แอร์พอร์ต เรล ลิงก์,A5,รามคำแหง,6739,7370,12/19/2024
8670,รถไฟระหว่างเมือง,แอร์พอร์ต เรล ลิงก์,A6,มักกะสัน,13024,14193,12/19/2024
8671,รถไฟระหว่างเมือง,แอร์พอร์ต เรล ลิงก์,A7,ราชปรารภ,4303,4425,12/19/2024
8672,รถไฟระหว่างเมือง,แอร์พอร์ต เรล ลิงก์,A8,พญาไท,14663,16082,12/19/2024
8673,รถไฟระหว่างเมือง,แอร์พอร์ต เรล ลิงก์,A1,สุวรรณภูมิ,15032,12225,12/20/2024
8674,รถไฟระหว่างเมือง,แอร์พอร์ต เรล ลิงก์,A2,ลาดกระบัง,11737,11400,12/20/2024
8675,รถไฟระหว่างเมือง,แอร์พอร์ต เรล ลิงก์,A3,บ้านทับช้าง,4207,3921,12/20/2024
8676,รถไฟระหว่างเมือง,แอร์พอร์ต เรล ลิงก์,A4,หัวหมาก,7466,7214,12/20/2024
8677,รถไฟระหว่างเมือง,แอร์พอร์ต เรล ลิงก์,A5,รามคำแหง,7369,8035,12/20/2024
8678,รถไฟระหว่างเมือง,แอร์พอร์ต เรล ลิงก์,A6,มักกะสัน,13378,14798,12/20/2024
8679,รถไฟระหว่างเมือง,แอร์พอร์ต เรล ลิงก์,A7,ราชปรารภ,4656,4720,12/20/2024
8680,รถไฟระหว่างเมือง,แอร์พอร์ต เรล ลิงก์,A8,พญาไท,15735,17267,12/20/2024
8681,รถไฟระหว่างเมือง,แอร์พอร์ต เรล ลิงก์,A1,สุวรรณภูมิ,13172,11503,12/21/2024
8682,รถไฟระหว่างเมือง,แอร์พอร์ต เรล ลิงก์,A2,ลาดกระบัง,9119,9092,12/21/2024
8683,รถไฟระหว่างเมือง,แอร์พอร์ต เรล ลิงก์,A3,บ้านทับช้าง,2389,2214,12/21/2024
8684,รถไฟระหว่างเมือง,แอร์พอร์ต เรล ลิงก์,A4,หัวหมาก,5342,5277,12/21/2024
8685,รถไฟระหว่างเมือง,แอร์พอร์ต เรล ลิงก์,A5,รามคำแหง,5097,5485,12/21/2024
8686,รถไฟระหว่างเมือง,แอร์พอร์ต เรล ลิงก์,A6,มักกะสัน,10050,10808,12/21/2024
8687,รถไฟระหว่างเมือง,แอร์พอร์ต เรล ลิงก์,A7,ราชปรารภ,4034,3919,12/21/2024
8688,รถไฟระหว่างเมือง,แอร์พอร์ต เรล ลิงก์,A8,พญาไท,12124,13029,12/21/2024
8689,รถไฟระหว่างเมือง,แอร์พอร์ต เรล ลิงก์,A1,สุวรรณภูมิ,12064,11320,12/22/2024
8690,รถไฟระหว่างเมือง,แอร์พอร์ต เรล ลิงก์,A2,ลาดกระบัง,8286,8822,12/22/2024
8691,รถไฟระหว่างเมือง,แอร์พอร์ต เรล ลิงก์,A3,บ้านทับช้าง,1987,1967,12/22/2024
8692,รถไฟระหว่างเมือง,แอร์พอร์ต เรล ลิงก์,A4,หัวหมาก,4623,4564,12/22/2024
8693,รถไฟระหว่างเมือง,แอร์พอร์ต เรล ลิงก์,A5,รามคำแหง,4523,4905,12/22/2024
8694,รถไฟระหว่างเมือง,แอร์พอร์ต เรล ลิงก์,A6,มักกะสัน,8721,9111,12/22/2024
8695,รถไฟระหว่างเมือง,แอร์พอร์ต เรล ลิงก์,A7,ราชปรารภ,3992,3600,12/22/2024
8696,รถไฟระหว่างเมือง,แอร์พอร์ต เรล ลิงก์,A8,พญาไท,11581,11488,12/22/2024
8697,รถไฟระหว่างเมือง,แอร์พอร์ต เรล ลิงก์,A1,สุวรรณภูมิ,13880,12662,12/23/2024
8698,รถไฟระหว่างเมือง,แอร์พอร์ต เรล ลิงก์,A2,ลาดกระบัง,10745,10257,12/23/2024
8699,รถไฟระหว่างเมือง,แอร์พอร์ต เรล ลิงก์,A3,บ้านทับช้าง,3868,3638,12/23/2024
8700,รถไฟระหว่างเมือง,แอร์พอร์ต เรล ลิงก์,A4,หัวหมาก,6936,6726,12/23/2024
8701,รถไฟระหว่างเมือง,แอร์พอร์ต เรล ลิงก์,A5,รามคำแหง,6355,6999,12/23/2024
8702,รถไฟระหว่างเมือง,แอร์พอร์ต เรล ลิงก์,A6,มักกะสัน,11766,12762,12/23/2024
8703,รถไฟระหว่างเมือง,แอร์พอร์ต เรล ลิงก์,A7,ราชปรารภ,4172,4257,12/23/2024
8704,รถไฟระหว่างเมือง,แอร์พอร์ต เรล ลิงก์,A8,พญาไท,14726,15147,12/23/2024
8705,รถไฟระหว่างเมือง,แอร์พอร์ต เรล ลิงก์,A1,สุวรรณภูมิ,14425,11927,12/24/2024
8706,รถไฟระหว่างเมือง,แอร์พอร์ต เรล ลิงก์,A2,ลาดกระบัง,10751,10292,12/24/2024
8707,รถไฟระหว่างเมือง,แอร์พอร์ต เรล ลิงก์,A3,บ้านทับช้าง,4000,3742,12/24/2024
8708,รถไฟระหว่างเมือง,แอร์พอร์ต เรล ลิงก์,A4,หัวหมาก,6926,6763,12/24/2024
8709,รถไฟระหว่างเมือง,แอร์พอร์ต เรล ลิงก์,A5,รามคำแหง,6569,7019,12/24/2024
8710,รถไฟระหว่างเมือง,แอร์พอร์ต เรล ลิงก์,A6,มักกะสัน,11717,13122,12/24/2024
8711,รถไฟระหว่างเมือง,แอร์พอร์ต เรล ลิงก์,A7,ราชปรารภ,4397,4573,12/24/2024
8712,รถไฟระหว่างเมือง,แอร์พอร์ต เรล ลิงก์,A8,พญาไท,14318,15665,12/24/2024
8713,รถไฟระหว่างเมือง,แอร์พอร์ต เรล ลิงก์,A1,สุวรรณภูมิ,14410,12112,12/25/2024
8714,รถไฟระหว่างเมือง,แอร์พอร์ต เรล ลิงก์,A2,ลาดกระบัง,11327,10901,12/25/2024
8715,รถไฟระหว่างเมือง,แอร์พอร์ต เรล ลิงก์,A3,บ้านทับช้าง,3842,3657,12/25/2024
8716,รถไฟระหว่างเมือง,แอร์พอร์ต เรล ลิงก์,A4,หัวหมาก,7257,6739,12/25/2024
8717,รถไฟระหว่างเมือง,แอร์พอร์ต เรล ลิงก์,A5,รามคำแหง,6692,7111,12/25/2024
8718,รถไฟระหว่างเมือง,แอร์พอร์ต เรล ลิงก์,A6,มักกะสัน,11604,13080,12/25/2024
8719,รถไฟระหว่างเมือง,แอร์พอร์ต เรล ลิงก์,A7,ราชปรารภ,4782,4678,12/25/2024
8720,รถไฟระหว่างเมือง,แอร์พอร์ต เรล ลิงก์,A8,พญาไท,15203,16839,12/25/2024
8721,รถไฟระหว่างเมือง,แอร์พอร์ต เรล ลิงก์,A1,สุวรรณภูมิ,15073,12706,12/26/2024
8722,รถไฟระหว่างเมือง,แอร์พอร์ต เรล ลิงก์,A2,ลาดกระบัง,10449,9561,12/26/2024
8723,รถไฟระหว่างเมือง,แอร์พอร์ต เรล ลิงก์,A3,บ้านทับช้าง,3490,3311,12/26/2024
8724,รถไฟระหว่างเมือง,แอร์พอร์ต เรล ลิงก์,A4,หัวหมาก,6417,6238,12/26/2024
8725,รถไฟระหว่างเมือง,แอร์พอร์ต เรล ลิงก์,A5,รามคำแหง,6005,6487,12/26/2024
8726,รถไฟระหว่างเมือง,แอร์พอร์ต เรล ลิงก์,A6,มักกะสัน,10983,12506,12/26/2024
8727,รถไฟระหว่างเมือง,แอร์พอร์ต เรล ลิงก์,A7,ราชปรารภ,4186,4717,12/26/2024
8728,รถไฟระหว่างเมือง,แอร์พอร์ต เรล ลิงก์,A8,พญาไท,14016,15093,12/26/2024
8729,รถไฟระหว่างเมือง,แอร์พอร์ต เรล ลิงก์,A1,สุวรรณภูมิ,15091,13016,12/27/2024
8730,รถไฟระหว่างเมือง,แอร์พอร์ต เรล ลิงก์,A2,ลาดกระบัง,10598,9724,12/27/2024
8731,รถไฟระหว่างเมือง,แอร์พอร์ต เรล ลิงก์,A3,บ้านทับช้าง,3392,3096,12/27/2024
8732,รถไฟระหว่างเมือง,แอร์พอร์ต เรล ลิงก์,A4,หัวหมาก,6406,6030,12/27/2024
8733,รถไฟระหว่างเมือง,แอร์พอร์ต เรล ลิงก์,A5,รามคำแหง,6063,6204,12/27/2024
8734,รถไฟระหว่างเมือง,แอร์พอร์ต เรล ลิงก์,A6,มักกะสัน,10785,12397,12/27/2024
8735,รถไฟระหว่างเมือง,แอร์พอร์ต เรล ลิงก์,A7,ราชปรารภ,4046,4289,12/27/2024
8736,รถไฟระหว่างเมือง,แอร์พอร์ต เรล ลิงก์,A8,พญาไท,14002,15627,12/27/2024
8737,รถไฟระหว่างเมือง,แอร์พอร์ต เรล ลิงก์,A1,สุวรรณภูมิ,14540,11498,12/28/2024
8738,รถไฟระหว่างเมือง,แอร์พอร์ต เรล ลิงก์,A2,ลาดกระบัง,7749,7250,12/28/2024
8739,รถไฟระหว่างเมือง,แอร์พอร์ต เรล ลิงก์,A3,บ้านทับช้าง,1839,1652,12/28/2024
8740,รถไฟระหว่างเมือง,แอร์พอร์ต เรล ลิงก์,A4,หัวหมาก,4371,4283,12/28/2024
8741,รถไฟระหว่างเมือง,แอร์พอร์ต เรล ลิงก์,A5,รามคำแหง,4298,4509,12/28/2024
8742,รถไฟระหว่างเมือง,แอร์พอร์ต เรล ลิงก์,A6,มักกะสัน,7494,9085,12/28/2024
8743,รถไฟระหว่างเมือง,แอร์พอร์ต เรล ลิงก์,A7,ราชปรารภ,3700,3818,12/28/2024
8744,รถไฟระหว่างเมือง,แอร์พอร์ต เรล ลิงก์,A8,พญาไท,10640,12536,12/28/2024
8745,รถไฟระหว่างเมือง,แอร์พอร์ต เรล ลิงก์,A1,สุวรรณภูมิ,13589,11202,12/29/2024
8746,รถไฟระหว่างเมือง,แอร์พอร์ต เรล ลิงก์,A2,ลาดกระบัง,6746,6353,12/29/2024
8747,รถไฟระหว่างเมือง,แอร์พอร์ต เรล ลิงก์,A3,บ้านทับช้าง,1464,1483,12/29/2024
8748,รถไฟระหว่างเมือง,แอร์พอร์ต เรล ลิงก์,A4,หัวหมาก,4019,3958,12/29/2024
8749,รถไฟระหว่างเมือง,แอร์พอร์ต เรล ลิงก์,A5,รามคำแหง,3924,4317,12/29/2024
8750,รถไฟระหว่างเมือง,แอร์พอร์ต เรล ลิงก์,A6,มักกะสัน,6932,8274,12/29/2024
8751,รถไฟระหว่างเมือง,แอร์พอร์ต เรล ลิงก์,A7,ราชปรารภ,3714,3613,12/29/2024
8752,รถไฟระหว่างเมือง,แอร์พอร์ต เรล ลิงก์,A8,พญาไท,9760,10948,12/29/2024
8753,รถไฟระหว่างเมือง,แอร์พอร์ต เรล ลิงก์,A1,สุวรรณภูมิ,14150,11957,12/30/2024
8754,รถไฟระหว่างเมือง,แอร์พอร์ต เรล ลิงก์,A2,ลาดกระบัง,7809,7433,12/30/2024
8755,รถไฟระหว่างเมือง,แอร์พอร์ต เรล ลิงก์,A3,บ้านทับช้าง,1911,1866,12/30/2024
8756,รถไฟระหว่างเมือง,แอร์พอร์ต เรล ลิงก์,A4,หัวหมาก,4867,5139,12/30/2024
8757,รถไฟระหว่างเมือง,แอร์พอร์ต เรล ลิงก์,A5,รามคำแหง,5244,5864,12/30/2024
8758,รถไฟระหว่างเมือง,แอร์พอร์ต เรล ลิงก์,A6,มักกะสัน,8536,9874,12/30/2024
8759,รถไฟระหว่างเมือง,แอร์พอร์ต เรล ลิงก์,A7,ราชปรารภ,4197,3968,12/30/2024
8760,รถไฟระหว่างเมือง,แอร์พอร์ต เรล ลิงก์,A8,พญาไท,11836,12449,12/30/2024
8761,รถไฟระหว่างเมือง,แอร์พอร์ต เรล ลิงก์,A1,สุวรรณภูมิ,14552,11362,12/31/2024
8762,รถไฟระหว่างเมือง,แอร์พอร์ต เรล ลิงก์,A2,ลาดกระบัง,9867,8285,12/31/2024
8763,รถไฟระหว่างเมือง,แอร์พอร์ต เรล ลิงก์,A3,บ้านทับช้าง,2189,1727,12/31/2024
8764,รถไฟระหว่างเมือง,แอร์พอร์ต เรล ลิงก์,A4,หัวหมาก,6220,5270,12/31/2024
8765,รถไฟระหว่างเมือง,แอร์พอร์ต เรล ลิงก์,A5,รามคำแหง,5952,6074,12/31/2024
8766,รถไฟระหว่างเมือง,แอร์พอร์ต เรล ลิงก์,A6,มักกะสัน,7819,10739,12/31/2024
8767,รถไฟระหว่างเมือง,แอร์พอร์ต เรล ลิงก์,A7,ราชปรารภ,5688,5220,12/31/2024
8768,รถไฟระหว่างเมือง,แอร์พอร์ต เรล ลิงก์,A8,พญาไท,12657,16267,12/31/2024
