StationID,PassengerType,Passenger,DateID
1,1,3729,20220101
1,2,3343,20220101
2,1,2997,20220101
2,2,3318,20220101
3,1,659,20220101
3,2,674,20220101
4,1,1269,20220101
4,2,1315,20220101
5,1,1564,20220101
5,2,1699,20220101
6,1,2552,20220101
6,2,2675,20220101
7,1,920,20220101
7,2,829,20220101
8,1,3828,20220101
8,2,3665,20220101
1,1,4158,20220102
1,2,3160,20220102
2,1,3399,20220102
2,2,3395,20220102
3,1,702,20220102
3,2,743,20220102
4,1,1313,20220102
4,2,1444,20220102
5,1,1421,20220102
5,2,1766,20220102
6,1,2709,20220102
6,2,2930,20220102
7,1,949,20220102
7,2,854,20220102
8,1,3817,20220102
8,2,4176,20220102
1,1,5546,20220103
1,2,3405,20220103
2,1,3572,20220103
2,2,3647,20220103
3,1,818,20220103
3,2,768,20220103
4,1,1408,20220103
4,2,1586,20220103
5,1,1665,20220103
5,2,2219,20220103
6,1,2876,20220103
6,2,3582,20220103
7,1,1062,20220103
7,2,978,20220103
8,1,4103,20220103
8,2,4865,20220103
1,1,5270,20220104
1,2,3809,20220104
2,1,5579,20220104
2,2,5670,20220104
3,1,1793,20220104
3,2,1757,20220104
4,1,2599,20220104
4,2,2760,20220104
5,1,3021,20220104
5,2,3369,20220104
6,1,5020,20220104
6,2,5535,20220104
7,1,1565,20220104
7,2,1597,20220104
8,1,6363,20220104
8,2,6713,20220104
1,1,5304,20220105
1,2,3635,20220105
2,1,5465,20220105
2,2,5665,20220105
3,1,1839,20220105
3,2,1805,20220105
4,1,2753,20220105
4,2,2717,20220105
5,1,3098,20220105
5,2,3422,20220105
6,1,4973,20220105
6,2,5694,20220105
7,1,1575,20220105
7,2,1585,20220105
8,1,6275,20220105
8,2,6759,20220105
1,1,5027,20220106
1,2,3825,20220106
2,1,5435,20220106
2,2,5547,20220106
3,1,1891,20220106
3,2,1877,20220106
4,1,2730,20220106
4,2,2718,20220106
5,1,3147,20220106
5,2,3374,20220106
6,1,4968,20220106
6,2,5546,20220106
7,1,1625,20220106
7,2,1627,20220106
8,1,6297,20220106
8,2,6606,20220106
1,1,4766,20220107
1,2,3724,20220107
2,1,5565,20220107
2,2,5600,20220107
3,1,1842,20220107
3,2,1752,20220107
4,1,2681,20220107
4,2,2623,20220107
5,1,3195,20220107
5,2,3332,20220107
6,1,5023,20220107
6,2,5602,20220107
7,1,1609,20220107
7,2,1635,20220107
8,1,6321,20220107
8,2,6734,20220107
1,1,4214,20220108
1,2,3332,20220108
2,1,4012,20220108
2,2,4221,20220108
3,1,1068,20220108
3,2,1068,20220108
4,1,1824,20220108
4,2,1820,20220108
5,1,2088,20220108
5,2,2215,20220108
6,1,3621,20220108
6,2,4026,20220108
7,1,1254,20220108
7,2,1186,20220108
8,1,4633,20220108
8,2,4846,20220108
1,1,4014,20220109
1,2,3182,20220109
2,1,3739,20220109
2,2,3757,20220109
3,1,800,20220109
3,2,771,20220109
4,1,1464,20220109
4,2,1480,20220109
5,1,1636,20220109
5,2,1928,20220109
6,1,3111,20220109
6,2,3428,20220109
7,1,1098,20220109
7,2,941,20220109
8,1,4012,20220109
8,2,4387,20220109
1,1,4306,20220110
1,2,3617,20220110
2,1,5458,20220110
2,2,5432,20220110
3,1,1800,20220110
3,2,1716,20220110
4,1,2578,20220110
4,2,2575,20220110
5,1,3196,20220110
5,2,3372,20220110
6,1,5045,20220110
6,2,5407,20220110
7,1,1575,20220110
7,2,1538,20220110
8,1,6081,20220110
8,2,6382,20220110
1,1,4284,20220111
1,2,3426,20220111
2,1,5145,20220111
2,2,5199,20220111
3,1,1786,20220111
3,2,1707,20220111
4,1,2591,20220111
4,2,2565,20220111
5,1,3066,20220111
5,2,3130,20220111
6,1,4864,20220111
6,2,5297,20220111
7,1,1526,20220111
7,2,1602,20220111
8,1,5782,20220111
8,2,6118,20220111
1,1,3895,20220112
1,2,3490,20220112
2,1,5149,20220112
2,2,5089,20220112
3,1,1746,20220112
3,2,1645,20220112
4,1,2568,20220112
4,2,2491,20220112
5,1,2946,20220112
5,2,3063,20220112
6,1,4687,20220112
6,2,5152,20220112
7,1,1547,20220112
7,2,1529,20220112
8,1,5717,20220112
8,2,5796,20220112
1,1,3973,20220113
1,2,3532,20220113
2,1,5115,20220113
2,2,5042,20220113
3,1,1704,20220113
3,2,1599,20220113
4,1,2480,20220113
4,2,2462,20220113
5,1,3059,20220113
5,2,3107,20220113
6,1,4601,20220113
6,2,5003,20220113
7,1,1537,20220113
7,2,1534,20220113
8,1,5728,20220113
8,2,5918,20220113
1,1,4557,20220114
1,2,3818,20220114
2,1,5775,20220114
2,2,5623,20220114
3,1,1795,20220114
3,2,1741,20220114
4,1,2710,20220114
4,2,2647,20220114
5,1,3140,20220114
5,2,3275,20220114
6,1,5091,20220114
6,2,5687,20220114
7,1,1647,20220114
7,2,1636,20220114
8,1,6379,20220114
8,2,6667,20220114
1,1,4074,20220115
1,2,3513,20220115
2,1,4281,20220115
2,2,4339,20220115
3,1,1028,20220115
3,2,987,20220115
4,1,1813,20220115
4,2,1803,20220115
5,1,2157,20220115
5,2,2314,20220115
6,1,3869,20220115
6,2,4182,20220115
7,1,1199,20220115
7,2,1151,20220115
8,1,4806,20220115
8,2,4938,20220115
1,1,4042,20220116
1,2,3006,20220116
2,1,3684,20220116
2,2,3746,20220116
3,1,831,20220116
3,2,782,20220116
4,1,1468,20220116
4,2,1499,20220116
5,1,1725,20220116
5,2,2001,20220116
6,1,3142,20220116
6,2,3534,20220116
7,1,1061,20220116
7,2,915,20220116
8,1,4025,20220116
8,2,4495,20220116
1,1,4105,20220117
1,2,3234,20220117
2,1,5494,20220117
2,2,5440,20220117
3,1,1848,20220117
3,2,1750,20220117
4,1,2591,20220117
4,2,2625,20220117
5,1,3094,20220117
5,2,3253,20220117
6,1,5099,20220117
6,2,5540,20220117
7,1,1497,20220117
7,2,1488,20220117
8,1,5880,20220117
8,2,6278,20220117
1,1,4119,20220118
1,2,3250,20220118
2,1,5361,20220118
2,2,5305,20220118
3,1,1802,20220118
3,2,1767,20220118
4,1,2701,20220118
4,2,2676,20220118
5,1,3166,20220118
5,2,3122,20220118
6,1,5091,20220118
6,2,5572,20220118
7,1,1517,20220118
7,2,1535,20220118
8,1,5664,20220118
8,2,6194,20220118
1,1,4017,20220119
1,2,3257,20220119
2,1,5396,20220119
2,2,5433,20220119
3,1,1836,20220119
3,2,1773,20220119
4,1,2631,20220119
4,2,2657,20220119
5,1,3113,20220119
5,2,3250,20220119
6,1,5101,20220119
6,2,5541,20220119
7,1,1598,20220119
7,2,1513,20220119
8,1,5842,20220119
8,2,6110,20220119
1,1,3900,20220120
1,2,3617,20220120
2,1,5555,20220120
2,2,5424,20220120
3,1,1837,20220120
3,2,1775,20220120
4,1,2723,20220120
4,2,2653,20220120
5,1,3172,20220120
5,2,3255,20220120
6,1,5102,20220120
6,2,5512,20220120
7,1,1566,20220120
7,2,1549,20220120
8,1,6039,20220120
8,2,6109,20220120
1,1,4263,20220121
1,2,3864,20220121
2,1,5892,20220121
2,2,5840,20220121
3,1,1848,20220121
3,2,1745,20220121
4,1,2764,20220121
4,2,2803,20220121
5,1,3295,20220121
5,2,3327,20220121
6,1,5586,20220121
6,2,5937,20220121
7,1,1594,20220121
7,2,1541,20220121
8,1,6614,20220121
8,2,6799,20220121
1,1,3847,20220122
1,2,3398,20220122
2,1,4358,20220122
2,2,4487,20220122
3,1,1080,20220122
3,2,1042,20220122
4,1,1856,20220122
4,2,1831,20220122
5,1,2168,20220122
5,2,2225,20220122
6,1,3933,20220122
6,2,4082,20220122
7,1,1209,20220122
7,2,1152,20220122
8,1,4944,20220122
8,2,5178,20220122
1,1,3776,20220123
1,2,3039,20220123
2,1,3886,20220123
2,2,3831,20220123
3,1,854,20220123
3,2,816,20220123
4,1,1490,20220123
4,2,1550,20220123
5,1,1762,20220123
5,2,1983,20220123
6,1,3187,20220123
6,2,3477,20220123
7,1,1137,20220123
7,2,1093,20220123
8,1,4224,20220123
8,2,4527,20220123
1,1,4317,20220124
1,2,3661,20220124
2,1,5668,20220124
2,2,5622,20220124
3,1,1842,20220124
3,2,1786,20220124
4,1,2786,20220124
4,2,2725,20220124
5,1,3304,20220124
5,2,3403,20220124
6,1,5267,20220124
6,2,5739,20220124
7,1,1650,20220124
7,2,1486,20220124
8,1,6246,20220124
8,2,6658,20220124
1,1,4140,20220125
1,2,3615,20220125
2,1,5542,20220125
2,2,5533,20220125
3,1,1848,20220125
3,2,1774,20220125
4,1,2796,20220125
4,2,2776,20220125
5,1,3288,20220125
5,2,3258,20220125
6,1,5253,20220125
6,2,5645,20220125
7,1,1597,20220125
7,2,1559,20220125
8,1,6066,20220125
8,2,6370,20220125
1,1,4109,20220126
1,2,3727,20220126
2,1,5506,20220126
2,2,5526,20220126
3,1,1931,20220126
3,2,1829,20220126
4,1,2912,20220126
4,2,2807,20220126
5,1,3281,20220126
5,2,3287,20220126
6,1,5321,20220126
6,2,5637,20220126
7,1,1525,20220126
7,2,1608,20220126
8,1,6255,20220126
8,2,6419,20220126
1,1,4279,20220127
1,2,3799,20220127
2,1,5700,20220127
2,2,5522,20220127
3,1,1847,20220127
3,2,1806,20220127
4,1,2777,20220127
4,2,2728,20220127
5,1,3164,20220127
5,2,3302,20220127
6,1,5218,20220127
6,2,5540,20220127
7,1,1593,20220127
7,2,1565,20220127
8,1,6153,20220127
8,2,6469,20220127
1,1,4826,20220128
1,2,4138,20220128
2,1,6402,20220128
2,2,6196,20220128
3,1,1931,20220128
3,2,1815,20220128
4,1,2999,20220128
4,2,2994,20220128
5,1,3483,20220128
5,2,3582,20220128
6,1,5866,20220128
6,2,6369,20220128
7,1,1731,20220128
7,2,1728,20220128
8,1,7046,20220128
8,2,7462,20220128
1,1,4021,20220129
1,2,3578,20220129
2,1,4970,20220129
2,2,4895,20220129
3,1,1120,20220129
3,2,1145,20220129
4,1,2157,20220129
4,2,2075,20220129
5,1,2359,20220129
5,2,2393,20220129
6,1,4040,20220129
6,2,4266,20220129
7,1,1417,20220129
7,2,1325,20220129
8,1,5254,20220129
8,2,5661,20220129
1,1,4159,20220130
1,2,3393,20220130
2,1,4229,20220130
2,2,4192,20220130
3,1,900,20220130
3,2,877,20220130
4,1,1694,20220130
4,2,1687,20220130
5,1,1884,20220130
5,2,2112,20220130
6,1,3323,20220130
6,2,3635,20220130
7,1,1183,20220130
7,2,1043,20220130
8,1,4598,20220130
8,2,5031,20220130
1,1,4427,20220131
1,2,3571,20220131
2,1,6053,20220131
2,2,5860,20220131
3,1,1853,20220131
3,2,1777,20220131
4,1,2797,20220131
4,2,2781,20220131
5,1,3280,20220131
5,2,3453,20220131
6,1,5286,20220131
6,2,5884,20220131
7,1,1564,20220131
7,2,1575,20220131
8,1,6434,20220131
8,2,6793,20220131
1,1,4671,20220201
1,2,3383,20220201
2,1,5965,20220201
2,2,6108,20220201
3,1,1911,20220201
3,2,1843,20220201
4,1,2855,20220201
4,2,2891,20220201
5,1,3403,20220201
5,2,3524,20220201
6,1,5384,20220201
6,2,6051,20220201
7,1,1596,20220201
7,2,1543,20220201
8,1,6620,20220201
8,2,7062,20220201
1,1,4488,20220202
1,2,3711,20220202
2,1,6300,20220202
2,2,6278,20220202
3,1,2068,20220202
3,2,1948,20220202
4,1,3099,20220202
4,2,3114,20220202
5,1,3613,20220202
5,2,3599,20220202
6,1,5592,20220202
6,2,6189,20220202
7,1,1677,20220202
7,2,1665,20220202
8,1,6837,20220202
8,2,7170,20220202
1,1,4578,20220203
1,2,3925,20220203
2,1,6303,20220203
2,2,6139,20220203
3,1,2095,20220203
3,2,2021,20220203
4,1,3125,20220203
4,2,2969,20220203
5,1,3746,20220203
5,2,3691,20220203
6,1,5502,20220203
6,2,6100,20220203
7,1,1692,20220203
7,2,1681,20220203
8,1,6843,20220203
8,2,7358,20220203
1,1,5186,20220204
1,2,4264,20220204
2,1,6796,20220204
2,2,6741,20220204
3,1,2143,20220204
3,2,2056,20220204
4,1,3191,20220204
4,2,3265,20220204
5,1,3884,20220204
5,2,4157,20220204
6,1,6204,20220204
6,2,6709,20220204
7,1,1717,20220204
7,2,1772,20220204
8,1,8110,20220204
8,2,8267,20220204
1,1,4399,20220205
1,2,3367,20220205
2,1,5442,20220205
2,2,5382,20220205
3,1,1271,20220205
3,2,1200,20220205
4,1,2303,20220205
4,2,2190,20220205
5,1,2460,20220205
5,2,2712,20220205
6,1,4079,20220205
6,2,4541,20220205
7,1,1271,20220205
7,2,1244,20220205
8,1,6114,20220205
8,2,6703,20220205
1,1,4439,20220206
1,2,3806,20220206
2,1,4472,20220206
2,2,4539,20220206
3,1,907,20220206
3,2,872,20220206
4,1,1773,20220206
4,2,1765,20220206
5,1,2045,20220206
5,2,2318,20220206
6,1,3843,20220206
6,2,4002,20220206
7,1,1177,20220206
7,2,1046,20220206
8,1,5048,20220206
8,2,5356,20220206
1,1,4598,20220207
1,2,4261,20220207
2,1,6441,20220207
2,2,6287,20220207
3,1,2010,20220207
3,2,1971,20220207
4,1,3178,20220207
4,2,3133,20220207
5,1,4067,20220207
5,2,4304,20220207
6,1,6291,20220207
6,2,6579,20220207
7,1,1854,20220207
7,2,1827,20220207
8,1,7364,20220207
8,2,7441,20220207
1,1,4582,20220208
1,2,3743,20220208
2,1,6160,20220208
2,2,6027,20220208
3,1,2063,20220208
3,2,2007,20220208
4,1,3131,20220208
4,2,3114,20220208
5,1,3520,20220208
5,2,3622,20220208
6,1,5796,20220208
6,2,6294,20220208
7,1,1647,20220208
7,2,1735,20220208
8,1,6695,20220208
8,2,7052,20220208
1,1,4436,20220209
1,2,3984,20220209
2,1,6094,20220209
2,2,6106,20220209
3,1,2070,20220209
3,2,1929,20220209
4,1,3069,20220209
4,2,3013,20220209
5,1,3492,20220209
5,2,3515,20220209
6,1,5873,20220209
6,2,6280,20220209
7,1,1617,20220209
7,2,1655,20220209
8,1,6706,20220209
8,2,6875,20220209
1,1,4707,20220210
1,2,4339,20220210
2,1,6163,20220210
2,2,5981,20220210
3,1,2048,20220210
3,2,1937,20220210
4,1,3111,20220210
4,2,3043,20220210
5,1,3493,20220210
5,2,3529,20220210
6,1,5876,20220210
6,2,6466,20220210
7,1,1641,20220210
7,2,1668,20220210
8,1,6967,20220210
8,2,7043,20220210
1,1,5596,20220211
1,2,4771,20220211
2,1,6449,20220211
2,2,6471,20220211
3,1,2097,20220211
3,2,1999,20220211
4,1,3186,20220211
4,2,3123,20220211
5,1,3652,20220211
5,2,3686,20220211
6,1,6245,20220211
6,2,6871,20220211
7,1,1786,20220211
7,2,1703,20220211
8,1,7653,20220211
8,2,8040,20220211
1,1,4363,20220212
1,2,4187,20220212
2,1,4812,20220212
2,2,4931,20220212
3,1,1161,20220212
3,2,1123,20220212
4,1,2173,20220212
4,2,2110,20220212
5,1,2449,20220212
5,2,2558,20220212
6,1,4405,20220212
6,2,4573,20220212
7,1,1346,20220212
7,2,1273,20220212
8,1,6054,20220212
8,2,6008,20220212
1,1,4400,20220213
1,2,4086,20220213
2,1,4248,20220213
2,2,4324,20220213
3,1,885,20220213
3,2,889,20220213
4,1,1841,20220213
4,2,1751,20220213
5,1,1895,20220213
5,2,2152,20220213
6,1,3645,20220213
6,2,3765,20220213
7,1,1288,20220213
7,2,1112,20220213
8,1,5091,20220213
8,2,5214,20220213
1,1,4701,20220214
1,2,4225,20220214
2,1,6582,20220214
2,2,6501,20220214
3,1,2074,20220214
3,2,2014,20220214
4,1,3127,20220214
4,2,3088,20220214
5,1,3630,20220214
5,2,3613,20220214
6,1,6154,20220214
6,2,6523,20220214
7,1,1752,20220214
7,2,1709,20220214
8,1,7348,20220214
8,2,7695,20220214
1,1,4804,20220215
1,2,4430,20220215
2,1,6235,20220215
2,2,6374,20220215
3,1,2055,20220215
3,2,2021,20220215
4,1,3165,20220215
4,2,3059,20220215
5,1,3610,20220215
5,2,3743,20220215
6,1,6210,20220215
6,2,6625,20220215
7,1,1712,20220215
7,2,1696,20220215
8,1,7461,20220215
8,2,7304,20220215
1,1,4672,20220216
1,2,3870,20220216
2,1,3939,20220216
2,2,3953,20220216
3,1,1018,20220216
3,2,962,20220216
4,1,1874,20220216
4,2,1829,20220216
5,1,2170,20220216
5,2,2426,20220216
6,1,3732,20220216
6,2,4119,20220216
7,1,1243,20220216
7,2,1158,20220216
8,1,4672,20220216
8,2,5003,20220216
1,1,5132,20220217
1,2,4122,20220217
2,1,6040,20220217
2,2,5971,20220217
3,1,1993,20220217
3,2,1885,20220217
4,1,2975,20220217
4,2,2974,20220217
5,1,3408,20220217
5,2,3605,20220217
6,1,5696,20220217
6,2,6347,20220217
7,1,1661,20220217
7,2,1638,20220217
8,1,6833,20220217
8,2,7196,20220217
1,1,5101,20220218
1,2,4442,20220218
2,1,6412,20220218
2,2,6330,20220218
3,1,2098,20220218
3,2,2010,20220218
4,1,3127,20220218
4,2,3075,20220218
5,1,3552,20220218
5,2,3600,20220218
6,1,6066,20220218
6,2,6513,20220218
7,1,1724,20220218
7,2,1684,20220218
8,1,7357,20220218
8,2,7783,20220218
1,1,4947,20220219
1,2,3787,20220219
2,1,4636,20220219
2,2,4714,20220219
3,1,1117,20220219
3,2,1117,20220219
4,1,2051,20220219
4,2,1966,20220219
5,1,2237,20220219
5,2,2491,20220219
6,1,4242,20220219
6,2,4731,20220219
7,1,1263,20220219
7,2,1189,20220219
8,1,5391,20220219
8,2,5889,20220219
1,1,4582,20220220
1,2,3756,20220220
2,1,4030,20220220
2,2,4061,20220220
3,1,861,20220220
3,2,843,20220220
4,1,1688,20220220
4,2,1731,20220220
5,1,1874,20220220
5,2,2092,20220220
6,1,3524,20220220
6,2,3894,20220220
7,1,1257,20220220
7,2,1080,20220220
8,1,4671,20220220
8,2,5030,20220220
1,1,5057,20220221
1,2,4021,20220221
2,1,6101,20220221
2,2,6022,20220221
3,1,1978,20220221
3,2,1961,20220221
4,1,2999,20220221
4,2,2954,20220221
5,1,3493,20220221
5,2,3701,20220221
6,1,5832,20220221
6,2,6371,20220221
7,1,1681,20220221
7,2,1655,20220221
8,1,6817,20220221
8,2,7273,20220221
1,1,4689,20220222
1,2,3894,20220222
2,1,5829,20220222
2,2,5872,20220222
3,1,1962,20220222
3,2,1878,20220222
4,1,2918,20220222
4,2,2890,20220222
5,1,3382,20220222
5,2,3552,20220222
6,1,5566,20220222
6,2,5959,20220222
7,1,1686,20220222
7,2,1704,20220222
8,1,6573,20220222
8,2,6856,20220222
1,1,4399,20220223
1,2,4015,20220223
2,1,5916,20220223
2,2,5808,20220223
3,1,1962,20220223
3,2,1925,20220223
4,1,2931,20220223
4,2,2935,20220223
5,1,3405,20220223
5,2,3488,20220223
6,1,5540,20220223
6,2,5948,20220223
7,1,1737,20220223
7,2,1640,20220223
8,1,6642,20220223
8,2,6773,20220223
1,1,4355,20220224
1,2,4207,20220224
2,1,5706,20220224
2,2,5613,20220224
3,1,1907,20220224
3,2,1807,20220224
4,1,2834,20220224
4,2,2757,20220224
5,1,3382,20220224
5,2,3337,20220224
6,1,5455,20220224
6,2,5709,20220224
7,1,1642,20220224
7,2,1613,20220224
8,1,6513,20220224
8,2,6751,20220224
1,1,4999,20220225
1,2,4430,20220225
2,1,6248,20220225
2,2,6131,20220225
3,1,1959,20220225
3,2,1855,20220225
4,1,2987,20220225
4,2,2979,20220225
5,1,3520,20220225
5,2,3360,20220225
6,1,5849,20220225
6,2,6469,20220225
7,1,1737,20220225
7,2,1653,20220225
8,1,6982,20220225
8,2,7404,20220225
1,1,4454,20220226
1,2,3972,20220226
2,1,4468,20220226
2,2,4427,20220226
3,1,1051,20220226
3,2,1017,20220226
4,1,1959,20220226
4,2,1918,20220226
5,1,2259,20220226
5,2,2534,20220226
6,1,4024,20220226
6,2,4318,20220226
7,1,1279,20220226
7,2,1248,20220226
8,1,5441,20220226
8,2,5501,20220226
1,1,4532,20220227
1,2,3762,20220227
2,1,3675,20220227
2,2,3813,20220227
3,1,781,20220227
3,2,789,20220227
4,1,1531,20220227
4,2,1618,20220227
5,1,1945,20220227
5,2,2311,20220227
6,1,3503,20220227
6,2,3616,20220227
7,1,1212,20220227
7,2,1041,20220227
8,1,4533,20220227
8,2,4762,20220227
1,1,5114,20220228
1,2,4092,20220228
2,1,5867,20220228
2,2,5681,20220228
3,1,1914,20220228
3,2,1843,20220228
4,1,2811,20220228
4,2,2751,20220228
5,1,3484,20220228
5,2,3706,20220228
6,1,5302,20220228
6,2,5955,20220228
7,1,1606,20220228
7,2,1651,20220228
8,1,6604,20220228
8,2,7023,20220228
1,1,4391,20220301
1,2,3874,20220301
2,1,5616,20220301
2,2,5543,20220301
3,1,1905,20220301
3,2,1828,20220301
4,1,2759,20220301
4,2,2800,20220301
5,1,3377,20220301
5,2,3399,20220301
6,1,5207,20220301
6,2,5620,20220301
7,1,1640,20220301
7,2,1655,20220301
8,1,6399,20220301
8,2,6575,20220301
1,1,4282,20220302
1,2,3984,20220302
2,1,5484,20220302
2,2,5454,20220302
3,1,1875,20220302
3,2,1706,20220302
4,1,2799,20220302
4,2,2703,20220302
5,1,3248,20220302
5,2,3335,20220302
6,1,5049,20220302
6,2,5453,20220302
7,1,1628,20220302
7,2,1557,20220302
8,1,6288,20220302
8,2,6461,20220302
1,1,4536,20220303
1,2,4023,20220303
2,1,5483,20220303
2,2,5490,20220303
3,1,1832,20220303
3,2,1775,20220303
4,1,2804,20220303
4,2,2791,20220303
5,1,3265,20220303
5,2,3356,20220303
6,1,5206,20220303
6,2,5501,20220303
7,1,1601,20220303
7,2,1532,20220303
8,1,6348,20220303
8,2,6607,20220303
1,1,5012,20220304
1,2,4612,20220304
2,1,5883,20220304
2,2,5872,20220304
3,1,1852,20220304
3,2,1757,20220304
4,1,2930,20220304
4,2,2838,20220304
5,1,3515,20220304
5,2,3592,20220304
6,1,5472,20220304
6,2,5827,20220304
7,1,1642,20220304
7,2,1594,20220304
8,1,7092,20220304
8,2,7306,20220304
1,1,4469,20220305
1,2,3892,20220305
2,1,4310,20220305
2,2,4389,20220305
3,1,1099,20220305
3,2,1081,20220305
4,1,1941,20220305
4,2,1884,20220305
5,1,2293,20220305
5,2,2508,20220305
6,1,3665,20220305
6,2,3948,20220305
7,1,1290,20220305
7,2,1149,20220305
8,1,5181,20220305
8,2,5397,20220305
1,1,4633,20220306
1,2,3665,20220306
2,1,3772,20220306
2,2,3793,20220306
3,1,820,20220306
3,2,768,20220306
4,1,1563,20220306
4,2,1562,20220306
5,1,2059,20220306
5,2,2313,20220306
6,1,3195,20220306
6,2,3452,20220306
7,1,1154,20220306
7,2,1070,20220306
8,1,4457,20220306
8,2,5030,20220306
1,1,4789,20220307
1,2,4212,20220307
2,1,5635,20220307
2,2,5640,20220307
3,1,1824,20220307
3,2,1743,20220307
4,1,2810,20220307
4,2,2812,20220307
5,1,3293,20220307
5,2,3486,20220307
6,1,5256,20220307
6,2,5662,20220307
7,1,1606,20220307
7,2,1535,20220307
8,1,6675,20220307
8,2,6798,20220307
1,1,4676,20220308
1,2,4107,20220308
2,1,5552,20220308
2,2,5674,20220308
3,1,1880,20220308
3,2,1745,20220308
4,1,2836,20220308
4,2,2772,20220308
5,1,3440,20220308
5,2,3464,20220308
6,1,5248,20220308
6,2,5622,20220308
7,1,1558,20220308
7,2,1546,20220308
8,1,6397,20220308
8,2,6657,20220308
1,1,4647,20220309
1,2,4255,20220309
2,1,5496,20220309
2,2,5580,20220309
3,1,1893,20220309
3,2,1809,20220309
4,1,2915,20220309
4,2,2772,20220309
5,1,3219,20220309
5,2,3343,20220309
6,1,5225,20220309
6,2,5515,20220309
7,1,1524,20220309
7,2,1530,20220309
8,1,6569,20220309
8,2,6684,20220309
1,1,4741,20220310
1,2,4311,20220310
2,1,5482,20220310
2,2,5499,20220310
3,1,1897,20220310
3,2,1791,20220310
4,1,2757,20220310
4,2,2742,20220310
5,1,3201,20220310
5,2,3358,20220310
6,1,5282,20220310
6,2,5629,20220310
7,1,1588,20220310
7,2,1531,20220310
8,1,6510,20220310
8,2,6597,20220310
1,1,4998,20220311
1,2,4675,20220311
2,1,5915,20220311
2,2,6057,20220311
3,1,1954,20220311
3,2,1828,20220311
4,1,2884,20220311
4,2,2809,20220311
5,1,3353,20220311
5,2,3356,20220311
6,1,5691,20220311
6,2,5925,20220311
7,1,1568,20220311
7,2,1592,20220311
8,1,7062,20220311
8,2,7183,20220311
1,1,4494,20220312
1,2,4060,20220312
2,1,4544,20220312
2,2,4778,20220312
3,1,1068,20220312
3,2,1043,20220312
4,1,1930,20220312
4,2,1954,20220312
5,1,2256,20220312
5,2,2413,20220312
6,1,3964,20220312
6,2,4053,20220312
7,1,1296,20220312
7,2,1156,20220312
8,1,5289,20220312
8,2,5384,20220312
1,1,4748,20220313
1,2,3802,20220313
2,1,4091,20220313
2,2,4115,20220313
3,1,804,20220313
3,2,885,20220313
4,1,1652,20220313
4,2,1631,20220313
5,1,1856,20220313
5,2,2033,20220313
6,1,3260,20220313
6,2,3760,20220313
7,1,1073,20220313
7,2,928,20220313
8,1,4603,20220313
8,2,4933,20220313
1,1,5099,20220314
1,2,4140,20220314
2,1,5060,20220314
2,2,5745,20220314
3,1,1600,20220314
3,2,1788,20220314
4,1,2556,20220314
4,2,2703,20220314
5,1,3002,20220314
5,2,3240,20220314
6,1,5203,20220314
6,2,5072,20220314
7,1,1522,20220314
7,2,1395,20220314
8,1,6482,20220314
8,2,6441,20220314
1,1,4736,20220315
1,2,4075,20220315
2,1,5750,20220315
2,2,5869,20220315
3,1,1892,20220315
3,2,1835,20220315
4,1,2881,20220315
4,2,2883,20220315
5,1,3353,20220315
5,2,3425,20220315
6,1,5495,20220315
6,2,5759,20220315
7,1,1542,20220315
7,2,1542,20220315
8,1,6580,20220315
8,2,6841,20220315
1,1,4831,20220316
1,2,4168,20220316
2,1,5712,20220316
2,2,5818,20220316
3,1,1898,20220316
3,2,1813,20220316
4,1,2848,20220316
4,2,2798,20220316
5,1,3299,20220316
5,2,3426,20220316
6,1,5337,20220316
6,2,5754,20220316
7,1,1598,20220316
7,2,1458,20220316
8,1,6591,20220316
8,2,6879,20220316
1,1,4731,20220317
1,2,4129,20220317
2,1,5716,20220317
2,2,5681,20220317
3,1,1894,20220317
3,2,1772,20220317
4,1,2941,20220317
4,2,2880,20220317
5,1,3277,20220317
5,2,3399,20220317
6,1,5184,20220317
6,2,5670,20220317
7,1,1639,20220317
7,2,1619,20220317
8,1,6688,20220317
8,2,6920,20220317
1,1,5375,20220318
1,2,4449,20220318
2,1,6110,20220318
2,2,6096,20220318
3,1,1992,20220318
3,2,1870,20220318
4,1,2967,20220318
4,2,2909,20220318
5,1,3375,20220318
5,2,3505,20220318
6,1,5789,20220318
6,2,6354,20220318
7,1,1599,20220318
7,2,1565,20220318
8,1,7135,20220318
8,2,7594,20220318
1,1,4978,20220319
1,2,4120,20220319
2,1,4954,20220319
2,2,5041,20220319
3,1,1156,20220319
3,2,1131,20220319
4,1,2164,20220319
4,2,2118,20220319
5,1,2314,20220319
5,2,2664,20220319
6,1,4144,20220319
6,2,4314,20220319
7,1,1318,20220319
7,2,1209,20220319
8,1,5908,20220319
8,2,6339,20220319
1,1,4586,20220320
1,2,3981,20220320
2,1,4022,20220320
2,2,4162,20220320
3,1,881,20220320
3,2,888,20220320
4,1,1759,20220320
4,2,1787,20220320
5,1,1987,20220320
5,2,2352,20220320
6,1,3572,20220320
6,2,3619,20220320
7,1,1150,20220320
7,2,1034,20220320
8,1,5072,20220320
8,2,5206,20220320
1,1,4849,20220321
1,2,4762,20220321
2,1,6037,20220321
2,2,6003,20220321
3,1,1941,20220321
3,2,1860,20220321
4,1,3091,20220321
4,2,3045,20220321
5,1,3453,20220321
5,2,3460,20220321
6,1,5688,20220321
6,2,5992,20220321
7,1,1574,20220321
7,2,1527,20220321
8,1,7330,20220321
8,2,7314,20220321
1,1,5067,20220322
1,2,4440,20220322
2,1,5699,20220322
2,2,5796,20220322
3,1,1862,20220322
3,2,1811,20220322
4,1,2935,20220322
4,2,2827,20220322
5,1,3342,20220322
5,2,3404,20220322
6,1,5506,20220322
6,2,5826,20220322
7,1,1624,20220322
7,2,1562,20220322
8,1,6829,20220322
8,2,7198,20220322
1,1,4790,20220323
1,2,4513,20220323
2,1,5699,20220323
2,2,5721,20220323
3,1,1925,20220323
3,2,1851,20220323
4,1,2947,20220323
4,2,2786,20220323
5,1,3358,20220323
5,2,3362,20220323
6,1,5290,20220323
6,2,5694,20220323
7,1,1628,20220323
7,2,1505,20220323
8,1,6791,20220323
8,2,6996,20220323
1,1,4953,20220324
1,2,4593,20220324
2,1,5650,20220324
2,2,5584,20220324
3,1,1914,20220324
3,2,1864,20220324
4,1,2944,20220324
4,2,2759,20220324
5,1,3271,20220324
5,2,3426,20220324
6,1,5435,20220324
6,2,5763,20220324
7,1,1620,20220324
7,2,1533,20220324
8,1,6819,20220324
8,2,7084,20220324
1,1,5813,20220325
1,2,5024,20220325
2,1,6311,20220325
2,2,6291,20220325
3,1,1905,20220325
3,2,1797,20220325
4,1,3148,20220325
4,2,2936,20220325
5,1,3630,20220325
5,2,3635,20220325
6,1,5761,20220325
6,2,6372,20220325
7,1,1740,20220325
7,2,1714,20220325
8,1,7509,20220325
8,2,8048,20220325
1,1,5012,20220326
1,2,4435,20220326
2,1,5307,20220326
2,2,5365,20220326
3,1,1171,20220326
3,2,1142,20220326
4,1,2182,20220326
4,2,2227,20220326
5,1,2489,20220326
5,2,2711,20220326
6,1,4406,20220326
6,2,4472,20220326
7,1,1368,20220326
7,2,1226,20220326
8,1,6218,20220326
8,2,6575,20220326
1,1,4946,20220327
1,2,4279,20220327
2,1,4520,20220327
2,2,4508,20220327
3,1,902,20220327
3,2,855,20220327
4,1,1733,20220327
4,2,1779,20220327
5,1,2059,20220327
5,2,2321,20220327
6,1,3783,20220327
6,2,4101,20220327
7,1,1196,20220327
7,2,1108,20220327
8,1,5332,20220327
8,2,5520,20220327
1,1,5445,20220328
1,2,5082,20220328
2,1,6217,20220328
2,2,6074,20220328
3,1,1953,20220328
3,2,1880,20220328
4,1,3111,20220328
4,2,3009,20220328
5,1,3456,20220328
5,2,3679,20220328
6,1,5798,20220328
6,2,6300,20220328
7,1,1727,20220328
7,2,1649,20220328
8,1,7471,20220328
8,2,7505,20220328
1,1,5037,20220329
1,2,4550,20220329
2,1,5948,20220329
2,2,6138,20220329
3,1,2019,20220329
3,2,1968,20220329
4,1,3118,20220329
4,2,2978,20220329
5,1,3627,20220329
5,2,3684,20220329
6,1,5697,20220329
6,2,6049,20220329
7,1,1646,20220329
7,2,1657,20220329
8,1,7096,20220329
8,2,7164,20220329
1,1,5150,20220330
1,2,4875,20220330
2,1,6010,20220330
2,2,6071,20220330
3,1,1963,20220330
3,2,1901,20220330
4,1,3009,20220330
4,2,2948,20220330
5,1,3553,20220330
5,2,3698,20220330
6,1,6020,20220330
6,2,6243,20220330
7,1,1646,20220330
7,2,1562,20220330
8,1,7128,20220330
8,2,7181,20220330
1,1,5170,20220331
1,2,5155,20220331
2,1,6350,20220331
2,2,6244,20220331
3,1,2004,20220331
3,2,1901,20220331
4,1,3153,20220331
4,2,3079,20220331
5,1,3724,20220331
5,2,3840,20220331
6,1,6084,20220331
6,2,6404,20220331
7,1,1760,20220331
7,2,1766,20220331
8,1,7674,20220331
8,2,7530,20220331
1,1,5569,20220401
1,2,5495,20220401
2,1,6842,20220401
2,2,6636,20220401
3,1,2058,20220401
3,2,1915,20220401
4,1,3309,20220401
4,2,3175,20220401
5,1,3932,20220401
5,2,3915,20220401
6,1,6410,20220401
6,2,6762,20220401
7,1,1789,20220401
7,2,1750,20220401
8,1,8111,20220401
8,2,8372,20220401
1,1,4692,20220402
1,2,4772,20220402
2,1,5192,20220402
2,2,5145,20220402
3,1,1193,20220402
3,2,1188,20220402
4,1,2251,20220402
4,2,2177,20220402
5,1,2662,20220402
5,2,2720,20220402
6,1,4595,20220402
6,2,4823,20220402
7,1,1446,20220402
7,2,1333,20220402
8,1,6034,20220402
8,2,5907,20220402
1,1,4923,20220403
1,2,4614,20220403
2,1,4339,20220403
2,2,4392,20220403
3,1,935,20220403
3,2,877,20220403
4,1,1784,20220403
4,2,1766,20220403
5,1,2011,20220403
5,2,2304,20220403
6,1,3885,20220403
6,2,4115,20220403
7,1,1281,20220403
7,2,1097,20220403
8,1,5244,20220403
8,2,5237,20220403
1,1,5295,20220404
1,2,5267,20220404
2,1,6367,20220404
2,2,6335,20220404
3,1,1949,20220404
3,2,1796,20220404
4,1,3133,20220404
4,2,3064,20220404
5,1,3623,20220404
5,2,3803,20220404
6,1,6191,20220404
6,2,6423,20220404
7,1,1764,20220404
7,2,1720,20220404
8,1,7445,20220404
8,2,7359,20220404
1,1,5041,20220405
1,2,5286,20220405
2,1,6370,20220405
2,2,6400,20220405
3,1,2048,20220405
3,2,1991,20220405
4,1,3163,20220405
4,2,3035,20220405
5,1,3752,20220405
5,2,3702,20220405
6,1,6152,20220405
6,2,6316,20220405
7,1,1785,20220405
7,2,1731,20220405
8,1,7711,20220405
8,2,7561,20220405
1,1,4580,20220406
1,2,4817,20220406
2,1,4413,20220406
2,2,4286,20220406
3,1,1104,20220406
3,2,1114,20220406
4,1,2071,20220406
4,2,1971,20220406
5,1,2465,20220406
5,2,2528,20220406
6,1,4068,20220406
6,2,4269,20220406
7,1,1385,20220406
7,2,1242,20220406
8,1,5107,20220406
8,2,4966,20220406
1,1,5081,20220407
1,2,5492,20220407
2,1,6285,20220407
2,2,6187,20220407
3,1,1974,20220407
3,2,1854,20220407
4,1,2993,20220407
4,2,2946,20220407
5,1,3707,20220407
5,2,3670,20220407
6,1,5912,20220407
6,2,5980,20220407
7,1,1743,20220407
7,2,1748,20220407
8,1,7509,20220407
8,2,7327,20220407
1,1,5312,20220408
1,2,6025,20220408
2,1,6477,20220408
2,2,6365,20220408
3,1,2096,20220408
3,2,1944,20220408
4,1,3199,20220408
4,2,3075,20220408
5,1,3701,20220408
5,2,3693,20220408
6,1,6070,20220408
6,2,6278,20220408
7,1,1858,20220408
7,2,1690,20220408
8,1,8128,20220408
8,2,7771,20220408
1,1,4449,20220409
1,2,5120,20220409
2,1,4833,20220409
2,2,4686,20220409
3,1,1074,20220409
3,2,1038,20220409
4,1,2060,20220409
4,2,1837,20220409
5,1,2270,20220409
5,2,2297,20220409
6,1,4068,20220409
6,2,4029,20220409
7,1,1394,20220409
7,2,1222,20220409
8,1,5455,20220409
8,2,5374,20220409
1,1,4459,20220410
1,2,4517,20220410
2,1,3917,20220410
2,2,3810,20220410
3,1,855,20220410
3,2,869,20220410
4,1,1535,20220410
4,2,1573,20220410
5,1,1941,20220410
5,2,1984,20220410
6,1,3240,20220410
6,2,3243,20220410
7,1,1198,20220410
7,2,1070,20220410
8,1,4651,20220410
8,2,4730,20220410
1,1,4793,20220411
1,2,5198,20220411
2,1,5668,20220411
2,2,5654,20220411
3,1,1750,20220411
3,2,1660,20220411
4,1,2687,20220411
4,2,2600,20220411
5,1,2920,20220411
5,2,3017,20220411
6,1,5216,20220411
6,2,5222,20220411
7,1,1611,20220411
7,2,1527,20220411
8,1,6803,20220411
8,2,6570,20220411
1,1,4893,20220412
1,2,5254,20220412
2,1,5463,20220412
2,2,5470,20220412
3,1,1597,20220412
3,2,1546,20220412
4,1,2436,20220412
4,2,2292,20220412
5,1,2823,20220412
5,2,2714,20220412
6,1,4880,20220412
6,2,5107,20220412
7,1,1561,20220412
7,2,1358,20220412
8,1,6433,20220412
8,2,6345,20220412
1,1,4156,20220413
1,2,4668,20220413
2,1,3438,20220413
2,2,3431,20220413
3,1,779,20220413
3,2,738,20220413
4,1,1440,20220413
4,2,1312,20220413
5,1,1699,20220413
5,2,1581,20220413
6,1,2924,20220413
6,2,2897,20220413
7,1,981,20220413
7,2,885,20220413
8,1,4241,20220413
8,2,4146,20220413
1,1,4496,20220414
1,2,4255,20220414
2,1,3079,20220414
2,2,3113,20220414
3,1,618,20220414
3,2,628,20220414
4,1,1250,20220414
4,2,1231,20220414
5,1,1394,20220414
5,2,1521,20220414
6,1,2564,20220414
6,2,2635,20220414
7,1,909,20220414
7,2,742,20220414
8,1,3750,20220414
8,2,3935,20220414
1,1,4974,20220415
1,2,3499,20220415
2,1,3179,20220415
2,2,3248,20220415
3,1,705,20220415
3,2,668,20220415
4,1,1312,20220415
4,2,1327,20220415
5,1,1442,20220415
5,2,1846,20220415
6,1,2531,20220415
6,2,3076,20220415
7,1,883,20220415
7,2,846,20220415
8,1,3691,20220415
8,2,4207,20220415
1,1,5299,20220416
1,2,3423,20220416
2,1,3391,20220416
2,2,3497,20220416
3,1,758,20220416
3,2,786,20220416
4,1,1369,20220416
4,2,1457,20220416
5,1,1557,20220416
5,2,2029,20220416
6,1,2782,20220416
6,2,3230,20220416
7,1,987,20220416
7,2,914,20220416
8,1,3842,20220416
8,2,4649,20220416
1,1,6362,20220417
1,2,3866,20220417
2,1,3532,20220417
2,2,3836,20220417
3,1,722,20220417
3,2,744,20220417
4,1,1435,20220417
4,2,1649,20220417
5,1,1578,20220417
5,2,2192,20220417
6,1,2972,20220417
6,2,3537,20220417
7,1,938,20220417
7,2,873,20220417
8,1,4269,20220417
8,2,5111,20220417
1,1,6360,20220418
1,2,4204,20220418
2,1,5882,20220418
2,2,5971,20220418
3,1,1884,20220418
3,2,1786,20220418
4,1,2789,20220418
4,2,2939,20220418
5,1,3128,20220418
5,2,3690,20220418
6,1,5404,20220418
6,2,6168,20220418
7,1,1549,20220418
7,2,1555,20220418
8,1,6778,20220418
8,2,7461,20220418
1,1,6698,20220419
1,2,4032,20220419
2,1,5731,20220419
2,2,6067,20220419
3,1,1833,20220419
3,2,1849,20220419
4,1,2881,20220419
4,2,3011,20220419
5,1,3308,20220419
5,2,3770,20220419
6,1,5359,20220419
6,2,6190,20220419
7,1,1556,20220419
7,2,1609,20220419
8,1,6712,20220419
8,2,7550,20220419
1,1,5633,20220420
1,2,4323,20220420
2,1,6121,20220420
2,2,5972,20220420
3,1,2071,20220420
3,2,1865,20220420
4,1,2967,20220420
4,2,2930,20220420
5,1,3401,20220420
5,2,3587,20220420
6,1,5420,20220420
6,2,6219,20220420
7,1,1678,20220420
7,2,1675,20220420
8,1,6749,20220420
8,2,7469,20220420
1,1,5360,20220421
1,2,4394,20220421
2,1,5871,20220421
2,2,6228,20220421
3,1,1999,20220421
3,2,1960,20220421
4,1,3153,20220421
4,2,2969,20220421
5,1,3292,20220421
5,2,3438,20220421
6,1,5614,20220421
6,2,5941,20220421
7,1,1693,20220421
7,2,1685,20220421
8,1,6859,20220421
8,2,7226,20220421
1,1,5829,20220422
1,2,4724,20220422
2,1,6374,20220422
2,2,6421,20220422
3,1,2035,20220422
3,2,1945,20220422
4,1,3120,20220422
4,2,3111,20220422
5,1,3495,20220422
5,2,3583,20220422
6,1,5827,20220422
6,2,6468,20220422
7,1,1778,20220422
7,2,1758,20220422
8,1,7552,20220422
8,2,8000,20220422
1,1,4948,20220423
1,2,4177,20220423
2,1,4816,20220423
2,2,4997,20220423
3,1,1185,20220423
3,2,1113,20220423
4,1,2150,20220423
4,2,2071,20220423
5,1,2362,20220423
5,2,2426,20220423
6,1,4018,20220423
6,2,4298,20220423
7,1,1496,20220423
7,2,1442,20220423
8,1,5731,20220423
8,2,6182,20220423
1,1,4744,20220424
1,2,3989,20220424
2,1,4031,20220424
2,2,4198,20220424
3,1,884,20220424
3,2,849,20220424
4,1,1665,20220424
4,2,1690,20220424
5,1,1874,20220424
5,2,2066,20220424
6,1,3308,20220424
6,2,3591,20220424
7,1,1267,20220424
7,2,1136,20220424
8,1,4837,20220424
8,2,5091,20220424
1,1,5268,20220425
1,2,4722,20220425
2,1,6210,20220425
2,2,6464,20220425
3,1,2077,20220425
3,2,2020,20220425
4,1,3118,20220425
4,2,3142,20220425
5,1,3437,20220425
5,2,3532,20220425
6,1,6011,20220425
6,2,6370,20220425
7,1,1755,20220425
7,2,1683,20220425
8,1,7540,20220425
8,2,7483,20220425
1,1,5296,20220426
1,2,4699,20220426
2,1,6396,20220426
2,2,6356,20220426
3,1,2126,20220426
3,2,2080,20220426
4,1,3097,20220426
4,2,3112,20220426
5,1,3459,20220426
5,2,3554,20220426
6,1,5920,20220426
6,2,6398,20220426
7,1,1791,20220426
7,2,1721,20220426
8,1,7380,20220426
8,2,7545,20220426
1,1,5199,20220427
1,2,5125,20220427
2,1,6266,20220427
2,2,6422,20220427
3,1,2160,20220427
3,2,2054,20220427
4,1,3144,20220427
4,2,2991,20220427
5,1,3708,20220427
5,2,3481,20220427
6,1,5999,20220427
6,2,6355,20220427
7,1,1822,20220427
7,2,1743,20220427
8,1,7619,20220427
8,2,7746,20220427
1,1,5251,20220428
1,2,5277,20220428
2,1,6350,20220428
2,2,6417,20220428
3,1,2107,20220428
3,2,2033,20220428
4,1,3209,20220428
4,2,3102,20220428
5,1,3775,20220428
5,2,3702,20220428
6,1,6263,20220428
6,2,6371,20220428
7,1,1771,20220428
7,2,1739,20220428
8,1,7560,20220428
8,2,7645,20220428
1,1,5855,20220429
1,2,5873,20220429
2,1,6965,20220429
2,2,7032,20220429
3,1,2296,20220429
3,2,2093,20220429
4,1,3478,20220429
4,2,3254,20220429
5,1,4086,20220429
5,2,4017,20220429
6,1,6677,20220429
6,2,7082,20220429
7,1,1892,20220429
7,2,1787,20220429
8,1,8586,20220429
8,2,8697,20220429
1,1,4931,20220430
1,2,5184,20220430
2,1,5314,20220430
2,2,5344,20220430
3,1,1201,20220430
3,2,1184,20220430
4,1,2276,20220430
4,2,2138,20220430
5,1,2755,20220430
5,2,2540,20220430
6,1,4446,20220430
6,2,4494,20220430
7,1,1624,20220430
7,2,1457,20220430
8,1,6148,20220430
8,2,6354,20220430
1,1,5484,20220501
1,2,5065,20220501
2,1,4642,20220501
2,2,4617,20220501
3,1,927,20220501
3,2,924,20220501
4,1,1863,20220501
4,2,1828,20220501
5,1,2299,20220501
5,2,1992,20220501
6,1,3846,20220501
6,2,4173,20220501
7,1,1454,20220501
7,2,1406,20220501
8,1,5291,20220501
8,2,5801,20220501
1,1,5703,20220502
1,2,4371,20220502
2,1,4697,20220502
2,2,4700,20220502
3,1,1161,20220502
3,2,1165,20220502
4,1,2023,20220502
4,2,1990,20220502
5,1,2256,20220502
5,2,2377,20220502
6,1,3716,20220502
6,2,4327,20220502
7,1,1486,20220502
7,2,1564,20220502
8,1,5843,20220502
8,2,6391,20220502
1,1,6017,20220503
1,2,5268,20220503
2,1,6453,20220503
2,2,6581,20220503
3,1,1977,20220503
3,2,1938,20220503
4,1,3213,20220503
4,2,3134,20220503
5,1,3559,20220503
5,2,3655,20220503
6,1,6155,20220503
6,2,6556,20220503
7,1,1996,20220503
7,2,1998,20220503
8,1,7839,20220503
8,2,8079,20220503
1,1,5958,20220504
1,2,4628,20220504
2,1,4538,20220504
2,2,4541,20220504
3,1,1198,20220504
3,2,1212,20220504
4,1,2099,20220504
4,2,2193,20220504
5,1,2542,20220504
5,2,2840,20220504
6,1,4173,20220504
6,2,4636,20220504
7,1,1508,20220504
7,2,1497,20220504
8,1,5421,20220504
8,2,5890,20220504
1,1,6495,20220505
1,2,5166,20220505
2,1,6807,20220505
2,2,6854,20220505
3,1,2214,20220505
3,2,2168,20220505
4,1,3544,20220505
4,2,3428,20220505
5,1,3737,20220505
5,2,4021,20220505
6,1,6441,20220505
6,2,7018,20220505
7,1,1952,20220505
7,2,2080,20220505
8,1,8123,20220505
8,2,8578,20220505
1,1,6973,20220506
1,2,5354,20220506
2,1,7307,20220506
2,2,7302,20220506
3,1,2299,20220506
3,2,2177,20220506
4,1,3561,20220506
4,2,3487,20220506
5,1,3869,20220506
5,2,4156,20220506
6,1,6666,20220506
6,2,7515,20220506
7,1,2030,20220506
7,2,2130,20220506
8,1,8679,20220506
8,2,9263,20220506
1,1,6246,20220507
1,2,4997,20220507
2,1,5107,20220507
2,2,5081,20220507
3,1,1280,20220507
3,2,1242,20220507
4,1,2277,20220507
4,2,2270,20220507
5,1,2508,20220507
5,2,2978,20220507
6,1,4416,20220507
6,2,4782,20220507
7,1,1577,20220507
7,2,1582,20220507
8,1,6197,20220507
8,2,6676,20220507
1,1,6409,20220508
1,2,4713,20220508
2,1,4427,20220508
2,2,4613,20220508
3,1,1020,20220508
3,2,1036,20220508
4,1,1944,20220508
4,2,2006,20220508
5,1,2311,20220508
5,2,2704,20220508
6,1,3943,20220508
6,2,4578,20220508
7,1,1422,20220508
7,2,1425,20220508
8,1,5805,20220508
8,2,6206,20220508
1,1,6879,20220509
1,2,5689,20220509
2,1,6830,20220509
2,2,6892,20220509
3,1,2262,20220509
3,2,2163,20220509
4,1,3482,20220509
4,2,3399,20220509
5,1,4046,20220509
5,2,4236,20220509
6,1,6727,20220509
6,2,7436,20220509
7,1,2013,20220509
7,2,2086,20220509
8,1,8362,20220509
8,2,8700,20220509
1,1,6648,20220510
1,2,5450,20220510
2,1,6863,20220510
2,2,6981,20220510
3,1,2289,20220510
3,2,2221,20220510
4,1,3649,20220510
4,2,3549,20220510
5,1,4070,20220510
5,2,4199,20220510
6,1,6734,20220510
6,2,7368,20220510
7,1,1985,20220510
7,2,2121,20220510
8,1,8390,20220510
8,2,8739,20220510
1,1,6799,20220511
1,2,5610,20220511
2,1,6898,20220511
2,2,6805,20220511
3,1,2293,20220511
3,2,2248,20220511
4,1,3650,20220511
4,2,3536,20220511
5,1,4052,20220511
5,2,4110,20220511
6,1,6751,20220511
6,2,7429,20220511
7,1,2079,20220511
7,2,2148,20220511
8,1,8469,20220511
8,2,9105,20220511
1,1,6840,20220512
1,2,6106,20220512
2,1,7235,20220512
2,2,7172,20220512
3,1,2339,20220512
3,2,2271,20220512
4,1,3701,20220512
4,2,3617,20220512
5,1,4091,20220512
5,2,4166,20220512
6,1,6920,20220512
6,2,7581,20220512
7,1,2061,20220512
7,2,2225,20220512
8,1,9201,20220512
8,2,9250,20220512
1,1,7043,20220513
1,2,5872,20220513
2,1,6661,20220513
2,2,6375,20220513
3,1,2141,20220513
3,2,1953,20220513
4,1,3339,20220513
4,2,3170,20220513
5,1,3865,20220513
5,2,3804,20220513
6,1,6595,20220513
6,2,7308,20220513
7,1,1874,20220513
7,2,2094,20220513
8,1,7814,20220513
8,2,8756,20220513
1,1,6498,20220514
1,2,5311,20220514
2,1,5309,20220514
2,2,5349,20220514
3,1,1240,20220514
3,2,1218,20220514
4,1,2431,20220514
4,2,2303,20220514
5,1,2654,20220514
5,2,2972,20220514
6,1,4575,20220514
6,2,5104,20220514
7,1,1631,20220514
7,2,1559,20220514
8,1,6567,20220514
8,2,7089,20220514
1,1,6012,20220515
1,2,4873,20220515
2,1,4197,20220515
2,2,4332,20220515
3,1,981,20220515
3,2,945,20220515
4,1,1808,20220515
4,2,1909,20220515
5,1,2347,20220515
5,2,2474,20220515
6,1,3636,20220515
6,2,4164,20220515
7,1,1486,20220515
7,2,1381,20220515
8,1,5596,20220515
8,2,5985,20220515
1,1,6972,20220516
1,2,4710,20220516
2,1,4296,20220516
2,2,4255,20220516
3,1,981,20220516
3,2,1004,20220516
4,1,1793,20220516
4,2,1910,20220516
5,1,2188,20220516
5,2,2508,20220516
6,1,3618,20220516
6,2,4392,20220516
7,1,1309,20220516
7,2,1468,20220516
8,1,5249,20220516
8,2,6159,20220516
1,1,7739,20220517
1,2,6030,20220517
2,1,7212,20220517
2,2,7262,20220517
3,1,2503,20220517
3,2,2430,20220517
4,1,4062,20220517
4,2,3988,20220517
5,1,4313,20220517
5,2,4750,20220517
6,1,7718,20220517
6,2,8250,20220517
7,1,2076,20220517
7,2,2294,20220517
8,1,9278,20220517
8,2,9897,20220517
1,1,7622,20220518
1,2,5544,20220518
2,1,7165,20220518
2,2,7221,20220518
3,1,2576,20220518
3,2,2525,20220518
4,1,4100,20220518
4,2,3969,20220518
5,1,4406,20220518
5,2,4492,20220518
6,1,7264,20220518
6,2,8296,20220518
7,1,2088,20220518
7,2,2259,20220518
8,1,9041,20220518
8,2,9956,20220518
1,1,7445,20220519
1,2,5866,20220519
2,1,7479,20220519
2,2,7431,20220519
3,1,2706,20220519
3,2,2602,20220519
4,1,4168,20220519
4,2,4026,20220519
5,1,4292,20220519
5,2,4611,20220519
6,1,7539,20220519
6,2,8336,20220519
7,1,2231,20220519
7,2,2354,20220519
8,1,9363,20220519
8,2,9997,20220519
1,1,7928,20220520
1,2,6324,20220520
2,1,7999,20220520
2,2,8083,20220520
3,1,2716,20220520
3,2,2625,20220520
4,1,4338,20220520
4,2,4169,20220520
5,1,4525,20220520
5,2,4656,20220520
6,1,7833,20220520
6,2,8768,20220520
7,1,2338,20220520
7,2,2414,20220520
8,1,10186,20220520
8,2,10824,20220520
1,1,6747,20220521
1,2,5628,20220521
2,1,5461,20220521
2,2,5724,20220521
3,1,1298,20220521
3,2,1373,20220521
4,1,2398,20220521
4,2,2495,20220521
5,1,2706,20220521
5,2,3051,20220521
6,1,5104,20220521
6,2,5169,20220521
7,1,1904,20220521
7,2,1786,20220521
8,1,7166,20220521
8,2,7558,20220521
1,1,6450,20220522
1,2,5426,20220522
2,1,5110,20220522
2,2,5040,20220522
3,1,1109,20220522
3,2,1063,20220522
4,1,2193,20220522
4,2,2178,20220522
5,1,2368,20220522
5,2,2569,20220522
6,1,4324,20220522
6,2,4723,20220522
7,1,1665,20220522
7,2,1556,20220522
8,1,6299,20220522
8,2,6963,20220522
1,1,6620,20220523
1,2,6077,20220523
2,1,7596,20220523
2,2,7444,20220523
3,1,2622,20220523
3,2,2467,20220523
4,1,3955,20220523
4,2,3730,20220523
5,1,4202,20220523
5,2,4359,20220523
6,1,7237,20220523
6,2,8041,20220523
7,1,2207,20220523
7,2,2200,20220523
8,1,9290,20220523
8,2,9411,20220523
1,1,6780,20220524
1,2,5896,20220524
2,1,7365,20220524
2,2,7459,20220524
3,1,2564,20220524
3,2,2595,20220524
4,1,4019,20220524
4,2,3836,20220524
5,1,4328,20220524
5,2,4478,20220524
6,1,7314,20220524
6,2,7910,20220524
7,1,2187,20220524
7,2,2239,20220524
8,1,9243,20220524
8,2,9387,20220524
1,1,7301,20220525
1,2,6266,20220525
2,1,7517,20220525
2,2,7645,20220525
3,1,2644,20220525
3,2,2537,20220525
4,1,4039,20220525
4,2,3965,20220525
5,1,4325,20220525
5,2,4497,20220525
6,1,7560,20220525
6,2,8072,20220525
7,1,2215,20220525
7,2,2203,20220525
8,1,9617,20220525
8,2,10033,20220525
1,1,7464,20220526
1,2,6143,20220526
2,1,7461,20220526
2,2,7496,20220526
3,1,2580,20220526
3,2,2538,20220526
4,1,4043,20220526
4,2,3797,20220526
5,1,4369,20220526
5,2,4568,20220526
6,1,7613,20220526
6,2,8261,20220526
7,1,2213,20220526
7,2,2395,20220526
8,1,9398,20220526
8,2,9943,20220526
1,1,8453,20220527
1,2,6513,20220527
2,1,8236,20220527
2,2,8358,20220527
3,1,2795,20220527
3,2,2583,20220527
4,1,4447,20220527
4,2,4117,20220527
5,1,4749,20220527
5,2,4925,20220527
6,1,8365,20220527
6,2,9308,20220527
7,1,2501,20220527
7,2,2751,20220527
8,1,10764,20220527
8,2,11755,20220527
1,1,6892,20220528
1,2,5906,20220528
2,1,6251,20220528
2,2,6284,20220528
3,1,1596,20220528
3,2,1480,20220528
4,1,2880,20220528
4,2,2892,20220528
5,1,3025,20220528
5,2,3412,20220528
6,1,5824,20220528
6,2,6353,20220528
7,1,2150,20220528
7,2,2099,20220528
8,1,8411,20220528
8,2,8603,20220528
1,1,6986,20220529
1,2,6079,20220529
2,1,5405,20220529
2,2,5431,20220529
3,1,1237,20220529
3,2,1197,20220529
4,1,2451,20220529
4,2,2482,20220529
5,1,2718,20220529
5,2,2912,20220529
6,1,5025,20220529
6,2,5682,20220529
7,1,2026,20220529
7,2,1978,20220529
8,1,7664,20220529
8,2,7751,20220529
1,1,7383,20220530
1,2,6644,20220530
2,1,7715,20220530
2,2,7668,20220530
3,1,2616,20220530
3,2,2571,20220530
4,1,4068,20220530
4,2,3968,20220530
5,1,4633,20220530
5,2,4764,20220530
6,1,7817,20220530
6,2,8381,20220530
7,1,2312,20220530
7,2,2399,20220530
8,1,9965,20220530
8,2,10114,20220530
1,1,7708,20220531
1,2,7008,20220531
2,1,7690,20220531
2,2,7789,20220531
3,1,2712,20220531
3,2,2685,20220531
4,1,4241,20220531
4,2,4176,20220531
5,1,4824,20220531
5,2,4878,20220531
6,1,8173,20220531
6,2,8539,20220531
7,1,2338,20220531
7,2,2457,20220531
8,1,10202,20220531
8,2,10356,20220531
1,1,7374,20220601
1,2,6593,20220601
2,1,8104,20220601
2,2,8238,20220601
3,1,2919,20220601
3,2,2850,20220601
4,1,4528,20220601
4,2,4312,20220601
5,1,4906,20220601
5,2,4950,20220601
6,1,8552,20220601
6,2,9129,20220601
7,1,2420,20220601
7,2,2550,20220601
8,1,10427,20220601
8,2,10608,20220601
1,1,8558,20220602
1,2,7646,20220602
2,1,8531,20220602
2,2,8560,20220602
3,1,2986,20220602
3,2,2831,20220602
4,1,4745,20220602
4,2,4473,20220602
5,1,5130,20220602
5,2,5225,20220602
6,1,8904,20220602
6,2,9787,20220602
7,1,2460,20220602
7,2,2666,20220602
8,1,11372,20220602
8,2,11498,20220602
1,1,6955,20220603
1,2,5585,20220603
2,1,5798,20220603
2,2,5706,20220603
3,1,1399,20220603
3,2,1312,20220603
4,1,2624,20220603
4,2,2471,20220603
5,1,2864,20220603
5,2,3091,20220603
6,1,4966,20220603
6,2,5549,20220603
7,1,1888,20220603
7,2,1931,20220603
8,1,7111,20220603
8,2,7960,20220603
1,1,6791,20220604
1,2,5324,20220604
2,1,5473,20220604
2,2,5486,20220604
3,1,1294,20220604
3,2,1260,20220604
4,1,2498,20220604
4,2,2330,20220604
5,1,2692,20220604
5,2,3002,20220604
6,1,4815,20220604
6,2,5401,20220604
7,1,1857,20220604
7,2,1756,20220604
8,1,6731,20220604
8,2,7592,20220604
1,1,6791,20220605
1,2,5611,20220605
2,1,5473,20220605
2,2,5165,20220605
3,1,1294,20220605
3,2,1095,20220605
4,1,2498,20220605
4,2,2331,20220605
5,1,2692,20220605
5,2,2822,20220605
6,1,4815,20220605
6,2,5027,20220605
7,1,1857,20220605
7,2,1734,20220605
8,1,6731,20220605
8,2,7421,20220605
1,1,7581,20220606
1,2,6461,20220606
2,1,8024,20220606
2,2,8208,20220606
3,1,2864,20220606
3,2,2902,20220606
4,1,4329,20220606
4,2,4432,20220606
5,1,4879,20220606
5,2,5261,20220606
6,1,8901,20220606
6,2,9202,20220606
7,1,2331,20220606
7,2,2588,20220606
8,1,10526,20220606
8,2,10381,20220606
1,1,7699,20220607
1,2,6549,20220607
2,1,7867,20220607
2,2,8024,20220607
3,1,2948,20220607
3,2,2911,20220607
4,1,4556,20220607
4,2,4492,20220607
5,1,4885,20220607
5,2,4986,20220607
6,1,8556,20220607
6,2,9149,20220607
7,1,2529,20220607
7,2,2623,20220607
8,1,10361,20220607
8,2,10667,20220607
1,1,7769,20220608
1,2,6346,20220608
2,1,7886,20220608
2,2,8074,20220608
3,1,3019,20220608
3,2,2987,20220608
4,1,4555,20220608
4,2,4354,20220608
5,1,4836,20220608
5,2,5034,20220608
6,1,8599,20220608
6,2,9155,20220608
7,1,2517,20220608
7,2,2721,20220608
8,1,10229,20220608
8,2,10739,20220608
1,1,7503,20220609
1,2,6480,20220609
2,1,7979,20220609
2,2,6620,20220609
3,1,2895,20220609
3,2,2879,20220609
4,1,4369,20220609
4,2,4254,20220609
5,1,4666,20220609
5,2,4977,20220609
6,1,7819,20220609
6,2,9067,20220609
7,1,2450,20220609
7,2,2676,20220609
8,1,9887,20220609
8,2,10615,20220609
1,1,8855,20220610
1,2,6766,20220610
2,1,8640,20220610
2,2,8495,20220610
3,1,3081,20220610
3,2,2961,20220610
4,1,4892,20220610
4,2,4681,20220610
5,1,5018,20220610
5,2,5187,20220610
6,1,8760,20220610
6,2,9783,20220610
7,1,2520,20220610
7,2,2791,20220610
8,1,11051,20220610
8,2,12153,20220610
1,1,7697,20220611
1,2,6123,20220611
2,1,6271,20220611
2,2,6373,20220611
3,1,1559,20220611
3,2,1561,20220611
4,1,2975,20220611
4,2,2839,20220611
5,1,3249,20220611
5,2,3450,20220611
6,1,5602,20220611
6,2,6193,20220611
7,1,2285,20220611
7,2,2136,20220611
8,1,8085,20220611
8,2,9048,20220611
1,1,6896,20220612
1,2,5928,20220612
2,1,4951,20220612
2,2,5038,20220612
3,1,1194,20220612
3,2,1140,20220612
4,1,2348,20220612
4,2,2356,20220612
5,1,2509,20220612
5,2,2804,20220612
6,1,4554,20220612
6,2,4937,20220612
7,1,1744,20220612
7,2,1843,20220612
8,1,7038,20220612
8,2,7188,20220612
1,1,7626,20220613
1,2,6814,20220613
2,1,8119,20220613
2,2,7991,20220613
3,1,2985,20220613
3,2,2902,20220613
4,1,4538,20220613
4,2,4504,20220613
5,1,4756,20220613
5,2,4894,20220613
6,1,8512,20220613
6,2,9217,20220613
7,1,2566,20220613
7,2,2506,20220613
8,1,10360,20220613
8,2,10634,20220613
1,1,7631,20220614
1,2,6539,20220614
2,1,8010,20220614
2,2,7910,20220614
3,1,2915,20220614
3,2,2906,20220614
4,1,4512,20220614
4,2,4340,20220614
5,1,4805,20220614
5,2,4893,20220614
6,1,8328,20220614
6,2,9109,20220614
7,1,2553,20220614
7,2,2654,20220614
8,1,10231,20220614
8,2,10634,20220614
1,1,7464,20220615
1,2,6352,20220615
2,1,7966,20220615
2,2,8019,20220615
3,1,3081,20220615
3,2,2909,20220615
4,1,4575,20220615
4,2,4462,20220615
5,1,4940,20220615
5,2,4882,20220615
6,1,8526,20220615
6,2,9297,20220615
7,1,2475,20220615
7,2,2549,20220615
8,1,10195,20220615
8,2,10752,20220615
1,1,7697,20220616
1,2,6290,20220616
2,1,8018,20220616
2,2,8079,20220616
3,1,2957,20220616
3,2,2844,20220616
4,1,4560,20220616
4,2,4363,20220616
5,1,4894,20220616
5,2,4952,20220616
6,1,8365,20220616
6,2,9175,20220616
7,1,2518,20220616
7,2,2748,20220616
8,1,10423,20220616
8,2,10981,20220616
1,1,8499,20220617
1,2,6882,20220617
2,1,8550,20220617
2,2,8394,20220617
3,1,3053,20220617
3,2,2883,20220617
4,1,4866,20220617
4,2,4564,20220617
5,1,5145,20220617
5,2,5145,20220617
6,1,8623,20220617
6,2,9748,20220617
7,1,2603,20220617
7,2,2858,20220617
8,1,11189,20220617
8,2,12054,20220617
1,1,7128,20220618
1,2,5900,20220618
2,1,6145,20220618
2,2,6289,20220618
3,1,1570,20220618
3,2,1535,20220618
4,1,2957,20220618
4,2,2863,20220618
5,1,3097,20220618
5,2,3405,20220618
6,1,5391,20220618
6,2,5739,20220618
7,1,2186,20220618
7,2,2087,20220618
8,1,8328,20220618
8,2,8984,20220618
1,1,7005,20220619
1,2,5875,20220619
2,1,5357,20220619
2,2,5214,20220619
3,1,1220,20220619
3,2,1251,20220619
4,1,2219,20220619
4,2,2332,20220619
5,1,2493,20220619
5,2,2908,20220619
6,1,4577,20220619
6,2,5106,20220619
7,1,2062,20220619
7,2,1871,20220619
8,1,7275,20220619
8,2,7651,20220619
1,1,7698,20220620
1,2,6680,20220620
2,1,8124,20220620
2,2,7987,20220620
3,1,2997,20220620
3,2,2876,20220620
4,1,4498,20220620
4,2,4374,20220620
5,1,4773,20220620
5,2,4933,20220620
6,1,8460,20220620
6,2,9278,20220620
7,1,2599,20220620
7,2,2652,20220620
8,1,10241,20220620
8,2,10610,20220620
1,1,7378,20220621
1,2,6179,20220621
2,1,7921,20220621
2,2,8000,20220621
3,1,3037,20220621
3,2,2980,20220621
4,1,4637,20220621
4,2,4434,20220621
5,1,4746,20220621
5,2,5147,20220621
6,1,8525,20220621
6,2,9089,20220621
7,1,2589,20220621
7,2,2713,20220621
8,1,10276,20220621
8,2,10567,20220621
1,1,7406,20220622
1,2,6327,20220622
2,1,7928,20220622
2,2,7810,20220622
3,1,3052,20220622
3,2,2894,20220622
4,1,4527,20220622
4,2,4371,20220622
5,1,4808,20220622
5,2,4979,20220622
6,1,8438,20220622
6,2,9208,20220622
7,1,2458,20220622
7,2,2596,20220622
8,1,10140,20220622
8,2,10572,20220622
1,1,7615,20220623
1,2,6456,20220623
2,1,7857,20220623
2,2,7875,20220623
3,1,2967,20220623
3,2,2890,20220623
4,1,4518,20220623
4,2,4299,20220623
5,1,4861,20220623
5,2,4888,20220623
6,1,8346,20220623
6,2,8941,20220623
7,1,2539,20220623
7,2,2728,20220623
8,1,10114,20220623
8,2,10740,20220623
1,1,8509,20220624
1,2,6981,20220624
2,1,8702,20220624
2,2,8664,20220624
3,1,3107,20220624
3,2,2882,20220624
4,1,4930,20220624
4,2,4672,20220624
5,1,5024,20220624
5,2,5151,20220624
6,1,9141,20220624
6,2,9944,20220624
7,1,2658,20220624
7,2,2928,20220624
8,1,11311,20220624
8,2,12160,20220624
1,1,7077,20220625
1,2,5750,20220625
2,1,6044,20220625
2,2,6123,20220625
3,1,1542,20220625
3,2,1569,20220625
4,1,2838,20220625
4,2,2811,20220625
5,1,3214,20220625
5,2,3406,20220625
6,1,5305,20220625
6,2,6062,20220625
7,1,2238,20220625
7,2,2142,20220625
8,1,8381,20220625
8,2,8776,20220625
1,1,6991,20220626
1,2,6019,20220626
2,1,5066,20220626
2,2,5001,20220626
3,1,1166,20220626
3,2,1156,20220626
4,1,2292,20220626
4,2,2262,20220626
5,1,2452,20220626
5,2,2803,20220626
6,1,4371,20220626
6,2,4798,20220626
7,1,2036,20220626
7,2,1937,20220626
8,1,6963,20220626
8,2,7361,20220626
1,1,7707,20220627
1,2,6480,20220627
2,1,8037,20220627
2,2,8028,20220627
3,1,2941,20220627
3,2,2901,20220627
4,1,4447,20220627
4,2,4244,20220627
5,1,4681,20220627
5,2,4910,20220627
6,1,8294,20220627
6,2,8956,20220627
7,1,2433,20220627
7,2,2573,20220627
8,1,10401,20220627
8,2,10849,20220627
1,1,7633,20220628
1,2,6247,20220628
2,1,7877,20220628
2,2,8029,20220628
3,1,2985,20220628
3,2,2927,20220628
4,1,4462,20220628
4,2,4491,20220628
5,1,4767,20220628
5,2,5209,20220628
6,1,8715,20220628
6,2,9075,20220628
7,1,2441,20220628
7,2,2573,20220628
8,1,10533,20220628
8,2,10862,20220628
1,1,7593,20220629
1,2,6461,20220629
2,1,7861,20220629
2,2,8034,20220629
3,1,2985,20220629
3,2,2919,20220629
4,1,4522,20220629
4,2,4454,20220629
5,1,4729,20220629
5,2,5159,20220629
6,1,8567,20220629
6,2,9121,20220629
7,1,2542,20220629
7,2,2452,20220629
8,1,10350,20220629
8,2,10549,20220629
1,1,7704,20220630
1,2,6415,20220630
2,1,8213,20220630
2,2,8286,20220630
3,1,3010,20220630
3,2,2977,20220630
4,1,4541,20220630
4,2,4422,20220630
5,1,5162,20220630
5,2,5206,20220630
6,1,8568,20220630
6,2,9340,20220630
7,1,2556,20220630
7,2,2706,20220630
8,1,10591,20220630
8,2,10993,20220630
1,1,8729,20220701
1,2,6924,20220701
2,1,8911,20220701
2,2,8997,20220701
3,1,3018,20220701
3,2,2959,20220701
4,1,4788,20220701
4,2,4804,20220701
5,1,5224,20220701
5,2,5929,20220701
6,1,9354,20220701
6,2,9914,20220701
7,1,2539,20220701
7,2,2894,20220701
8,1,12056,20220701
8,2,12198,20220701
1,1,8568,20220702
1,2,6769,20220702
2,1,6724,20220702
2,2,6912,20220702
3,1,1742,20220702
3,2,1695,20220702
4,1,3255,20220702
4,2,3198,20220702
5,1,3853,20220702
5,2,4263,20220702
6,1,5971,20220702
6,2,6570,20220702
7,1,2186,20220702
7,2,2302,20220702
8,1,9088,20220702
8,2,9678,20220702
1,1,8190,20220703
1,2,6856,20220703
2,1,7667,20220703
2,2,7367,20220703
3,1,1472,20220703
3,2,1458,20220703
4,1,2702,20220703
4,2,2624,20220703
5,1,3310,20220703
5,2,3871,20220703
6,1,5511,20220703
6,2,5807,20220703
7,1,2254,20220703
7,2,2228,20220703
8,1,8568,20220703
8,2,9463,20220703
1,1,7992,20220704
1,2,7589,20220704
2,1,8457,20220704
2,2,8218,20220704
3,1,3058,20220704
3,2,3002,20220704
4,1,4707,20220704
4,2,4576,20220704
5,1,5300,20220704
5,2,5457,20220704
6,1,8982,20220704
6,2,9482,20220704
7,1,2796,20220704
7,2,2796,20220704
8,1,11110,20220704
8,2,11282,20220704
1,1,7614,20220705
1,2,6537,20220705
2,1,8235,20220705
2,2,8295,20220705
3,1,3055,20220705
3,2,2996,20220705
4,1,4768,20220705
4,2,4530,20220705
5,1,5119,20220705
5,2,5127,20220705
6,1,8680,20220705
6,2,9422,20220705
7,1,2731,20220705
7,2,3002,20220705
8,1,10427,20220705
8,2,10720,20220705
1,1,7681,20220706
1,2,6573,20220706
2,1,8284,20220706
2,2,8200,20220706
3,1,3041,20220706
3,2,2986,20220706
4,1,4770,20220706
4,2,4674,20220706
5,1,5082,20220706
5,2,5105,20220706
6,1,8649,20220706
6,2,9383,20220706
7,1,2677,20220706
7,2,2869,20220706
8,1,10725,20220706
8,2,11119,20220706
1,1,8524,20220707
1,2,8063,20220707
2,1,8118,20220707
2,2,8093,20220707
3,1,3062,20220707
3,2,2946,20220707
4,1,4736,20220707
4,2,4620,20220707
5,1,5405,20220707
5,2,5312,20220707
6,1,8884,20220707
6,2,9526,20220707
7,1,2896,20220707
7,2,2902,20220707
8,1,10972,20220707
8,2,11135,20220707
1,1,8510,20220708
1,2,7439,20220708
2,1,8835,20220708
2,2,9028,20220708
3,1,3140,20220708
3,2,3020,20220708
4,1,4841,20220708
4,2,4708,20220708
5,1,5364,20220708
5,2,5424,20220708
6,1,9178,20220708
6,2,9827,20220708
7,1,2764,20220708
7,2,2979,20220708
8,1,12031,20220708
8,2,12238,20220708
1,1,6969,20220709
1,2,6427,20220709
2,1,5896,20220709
2,2,6020,20220709
3,1,1468,20220709
3,2,1472,20220709
4,1,2731,20220709
4,2,2648,20220709
5,1,3288,20220709
5,2,3326,20220709
6,1,5299,20220709
6,2,5625,20220709
7,1,2021,20220709
7,2,1917,20220709
8,1,8341,20220709
8,2,8578,20220709
1,1,7973,20220710
1,2,6469,20220710
2,1,5181,20220710
2,2,5194,20220710
3,1,1115,20220710
3,2,1143,20220710
4,1,2280,20220710
4,2,2286,20220710
5,1,2643,20220710
5,2,2915,20220710
6,1,4625,20220710
6,2,5049,20220710
7,1,2093,20220710
7,2,1984,20220710
8,1,7053,20220710
8,2,7923,20220710
1,1,8206,20220711
1,2,7214,20220711
2,1,8335,20220711
2,2,8163,20220711
3,1,2860,20220711
3,2,2849,20220711
4,1,4668,20220711
4,2,4710,20220711
5,1,5139,20220711
5,2,5645,20220711
6,1,8974,20220711
6,2,9400,20220711
7,1,2643,20220711
7,2,2732,20220711
8,1,10995,20220711
8,2,11107,20220711
1,1,8738,20220712
1,2,8170,20220712
2,1,8809,20220712
2,2,9060,20220712
3,1,3065,20220712
3,2,3057,20220712
4,1,5374,20220712
4,2,6084,20220712
5,1,8226,20220712
5,2,10215,20220712
6,1,11326,20220712
6,2,10870,20220712
7,1,2981,20220712
7,2,2885,20220712
8,1,15468,20220712
8,2,13646,20220712
1,1,7871,20220713
1,2,6978,20220713
2,1,4925,20220713
2,2,5057,20220713
3,1,1190,20220713
3,2,1247,20220713
4,1,2473,20220713
4,2,2391,20220713
5,1,3131,20220713
5,2,3243,20220713
6,1,5119,20220713
6,2,5470,20220713
7,1,2040,20220713
7,2,1948,20220713
8,1,7309,20220713
8,2,7724,20220713
1,1,8054,20220714
1,2,6470,20220714
2,1,6858,20220714
2,2,6810,20220714
3,1,2144,20220714
3,2,2062,20220714
4,1,3493,20220714
4,2,3386,20220714
5,1,3864,20220714
5,2,4369,20220714
6,1,7247,20220714
6,2,7613,20220714
7,1,2294,20220714
7,2,2375,20220714
8,1,8700,20220714
8,2,9569,20220714
1,1,8493,20220715
1,2,6321,20220715
2,1,7087,20220715
2,2,6994,20220715
3,1,2264,20220715
3,2,2067,20220715
4,1,3524,20220715
4,2,3508,20220715
5,1,3907,20220715
5,2,4175,20220715
6,1,7249,20220715
6,2,8188,20220715
7,1,2389,20220715
7,2,2412,20220715
8,1,8565,20220715
8,2,9813,20220715
1,1,8228,20220716
1,2,5586,20220716
2,1,5412,20220716
2,2,5589,20220716
3,1,1227,20220716
3,2,1240,20220716
4,1,2525,20220716
4,2,2445,20220716
5,1,2715,20220716
5,2,3072,20220716
6,1,5040,20220716
6,2,5849,20220716
7,1,2047,20220716
7,2,1998,20220716
8,1,6982,20220716
8,2,8397,20220716
1,1,8859,20220717
1,2,6011,20220717
2,1,5364,20220717
2,2,5259,20220717
3,1,1102,20220717
3,2,1021,20220717
4,1,2071,20220717
4,2,2268,20220717
5,1,2422,20220717
5,2,2849,20220717
6,1,4587,20220717
6,2,5631,20220717
7,1,2072,20220717
7,2,1963,20220717
8,1,6718,20220717
8,2,8193,20220717
1,1,8890,20220718
1,2,6460,20220718
2,1,8321,20220718
2,2,8267,20220718
3,1,2890,20220718
3,2,2849,20220718
4,1,4457,20220718
4,2,4376,20220718
5,1,4664,20220718
5,2,5145,20220718
6,1,8620,20220718
6,2,9359,20220718
7,1,2471,20220718
7,2,2785,20220718
8,1,10137,20220718
8,2,11209,20220718
1,1,8534,20220719
1,2,6443,20220719
2,1,8212,20220719
2,2,8074,20220719
3,1,2926,20220719
3,2,2906,20220719
4,1,4451,20220719
4,2,4559,20220719
5,1,4650,20220719
5,2,5071,20220719
6,1,8885,20220719
6,2,9644,20220719
7,1,2627,20220719
7,2,2863,20220719
8,1,10112,20220719
8,2,10837,20220719
1,1,8180,20220720
1,2,6581,20220720
2,1,8282,20220720
2,2,8172,20220720
3,1,2924,20220720
3,2,2888,20220720
4,1,4492,20220720
4,2,4533,20220720
5,1,4774,20220720
5,2,5491,20220720
6,1,9157,20220720
6,2,9559,20220720
7,1,2539,20220720
7,2,2896,20220720
8,1,10726,20220720
8,2,10954,20220720
1,1,9306,20220721
1,2,7581,20220721
2,1,7917,20220721
2,2,7897,20220721
3,1,3193,20220721
3,2,2986,20220721
4,1,4346,20220721
4,2,4182,20220721
5,1,7152,20220721
5,2,6144,20220721
6,1,9471,20220721
6,2,10695,20220721
7,1,2838,20220721
7,2,3047,20220721
8,1,10682,20220721
8,2,12373,20220721
1,1,9245,20220722
1,2,7036,20220722
2,1,8644,20220722
2,2,8725,20220722
3,1,2981,20220722
3,2,2954,20220722
4,1,4635,20220722
4,2,4481,20220722
5,1,4983,20220722
5,2,5368,20220722
6,1,9189,20220722
6,2,10036,20220722
7,1,2713,20220722
7,2,2970,20220722
8,1,11620,20220722
8,2,12440,20220722
1,1,7898,20220723
1,2,6119,20220723
2,1,5967,20220723
2,2,5877,20220723
3,1,1536,20220723
3,2,1500,20220723
4,1,2862,20220723
4,2,2857,20220723
5,1,3166,20220723
5,2,3510,20220723
6,1,5714,20220723
6,2,6348,20220723
7,1,2272,20220723
7,2,2226,20220723
8,1,7735,20220723
8,2,8713,20220723
1,1,7529,20220724
1,2,6276,20220724
2,1,5129,20220724
2,2,5194,20220724
3,1,1151,20220724
3,2,1204,20220724
4,1,2267,20220724
4,2,2265,20220724
5,1,2662,20220724
5,2,2883,20220724
6,1,4674,20220724
6,2,5198,20220724
7,1,2021,20220724
7,2,2009,20220724
8,1,7358,20220724
8,2,7762,20220724
1,1,8059,20220725
1,2,7182,20220725
2,1,8645,20220725
2,2,8458,20220725
3,1,3049,20220725
3,2,2914,20220725
4,1,4682,20220725
4,2,4649,20220725
5,1,5111,20220725
5,2,5270,20220725
6,1,9101,20220725
6,2,9864,20220725
7,1,2643,20220725
7,2,2707,20220725
8,1,11090,20220725
8,2,11336,20220725
1,1,8254,20220726
1,2,7985,20220726
2,1,8505,20220726
2,2,8474,20220726
3,1,3022,20220726
3,2,3005,20220726
4,1,4831,20220726
4,2,4648,20220726
5,1,5231,20220726
5,2,5422,20220726
6,1,9624,20220726
6,2,10037,20220726
7,1,2848,20220726
7,2,2876,20220726
8,1,11324,20220726
8,2,11192,20220726
1,1,8616,20220727
1,2,7887,20220727
2,1,8982,20220727
2,2,9055,20220727
3,1,3197,20220727
3,2,3044,20220727
4,1,4998,20220727
4,2,4807,20220727
5,1,5375,20220727
5,2,5519,20220727
6,1,9848,20220727
6,2,10368,20220727
7,1,2756,20220727
7,2,2821,20220727
8,1,11982,20220727
8,2,12253,20220727
1,1,7903,20220728
1,2,6490,20220728
2,1,5597,20220728
2,2,5605,20220728
3,1,1247,20220728
3,2,1251,20220728
4,1,2485,20220728
4,2,2390,20220728
5,1,2857,20220728
5,2,3068,20220728
6,1,5387,20220728
6,2,5773,20220728
7,1,2105,20220728
7,2,2241,20220728
8,1,7319,20220728
8,2,8082,20220728
1,1,9526,20220729
1,2,7854,20220729
2,1,6803,20220729
2,2,6943,20220729
3,1,1882,20220729
3,2,1753,20220729
4,1,3424,20220729
4,2,3278,20220729
5,1,3824,20220729
5,2,4037,20220729
6,1,6859,20220729
6,2,7601,20220729
7,1,2298,20220729
7,2,2407,20220729
8,1,9233,20220729
8,2,9976,20220729
1,1,10392,20220730
1,2,9346,20220730
2,1,7021,20220730
2,2,6995,20220730
3,1,1535,20220730
3,2,1484,20220730
4,1,3038,20220730
4,2,2873,20220730
5,1,3534,20220730
5,2,3819,20220730
6,1,6614,20220730
6,2,7111,20220730
7,1,2221,20220730
7,2,2091,20220730
8,1,9584,20220730
8,2,10220,20220730
1,1,8575,20220731
1,2,7105,20220731
2,1,6392,20220731
2,2,6354,20220731
3,1,1266,20220731
3,2,1206,20220731
4,1,2680,20220731
4,2,2623,20220731
5,1,3031,20220731
5,2,3386,20220731
6,1,5869,20220731
6,2,6624,20220731
7,1,2087,20220731
7,2,2073,20220731
8,1,8233,20220731
8,2,8762,20220731
1,1,8937,20220801
1,2,6875,20220801
2,1,8532,20220801
2,2,8466,20220801
3,1,3033,20220801
3,2,2888,20220801
4,1,4863,20220801
4,2,4610,20220801
5,1,5370,20220801
5,2,5503,20220801
6,1,8944,20220801
6,2,10220,20220801
7,1,2597,20220801
7,2,2846,20220801
8,1,10974,20220801
8,2,11842,20220801
1,1,8926,20220802
1,2,7362,20220802
2,1,8636,20220802
2,2,8503,20220802
3,1,3097,20220802
3,2,3003,20220802
4,1,4473,20220802
4,2,4449,20220802
5,1,5346,20220802
5,2,5513,20220802
6,1,9074,20220802
6,2,9882,20220802
7,1,2825,20220802
7,2,2877,20220802
8,1,10923,20220802
8,2,11711,20220802
1,1,8213,20220803
1,2,6769,20220803
2,1,8429,20220803
2,2,8376,20220803
3,1,3059,20220803
3,2,2985,20220803
4,1,4672,20220803
4,2,4631,20220803
5,1,4999,20220803
5,2,5289,20220803
6,1,9075,20220803
6,2,9657,20220803
7,1,2742,20220803
7,2,3007,20220803
8,1,10734,20220803
8,2,11209,20220803
1,1,8474,20220804
1,2,6965,20220804
2,1,8585,20220804
2,2,8365,20220804
3,1,3080,20220804
3,2,3035,20220804
4,1,4589,20220804
4,2,4401,20220804
5,1,5095,20220804
5,2,5349,20220804
6,1,8920,20220804
6,2,9685,20220804
7,1,2773,20220804
7,2,2994,20220804
8,1,10854,20220804
8,2,11576,20220804
1,1,9546,20220805
1,2,7475,20220805
2,1,9322,20220805
2,2,9050,20220805
3,1,3045,20220805
3,2,3040,20220805
4,1,4931,20220805
4,2,4771,20220805
5,1,5413,20220805
5,2,5702,20220805
6,1,9452,20220805
6,2,10622,20220805
7,1,2903,20220805
7,2,3149,20220805
8,1,12043,20220805
8,2,12846,20220805
1,1,7926,20220806
1,2,6489,20220806
2,1,8382,20220806
2,2,7637,20220806
3,1,1615,20220806
3,2,1618,20220806
4,1,3186,20220806
4,2,3101,20220806
5,1,3573,20220806
5,2,3770,20220806
6,1,6611,20220806
6,2,7369,20220806
7,1,2555,20220806
7,2,2472,20220806
8,1,9383,20220806
8,2,10775,20220806
1,1,8057,20220807
1,2,6670,20220807
2,1,5744,20220807
2,2,5912,20220807
3,1,1274,20220807
3,2,1310,20220807
4,1,2497,20220807
4,2,2546,20220807
5,1,2826,20220807
5,2,3103,20220807
6,1,5128,20220807
6,2,5646,20220807
7,1,2305,20220807
7,2,2134,20220807
8,1,7885,20220807
8,2,8395,20220807
1,1,8418,20220808
1,2,7387,20220808
2,1,8758,20220808
2,2,8743,20220808
3,1,3186,20220808
3,2,3050,20220808
4,1,4909,20220808
4,2,4900,20220808
5,1,5374,20220808
5,2,5598,20220808
6,1,9842,20220808
6,2,10306,20220808
7,1,2808,20220808
7,2,3007,20220808
8,1,11380,20220808
8,2,11684,20220808
1,1,8143,20220809
1,2,7369,20220809
2,1,8734,20220809
2,2,8787,20220809
3,1,3230,20220809
3,2,3165,20220809
4,1,4957,20220809
4,2,4910,20220809
5,1,5383,20220809
5,2,5545,20220809
6,1,9843,20220809
6,2,10355,20220809
7,1,2841,20220809
7,2,2981,20220809
8,1,11329,20220809
8,2,11348,20220809
1,1,8548,20220810
1,2,7956,20220810
2,1,8902,20220810
2,2,8732,20220810
3,1,3264,20220810
3,2,3149,20220810
4,1,5107,20220810
4,2,4945,20220810
5,1,5468,20220810
5,2,5552,20220810
6,1,10064,20220810
6,2,10574,20220810
7,1,2799,20220810
7,2,2950,20220810
8,1,11544,20220810
8,2,11838,20220810
1,1,9635,20220811
1,2,8043,20220811
2,1,9868,20220811
2,2,9621,20220811
3,1,3217,20220811
3,2,3220,20220811
4,1,5072,20220811
4,2,5072,20220811
5,1,5579,20220811
5,2,5901,20220811
6,1,10451,20220811
6,2,11108,20220811
7,1,2897,20220811
7,2,3177,20220811
8,1,12469,20220811
8,2,13046,20220811
1,1,7928,20220812
1,2,6572,20220812
2,1,5929,20220812
2,2,5591,20220812
3,1,1218,20220812
3,2,1231,20220812
4,1,2383,20220812
4,2,2356,20220812
5,1,2789,20220812
5,2,2964,20220812
6,1,5163,20220812
6,2,5734,20220812
7,1,2074,20220812
7,2,2255,20220812
8,1,7280,20220812
8,2,8061,20220812
1,1,8090,20220813
1,2,6197,20220813
2,1,6057,20220813
2,2,6032,20220813
3,1,1438,20220813
3,2,1338,20220813
4,1,2620,20220813
4,2,2658,20220813
5,1,2822,20220813
5,2,3166,20220813
6,1,5301,20220813
6,2,5982,20220813
7,1,2112,20220813
7,2,2299,20220813
8,1,7757,20220813
8,2,8525,20220813
1,1,8284,20220814
1,2,6451,20220814
2,1,5719,20220814
2,2,5767,20220814
3,1,1232,20220814
3,2,1149,20220814
4,1,2262,20220814
4,2,2326,20220814
5,1,2563,20220814
5,2,3018,20220814
6,1,5003,20220814
6,2,5646,20220814
7,1,2071,20220814
7,2,1983,20220814
8,1,7215,20220814
8,2,8009,20220814
1,1,8860,20220815
1,2,7500,20220815
2,1,8952,20220815
2,2,9279,20220815
3,1,3144,20220815
3,2,3243,20220815
4,1,5158,20220815
4,2,5242,20220815
5,1,5221,20220815
5,2,6183,20220815
6,1,10609,20220815
6,2,10741,20220815
7,1,2715,20220815
7,2,3012,20220815
8,1,12245,20220815
8,2,11704,20220815
1,1,8919,20220816
1,2,7636,20220816
2,1,8887,20220816
2,2,8792,20220816
3,1,3280,20220816
3,2,3265,20220816
4,1,5152,20220816
4,2,5135,20220816
5,1,5371,20220816
5,2,5949,20220816
6,1,10461,20220816
6,2,10884,20220816
7,1,2830,20220816
7,2,3093,20220816
8,1,11575,20220816
8,2,11721,20220816
1,1,8468,20220817
1,2,7456,20220817
2,1,8979,20220817
2,2,8858,20220817
3,1,3292,20220817
3,2,3242,20220817
4,1,5169,20220817
4,2,5079,20220817
5,1,5497,20220817
5,2,5818,20220817
6,1,10278,20220817
6,2,10759,20220817
7,1,2987,20220817
7,2,3191,20220817
8,1,11357,20220817
8,2,11624,20220817
1,1,9471,20220818
1,2,8221,20220818
2,1,9029,20220818
2,2,8971,20220818
3,1,3272,20220818
3,2,3256,20220818
4,1,5194,20220818
4,2,5160,20220818
5,1,5401,20220818
5,2,5849,20220818
6,1,10168,20220818
6,2,10839,20220818
7,1,3003,20220818
7,2,3047,20220818
8,1,12031,20220818
8,2,12226,20220818
1,1,9514,20220819
1,2,7776,20220819
2,1,9643,20220819
2,2,9400,20220819
3,1,3323,20220819
3,2,3350,20220819
4,1,5537,20220819
4,2,5219,20220819
5,1,5559,20220819
5,2,6019,20220819
6,1,10691,20220819
6,2,11374,20220819
7,1,2969,20220819
7,2,3329,20220819
8,1,12338,20220819
8,2,13107,20220819
1,1,8755,20220820
1,2,7538,20220820
2,1,7389,20220820
2,2,7632,20220820
3,1,1763,20220820
3,2,1840,20220820
4,1,3285,20220820
4,2,3151,20220820
5,1,3686,20220820
5,2,4021,20220820
6,1,6696,20220820
6,2,7175,20220820
7,1,2475,20220820
7,2,2354,20220820
8,1,10394,20220820
8,2,10732,20220820
1,1,8059,20220821
1,2,6976,20220821
2,1,5568,20220821
2,2,5710,20220821
3,1,1186,20220821
3,2,1250,20220821
4,1,2375,20220821
4,2,2405,20220821
5,1,2867,20220821
5,2,3222,20220821
6,1,5118,20220821
6,2,5513,20220821
7,1,2234,20220821
7,2,2159,20220821
8,1,8130,20220821
8,2,8302,20220821
1,1,8658,20220822
1,2,7898,20220822
2,1,8971,20220822
2,2,8966,20220822
3,1,3387,20220822
3,2,3351,20220822
4,1,5136,20220822
4,2,5084,20220822
5,1,5288,20220822
5,2,5771,20220822
6,1,10377,20220822
6,2,10822,20220822
7,1,3066,20220822
7,2,3035,20220822
8,1,11601,20220822
8,2,11557,20220822
1,1,8703,20220823
1,2,7922,20220823
2,1,8956,20220823
2,2,8940,20220823
3,1,3374,20220823
3,2,3348,20220823
4,1,5355,20220823
4,2,5200,20220823
5,1,5576,20220823
5,2,5868,20220823
6,1,10432,20220823
6,2,10954,20220823
7,1,2953,20220823
7,2,3044,20220823
8,1,11715,20220823
8,2,11788,20220823
1,1,8965,20220824
1,2,7875,20220824
2,1,8989,20220824
2,2,8881,20220824
3,1,3339,20220824
3,2,3337,20220824
4,1,5332,20220824
4,2,5142,20220824
5,1,5539,20220824
5,2,5847,20220824
6,1,10481,20220824
6,2,11039,20220824
7,1,2996,20220824
7,2,3033,20220824
8,1,11446,20220824
8,2,11933,20220824
1,1,9928,20220825
1,2,8677,20220825
2,1,9082,20220825
2,2,9014,20220825
3,1,3397,20220825
3,2,3350,20220825
4,1,5253,20220825
4,2,5061,20220825
5,1,5719,20220825
5,2,5804,20220825
6,1,10241,20220825
6,2,10977,20220825
7,1,3035,20220825
7,2,3253,20220825
8,1,12124,20220825
8,2,12643,20220825
1,1,11205,20220826
1,2,9527,20220826
2,1,10595,20220826
2,2,10609,20220826
3,1,3329,20220826
3,2,3390,20220826
4,1,5468,20220826
4,2,5574,20220826
5,1,5956,20220826
5,2,6665,20220826
6,1,11669,20220826
6,2,11932,20220826
7,1,3261,20220826
7,2,3553,20220826
8,1,14293,20220826
8,2,14526,20220826
1,1,8831,20220827
1,2,7360,20220827
2,1,7624,20220827
2,2,7630,20220827
3,1,1739,20220827
3,2,1701,20220827
4,1,3368,20220827
4,2,3308,20220827
5,1,3842,20220827
5,2,3936,20220827
6,1,6699,20220827
6,2,7361,20220827
7,1,2528,20220827
7,2,2520,20220827
8,1,9976,20220827
8,2,10791,20220827
1,1,8742,20220828
1,2,7618,20220828
2,1,6687,20220828
2,2,6527,20220828
3,1,1321,20220828
3,2,1271,20220828
4,1,2642,20220828
4,2,2499,20220828
5,1,2929,20220828
5,2,3226,20220828
6,1,5608,20220828
6,2,6159,20220828
7,1,2328,20220828
7,2,2309,20220828
8,1,8447,20220828
8,2,9095,20220828
1,1,10487,20220829
1,2,9194,20220829
2,1,9297,20220829
2,2,9050,20220829
3,1,3287,20220829
3,2,3345,20220829
4,1,5385,20220829
4,2,5163,20220829
5,1,5953,20220829
5,2,6035,20220829
6,1,10507,20220829
6,2,11541,20220829
7,1,3044,20220829
7,2,3219,20220829
8,1,12164,20220829
8,2,12577,20220829
1,1,9235,20220830
1,2,7945,20220830
2,1,9284,20220830
2,2,9157,20220830
3,1,3459,20220830
3,2,3469,20220830
4,1,5472,20220830
4,2,5311,20220830
5,1,5869,20220830
5,2,5960,20220830
6,1,10676,20220830
6,2,11526,20220830
7,1,2982,20220830
7,2,3276,20220830
8,1,11995,20220830
8,2,12328,20220830
1,1,9434,20220831
1,2,7718,20220831
2,1,9271,20220831
2,2,9266,20220831
3,1,3505,20220831
3,2,3547,20220831
4,1,5448,20220831
4,2,5276,20220831
5,1,5992,20220831
5,2,6359,20220831
6,1,11005,20220831
6,2,11534,20220831
7,1,3053,20220831
7,2,3325,20220831
8,1,12295,20220831
8,2,12978,20220831
1,1,9615,20220901
1,2,8120,20220901
2,1,9373,20220901
2,2,9232,20220901
3,1,3412,20220901
3,2,3447,20220901
4,1,5435,20220901
4,2,5289,20220901
5,1,5941,20220901
5,2,6070,20220901
6,1,10657,20220901
6,2,11229,20220901
7,1,3081,20220901
7,2,3317,20220901
8,1,12342,20220901
8,2,13152,20220901
1,1,10787,20220902
1,2,8846,20220902
2,1,10659,20220902
2,2,10440,20220902
3,1,3683,20220902
3,2,3609,20220902
4,1,6002,20220902
4,2,5772,20220902
5,1,6760,20220902
5,2,6705,20220902
6,1,11572,20220902
6,2,12831,20220902
7,1,3468,20220902
7,2,3602,20220902
8,1,14009,20220902
8,2,15135,20220902
1,1,9076,20220903
1,2,7541,20220903
2,1,7472,20220903
2,2,7408,20220903
3,1,1770,20220903
3,2,1754,20220903
4,1,3752,20220903
4,2,3430,20220903
5,1,3992,20220903
5,2,4272,20220903
6,1,6824,20220903
6,2,7528,20220903
7,1,2732,20220903
7,2,2766,20220903
8,1,10089,20220903
8,2,11008,20220903
1,1,9309,20220904
1,2,7759,20220904
2,1,6445,20220904
2,2,6517,20220904
3,1,1353,20220904
3,2,1336,20220904
4,1,2709,20220904
4,2,2838,20220904
5,1,3298,20220904
5,2,3709,20220904
6,1,5962,20220904
6,2,6358,20220904
7,1,2415,20220904
7,2,2389,20220904
8,1,9024,20220904
8,2,9609,20220904
1,1,9455,20220905
1,2,7896,20220905
2,1,9528,20220905
2,2,9344,20220905
3,1,3567,20220905
3,2,3464,20220905
4,1,5376,20220905
4,2,5351,20220905
5,1,5738,20220905
5,2,6035,20220905
6,1,10642,20220905
6,2,11450,20220905
7,1,3029,20220905
7,2,3343,20220905
8,1,12242,20220905
8,2,12694,20220905
1,1,9468,20220906
1,2,8308,20220906
2,1,9353,20220906
2,2,9427,20220906
3,1,3608,20220906
3,2,3679,20220906
4,1,5722,20220906
4,2,5613,20220906
5,1,5884,20220906
5,2,6710,20220906
6,1,11235,20220906
6,2,11638,20220906
7,1,3107,20220906
7,2,3282,20220906
8,1,12812,20220906
8,2,12532,20220906
1,1,9657,20220907
1,2,8603,20220907
2,1,9256,20220907
2,2,9032,20220907
3,1,3576,20220907
3,2,2843,20220907
4,1,5755,20220907
4,2,5523,20220907
5,1,6022,20220907
5,2,6152,20220907
6,1,10664,20220907
6,2,11513,20220907
7,1,3003,20220907
7,2,3380,20220907
8,1,12223,20220907
8,2,13110,20220907
1,1,10982,20220908
1,2,9140,20220908
2,1,9562,20220908
2,2,9269,20220908
3,1,4022,20220908
3,2,3602,20220908
4,1,5753,20220908
4,2,5632,20220908
5,1,6267,20220908
5,2,6957,20220908
6,1,11258,20220908
6,2,12174,20220908
7,1,3176,20220908
7,2,3536,20220908
8,1,13794,20220908
8,2,14504,20220908
1,1,10721,20220909
1,2,9137,20220909
2,1,10097,20220909
2,2,10097,20220909
3,1,3541,20220909
3,2,3475,20220909
4,1,5840,20220909
4,2,5669,20220909
5,1,6168,20220909
5,2,6394,20220909
6,1,11234,20220909
6,2,11968,20220909
7,1,3158,20220909
7,2,3355,20220909
8,1,13793,20220909
8,2,14457,20220909
1,1,9545,20220910
1,2,8294,20220910
2,1,6959,20220910
2,2,6953,20220910
3,1,1761,20220910
3,2,1812,20220910
4,1,3372,20220910
4,2,3369,20220910
5,1,3797,20220910
5,2,4734,20220910
6,1,7017,20220910
6,2,7344,20220910
7,1,2625,20220910
7,2,2527,20220910
8,1,10856,20220910
8,2,10899,20220910
1,1,9068,20220911
1,2,7704,20220911
2,1,5868,20220911
2,2,5847,20220911
3,1,1376,20220911
3,2,1276,20220911
4,1,2331,20220911
4,2,2436,20220911
5,1,3210,20220911
5,2,3470,20220911
6,1,5292,20220911
6,2,5948,20220911
7,1,2336,20220911
7,2,2162,20220911
8,1,8325,20220911
8,2,8963,20220911
1,1,10011,20220912
1,2,8716,20220912
2,1,8535,20220912
2,2,8040,20220912
3,1,3431,20220912
3,2,3425,20220912
4,1,5051,20220912
4,2,5176,20220912
5,1,5840,20220912
5,2,6683,20220912
6,1,10696,20220912
6,2,11373,20220912
7,1,3171,20220912
7,2,3162,20220912
8,1,12342,20220912
8,2,12502,20220912
1,1,10129,20220913
1,2,8897,20220913
2,1,8133,20220913
2,2,8188,20220913
3,1,3465,20220913
3,2,3581,20220913
4,1,5466,20220913
4,2,5456,20220913
5,1,6006,20220913
5,2,6655,20220913
6,1,11150,20220913
6,2,11429,20220913
7,1,2947,20220913
7,2,3083,20220913
8,1,12408,20220913
8,2,12415,20220913
1,1,9960,20220914
1,2,8427,20220914
2,1,8372,20220914
2,2,8317,20220914
3,1,3414,20220914
3,2,3395,20220914
4,1,5140,20220914
4,2,5230,20220914
5,1,5885,20220914
5,2,6386,20220914
6,1,10570,20220914
6,2,11153,20220914
7,1,2869,20220914
7,2,3346,20220914
8,1,12219,20220914
8,2,12175,20220914
1,1,10550,20220915
1,2,8668,20220915
2,1,8498,20220915
2,2,8235,20220915
3,1,3417,20220915
3,2,3379,20220915
4,1,5377,20220915
4,2,5144,20220915
5,1,5805,20220915
5,2,5997,20220915
6,1,10491,20220915
6,2,11368,20220915
7,1,2972,20220915
7,2,3453,20220915
8,1,11748,20220915
8,2,12614,20220915
1,1,10945,20220916
1,2,9133,20220916
2,1,9162,20220916
2,2,9359,20220916
3,1,3479,20220916
3,2,3463,20220916
4,1,5755,20220916
4,2,5303,20220916
5,1,5852,20220916
5,2,6027,20220916
6,1,10982,20220916
6,2,11887,20220916
7,1,3123,20220916
7,2,3440,20220916
8,1,12990,20220916
8,2,13676,20220916
1,1,9541,20220917
1,2,7831,20220917
2,1,6396,20220917
2,2,6601,20220917
3,1,1752,20220917
3,2,1702,20220917
4,1,3338,20220917
4,2,2926,20220917
5,1,3949,20220917
5,2,4043,20220917
6,1,6339,20220917
6,2,7172,20220917
7,1,2516,20220917
7,2,2532,20220917
8,1,9230,20220917
8,2,10254,20220917
1,1,8934,20220918
1,2,7560,20220918
2,1,5770,20220918
2,2,6138,20220918
3,1,1299,20220918
3,2,1300,20220918
4,1,2592,20220918
4,2,2686,20220918
5,1,3053,20220918
5,2,3479,20220918
6,1,5615,20220918
6,2,6152,20220918
7,1,2160,20220918
7,2,2080,20220918
8,1,8456,20220918
8,2,8484,20220918
1,1,9874,20220919
1,2,8209,20220919
2,1,9300,20220919
2,2,9216,20220919
3,1,3397,20220919
3,2,3316,20220919
4,1,5464,20220919
4,2,5138,20220919
5,1,5682,20220919
5,2,6045,20220919
6,1,10413,20220919
6,2,11395,20220919
7,1,3123,20220919
7,2,3329,20220919
8,1,11896,20220919
8,2,12501,20220919
1,1,9423,20220920
1,2,8151,20220920
2,1,9225,20220920
2,2,8931,20220920
3,1,3535,20220920
3,2,3553,20220920
4,1,5551,20220920
4,2,5296,20220920
5,1,5862,20220920
5,2,6193,20220920
6,1,10545,20220920
6,2,11413,20220920
7,1,2886,20220920
7,2,3153,20220920
8,1,11884,20220920
8,2,12221,20220920
1,1,9404,20220921
1,2,8284,20220921
2,1,9097,20220921
2,2,8935,20220921
3,1,3584,20220921
3,2,3532,20220921
4,1,5434,20220921
4,2,5413,20220921
5,1,5834,20220921
5,2,6036,20220921
6,1,10977,20220921
6,2,11534,20220921
7,1,2909,20220921
7,2,3202,20220921
8,1,12170,20220921
8,2,12473,20220921
1,1,10245,20220922
1,2,8424,20220922
2,1,9020,20220922
2,2,8990,20220922
3,1,3492,20220922
3,2,3395,20220922
4,1,5508,20220922
4,2,5180,20220922
5,1,5997,20220922
5,2,6177,20220922
6,1,10477,20220922
6,2,11319,20220922
7,1,2940,20220922
7,2,3454,20220922
8,1,12233,20220922
8,2,12973,20220922
1,1,11100,20220923
1,2,9234,20220923
2,1,9643,20220923
2,2,9356,20220923
3,1,3438,20220923
3,2,3357,20220923
4,1,5720,20220923
4,2,5417,20220923
5,1,5937,20220923
5,2,6164,20220923
6,1,10946,20220923
6,2,11923,20220923
7,1,3048,20220923
7,2,3496,20220923
8,1,13061,20220923
8,2,13946,20220923
1,1,8158,20220924
1,2,6849,20220924
2,1,5372,20220924
2,2,5134,20220924
3,1,1635,20220924
3,2,1523,20220924
4,1,2860,20220924
4,2,2698,20220924
5,1,3488,20220924
5,2,4703,20220924
6,1,5799,20220924
6,2,6180,20220924
7,1,2129,20220924
7,2,2325,20220924
8,1,8367,20220924
8,2,8396,20220924
1,1,9090,20220925
1,2,7125,20220925
2,1,5412,20220925
2,2,5730,20220925
3,1,1349,20220925
3,2,1342,20220925
4,1,2539,20220925
4,2,2643,20220925
5,1,3325,20220925
5,2,3759,20220925
6,1,5177,20220925
6,2,5843,20220925
7,1,2266,20220925
7,2,2136,20220925
8,1,8247,20220925
8,2,8827,20220925
1,1,10141,20220926
1,2,8658,20220926
2,1,8634,20220926
2,2,8375,20220926
3,1,3296,20220926
3,2,3195,20220926
4,1,5144,20220926
4,2,5066,20220926
5,1,5999,20220926
5,2,5937,20220926
6,1,10204,20220926
6,2,11134,20220926
7,1,3344,20220926
7,2,3457,20220926
8,1,11823,20220926
8,2,12763,20220926
1,1,9499,20220927
1,2,8296,20220927
2,1,8820,20220927
2,2,8738,20220927
3,1,3361,20220927
3,2,3314,20220927
4,1,5302,20220927
4,2,5185,20220927
5,1,5707,20220927
5,2,6145,20220927
6,1,10182,20220927
6,2,10888,20220927
7,1,2974,20220927
7,2,3115,20220927
8,1,11923,20220927
8,2,12087,20220927
1,1,9434,20220928
1,2,7939,20220928
2,1,8982,20220928
2,2,8643,20220928
3,1,3414,20220928
3,2,3375,20220928
4,1,5275,20220928
4,2,5012,20220928
5,1,5779,20220928
5,2,5948,20220928
6,1,10024,20220928
6,2,11004,20220928
7,1,3002,20220928
7,2,3135,20220928
8,1,11542,20220928
8,2,12396,20220928
1,1,10044,20220929
1,2,8110,20220929
2,1,8461,20220929
2,2,8337,20220929
3,1,3204,20220929
3,2,3116,20220929
4,1,5115,20220929
4,2,4889,20220929
5,1,5816,20220929
5,2,5911,20220929
6,1,9774,20220929
6,2,10865,20220929
7,1,2806,20220929
7,2,3187,20220929
8,1,11651,20220929
8,2,12456,20220929
1,1,12294,20220930
1,2,9734,20220930
2,1,9744,20220930
2,2,9773,20220930
3,1,3450,20220930
3,2,3273,20220930
4,1,5554,20220930
4,2,5197,20220930
5,1,6092,20220930
5,2,6454,20220930
6,1,11063,20220930
6,2,12249,20220930
7,1,3083,20220930
7,2,3380,20220930
8,1,13252,20220930
8,2,14472,20220930
1,1,9336,20221001
1,2,7642,20221001
2,1,7423,20221001
2,2,7229,20221001
3,1,1901,20221001
3,2,1748,20221001
4,1,3660,20221001
4,2,3580,20221001
5,1,4161,20221001
5,2,4666,20221001
6,1,7139,20221001
6,2,7717,20221001
7,1,2826,20221001
7,2,2780,20221001
8,1,9873,20221001
8,2,10957,20221001
1,1,8433,20221002
1,2,7103,20221002
2,1,6532,20221002
2,2,6680,20221002
3,1,1476,20221002
3,2,1426,20221002
4,1,2804,20221002
4,2,2708,20221002
5,1,3604,20221002
5,2,4038,20221002
6,1,5799,20221002
6,2,6309,20221002
7,1,2471,20221002
7,2,2304,20221002
8,1,8588,20221002
8,2,9139,20221002
1,1,10122,20221003
1,2,9026,20221003
2,1,9717,20221003
2,2,9950,20221003
3,1,3480,20221003
3,2,3597,20221003
4,1,5614,20221003
4,2,5956,20221003
5,1,6301,20221003
5,2,7258,20221003
6,1,11781,20221003
6,2,11910,20221003
7,1,3287,20221003
7,2,3623,20221003
8,1,14301,20221003
8,2,13283,20221003
1,1,9277,20221004
1,2,8313,20221004
2,1,9434,20221004
2,2,9215,20221004
3,1,3548,20221004
3,2,3504,20221004
4,1,5351,20221004
4,2,5247,20221004
5,1,6062,20221004
5,2,6430,20221004
6,1,10821,20221004
6,2,11557,20221004
7,1,3005,20221004
7,2,3051,20221004
8,1,12626,20221004
8,2,12807,20221004
1,1,9575,20221005
1,2,7959,20221005
2,1,9870,20221005
2,2,9489,20221005
3,1,3623,20221005
3,2,3451,20221005
4,1,5387,20221005
4,2,5178,20221005
5,1,5957,20221005
5,2,6185,20221005
6,1,10369,20221005
6,2,11582,20221005
7,1,2991,20221005
7,2,3294,20221005
8,1,12596,20221005
8,2,13230,20221005
1,1,10196,20221006
1,2,8081,20221006
2,1,9992,20221006
2,2,10171,20221006
3,1,3458,20221006
3,2,3439,20221006
4,1,5301,20221006
4,2,5355,20221006
5,1,5806,20221006
5,2,6307,20221006
6,1,11396,20221006
6,2,11744,20221006
7,1,3132,20221006
7,2,3433,20221006
8,1,12670,20221006
8,2,13421,20221006
1,1,11336,20221007
1,2,9060,20221007
2,1,10141,20221007
2,2,9966,20221007
3,1,3501,20221007
3,2,3460,20221007
4,1,5516,20221007
4,2,5437,20221007
5,1,6059,20221007
5,2,7083,20221007
6,1,11661,20221007
6,2,12282,20221007
7,1,3187,20221007
7,2,3455,20221007
8,1,14379,20221007
8,2,15037,20221007
1,1,9357,20221008
1,2,7622,20221008
2,1,7627,20221008
2,2,7688,20221008
3,1,1767,20221008
3,2,1825,20221008
4,1,3623,20221008
4,2,3423,20221008
5,1,4060,20221008
5,2,4513,20221008
6,1,7532,20221008
6,2,7978,20221008
7,1,2570,20221008
7,2,2500,20221008
8,1,10073,20221008
8,2,11060,20221008
1,1,8407,20221009
1,2,7488,20221009
2,1,6290,20221009
2,2,6522,20221009
3,1,1360,20221009
3,2,1399,20221009
4,1,2715,20221009
4,2,2734,20221009
5,1,3225,20221009
5,2,3758,20221009
6,1,6020,20221009
6,2,6278,20221009
7,1,2402,20221009
7,2,2293,20221009
8,1,8870,20221009
8,2,8817,20221009
1,1,9445,20221010
1,2,8672,20221010
2,1,9536,20221010
2,2,9270,20221010
3,1,3525,20221010
3,2,3316,20221010
4,1,5471,20221010
4,2,5300,20221010
5,1,5781,20221010
5,2,6045,20221010
6,1,10593,20221010
6,2,11329,20221010
7,1,3137,20221010
7,2,3163,20221010
8,1,12634,20221010
8,2,13027,20221010
1,1,9919,20221011
1,2,9201,20221011
2,1,9641,20221011
2,2,9311,20221011
3,1,3520,20221011
3,2,3345,20221011
4,1,5453,20221011
4,2,5042,20221011
5,1,5951,20221011
5,2,6090,20221011
6,1,10560,20221011
6,2,11550,20221011
7,1,3044,20221011
7,2,3027,20221011
8,1,12813,20221011
8,2,13335,20221011
1,1,10750,20221012
1,2,10315,20221012
2,1,11029,20221012
2,2,10353,20221012
3,1,3592,20221012
3,2,3444,20221012
4,1,5592,20221012
4,2,5512,20221012
5,1,6202,20221012
5,2,6513,20221012
6,1,11957,20221012
6,2,12620,20221012
7,1,3131,20221012
7,2,3235,20221012
8,1,14179,20221012
8,2,14440,20221012
1,1,9366,20221013
1,2,8087,20221013
2,1,7167,20221013
2,2,6891,20221013
3,1,1652,20221013
3,2,1643,20221013
4,1,3052,20221013
4,2,2941,20221013
5,1,3496,20221013
5,2,3541,20221013
6,1,7033,20221013
6,2,7421,20221013
7,1,2367,20221013
7,2,2576,20221013
8,1,8718,20221013
8,2,9751,20221013
1,1,10324,20221014
1,2,8930,20221014
2,1,7756,20221014
2,2,7415,20221014
3,1,2132,20221014
3,2,2102,20221014
4,1,3703,20221014
4,2,3592,20221014
5,1,4442,20221014
5,2,4535,20221014
6,1,7885,20221014
6,2,8828,20221014
7,1,2732,20221014
7,2,2822,20221014
8,1,9720,20221014
8,2,10470,20221014
1,1,10684,20221015
1,2,7832,20221015
2,1,7473,20221015
2,2,7333,20221015
3,1,1757,20221015
3,2,1649,20221015
4,1,3464,20221015
4,2,4351,20221015
5,1,4747,20221015
5,2,5388,20221015
6,1,8015,20221015
6,2,8413,20221015
7,1,2712,20221015
7,2,2613,20221015
8,1,10312,20221015
8,2,11585,20221015
1,1,10905,20221016
1,2,8286,20221016
2,1,7790,20221016
2,2,8039,20221016
3,1,1632,20221016
3,2,1583,20221016
4,1,3253,20221016
4,2,3740,20221016
5,1,4439,20221016
5,2,5259,20221016
6,1,7298,20221016
6,2,8121,20221016
7,1,2742,20221016
7,2,2386,20221016
8,1,11175,20221016
8,2,11820,20221016
1,1,12504,20221017
1,2,10033,20221017
2,1,9594,20221017
2,2,9650,20221017
3,1,3350,20221017
3,2,3288,20221017
4,1,5302,20221017
4,2,5401,20221017
5,1,5900,20221017
5,2,6897,20221017
6,1,11007,20221017
6,2,11706,20221017
7,1,3249,20221017
7,2,3277,20221017
8,1,12879,20221017
8,2,13533,20221017
1,1,10187,20221018
1,2,8029,20221018
2,1,9678,20221018
2,2,9578,20221018
3,1,3446,20221018
3,2,3352,20221018
4,1,5267,20221018
4,2,5079,20221018
5,1,5628,20221018
5,2,6330,20221018
6,1,10818,20221018
6,2,11746,20221018
7,1,3077,20221018
7,2,3197,20221018
8,1,12296,20221018
8,2,13086,20221018
1,1,10101,20221019
1,2,8198,20221019
2,1,9459,20221019
2,2,9400,20221019
3,1,3509,20221019
3,2,3421,20221019
4,1,5349,20221019
4,2,5145,20221019
5,1,6161,20221019
5,2,6671,20221019
6,1,10913,20221019
6,2,11653,20221019
7,1,3075,20221019
7,2,3243,20221019
8,1,12309,20221019
8,2,13145,20221019
1,1,10213,20221020
1,2,8208,20221020
2,1,9621,20221020
2,2,9305,20221020
3,1,3375,20221020
3,2,3237,20221020
4,1,5319,20221020
4,2,5204,20221020
5,1,6023,20221020
5,2,6414,20221020
6,1,10657,20221020
6,2,11506,20221020
7,1,3250,20221020
7,2,3406,20221020
8,1,12112,20221020
8,2,13290,20221020
1,1,11081,20221021
1,2,8519,20221021
2,1,10571,20221021
2,2,10132,20221021
3,1,3345,20221021
3,2,3154,20221021
4,1,5329,20221021
4,2,5088,20221021
5,1,6116,20221021
5,2,6529,20221021
6,1,11343,20221021
6,2,12697,20221021
7,1,3130,20221021
7,2,3291,20221021
8,1,12903,20221021
8,2,14408,20221021
1,1,9414,20221022
1,2,7347,20221022
2,1,8021,20221022
2,2,7917,20221022
3,1,1853,20221022
3,2,1861,20221022
4,1,3536,20221022
4,2,3367,20221022
5,1,4114,20221022
5,2,4537,20221022
6,1,8448,20221022
6,2,9185,20221022
7,1,2643,20221022
7,2,2703,20221022
8,1,9524,20221022
8,2,10636,20221022
1,1,8670,20221023
1,2,7432,20221023
2,1,6390,20221023
2,2,6529,20221023
3,1,1514,20221023
3,2,1433,20221023
4,1,2831,20221023
4,2,2782,20221023
5,1,3164,20221023
5,2,3548,20221023
6,1,6932,20221023
6,2,7512,20221023
7,1,2449,20221023
7,2,2294,20221023
8,1,7973,20221023
8,2,8393,20221023
1,1,9400,20221024
1,2,7614,20221024
2,1,5703,20221024
2,2,5692,20221024
3,1,1430,20221024
3,2,1427,20221024
4,1,2717,20221024
4,2,2697,20221024
5,1,3498,20221024
5,2,3839,20221024
6,1,5692,20221024
6,2,6248,20221024
7,1,2277,20221024
7,2,2170,20221024
8,1,7590,20221024
8,2,8620,20221024
1,1,10268,20221025
1,2,8339,20221025
2,1,9264,20221025
2,2,9385,20221025
3,1,3481,20221025
3,2,3322,20221025
4,1,5225,20221025
4,2,5116,20221025
5,1,5828,20221025
5,2,6314,20221025
6,1,10522,20221025
6,2,11420,20221025
7,1,3084,20221025
7,2,3161,20221025
8,1,12328,20221025
8,2,12943,20221025
1,1,10110,20221026
1,2,7968,20221026
2,1,9239,20221026
2,2,9273,20221026
3,1,3502,20221026
3,2,3419,20221026
4,1,5284,20221026
4,2,5137,20221026
5,1,5933,20221026
5,2,6460,20221026
6,1,10499,20221026
6,2,11411,20221026
7,1,3130,20221026
7,2,3223,20221026
8,1,12227,20221026
8,2,13033,20221026
1,1,10468,20221027
1,2,8082,20221027
2,1,9334,20221027
2,2,9253,20221027
3,1,3480,20221027
3,2,3288,20221027
4,1,5108,20221027
4,2,5048,20221027
5,1,6039,20221027
5,2,6349,20221027
6,1,10322,20221027
6,2,11461,20221027
7,1,3156,20221027
7,2,3416,20221027
8,1,12307,20221027
8,2,13317,20221027
1,1,10513,20221028
1,2,7744,20221028
2,1,10166,20221028
2,2,10023,20221028
3,1,3544,20221028
3,2,3356,20221028
4,1,5438,20221028
4,2,5105,20221028
5,1,6112,20221028
5,2,6586,20221028
6,1,10702,20221028
6,2,11965,20221028
7,1,3132,20221028
7,2,3436,20221028
8,1,13260,20221028
8,2,14652,20221028
1,1,9280,20221029
1,2,7446,20221029
2,1,7572,20221029
2,2,7517,20221029
3,1,1898,20221029
3,2,1832,20221029
4,1,3563,20221029
4,2,3422,20221029
5,1,4327,20221029
5,2,4508,20221029
6,1,7187,20221029
6,2,8147,20221029
7,1,2762,20221029
7,2,2787,20221029
8,1,10217,20221029
8,2,11147,20221029
1,1,9271,20221030
1,2,7388,20221030
2,1,6586,20221030
2,2,6659,20221030
3,1,1467,20221030
3,2,1405,20221030
4,1,2883,20221030
4,2,2903,20221030
5,1,4127,20221030
5,2,4414,20221030
6,1,6438,20221030
6,2,7218,20221030
7,1,2526,20221030
7,2,2418,20221030
8,1,8723,20221030
8,2,9616,20221030
1,1,10172,20221031
1,2,7944,20221031
2,1,9637,20221031
2,2,9723,20221031
3,1,3434,20221031
3,2,3403,20221031
4,1,5300,20221031
4,2,5193,20221031
5,1,5944,20221031
5,2,6318,20221031
6,1,10493,20221031
6,2,11563,20221031
7,1,3108,20221031
7,2,3242,20221031
8,1,12486,20221031
8,2,13188,20221031
1,1,10569,20221101
1,2,8471,20221101
2,1,9645,20221101
2,2,10060,20221101
3,1,3600,20221101
3,2,3522,20221101
4,1,5568,20221101
4,2,5343,20221101
5,1,6179,20221101
5,2,6605,20221101
6,1,10674,20221101
6,2,11793,20221101
7,1,3229,20221101
7,2,3373,20221101
8,1,13032,20221101
8,2,13329,20221101
1,1,9651,20221102
1,2,8114,20221102
2,1,9623,20221102
2,2,9654,20221102
3,1,3618,20221102
3,2,3524,20221102
4,1,5527,20221102
4,2,5210,20221102
5,1,6260,20221102
5,2,6475,20221102
6,1,10849,20221102
6,2,11674,20221102
7,1,3023,20221102
7,2,3248,20221102
8,1,12306,20221102
8,2,12958,20221102
1,1,10509,20221103
1,2,8157,20221103
2,1,9582,20221103
2,2,9457,20221103
3,1,3453,20221103
3,2,3406,20221103
4,1,5469,20221103
4,2,5236,20221103
5,1,5940,20221103
5,2,5971,20221103
6,1,10299,20221103
6,2,11523,20221103
7,1,3185,20221103
7,2,3516,20221103
8,1,12355,20221103
8,2,13526,20221103
1,1,11090,20221104
1,2,8294,20221104
2,1,11002,20221104
2,2,12139,20221104
3,1,3519,20221104
3,2,3438,20221104
4,1,5743,20221104
4,2,5326,20221104
5,1,6095,20221104
5,2,6249,20221104
6,1,11554,20221104
6,2,12550,20221104
7,1,3337,20221104
7,2,3429,20221104
8,1,14081,20221104
8,2,14996,20221104
1,1,10488,20221105
1,2,7333,20221105
2,1,8655,20221105
2,2,8449,20221105
3,1,1897,20221105
3,2,1829,20221105
4,1,3647,20221105
4,2,3582,20221105
5,1,3928,20221105
5,2,4201,20221105
6,1,7538,20221105
6,2,8640,20221105
7,1,2949,20221105
7,2,3156,20221105
8,1,10408,20221105
8,2,12320,20221105
1,1,9359,20221106
1,2,7467,20221106
2,1,6816,20221106
2,2,6524,20221106
3,1,1381,20221106
3,2,1404,20221106
4,1,2713,20221106
4,2,2903,20221106
5,1,3235,20221106
5,2,3645,20221106
6,1,6007,20221106
6,2,6623,20221106
7,1,2747,20221106
7,2,2797,20221106
8,1,8777,20221106
8,2,9672,20221106
1,1,10395,20221107
1,2,8171,20221107
2,1,9482,20221107
2,2,9433,20221107
3,1,3397,20221107
3,2,3344,20221107
4,1,5297,20221107
4,2,5130,20221107
5,1,5389,20221107
5,2,5826,20221107
6,1,10315,20221107
6,2,11357,20221107
7,1,3412,20221107
7,2,3628,20221107
8,1,12262,20221107
8,2,13060,20221107
1,1,10160,20221108
1,2,8134,20221108
2,1,10082,20221108
2,2,10349,20221108
3,1,3671,20221108
3,2,3665,20221108
4,1,6113,20221108
4,2,5699,20221108
5,1,6622,20221108
5,2,6898,20221108
6,1,11499,20221108
6,2,12487,20221108
7,1,3895,20221108
7,2,3807,20221108
8,1,13312,20221108
8,2,14315,20221108
1,1,11046,20221109
1,2,8921,20221109
2,1,9428,20221109
2,2,9458,20221109
3,1,3616,20221109
3,2,3572,20221109
4,1,5476,20221109
4,2,5333,20221109
5,1,5838,20221109
5,2,6212,20221109
6,1,10732,20221109
6,2,11608,20221109
7,1,3444,20221109
7,2,3630,20221109
8,1,12667,20221109
8,2,13513,20221109
1,1,11473,20221110
1,2,9280,20221110
2,1,9431,20221110
2,2,9818,20221110
3,1,3243,20221110
3,2,3476,20221110
4,1,5130,20221110
4,2,5272,20221110
5,1,5511,20221110
5,2,6177,20221110
6,1,10809,20221110
6,2,10135,20221110
7,1,3492,20221110
7,2,3756,20221110
8,1,12980,20221110
8,2,14155,20221110
1,1,11559,20221111
1,2,9164,20221111
2,1,10307,20221111
2,2,10410,20221111
3,1,3341,20221111
3,2,3475,20221111
4,1,5513,20221111
4,2,5463,20221111
5,1,5893,20221111
5,2,6383,20221111
6,1,11363,20221111
6,2,11699,20221111
7,1,3642,20221111
7,2,3855,20221111
8,1,13658,20221111
8,2,14827,20221111
1,1,11620,20221112
1,2,9159,20221112
2,1,9405,20221112
2,2,8858,20221112
3,1,2136,20221112
3,2,2083,20221112
4,1,3902,20221112
4,2,3818,20221112
5,1,4418,20221112
5,2,5119,20221112
6,1,9950,20221112
6,2,10974,20221112
7,1,3352,20221112
7,2,3153,20221112
8,1,12024,20221112
8,2,13643,20221112
1,1,9335,20221113
1,2,8617,20221113
2,1,7057,20221113
2,2,7207,20221113
3,1,1591,20221113
3,2,1632,20221113
4,1,3125,20221113
4,2,3021,20221113
5,1,3529,20221113
5,2,4069,20221113
6,1,7662,20221113
6,2,8007,20221113
7,1,2911,20221113
7,2,2572,20221113
8,1,9930,20221113
8,2,10015,20221113
1,1,10128,20221114
1,2,9606,20221114
2,1,9462,20221114
2,2,9386,20221114
3,1,3397,20221114
3,2,3370,20221114
4,1,5345,20221114
4,2,5312,20221114
5,1,5784,20221114
5,2,6304,20221114
6,1,10592,20221114
6,2,11110,20221114
7,1,3310,20221114
7,2,3337,20221114
8,1,13410,20221114
8,2,13003,20221114
1,1,9997,20221115
1,2,9737,20221115
2,1,9863,20221115
2,2,9744,20221115
3,1,3492,20221115
3,2,3503,20221115
4,1,5480,20221115
4,2,5235,20221115
5,1,5740,20221115
5,2,6099,20221115
6,1,10738,20221115
6,2,11253,20221115
7,1,3477,20221115
7,2,3603,20221115
8,1,13628,20221115
8,2,13241,20221115
1,1,9487,20221116
1,2,9274,20221116
2,1,8031,20221116
2,2,7713,20221116
3,1,2818,20221116
3,2,2621,20221116
4,1,4408,20221116
4,2,4260,20221116
5,1,4874,20221116
5,2,5004,20221116
6,1,8775,20221116
6,2,9310,20221116
7,1,2814,20221116
7,2,2971,20221116
8,1,11166,20221116
8,2,11220,20221116
1,1,10544,20221117
1,2,8582,20221117
2,1,7696,20221117
2,2,7784,20221117
3,1,2604,20221117
3,2,2462,20221117
4,1,4230,20221117
4,2,4052,20221117
5,1,4806,20221117
5,2,5024,20221117
6,1,8288,20221117
6,2,9388,20221117
7,1,2830,20221117
7,2,2908,20221117
8,1,10571,20221117
8,2,11369,20221117
1,1,10907,20221118
1,2,7947,20221118
2,1,7631,20221118
2,2,7955,20221118
3,1,2514,20221118
3,2,2456,20221118
4,1,4271,20221118
4,2,4078,20221118
5,1,4864,20221118
5,2,5057,20221118
6,1,8278,20221118
6,2,9553,20221118
7,1,2967,20221118
7,2,3094,20221118
8,1,10622,20221118
8,2,11914,20221118
1,1,10554,20221119
1,2,7532,20221119
2,1,6452,20221119
2,2,6270,20221119
3,1,1643,20221119
3,2,1578,20221119
4,1,3232,20221119
4,2,3134,20221119
5,1,3722,20221119
5,2,4080,20221119
6,1,6508,20221119
6,2,7538,20221119
7,1,2775,20221119
7,2,2750,20221119
8,1,8637,20221119
8,2,10641,20221119
1,1,10324,20221120
1,2,7709,20221120
2,1,5991,20221120
2,2,6284,20221120
3,1,1391,20221120
3,2,1346,20221120
4,1,2793,20221120
4,2,2847,20221120
5,1,3184,20221120
5,2,3854,20221120
6,1,6012,20221120
6,2,6624,20221120
7,1,2649,20221120
7,2,2540,20221120
8,1,8454,20221120
8,2,9594,20221120
1,1,11037,20221121
1,2,9166,20221121
2,1,9526,20221121
2,2,9653,20221121
3,1,3398,20221121
3,2,3305,20221121
4,1,5654,20221121
4,2,5336,20221121
5,1,5722,20221121
5,2,6238,20221121
6,1,11040,20221121
6,2,11862,20221121
7,1,3150,20221121
7,2,3374,20221121
8,1,12655,20221121
8,2,13248,20221121
1,1,10448,20221122
1,2,8465,20221122
2,1,9562,20221122
2,2,9697,20221122
3,1,3576,20221122
3,2,3581,20221122
4,1,5745,20221122
4,2,5522,20221122
5,1,5867,20221122
5,2,6126,20221122
6,1,10993,20221122
6,2,11937,20221122
7,1,3407,20221122
7,2,3771,20221122
8,1,12606,20221122
8,2,13105,20221122
1,1,10739,20221123
1,2,8636,20221123
2,1,9212,20221123
2,2,9308,20221123
3,1,3630,20221123
3,2,3521,20221123
4,1,5594,20221123
4,2,5423,20221123
5,1,5930,20221123
5,2,6502,20221123
6,1,10912,20221123
6,2,11914,20221123
7,1,3231,20221123
7,2,3550,20221123
8,1,12730,20221123
8,2,13124,20221123
1,1,11456,20221124
1,2,8772,20221124
2,1,9362,20221124
2,2,9541,20221124
3,1,3416,20221124
3,2,3335,20221124
4,1,5538,20221124
4,2,5447,20221124
5,1,5806,20221124
5,2,6529,20221124
6,1,11017,20221124
6,2,11828,20221124
7,1,3259,20221124
7,2,3804,20221124
8,1,13141,20221124
8,2,13739,20221124
1,1,12216,20221125
1,2,9175,20221125
2,1,10007,20221125
2,2,9985,20221125
3,1,3506,20221125
3,2,3459,20221125
4,1,5779,20221125
4,2,5583,20221125
5,1,6208,20221125
5,2,7016,20221125
6,1,11456,20221125
6,2,12753,20221125
7,1,3710,20221125
7,2,4009,20221125
8,1,14097,20221125
8,2,14999,20221125
1,1,10145,20221126
1,2,8255,20221126
2,1,7315,20221126
2,2,7352,20221126
3,1,1773,20221126
3,2,1707,20221126
4,1,3521,20221126
4,2,3473,20221126
5,1,4123,20221126
5,2,4360,20221126
6,1,6996,20221126
6,2,7797,20221126
7,1,3027,20221126
7,2,2991,20221126
8,1,10406,20221126
8,2,11371,20221126
1,1,9638,20221127
1,2,7920,20221127
2,1,6509,20221127
2,2,6349,20221127
3,1,1491,20221127
3,2,1420,20221127
4,1,2842,20221127
4,2,2849,20221127
5,1,3404,20221127
5,2,3669,20221127
6,1,6069,20221127
6,2,6719,20221127
7,1,2878,20221127
7,2,2749,20221127
8,1,9009,20221127
8,2,10165,20221127
1,1,10290,20221128
1,2,9568,20221128
2,1,9507,20221128
2,2,9316,20221128
3,1,3460,20221128
3,2,3491,20221128
4,1,5615,20221128
4,2,5390,20221128
5,1,5941,20221128
5,2,6098,20221128
6,1,10860,20221128
6,2,11639,20221128
7,1,3322,20221128
7,2,3482,20221128
8,1,12880,20221128
8,2,12891,20221128
1,1,9879,20221129
1,2,8651,20221129
2,1,9314,20221129
2,2,9577,20221129
3,1,3558,20221129
3,2,3563,20221129
4,1,5669,20221129
4,2,5441,20221129
5,1,5866,20221129
5,2,6254,20221129
6,1,11064,20221129
6,2,11562,20221129
7,1,3450,20221129
7,2,3707,20221129
8,1,12767,20221129
8,2,12812,20221129
1,1,10571,20221130
1,2,9280,20221130
2,1,9530,20221130
2,2,9432,20221130
3,1,3648,20221130
3,2,3557,20221130
4,1,5738,20221130
4,2,5536,20221130
5,1,5960,20221130
5,2,6231,20221130
6,1,10950,20221130
6,2,11690,20221130
7,1,3241,20221130
7,2,3531,20221130
8,1,13031,20221130
8,2,13412,20221130
1,1,10666,20221201
1,2,8993,20221201
2,1,9569,20221201
2,2,9417,20221201
3,1,3546,20221201
3,2,3460,20221201
4,1,5746,20221201
4,2,5474,20221201
5,1,6041,20221201
5,2,6136,20221201
6,1,10843,20221201
6,2,11726,20221201
7,1,3361,20221201
7,2,3565,20221201
8,1,12999,20221201
8,2,14000,20221201
1,1,13407,20221202
1,2,11372,20221202
2,1,10611,20221202
2,2,10433,20221202
3,1,3617,20221202
3,2,3562,20221202
4,1,6210,20221202
4,2,5895,20221202
5,1,6296,20221202
5,2,6566,20221202
6,1,12264,20221202
6,2,13092,20221202
7,1,3548,20221202
7,2,3809,20221202
8,1,14733,20221202
8,2,15957,20221202
1,1,11335,20221203
1,2,8897,20221203
2,1,7815,20221203
2,2,7812,20221203
3,1,1787,20221203
3,2,1724,20221203
4,1,3673,20221203
4,2,3597,20221203
5,1,4164,20221203
5,2,4543,20221203
6,1,7532,20221203
6,2,8561,20221203
7,1,3021,20221203
7,2,3059,20221203
8,1,11056,20221203
8,2,12190,20221203
1,1,8958,20221204
1,2,7899,20221204
2,1,6970,20221204
2,2,7185,20221204
3,1,1469,20221204
3,2,1468,20221204
4,1,3036,20221204
4,2,2960,20221204
5,1,3346,20221204
5,2,3629,20221204
6,1,6430,20221204
6,2,6712,20221204
7,1,3106,20221204
7,2,2962,20221204
8,1,9467,20221204
8,2,9967,20221204
1,1,9835,20221205
1,2,8928,20221205
2,1,6029,20221205
2,2,5713,20221205
3,1,1346,20221205
3,2,1344,20221205
4,1,2685,20221205
4,2,2693,20221205
5,1,3166,20221205
5,2,3309,20221205
6,1,5878,20221205
6,2,6478,20221205
7,1,2545,20221205
7,2,2680,20221205
8,1,8413,20221205
8,2,8752,20221205
1,1,11143,20221206
1,2,8978,20221206
2,1,9991,20221206
2,2,10001,20221206
3,1,3618,20221206
3,2,3482,20221206
4,1,5622,20221206
4,2,5486,20221206
5,1,6033,20221206
5,2,6453,20221206
6,1,10897,20221206
6,2,12060,20221206
7,1,3653,20221206
7,2,3859,20221206
8,1,13209,20221206
8,2,13847,20221206
1,1,10732,20221207
1,2,8563,20221207
2,1,9498,20221207
2,2,9477,20221207
3,1,3545,20221207
3,2,3563,20221207
4,1,5693,20221207
4,2,5482,20221207
5,1,5927,20221207
5,2,6238,20221207
6,1,10922,20221207
6,2,11826,20221207
7,1,3352,20221207
7,2,3690,20221207
8,1,12618,20221207
8,2,13448,20221207
1,1,11466,20221208
1,2,9008,20221208
2,1,9562,20221208
2,2,9760,20221208
3,1,3569,20221208
3,2,3428,20221208
4,1,5706,20221208
4,2,5469,20221208
5,1,5984,20221208
5,2,6269,20221208
6,1,10858,20221208
6,2,11860,20221208
7,1,3555,20221208
7,2,3822,20221208
8,1,13254,20221208
8,2,14338,20221208
1,1,12142,20221209
1,2,9397,20221209
2,1,10285,20221209
2,2,11006,20221209
3,1,3554,20221209
3,2,3547,20221209
4,1,5979,20221209
4,2,5542,20221209
5,1,6287,20221209
5,2,6514,20221209
6,1,11926,20221209
6,2,12777,20221209
7,1,3534,20221209
7,2,3769,20221209
8,1,14213,20221209
8,2,15368,20221209
1,1,10419,20221210
1,2,8377,20221210
2,1,11205,20221210
2,2,12194,20221210
3,1,1912,20221210
3,2,1827,20221210
4,1,4412,20221210
4,2,4532,20221210
5,1,5206,20221210
5,2,5620,20221210
6,1,9947,20221210
6,2,10249,20221210
7,1,3234,20221210
7,2,3194,20221210
8,1,13267,20221210
8,2,13609,20221210
1,1,9214,20221211
1,2,8484,20221211
2,1,11173,20221211
2,2,11214,20221211
3,1,1629,20221211
3,2,1575,20221211
4,1,3615,20221211
4,2,3423,20221211
5,1,4007,20221211
5,2,4229,20221211
6,1,9894,20221211
6,2,10697,20221211
7,1,3025,20221211
7,2,2971,20221211
8,1,11252,20221211
8,2,11216,20221211
1,1,10169,20221212
1,2,8814,20221212
2,1,7152,20221212
2,2,6587,20221212
3,1,1870,20221212
3,2,1801,20221212
4,1,3512,20221212
4,2,3473,20221212
5,1,3881,20221212
5,2,4335,20221212
6,1,7465,20221212
6,2,8332,20221212
7,1,2785,20221212
7,2,2821,20221212
8,1,9459,20221212
8,2,10130,20221212
1,1,11248,20221213
1,2,9949,20221213
2,1,9767,20221213
2,2,9576,20221213
3,1,3495,20221213
3,2,3508,20221213
4,1,5681,20221213
4,2,5476,20221213
5,1,6074,20221213
5,2,6582,20221213
6,1,11436,20221213
6,2,13288,20221213
7,1,3431,20221213
7,2,3540,20221213
8,1,13396,20221213
8,2,12609,20221213
1,1,11135,20221214
1,2,9418,20221214
2,1,9432,20221214
2,2,9344,20221214
3,1,3529,20221214
3,2,3538,20221214
4,1,5755,20221214
4,2,5522,20221214
5,1,5884,20221214
5,2,6293,20221214
6,1,11249,20221214
6,2,11907,20221214
7,1,3417,20221214
7,2,3717,20221214
8,1,12958,20221214
8,2,13620,20221214
1,1,10875,20221215
1,2,9217,20221215
2,1,9530,20221215
2,2,9374,20221215
3,1,3447,20221215
3,2,3453,20221215
4,1,5586,20221215
4,2,5311,20221215
5,1,5990,20221215
5,2,6275,20221215
6,1,11151,20221215
6,2,11797,20221215
7,1,3559,20221215
7,2,3952,20221215
8,1,12807,20221215
8,2,13566,20221215
1,1,11956,20221216
1,2,9543,20221216
2,1,9794,20221216
2,2,9916,20221216
3,1,3555,20221216
3,2,3449,20221216
4,1,5947,20221216
4,2,5328,20221216
5,1,6107,20221216
5,2,6260,20221216
6,1,11440,20221216
6,2,12786,20221216
7,1,3529,20221216
7,2,3931,20221216
8,1,13361,20221216
8,2,14476,20221216
1,1,10277,20221217
1,2,8483,20221217
2,1,8899,20221217
2,2,8836,20221217
3,1,2163,20221217
3,2,2087,20221217
4,1,4146,20221217
4,2,3801,20221217
5,1,4416,20221217
5,2,4725,20221217
6,1,8246,20221217
6,2,9254,20221217
7,1,3368,20221217
7,2,3483,20221217
8,1,12248,20221217
8,2,13094,20221217
1,1,9673,20221218
1,2,8360,20221218
2,1,8638,20221218
2,2,8620,20221218
3,1,1876,20221218
3,2,1860,20221218
4,1,3544,20221218
4,2,3522,20221218
5,1,4033,20221218
5,2,4320,20221218
6,1,7955,20221218
6,2,8311,20221218
7,1,3396,20221218
7,2,3126,20221218
8,1,12228,20221218
8,2,13224,20221218
1,1,10748,20221219
1,2,9556,20221219
2,1,9134,20221219
2,2,9091,20221219
3,1,3386,20221219
3,2,3324,20221219
4,1,5312,20221219
4,2,5027,20221219
5,1,5504,20221219
5,2,6058,20221219
6,1,10440,20221219
6,2,11191,20221219
7,1,3649,20221219
7,2,3676,20221219
8,1,12665,20221219
8,2,12915,20221219
1,1,10651,20221220
1,2,9511,20221220
2,1,9083,20221220
2,2,8922,20221220
3,1,3474,20221220
3,2,3374,20221220
4,1,5541,20221220
4,2,5203,20221220
5,1,5552,20221220
5,2,6008,20221220
6,1,10672,20221220
6,2,11445,20221220
7,1,3508,20221220
7,2,3634,20221220
8,1,12570,20221220
8,2,12954,20221220
1,1,10897,20221221
1,2,9196,20221221
2,1,9009,20221221
2,2,8892,20221221
3,1,3420,20221221
3,2,3306,20221221
4,1,5469,20221221
4,2,5101,20221221
5,1,5662,20221221
5,2,5991,20221221
6,1,10142,20221221
6,2,11193,20221221
7,1,3521,20221221
7,2,3651,20221221
8,1,12499,20221221
8,2,13289,20221221
1,1,11038,20221222
1,2,9120,20221222
2,1,9252,20221222
2,2,9095,20221222
3,1,3430,20221222
3,2,3355,20221222
4,1,5463,20221222
4,2,5086,20221222
5,1,5608,20221222
5,2,5860,20221222
6,1,10225,20221222
6,2,11207,20221222
7,1,3495,20221222
7,2,3674,20221222
8,1,12544,20221222
8,2,13658,20221222
1,1,11721,20221223
1,2,9249,20221223
2,1,9761,20221223
2,2,9877,20221223
3,1,3411,20221223
3,2,3306,20221223
4,1,5549,20221223
4,2,5183,20221223
5,1,5880,20221223
5,2,6359,20221223
6,1,10464,20221223
6,2,11578,20221223
7,1,3765,20221223
7,2,4082,20221223
8,1,14058,20221223
8,2,14975,20221223
1,1,10633,20221224
1,2,8382,20221224
2,1,8810,20221224
2,2,8814,20221224
3,1,1969,20221224
3,2,1867,20221224
4,1,3775,20221224
4,2,3484,20221224
5,1,4327,20221224
5,2,4580,20221224
6,1,7713,20221224
6,2,8508,20221224
7,1,3540,20221224
7,2,3510,20221224
8,1,11372,20221224
8,2,12994,20221224
1,1,9581,20221225
1,2,7466,20221225
2,1,9705,20221225
2,2,9257,20221225
3,1,1726,20221225
3,2,1663,20221225
4,1,3369,20221225
4,2,3317,20221225
5,1,4134,20221225
5,2,4426,20221225
6,1,6744,20221225
6,2,7729,20221225
7,1,3454,20221225
7,2,3237,20221225
8,1,11430,20221225
8,2,13048,20221225
1,1,10629,20221226
1,2,8938,20221226
2,1,8693,20221226
2,2,8390,20221226
3,1,3018,20221226
3,2,2947,20221226
4,1,4809,20221226
4,2,4618,20221226
5,1,5017,20221226
5,2,5368,20221226
6,1,9242,20221226
6,2,10185,20221226
7,1,3482,20221226
7,2,3639,20221226
8,1,11848,20221226
8,2,12653,20221226
1,1,10552,20221227
1,2,9188,20221227
2,1,8679,20221227
2,2,8803,20221227
3,1,2970,20221227
3,2,2948,20221227
4,1,4777,20221227
4,2,4581,20221227
5,1,5044,20221227
5,2,5529,20221227
6,1,9611,20221227
6,2,10087,20221227
7,1,3595,20221227
7,2,3551,20221227
8,1,12057,20221227
8,2,12598,20221227
1,1,10543,20221228
1,2,8708,20221228
2,1,8326,20221228
2,2,8011,20221228
3,1,2806,20221228
3,2,2701,20221228
4,1,4461,20221228
4,2,4015,20221228
5,1,4983,20221228
5,2,5032,20221228
6,1,8287,20221228
6,2,9607,20221228
7,1,3344,20221228
7,2,3407,20221228
8,1,10837,20221228
8,2,12106,20221228
1,1,11100,20221229
1,2,8830,20221229
2,1,7941,20221229
2,2,7744,20221229
3,1,2562,20221229
3,2,2340,20221229
4,1,4164,20221229
4,2,3871,20221229
5,1,4442,20221229
5,2,4525,20221229
6,1,7872,20221229
6,2,9434,20221229
7,1,3312,20221229
7,2,3251,20221229
8,1,10886,20221229
8,2,12284,20221229
1,1,11878,20221230
1,2,9205,20221230
2,1,7055,20221230
2,2,6970,20221230
3,1,1879,20221230
3,2,1704,20221230
4,1,3408,20221230
4,2,3122,20221230
5,1,3866,20221230
5,2,3960,20221230
6,1,6962,20221230
6,2,8442,20221230
7,1,3042,20221230
7,2,3214,20221230
8,1,9956,20221230
8,2,11429,20221230
1,1,10821,20221231
1,2,7841,20221231
2,1,7845,20221231
2,2,5854,20221231
3,1,1595,20221231
3,2,1159,20221231
4,1,3449,20221231
4,2,2510,20221231
5,1,4297,20221231
5,2,3695,20221231
6,1,5437,20221231
6,2,7264,20221231
7,1,3257,20221231
7,2,3606,20221231
8,1,8937,20221231
8,2,13709,20221231
1,1,9351,20230101
1,2,8093,20230101
2,1,4912,20230101
2,2,5562,20230101
3,1,1010,20230101
3,2,1139,20230101
4,1,2032,20230101
4,2,2172,20230101
5,1,2864,20230101
5,2,3150,20230101
6,1,5517,20230101
6,2,6030,20230101
7,1,2529,20230101
7,2,2162,20230101
8,1,7992,20230101
8,2,7899,20230101
1,1,10190,20230102
1,2,8191,20230102
2,1,5493,20230102
2,2,5568,20230102
3,1,1118,20230102
3,2,1093,20230102
4,1,2186,20230102
4,2,2249,20230102
5,1,2659,20230102
5,2,3197,20230102
6,1,5418,20230102
6,2,6211,20230102
7,1,2428,20230102
7,2,2354,20230102
8,1,7889,20230102
8,2,8518,20230102
1,1,10232,20230103
1,2,8341,20230103
2,1,7891,20230103
2,2,8457,20230103
3,1,2709,20230103
3,2,2731,20230103
4,1,4315,20230103
4,2,4287,20230103
5,1,4197,20230103
5,2,4945,20230103
6,1,8917,20230103
6,2,9248,20230103
7,1,2844,20230103
7,2,3069,20230103
8,1,11100,20230103
8,2,11127,20230103
1,1,11233,20230104
1,2,9096,20230104
2,1,9186,20230104
2,2,9402,20230104
3,1,3178,20230104
3,2,3121,20230104
4,1,4956,20230104
4,2,4952,20230104
5,1,5117,20230104
5,2,5858,20230104
6,1,10081,20230104
6,2,10697,20230104
7,1,3238,20230104
7,2,3181,20230104
8,1,12386,20230104
8,2,13068,20230104
1,1,12560,20230105
1,2,9416,20230105
2,1,8979,20230105
2,2,9233,20230105
3,1,3205,20230105
3,2,3188,20230105
4,1,5195,20230105
4,2,5124,20230105
5,1,5351,20230105
5,2,6010,20230105
6,1,10392,20230105
6,2,11325,20230105
7,1,3415,20230105
7,2,3670,20230105
8,1,12220,20230105
8,2,13351,20230105
1,1,12403,20230106
1,2,8575,20230106
2,1,9404,20230106
2,2,9748,20230106
3,1,3260,20230106
3,2,3184,20230106
4,1,5433,20230106
4,2,5193,20230106
5,1,5723,20230106
5,2,6213,20230106
6,1,10479,20230106
6,2,11885,20230106
7,1,3407,20230106
7,2,3747,20230106
8,1,12933,20230106
8,2,14497,20230106
1,1,12332,20230107
1,2,9286,20230107
2,1,8015,20230107
2,2,8328,20230107
3,1,1855,20230107
3,2,1813,20230107
4,1,4663,20230107
4,2,6063,20230107
5,1,8124,20230107
5,2,9617,20230107
6,1,9935,20230107
6,2,9839,20230107
7,1,3209,20230107
7,2,3149,20230107
8,1,14876,20230107
8,2,14914,20230107
1,1,10963,20230108
1,2,8760,20230108
2,1,7168,20230108
2,2,7809,20230108
3,1,1493,20230108
3,2,1452,20230108
4,1,3353,20230108
4,2,3024,20230108
5,1,4280,20230108
5,2,4052,20230108
6,1,6776,20230108
6,2,7620,20230108
7,1,3042,20230108
7,2,2712,20230108
8,1,10446,20230108
8,2,12092,20230108
1,1,11195,20230109
1,2,9920,20230109
2,1,11031,20230109
2,2,11466,20230109
3,1,3639,20230109
3,2,3597,20230109
4,1,5805,20230109
4,2,5679,20230109
5,1,6032,20230109
5,2,6597,20230109
6,1,12192,20230109
6,2,13042,20230109
7,1,3637,20230109
7,2,3585,20230109
8,1,14503,20230109
8,2,14148,20230109
1,1,11177,20230110
1,2,9504,20230110
2,1,9870,20230110
2,2,10123,20230110
3,1,3723,20230110
3,2,3788,20230110
4,1,5975,20230110
4,2,5754,20230110
5,1,6292,20230110
5,2,6840,20230110
6,1,12115,20230110
6,2,12685,20230110
7,1,3629,20230110
7,2,3366,20230110
8,1,13314,20230110
8,2,14035,20230110
1,1,10964,20230111
1,2,9296,20230111
2,1,9915,20230111
2,2,9809,20230111
3,1,3785,20230111
3,2,3712,20230111
4,1,5831,20230111
4,2,5769,20230111
5,1,6172,20230111
5,2,6480,20230111
6,1,11646,20230111
6,2,12629,20230111
7,1,3399,20230111
7,2,3542,20230111
8,1,13098,20230111
8,2,13573,20230111
1,1,12336,20230112
1,2,10104,20230112
2,1,9698,20230112
2,2,9670,20230112
3,1,3730,20230112
3,2,3699,20230112
4,1,5895,20230112
4,2,5559,20230112
5,1,6133,20230112
5,2,6473,20230112
6,1,11635,20230112
6,2,12696,20230112
7,1,3579,20230112
7,2,3764,20230112
8,1,13080,20230112
8,2,14121,20230112
1,1,11535,20230113
1,2,9485,20230113
2,1,10586,20230113
2,2,10593,20230113
3,1,3722,20230113
3,2,3532,20230113
4,1,6000,20230113
4,2,5407,20230113
5,1,6224,20230113
5,2,6521,20230113
6,1,11748,20230113
6,2,13108,20230113
7,1,3386,20230113
7,2,3586,20230113
8,1,13532,20230113
8,2,14501,20230113
1,1,11112,20230114
1,2,8595,20230114
2,1,8349,20230114
2,2,8006,20230114
3,1,1892,20230114
3,2,1913,20230114
4,1,3837,20230114
4,2,3591,20230114
5,1,4101,20230114
5,2,4389,20230114
6,1,7653,20230114
6,2,8835,20230114
7,1,2958,20230114
7,2,2878,20230114
8,1,10734,20230114
8,2,12429,20230114
1,1,10269,20230115
1,2,8261,20230115
2,1,6834,20230115
2,2,6894,20230115
3,1,1602,20230115
3,2,1559,20230115
4,1,2809,20230115
4,2,2929,20230115
5,1,3342,20230115
5,2,3838,20230115
6,1,6837,20230115
6,2,7555,20230115
7,1,2904,20230115
7,2,2704,20230115
8,1,9043,20230115
8,2,9900,20230115
1,1,11136,20230116
1,2,9216,20230116
2,1,10031,20230116
2,2,9843,20230116
3,1,3573,20230116
3,2,3428,20230116
4,1,5413,20230116
4,2,5312,20230116
5,1,5774,20230116
5,2,6192,20230116
6,1,11434,20230116
6,2,12577,20230116
7,1,3432,20230116
7,2,3347,20230116
8,1,12294,20230116
8,2,13172,20230116
1,1,11206,20230117
1,2,9098,20230117
2,1,9894,20230117
2,2,9204,20230117
3,1,3718,20230117
3,2,3682,20230117
4,1,5996,20230117
4,2,5783,20230117
5,1,5964,20230117
5,2,6514,20230117
6,1,11692,20230117
6,2,13039,20230117
7,1,3459,20230117
7,2,3517,20230117
8,1,12492,20230117
8,2,13584,20230117
1,1,12183,20230118
1,2,9966,20230118
2,1,9857,20230118
2,2,9906,20230118
3,1,3712,20230118
3,2,3645,20230118
4,1,6029,20230118
4,2,5821,20230118
5,1,6004,20230118
5,2,6789,20230118
6,1,12084,20230118
6,2,13107,20230118
7,1,3575,20230118
7,2,3771,20230118
8,1,13401,20230118
8,2,13840,20230118
1,1,11697,20230119
1,2,9609,20230119
2,1,9874,20230119
2,2,9728,20230119
3,1,3671,20230119
3,2,3556,20230119
4,1,5854,20230119
4,2,5501,20230119
5,1,6311,20230119
5,2,6619,20230119
6,1,11505,20230119
6,2,12783,20230119
7,1,3466,20230119
7,2,3507,20230119
8,1,12762,20230119
8,2,13837,20230119
1,1,12817,20230120
1,2,9925,20230120
2,1,10765,20230120
2,2,10646,20230120
3,1,3702,20230120
3,2,3640,20230120
4,1,5961,20230120
4,2,5809,20230120
5,1,6507,20230120
5,2,6883,20230120
6,1,12427,20230120
6,2,13775,20230120
7,1,3470,20230120
7,2,3787,20230120
8,1,13956,20230120
8,2,15140,20230120
1,1,10978,20230121
1,2,7874,20230121
2,1,7345,20230121
2,2,7309,20230121
3,1,1736,20230121
3,2,1701,20230121
4,1,3278,20230121
4,2,3160,20230121
5,1,4092,20230121
5,2,4130,20230121
6,1,7271,20230121
6,2,8591,20230121
7,1,2743,20230121
7,2,2973,20230121
8,1,9061,20230121
8,2,10766,20230121
1,1,10496,20230122
1,2,7587,20230122
2,1,6796,20230122
2,2,6953,20230122
3,1,1455,20230122
3,2,1402,20230122
4,1,2816,20230122
4,2,2880,20230122
5,1,3699,20230122
5,2,3988,20230122
6,1,7061,20230122
6,2,7940,20230122
7,1,2556,20230122
7,2,2694,20230122
8,1,8375,20230122
8,2,9810,20230122
1,1,11776,20230123
1,2,9434,20230123
2,1,9917,20230123
2,2,9969,20230123
3,1,3633,20230123
3,2,3621,20230123
4,1,5603,20230123
4,2,5370,20230123
5,1,6038,20230123
5,2,6443,20230123
6,1,11699,20230123
6,2,12657,20230123
7,1,3381,20230123
7,2,3622,20230123
8,1,12917,20230123
8,2,13848,20230123
1,1,11350,20230124
1,2,9511,20230124
2,1,9839,20230124
2,2,9711,20230124
3,1,3759,20230124
3,2,3743,20230124
4,1,5794,20230124
4,2,5567,20230124
5,1,6106,20230124
5,2,6602,20230124
6,1,12006,20230124
6,2,12991,20230124
7,1,3695,20230124
7,2,3694,20230124
8,1,12998,20230124
8,2,13728,20230124
1,1,11542,20230125
1,2,9617,20230125
2,1,9798,20230125
2,2,9784,20230125
3,1,3742,20230125
3,2,3625,20230125
4,1,5660,20230125
4,2,5666,20230125
5,1,5921,20230125
5,2,6621,20230125
6,1,12359,20230125
6,2,12885,20230125
7,1,3696,20230125
7,2,3777,20230125
8,1,12826,20230125
8,2,13569,20230125
1,1,12768,20230126
1,2,10549,20230126
2,1,9860,20230126
2,2,9757,20230126
3,1,3616,20230126
3,2,3584,20230126
4,1,5863,20230126
4,2,5652,20230126
5,1,5868,20230126
5,2,6347,20230126
6,1,11923,20230126
6,2,12926,20230126
7,1,3640,20230126
7,2,3868,20230126
8,1,13777,20230126
8,2,14632,20230126
1,1,12703,20230127
1,2,10521,20230127
2,1,10907,20230127
2,2,10520,20230127
3,1,3708,20230127
3,2,3574,20230127
4,1,6037,20230127
4,2,5846,20230127
5,1,6266,20230127
5,2,6699,20230127
6,1,12477,20230127
6,2,13961,20230127
7,1,3835,20230127
7,2,3995,20230127
8,1,14486,20230127
8,2,15303,20230127
1,1,10493,20230128
1,2,8792,20230128
2,1,7605,20230128
2,2,7850,20230128
3,1,1926,20230128
3,2,1900,20230128
4,1,3723,20230128
4,2,3583,20230128
5,1,4270,20230128
5,2,4549,20230128
6,1,8123,20230128
6,2,8582,20230128
7,1,3212,20230128
7,2,3088,20230128
8,1,10437,20230128
8,2,11445,20230128
1,1,10299,20230129
1,2,9272,20230129
2,1,6705,20230129
2,2,6668,20230129
3,1,1503,20230129
3,2,1524,20230129
4,1,2918,20230129
4,2,2876,20230129
5,1,3530,20230129
5,2,3910,20230129
6,1,6882,20230129
6,2,7305,20230129
7,1,2880,20230129
7,2,2883,20230129
8,1,9602,20230129
8,2,9881,20230129
1,1,11171,20230130
1,2,9978,20230130
2,1,9838,20230130
2,2,9935,20230130
3,1,3676,20230130
3,2,3617,20230130
4,1,5626,20230130
4,2,5650,20230130
5,1,5936,20230130
5,2,6399,20230130
6,1,11967,20230130
6,2,12620,20230130
7,1,3681,20230130
7,2,3607,20230130
8,1,13435,20230130
8,2,13524,20230130
1,1,11356,20230131
1,2,9735,20230131
2,1,9962,20230131
2,2,9915,20230131
3,1,3826,20230131
3,2,3825,20230131
4,1,5972,20230131
4,2,5775,20230131
5,1,6267,20230131
5,2,6709,20230131
6,1,12211,20230131
6,2,13038,20230131
7,1,3600,20230131
7,2,3635,20230131
8,1,13375,20230131
8,2,13937,20230131
1,1,11435,20230201
1,2,9790,20230201
2,1,10009,20230201
2,2,9918,20230201
3,1,3899,20230201
3,2,3851,20230201
4,1,5912,20230201
4,2,5834,20230201
5,1,6292,20230201
5,2,6564,20230201
6,1,12120,20230201
6,2,13125,20230201
7,1,3647,20230201
7,2,3711,20230201
8,1,13446,20230201
8,2,13967,20230201
1,1,11363,20230202
1,2,9332,20230202
2,1,9754,20230202
2,2,9311,20230202
3,1,3683,20230202
3,2,3419,20230202
4,1,5811,20230202
4,2,5303,20230202
5,1,6021,20230202
5,2,5949,20230202
6,1,10596,20230202
6,2,12465,20230202
7,1,3439,20230202
7,2,3624,20230202
8,1,12599,20230202
8,2,13863,20230202
1,1,12577,20230203
1,2,9880,20230203
2,1,10727,20230203
2,2,10482,20230203
3,1,3741,20230203
3,2,3674,20230203
4,1,6113,20230203
4,2,5702,20230203
5,1,6181,20230203
5,2,6605,20230203
6,1,11922,20230203
6,2,13412,20230203
7,1,3630,20230203
7,2,4137,20230203
8,1,14237,20230203
8,2,15236,20230203
1,1,10566,20230204
1,2,8549,20230204
2,1,8095,20230204
2,2,8286,20230204
3,1,2029,20230204
3,2,1996,20230204
4,1,3882,20230204
4,2,3686,20230204
5,1,4475,20230204
5,2,4644,20230204
6,1,7791,20230204
6,2,8624,20230204
7,1,3132,20230204
7,2,3208,20230204
8,1,11239,20230204
8,2,12216,20230204
1,1,10331,20230205
1,2,9293,20230205
2,1,7452,20230205
2,2,7477,20230205
3,1,1554,20230205
3,2,1591,20230205
4,1,2954,20230205
4,2,3052,20230205
5,1,3593,20230205
5,2,3932,20230205
6,1,7059,20230205
6,2,7539,20230205
7,1,3218,20230205
7,2,2763,20230205
8,1,10277,20230205
8,2,10791,20230205
1,1,11350,20230206
1,2,10201,20230206
2,1,10176,20230206
2,2,10114,20230206
3,1,3709,20230206
3,2,3646,20230206
4,1,5800,20230206
4,2,5643,20230206
5,1,6074,20230206
5,2,6502,20230206
6,1,11820,20230206
6,2,12573,20230206
7,1,3467,20230206
7,2,3623,20230206
8,1,13935,20230206
8,2,14029,20230206
1,1,11470,20230207
1,2,9820,20230207
2,1,10177,20230207
2,2,9572,20230207
3,1,3817,20230207
3,2,3635,20230207
4,1,5911,20230207
4,2,5681,20230207
5,1,6000,20230207
5,2,6609,20230207
6,1,11620,20230207
6,2,12844,20230207
7,1,3429,20230207
7,2,3766,20230207
8,1,13380,20230207
8,2,13877,20230207
1,1,11441,20230208
1,2,9507,20230208
2,1,10223,20230208
2,2,10129,20230208
3,1,3891,20230208
3,2,3777,20230208
4,1,6066,20230208
4,2,5806,20230208
5,1,6336,20230208
5,2,6630,20230208
6,1,11894,20230208
6,2,13081,20230208
7,1,3524,20230208
7,2,3616,20230208
8,1,13760,20230208
8,2,14589,20230208
1,1,11500,20230209
1,2,7721,20230209
2,1,9782,20230209
2,2,9939,20230209
3,1,3643,20230209
3,2,3645,20230209
4,1,5670,20230209
4,2,5581,20230209
5,1,5854,20230209
5,2,6346,20230209
6,1,11024,20230209
6,2,12703,20230209
7,1,3328,20230209
7,2,3803,20230209
8,1,12880,20230209
8,2,13943,20230209
1,1,13834,20230210
1,2,10934,20230210
2,1,11175,20230210
2,2,11003,20230210
3,1,3798,20230210
3,2,3619,20230210
4,1,6118,20230210
4,2,5840,20230210
5,1,6596,20230210
5,2,6859,20230210
6,1,12390,20230210
6,2,13828,20230210
7,1,3592,20230210
7,2,3930,20230210
8,1,15234,20230210
8,2,16724,20230210
1,1,11444,20230211
1,2,8931,20230211
2,1,8233,20230211
2,2,8418,20230211
3,1,2016,20230211
3,2,1989,20230211
4,1,3884,20230211
4,2,3568,20230211
5,1,4340,20230211
5,2,4589,20230211
6,1,8191,20230211
6,2,8962,20230211
7,1,3068,20230211
7,2,3233,20230211
8,1,11332,20230211
8,2,12818,20230211
1,1,10459,20230212
1,2,9227,20230212
2,1,6771,20230212
2,2,6842,20230212
3,1,1487,20230212
3,2,1510,20230212
4,1,3174,20230212
4,2,2946,20230212
5,1,3513,20230212
5,2,3909,20230212
6,1,7335,20230212
6,2,7861,20230212
7,1,2891,20230212
7,2,2640,20230212
8,1,9268,20230212
8,2,9963,20230212
1,1,11884,20230213
1,2,10076,20230213
2,1,9991,20230213
2,2,10075,20230213
3,1,3673,20230213
3,2,3660,20230213
4,1,5736,20230213
4,2,5497,20230213
5,1,6061,20230213
5,2,6650,20230213
6,1,11965,20230213
6,2,12750,20230213
7,1,3603,20230213
7,2,3629,20230213
8,1,13367,20230213
8,2,13943,20230213
1,1,11453,20230214
1,2,9772,20230214
2,1,10533,20230214
2,2,10675,20230214
3,1,3859,20230214
3,2,3735,20230214
4,1,6090,20230214
4,2,5891,20230214
5,1,6247,20230214
5,2,7033,20230214
6,1,12527,20230214
6,2,13446,20230214
7,1,3638,20230214
7,2,3804,20230214
8,1,14363,20230214
8,2,14354,20230214
1,1,11933,20230215
1,2,9604,20230215
2,1,9208,20230215
2,2,9394,20230215
3,1,3586,20230215
3,2,3530,20230215
4,1,5443,20230215
4,2,5269,20230215
5,1,6399,20230215
5,2,6481,20230215
6,1,11398,20230215
6,2,12477,20230215
7,1,3375,20230215
7,2,3541,20230215
8,1,12995,20230215
8,2,14041,20230215
1,1,11899,20230216
1,2,9966,20230216
2,1,10008,20230216
2,2,9875,20230216
3,1,3821,20230216
3,2,3626,20230216
4,1,5943,20230216
4,2,5639,20230216
5,1,6414,20230216
5,2,6920,20230216
6,1,12016,20230216
6,2,12979,20230216
7,1,3713,20230216
7,2,3885,20230216
8,1,13367,20230216
8,2,14291,20230216
1,1,13510,20230217
1,2,10887,20230217
2,1,10649,20230217
2,2,10685,20230217
3,1,3801,20230217
3,2,3705,20230217
4,1,6099,20230217
4,2,5898,20230217
5,1,6606,20230217
5,2,6938,20230217
6,1,12880,20230217
6,2,13997,20230217
7,1,3912,20230217
7,2,4221,20230217
8,1,14570,20230217
8,2,15696,20230217
1,1,10868,20230218
1,2,8804,20230218
2,1,7830,20230218
2,2,7957,20230218
3,1,1901,20230218
3,2,1867,20230218
4,1,3725,20230218
4,2,3542,20230218
5,1,4223,20230218
5,2,4489,20230218
6,1,7930,20230218
6,2,8832,20230218
7,1,3336,20230218
7,2,3131,20230218
8,1,10124,20230218
8,2,11315,20230218
1,1,10106,20230219
1,2,8901,20230219
2,1,6727,20230219
2,2,6696,20230219
3,1,1499,20230219
3,2,1470,20230219
4,1,3006,20230219
4,2,2857,20230219
5,1,3451,20230219
5,2,3758,20230219
6,1,6987,20230219
6,2,7803,20230219
7,1,3014,20230219
7,2,2745,20230219
8,1,9005,20230219
8,2,9565,20230219
1,1,12093,20230220
1,2,10634,20230220
2,1,10158,20230220
2,2,9901,20230220
3,1,3716,20230220
3,2,3576,20230220
4,1,5749,20230220
4,2,5575,20230220
5,1,5971,20230220
5,2,6561,20230220
6,1,12093,20230220
6,2,12820,20230220
7,1,3690,20230220
7,2,3666,20230220
8,1,13268,20230220
8,2,14005,20230220
1,1,11616,20230221
1,2,10171,20230221
2,1,9775,20230221
2,2,9941,20230221
3,1,3671,20230221
3,2,3743,20230221
4,1,5563,20230221
4,2,5577,20230221
5,1,5857,20230221
5,2,6588,20230221
6,1,12184,20230221
6,2,11801,20230221
7,1,3638,20230221
7,2,3798,20230221
8,1,13315,20230221
8,2,14000,20230221
1,1,12103,20230222
1,2,9779,20230222
2,1,9867,20230222
2,2,9791,20230222
3,1,3788,20230222
3,2,3639,20230222
4,1,5720,20230222
4,2,5430,20230222
5,1,6102,20230222
5,2,6726,20230222
6,1,11825,20230222
6,2,12754,20230222
7,1,3578,20230222
7,2,3812,20230222
8,1,13164,20230222
8,2,14216,20230222
1,1,12987,20230223
1,2,10537,20230223
2,1,9859,20230223
2,2,9589,20230223
3,1,3708,20230223
3,2,3620,20230223
4,1,5570,20230223
4,2,5294,20230223
5,1,6280,20230223
5,2,6820,20230223
6,1,11650,20230223
6,2,13119,20230223
7,1,3675,20230223
7,2,3912,20230223
8,1,13635,20230223
8,2,14473,20230223
1,1,12370,20230224
1,2,10435,20230224
2,1,10498,20230224
2,2,10384,20230224
3,1,3632,20230224
3,2,3512,20230224
4,1,5751,20230224
4,2,5476,20230224
5,1,6375,20230224
5,2,6553,20230224
6,1,12232,20230224
6,2,13189,20230224
7,1,3719,20230224
7,2,3901,20230224
8,1,13912,20230224
8,2,15039,20230224
1,1,11068,20230225
1,2,9427,20230225
2,1,7155,20230225
2,2,7290,20230225
3,1,1706,20230225
3,2,1783,20230225
4,1,3538,20230225
4,2,3558,20230225
5,1,4234,20230225
5,2,4363,20230225
6,1,7719,20230225
6,2,8148,20230225
7,1,3430,20230225
7,2,3310,20230225
8,1,10396,20230225
8,2,11367,20230225
1,1,10437,20230226
1,2,9051,20230226
2,1,6398,20230226
2,2,6265,20230226
3,1,1409,20230226
3,2,1411,20230226
4,1,2986,20230226
4,2,2871,20230226
5,1,3556,20230226
5,2,3732,20230226
6,1,6478,20230226
6,2,7289,20230226
7,1,2958,20230226
7,2,2792,20230226
8,1,8901,20230226
8,2,9712,20230226
1,1,11926,20230227
1,2,10726,20230227
2,1,10039,20230227
2,2,9919,20230227
3,1,3598,20230227
3,2,3474,20230227
4,1,5398,20230227
4,2,5264,20230227
5,1,5803,20230227
5,2,6369,20230227
6,1,11767,20230227
6,2,12507,20230227
7,1,3648,20230227
7,2,3662,20230227
8,1,13641,20230227
8,2,13899,20230227
1,1,11354,20230228
1,2,10053,20230228
2,1,10010,20230228
2,2,9953,20230228
3,1,3779,20230228
3,2,3606,20230228
4,1,5651,20230228
4,2,5538,20230228
5,1,6055,20230228
5,2,6543,20230228
6,1,12094,20230228
6,2,12740,20230228
7,1,3697,20230228
7,2,3750,20230228
8,1,13385,20230228
8,2,13842,20230228
1,1,11181,20230301
1,2,10320,20230301
2,1,9999,20230301
2,2,9733,20230301
3,1,3825,20230301
3,2,3638,20230301
4,1,5806,20230301
4,2,5473,20230301
5,1,6209,20230301
5,2,6473,20230301
6,1,11878,20230301
6,2,12699,20230301
7,1,3740,20230301
7,2,3832,20230301
8,1,13489,20230301
8,2,13959,20230301
1,1,11744,20230302
1,2,10262,20230302
2,1,10046,20230302
2,2,9875,20230302
3,1,3706,20230302
3,2,3620,20230302
4,1,5639,20230302
4,2,5309,20230302
5,1,6137,20230302
5,2,6309,20230302
6,1,11530,20230302
6,2,12472,20230302
7,1,3610,20230302
7,2,3894,20230302
8,1,13414,20230302
8,2,14085,20230302
1,1,13040,20230303
1,2,11009,20230303
2,1,10857,20230303
2,2,10586,20230303
3,1,3662,20230303
3,2,3473,20230303
4,1,5617,20230303
4,2,5419,20230303
5,1,6360,20230303
5,2,6433,20230303
6,1,12340,20230303
6,2,13399,20230303
7,1,3662,20230303
7,2,3930,20230303
8,1,14582,20230303
8,2,15871,20230303
1,1,10960,20230304
1,2,9134,20230304
2,1,7359,20230304
2,2,7264,20230304
3,1,1739,20230304
3,2,1743,20230304
4,1,3470,20230304
4,2,3249,20230304
5,1,4114,20230304
5,2,4177,20230304
6,1,7723,20230304
6,2,8332,20230304
7,1,3123,20230304
7,2,3269,20230304
8,1,9924,20230304
8,2,11244,20230304
1,1,10096,20230305
1,2,8874,20230305
2,1,6592,20230305
2,2,6827,20230305
3,1,1471,20230305
3,2,1435,20230305
4,1,2846,20230305
4,2,2849,20230305
5,1,3517,20230305
5,2,3798,20230305
6,1,6858,20230305
6,2,7298,20230305
7,1,2964,20230305
7,2,2748,20230305
8,1,9318,20230305
8,2,9833,20230305
1,1,10949,20230306
1,2,9147,20230306
2,1,6104,20230306
2,2,5930,20230306
3,1,1411,20230306
3,2,1422,20230306
4,1,2695,20230306
4,2,2841,20230306
5,1,3251,20230306
5,2,3588,20230306
6,1,6161,20230306
6,2,7097,20230306
7,1,2772,20230306
7,2,2537,20230306
8,1,8492,20230306
8,2,9273,20230306
1,1,12348,20230307
1,2,10335,20230307
2,1,10176,20230307
2,2,9726,20230307
3,1,3777,20230307
3,2,3624,20230307
4,1,5493,20230307
4,2,5364,20230307
5,1,5997,20230307
5,2,6402,20230307
6,1,11577,20230307
6,2,12699,20230307
7,1,3560,20230307
7,2,3632,20230307
8,1,13443,20230307
8,2,14589,20230307
1,1,12382,20230308
1,2,10144,20230308
2,1,9798,20230308
2,2,9696,20230308
3,1,3712,20230308
3,2,3665,20230308
4,1,5599,20230308
4,2,5431,20230308
5,1,5839,20230308
5,2,6275,20230308
6,1,11431,20230308
6,2,12421,20230308
7,1,3429,20230308
7,2,3663,20230308
8,1,13394,20230308
8,2,14289,20230308
1,1,12195,20230309
1,2,10126,20230309
2,1,9530,20230309
2,2,9413,20230309
3,1,3570,20230309
3,2,3472,20230309
4,1,5541,20230309
4,2,5197,20230309
5,1,5935,20230309
5,2,6227,20230309
6,1,11301,20230309
6,2,12466,20230309
7,1,3748,20230309
7,2,3833,20230309
8,1,13014,20230309
8,2,14100,20230309
1,1,13048,20230310
1,2,10037,20230310
2,1,10196,20230310
2,2,10109,20230310
3,1,3538,20230310
3,2,3473,20230310
4,1,5557,20230310
4,2,5376,20230310
5,1,6092,20230310
5,2,6749,20230310
6,1,11380,20230310
6,2,12441,20230310
7,1,3752,20230310
7,2,4056,20230310
8,1,14041,20230310
8,2,15363,20230310
1,1,11268,20230311
1,2,8669,20230311
2,1,7376,20230311
2,2,7560,20230311
3,1,1865,20230311
3,2,1779,20230311
4,1,4189,20230311
4,2,5128,20230311
5,1,6296,20230311
5,2,7230,20230311
6,1,9192,20230311
6,2,9409,20230311
7,1,3240,20230311
7,2,3074,20230311
8,1,12298,20230311
8,2,12875,20230311
1,1,10616,20230312
1,2,9545,20230312
2,1,6749,20230312
2,2,6886,20230312
3,1,1448,20230312
3,2,1514,20230312
4,1,3034,20230312
4,2,2963,20230312
5,1,4473,20230312
5,2,4513,20230312
6,1,7446,20230312
6,2,7760,20230312
7,1,3072,20230312
7,2,2841,20230312
8,1,9526,20230312
8,2,10342,20230312
1,1,11712,20230313
1,2,10620,20230313
2,1,9866,20230313
2,2,9526,20230313
3,1,3609,20230313
3,2,3423,20230313
4,1,5288,20230313
4,2,5175,20230313
5,1,5953,20230313
5,2,6182,20230313
6,1,11172,20230313
6,2,12148,20230313
7,1,3475,20230313
7,2,3476,20230313
8,1,13351,20230313
8,2,13876,20230313
1,1,11299,20230314
1,2,10316,20230314
2,1,9747,20230314
2,2,9520,20230314
3,1,3638,20230314
3,2,3513,20230314
4,1,5373,20230314
4,2,5202,20230314
5,1,6004,20230314
5,2,6439,20230314
6,1,11077,20230314
6,2,11730,20230314
7,1,3479,20230314
7,2,3615,20230314
8,1,13095,20230314
8,2,13377,20230314
1,1,11530,20230315
1,2,10007,20230315
2,1,9837,20230315
2,2,9688,20230315
3,1,3729,20230315
3,2,3591,20230315
4,1,5480,20230315
4,2,5250,20230315
5,1,6332,20230315
5,2,6779,20230315
6,1,11279,20230315
6,2,12091,20230315
7,1,3515,20230315
7,2,3598,20230315
8,1,13165,20230315
8,2,13863,20230315
1,1,11810,20230316
1,2,10129,20230316
2,1,9712,20230316
2,2,9680,20230316
3,1,3609,20230316
3,2,3458,20230316
4,1,5375,20230316
4,2,5243,20230316
5,1,6130,20230316
5,2,6429,20230316
6,1,11280,20230316
6,2,12271,20230316
7,1,3449,20230316
7,2,3652,20230316
8,1,13209,20230316
8,2,13712,20230316
1,1,13117,20230317
1,2,10984,20230317
2,1,10576,20230317
2,2,10170,20230317
3,1,3528,20230317
3,2,3362,20230317
4,1,5454,20230317
4,2,5349,20230317
5,1,6276,20230317
5,2,6669,20230317
6,1,11807,20230317
6,2,13128,20230317
7,1,3674,20230317
7,2,3867,20230317
8,1,14077,20230317
8,2,14980,20230317
1,1,11226,20230318
1,2,9116,20230318
2,1,7660,20230318
2,2,7989,20230318
3,1,1825,20230318
3,2,1795,20230318
4,1,3598,20230318
4,2,3511,20230318
5,1,4434,20230318
5,2,4668,20230318
6,1,7935,20230318
6,2,8621,20230318
7,1,3144,20230318
7,2,3079,20230318
8,1,10350,20230318
8,2,11393,20230318
1,1,10951,20230319
1,2,9649,20230319
2,1,7192,20230319
2,2,7117,20230319
3,1,1510,20230319
3,2,1508,20230319
4,1,2961,20230319
4,2,2954,20230319
5,1,3761,20230319
5,2,4224,20230319
6,1,7119,20230319
6,2,7547,20230319
7,1,2982,20230319
7,2,2823,20230319
8,1,9630,20230319
8,2,10284,20230319
1,1,11832,20230320
1,2,10807,20230320
2,1,10150,20230320
2,2,10022,20230320
3,1,3603,20230320
3,2,3545,20230320
4,1,5511,20230320
4,2,5289,20230320
5,1,5965,20230320
5,2,6379,20230320
6,1,11624,20230320
6,2,12242,20230320
7,1,3533,20230320
7,2,3536,20230320
8,1,13526,20230320
8,2,13924,20230320
1,1,11151,20230321
1,2,10214,20230321
2,1,9902,20230321
2,2,9846,20230321
3,1,3705,20230321
3,2,3540,20230321
4,1,5426,20230321
4,2,5352,20230321
5,1,6134,20230321
5,2,6485,20230321
6,1,11509,20230321
6,2,12098,20230321
7,1,3669,20230321
7,2,3594,20230321
8,1,13413,20230321
8,2,13780,20230321
1,1,11468,20230322
1,2,10129,20230322
2,1,9972,20230322
2,2,9818,20230322
3,1,3576,20230322
3,2,3466,20230322
4,1,5367,20230322
4,2,5258,20230322
5,1,6163,20230322
5,2,6540,20230322
6,1,11354,20230322
6,2,12173,20230322
7,1,3540,20230322
7,2,3756,20230322
8,1,13340,20230322
8,2,13640,20230322
1,1,11974,20230323
1,2,9628,20230323
2,1,9870,20230323
2,2,9986,20230323
3,1,3519,20230323
3,2,3529,20230323
4,1,5512,20230323
4,2,5314,20230323
5,1,5845,20230323
5,2,6260,20230323
6,1,11400,20230323
6,2,12298,20230323
7,1,3437,20230323
7,2,3742,20230323
8,1,13091,20230323
8,2,13891,20230323
1,1,12677,20230324
1,2,10244,20230324
2,1,10682,20230324
2,2,10739,20230324
3,1,3528,20230324
3,2,3342,20230324
4,1,5431,20230324
4,2,5330,20230324
5,1,5921,20230324
5,2,6454,20230324
6,1,11692,20230324
6,2,12798,20230324
7,1,3636,20230324
7,2,3671,20230324
8,1,14129,20230324
8,2,15118,20230324
1,1,11044,20230325
1,2,8814,20230325
2,1,8374,20230325
2,2,8051,20230325
3,1,1825,20230325
3,2,1847,20230325
4,1,3468,20230325
4,2,3415,20230325
5,1,4300,20230325
5,2,4528,20230325
6,1,7772,20230325
6,2,8483,20230325
7,1,3221,20230325
7,2,3253,20230325
8,1,10622,20230325
8,2,12235,20230325
1,1,10303,20230326
1,2,8724,20230326
2,1,6893,20230326
2,2,6903,20230326
3,1,1486,20230326
3,2,1398,20230326
4,1,2848,20230326
4,2,2858,20230326
5,1,3459,20230326
5,2,3701,20230326
6,1,6637,20230326
6,2,7323,20230326
7,1,3001,20230326
7,2,2829,20230326
8,1,9078,20230326
8,2,9969,20230326
1,1,11379,20230327
1,2,10331,20230327
2,1,9932,20230327
2,2,9417,20230327
3,1,3490,20230327
3,2,3382,20230327
4,1,5382,20230327
4,2,5155,20230327
5,1,5778,20230327
5,2,6245,20230327
6,1,11300,20230327
6,2,12186,20230327
7,1,3445,20230327
7,2,3491,20230327
8,1,13125,20230327
8,2,13624,20230327
1,1,11989,20230328
1,2,10690,20230328
2,1,10084,20230328
2,2,9756,20230328
3,1,3585,20230328
3,2,3497,20230328
4,1,5589,20230328
4,2,5385,20230328
5,1,6154,20230328
5,2,6550,20230328
6,1,11702,20230328
6,2,12695,20230328
7,1,3664,20230328
7,2,3686,20230328
8,1,13631,20230328
8,2,14139,20230328
1,1,11373,20230329
1,2,10557,20230329
2,1,9896,20230329
2,2,9847,20230329
3,1,3617,20230329
3,2,3452,20230329
4,1,5659,20230329
4,2,5373,20230329
5,1,5966,20230329
5,2,6286,20230329
6,1,11497,20230329
6,2,12307,20230329
7,1,3559,20230329
7,2,3456,20230329
8,1,13563,20230329
8,2,13852,20230329
1,1,12503,20230330
1,2,10195,20230330
2,1,10134,20230330
2,2,10022,20230330
3,1,3598,20230330
3,2,3437,20230330
4,1,5613,20230330
4,2,5454,20230330
5,1,5841,20230330
5,2,6205,20230330
6,1,11912,20230330
6,2,12854,20230330
7,1,3565,20230330
7,2,3803,20230330
8,1,13262,20230330
8,2,14458,20230330
1,1,12978,20230331
1,2,10339,20230331
2,1,11465,20230331
2,2,11102,20230331
3,1,3656,20230331
3,2,3465,20230331
4,1,5834,20230331
4,2,5654,20230331
5,1,6269,20230331
5,2,6555,20230331
6,1,12522,20230331
6,2,13840,20230331
7,1,3643,20230331
7,2,3853,20230331
8,1,14744,20230331
8,2,16303,20230331
1,1,10996,20230401
1,2,9362,20230401
2,1,9882,20230401
2,2,9624,20230401
3,1,2287,20230401
3,2,2181,20230401
4,1,4224,20230401
4,2,3972,20230401
5,1,4553,20230401
5,2,4905,20230401
6,1,9557,20230401
6,2,10487,20230401
7,1,3185,20230401
7,2,3199,20230401
8,1,12329,20230401
8,2,13283,20230401
1,1,10380,20230402
1,2,9454,20230402
2,1,8599,20230402
2,2,8841,20230402
3,1,1754,20230402
3,2,1763,20230402
4,1,3350,20230402
4,2,3315,20230402
5,1,3972,20230402
5,2,4313,20230402
6,1,8329,20230402
6,2,8764,20230402
7,1,3268,20230402
7,2,2854,20230402
8,1,11108,20230402
8,2,11456,20230402
1,1,11922,20230403
1,2,11158,20230403
2,1,10606,20230403
2,2,10579,20230403
3,1,3710,20230403
3,2,3586,20230403
4,1,5707,20230403
4,2,5547,20230403
5,1,6059,20230403
5,2,6473,20230403
6,1,12557,20230403
6,2,13122,20230403
7,1,3411,20230403
7,2,3540,20230403
8,1,14242,20230403
8,2,14209,20230403
1,1,10993,20230404
1,2,10371,20230404
2,1,10579,20230404
2,2,10308,20230404
3,1,3709,20230404
3,2,3548,20230404
4,1,5727,20230404
4,2,5400,20230404
5,1,6134,20230404
5,2,6496,20230404
6,1,12135,20230404
6,2,12853,20230404
7,1,3517,20230404
7,2,3462,20230404
8,1,13621,20230404
8,2,13977,20230404
1,1,11332,20230405
1,2,10518,20230405
2,1,10827,20230405
2,2,10689,20230405
3,1,3778,20230405
3,2,3612,20230405
4,1,5725,20230405
4,2,5474,20230405
5,1,6074,20230405
5,2,6326,20230405
6,1,12265,20230405
6,2,13222,20230405
7,1,3461,20230405
7,2,3543,20230405
8,1,14175,20230405
8,2,14253,20230405
1,1,9907,20230406
1,2,8958,20230406
2,1,6974,20230406
2,2,6866,20230406
3,1,1729,20230406
3,2,1655,20230406
4,1,3255,20230406
4,2,3124,20230406
5,1,3709,20230406
5,2,3742,20230406
6,1,7608,20230406
6,2,8115,20230406
7,1,2737,20230406
7,2,2940,20230406
8,1,8431,20230406
8,2,8950,20230406
1,1,11632,20230407
1,2,10071,20230407
2,1,10265,20230407
2,2,9979,20230407
3,1,3273,20230407
3,2,3117,20230407
4,1,5068,20230407
4,2,4841,20230407
5,1,5533,20230407
5,2,5689,20230407
6,1,10934,20230407
6,2,12020,20230407
7,1,3321,20230407
7,2,3469,20230407
8,1,12859,20230407
8,2,13699,20230407
1,1,10187,20230408
1,2,8560,20230408
2,1,8059,20230408
2,2,7661,20230408
3,1,1776,20230408
3,2,1668,20230408
4,1,3388,20230408
4,2,3393,20230408
5,1,3614,20230408
5,2,3906,20230408
6,1,7776,20230408
6,2,8429,20230408
7,1,2748,20230408
7,2,2721,20230408
8,1,9329,20230408
8,2,10539,20230408
1,1,9900,20230409
1,2,8753,20230409
2,1,6988,20230409
2,2,6633,20230409
3,1,1370,20230409
3,2,1396,20230409
4,1,2786,20230409
4,2,2804,20230409
5,1,3241,20230409
5,2,3661,20230409
6,1,6785,20230409
6,2,7514,20230409
7,1,2728,20230409
7,2,2602,20230409
8,1,8562,20230409
8,2,8997,20230409
1,1,10578,20230410
1,2,9817,20230410
2,1,9489,20230410
2,2,9050,20230410
3,1,3063,20230410
3,2,3013,20230410
4,1,4708,20230410
4,2,4601,20230410
5,1,5040,20230410
5,2,5378,20230410
6,1,10224,20230410
6,2,10837,20230410
7,1,3199,20230410
7,2,3215,20230410
8,1,11912,20230410
8,2,12302,20230410
1,1,10990,20230411
1,2,9595,20230411
2,1,9172,20230411
2,2,8833,20230411
3,1,3068,20230411
3,2,2941,20230411
4,1,4618,20230411
4,2,4426,20230411
5,1,4862,20230411
5,2,5119,20230411
6,1,9681,20230411
6,2,10528,20230411
7,1,3286,20230411
7,2,3355,20230411
8,1,11624,20230411
8,2,12504,20230411
1,1,11062,20230412
1,2,9963,20230412
2,1,8698,20230412
2,2,8611,20230412
3,1,2671,20230412
3,2,2502,20230412
4,1,4255,20230412
4,2,3919,20230412
5,1,4585,20230412
5,2,4731,20230412
6,1,9139,20230412
6,2,9914,20230412
7,1,2925,20230412
7,2,2937,20230412
8,1,11377,20230412
8,2,12135,20230412
1,1,10366,20230413
1,2,9202,20230413
2,1,7168,20230413
2,2,6834,20230413
3,1,1443,20230413
3,2,1265,20230413
4,1,2936,20230413
4,2,2441,20230413
5,1,3428,20230413
5,2,3376,20230413
6,1,6000,20230413
6,2,6862,20230413
7,1,2538,20230413
7,2,2542,20230413
8,1,9401,20230413
8,2,10758,20230413
1,1,9933,20230414
1,2,7998,20230414
2,1,7171,20230414
2,2,6956,20230414
3,1,1408,20230414
3,2,1280,20230414
4,1,2748,20230414
4,2,2473,20230414
5,1,3284,20230414
5,2,3526,20230414
6,1,5731,20230414
6,2,6683,20230414
7,1,2668,20230414
7,2,2584,20230414
8,1,9039,20230414
8,2,10482,20230414
1,1,9527,20230415
1,2,7659,20230415
2,1,7959,20230415
2,2,8040,20230415
3,1,1462,20230415
3,2,1381,20230415
4,1,2922,20230415
4,2,2720,20230415
5,1,3252,20230415
5,2,3770,20230415
6,1,6061,20230415
6,2,6747,20230415
7,1,2949,20230415
7,2,2617,20230415
8,1,10054,20230415
8,2,11252,20230415
1,1,10002,20230416
1,2,7815,20230416
2,1,5296,20230416
2,2,5851,20230416
3,1,1173,20230416
3,2,1206,20230416
4,1,2078,20230416
4,2,2278,20230416
5,1,2544,20230416
5,2,3188,20230416
6,1,5233,20230416
6,2,5705,20230416
7,1,2315,20230416
7,2,2095,20230416
8,1,7636,20230416
8,2,8139,20230416
1,1,11431,20230417
1,2,8455,20230417
2,1,7589,20230417
2,2,7969,20230417
3,1,2286,20230417
3,2,2247,20230417
4,1,3528,20230417
4,2,3637,20230417
5,1,3965,20230417
5,2,4328,20230417
6,1,8062,20230417
6,2,9226,20230417
7,1,2591,20230417
7,2,2602,20230417
8,1,9646,20230417
8,2,10634,20230417
1,1,11431,20230418
1,2,8827,20230418
2,1,9489,20230418
2,2,9269,20230418
3,1,3367,20230418
3,2,3334,20230418
4,1,5057,20230418
4,2,5026,20230418
5,1,5195,20230418
5,2,5668,20230418
6,1,10523,20230418
6,2,11563,20230418
7,1,2946,20230418
7,2,3119,20230418
8,1,11835,20230418
8,2,13037,20230418
1,1,11382,20230419
1,2,9193,20230419
2,1,9561,20230419
2,2,9683,20230419
3,1,3440,20230419
3,2,3333,20230419
4,1,5081,20230419
4,2,5005,20230419
5,1,5344,20230419
5,2,5791,20230419
6,1,10963,20230419
6,2,11685,20230419
7,1,3009,20230419
7,2,3182,20230419
8,1,12123,20230419
8,2,13031,20230419
1,1,11619,20230420
1,2,8900,20230420
2,1,9568,20230420
2,2,9486,20230420
3,1,3392,20230420
3,2,3269,20230420
4,1,5180,20230420
4,2,5010,20230420
5,1,5426,20230420
5,2,5879,20230420
6,1,10587,20230420
6,2,11583,20230420
7,1,3217,20230420
7,2,3447,20230420
8,1,12075,20230420
8,2,13490,20230420
1,1,12041,20230421
1,2,9469,20230421
2,1,9800,20230421
2,2,9706,20230421
3,1,3272,20230421
3,2,3138,20230421
4,1,5098,20230421
4,2,4882,20230421
5,1,5387,20230421
5,2,5600,20230421
6,1,10606,20230421
6,2,11999,20230421
7,1,3344,20230421
7,2,3426,20230421
8,1,12529,20230421
8,2,13857,20230421
1,1,10334,20230422
1,2,7955,20230422
2,1,7212,20230422
2,2,7194,20230422
3,1,1560,20230422
3,2,1609,20230422
4,1,3174,20230422
4,2,3067,20230422
5,1,3808,20230422
5,2,4068,20230422
6,1,6658,20230422
6,2,7416,20230422
7,1,2669,20230422
7,2,2762,20230422
8,1,9466,20230422
8,2,10810,20230422
1,1,10140,20230423
1,2,8138,20230423
2,1,6169,20230423
2,2,6300,20230423
3,1,1351,20230423
3,2,1386,20230423
4,1,2541,20230423
4,2,2629,20230423
5,1,3155,20230423
5,2,3739,20230423
6,1,6179,20230423
6,2,6594,20230423
7,1,2699,20230423
7,2,2588,20230423
8,1,8430,20230423
8,2,9290,20230423
1,1,11050,20230424
1,2,9612,20230424
2,1,9805,20230424
2,2,9498,20230424
3,1,3390,20230424
3,2,3289,20230424
4,1,5203,20230424
4,2,5096,20230424
5,1,5520,20230424
5,2,6044,20230424
6,1,10965,20230424
6,2,11735,20230424
7,1,3383,20230424
7,2,3617,20230424
8,1,12676,20230424
8,2,13101,20230424
1,1,11445,20230425
1,2,9694,20230425
2,1,9911,20230425
2,2,9861,20230425
3,1,3632,20230425
3,2,3464,20230425
4,1,5336,20230425
4,2,5199,20230425
5,1,5616,20230425
5,2,6310,20230425
6,1,11425,20230425
6,2,12165,20230425
7,1,3450,20230425
7,2,3475,20230425
8,1,13161,20230425
8,2,13808,20230425
1,1,11543,20230426
1,2,9517,20230426
2,1,9545,20230426
2,2,9480,20230426
3,1,3474,20230426
3,2,3392,20230426
4,1,5269,20230426
4,2,5193,20230426
5,1,5634,20230426
5,2,6262,20230426
6,1,11142,20230426
6,2,11985,20230426
7,1,3393,20230426
7,2,3674,20230426
8,1,12905,20230426
8,2,13402,20230426
1,1,12284,20230427
1,2,9705,20230427
2,1,10507,20230427
2,2,10199,20230427
3,1,3498,20230427
3,2,3365,20230427
4,1,5342,20230427
4,2,5258,20230427
5,1,5616,20230427
5,2,6255,20230427
6,1,11271,20230427
6,2,12415,20230427
7,1,3535,20230427
7,2,3797,20230427
8,1,13327,20230427
8,2,14386,20230427
1,1,13353,20230428
1,2,10590,20230428
2,1,11270,20230428
2,2,10982,20230428
3,1,3575,20230428
3,2,3467,20230428
4,1,5575,20230428
4,2,5324,20230428
5,1,6016,20230428
5,2,6456,20230428
6,1,12166,20230428
6,2,13513,20230428
7,1,3609,20230428
7,2,3718,20230428
8,1,14359,20230428
8,2,15873,20230428
1,1,11579,20230429
1,2,9087,20230429
2,1,8005,20230429
2,2,8061,20230429
3,1,1794,20230429
3,2,1757,20230429
4,1,3377,20230429
4,2,3230,20230429
5,1,4138,20230429
5,2,4501,20230429
6,1,7795,20230429
6,2,8361,20230429
7,1,2950,20230429
7,2,2912,20230429
8,1,10430,20230429
8,2,12159,20230429
1,1,10265,20230430
1,2,8417,20230430
2,1,6599,20230430
2,2,6783,20230430
3,1,1374,20230430
3,2,1360,20230430
4,1,2830,20230430
4,2,2695,20230430
5,1,3420,20230430
5,2,3711,20230430
6,1,6476,20230430
6,2,7136,20230430
7,1,2699,20230430
7,2,2584,20230430
8,1,9205,20230430
8,2,10182,20230430
1,1,10922,20230501
1,2,9575,20230501
2,1,7341,20230501
2,2,7161,20230501
3,1,1836,20230501
3,2,1828,20230501
4,1,3170,20230501
4,2,3293,20230501
5,1,3672,20230501
5,2,4071,20230501
6,1,7228,20230501
6,2,7835,20230501
7,1,2981,20230501
7,2,3041,20230501
8,1,10087,20230501
8,2,10433,20230501
1,1,12261,20230502
1,2,10170,20230502
2,1,9740,20230502
2,2,9661,20230502
3,1,3368,20230502
3,2,3331,20230502
4,1,5328,20230502
4,2,5154,20230502
5,1,5645,20230502
5,2,6208,20230502
6,1,11124,20230502
6,2,11964,20230502
7,1,3494,20230502
7,2,3717,20230502
8,1,13361,20230502
8,2,14116,20230502
1,1,0,20230503
1,2,0,20230503
2,1,0,20230503
2,2,0,20230503
3,1,0,20230503
3,2,0,20230503
4,1,0,20230503
4,2,0,20230503
5,1,0,20230503
5,2,0,20230503
6,1,0,20230503
6,2,0,20230503
7,1,0,20230503
7,2,0,20230503
8,1,0,20230503
8,2,0,20230503
1,1,0,20230504
1,2,0,20230504
2,1,0,20230504
2,2,0,20230504
3,1,0,20230504
3,2,0,20230504
4,1,0,20230504
4,2,0,20230504
5,1,0,20230504
5,2,0,20230504
6,1,0,20230504
6,2,0,20230504
7,1,0,20230504
7,2,0,20230504
8,1,0,20230504
8,2,0,20230504
1,1,0,20230505
1,2,0,20230505
2,1,0,20230505
2,2,0,20230505
3,1,0,20230505
3,2,0,20230505
4,1,0,20230505
4,2,0,20230505
5,1,0,20230505
5,2,0,20230505
6,1,0,20230505
6,2,0,20230505
7,1,0,20230505
7,2,0,20230505
8,1,0,20230505
8,2,0,20230505
1,1,0,20230506
1,2,0,20230506
2,1,0,20230506
2,2,0,20230506
3,1,0,20230506
3,2,0,20230506
4,1,0,20230506
4,2,0,20230506
5,1,0,20230506
5,2,0,20230506
6,1,0,20230506
6,2,0,20230506
7,1,0,20230506
7,2,0,20230506
8,1,0,20230506
8,2,0,20230506
1,1,0,20230507
1,2,0,20230507
2,1,0,20230507
2,2,0,20230507
3,1,0,20230507
3,2,0,20230507
4,1,0,20230507
4,2,0,20230507
5,1,0,20230507
5,2,0,20230507
6,1,0,20230507
6,2,0,20230507
7,1,0,20230507
7,2,0,20230507
8,1,0,20230507
8,2,0,20230507
1,1,0,20230508
1,2,0,20230508
2,1,0,20230508
2,2,0,20230508
3,1,0,20230508
3,2,0,20230508
4,1,0,20230508
4,2,0,20230508
5,1,0,20230508
5,2,0,20230508
6,1,0,20230508
6,2,0,20230508
7,1,0,20230508
7,2,0,20230508
8,1,0,20230508
8,2,0,20230508
1,1,10611,20230509
1,2,9324,20230509
2,1,9542,20230509
2,2,9361,20230509
3,1,3459,20230509
3,2,3326,20230509
4,1,5205,20230509
4,2,5072,20230509
5,1,5596,20230509
5,2,6002,20230509
6,1,10373,20230509
6,2,11283,20230509
7,1,3304,20230509
7,2,3363,20230509
8,1,12535,20230509
8,2,12894,20230509
1,1,10654,20230510
1,2,9122,20230510
2,1,9504,20230510
2,2,9311,20230510
3,1,3486,20230510
3,2,3367,20230510
4,1,5285,20230510
4,2,4896,20230510
5,1,5629,20230510
5,2,5933,20230510
6,1,10547,20230510
6,2,11402,20230510
7,1,3273,20230510
7,2,3430,20230510
8,1,12050,20230510
8,2,12967,20230510
1,1,11147,20230511
1,2,9341,20230511
2,1,9475,20230511
2,2,8964,20230511
3,1,3325,20230511
3,2,3254,20230511
4,1,5132,20230511
4,2,5018,20230511
5,1,5513,20230511
5,2,5635,20230511
6,1,10206,20230511
6,2,11195,20230511
7,1,3119,20230511
7,2,3428,20230511
8,1,12011,20230511
8,2,13093,20230511
1,1,11412,20230512
1,2,9513,20230512
2,1,10190,20230512
2,2,9902,20230512
3,1,3478,20230512
3,2,3224,20230512
4,1,5583,20230512
4,2,5219,20230512
5,1,5756,20230512
5,2,5933,20230512
6,1,10629,20230512
6,2,11904,20230512
7,1,3472,20230512
7,2,3784,20230512
8,1,12851,20230512
8,2,13892,20230512
1,1,9783,20230513
1,2,8522,20230513
2,1,6888,20230513
2,2,6762,20230513
3,1,1595,20230513
3,2,1705,20230513
4,1,3217,20230513
4,2,3057,20230513
5,1,3643,20230513
5,2,3762,20230513
6,1,6699,20230513
6,2,6940,20230513
7,1,2689,20230513
7,2,2922,20230513
8,1,9272,20230513
8,2,10116,20230513
1,1,10116,20230514
1,2,8442,20230514
2,1,6457,20230514
2,2,6575,20230514
3,1,1375,20230514
3,2,1382,20230514
4,1,2691,20230514
4,2,2846,20230514
5,1,3135,20230514
5,2,3668,20230514
6,1,6130,20230514
6,2,6552,20230514
7,1,2655,20230514
7,2,2429,20230514
8,1,8622,20230514
8,2,9287,20230514
1,1,11440,20230515
1,2,9794,20230515
2,1,9403,20230515
2,2,9328,20230515
3,1,3295,20230515
3,2,3176,20230515
4,1,4988,20230515
4,2,5075,20230515
5,1,5254,20230515
5,2,5916,20230515
6,1,10433,20230515
6,2,11215,20230515
7,1,3240,20230515
7,2,3292,20230515
8,1,12442,20230515
8,2,12699,20230515
1,1,11005,20230516
1,2,9550,20230516
2,1,9440,20230516
2,2,9639,20230516
3,1,3417,20230516
3,2,3467,20230516
4,1,5396,20230516
4,2,5334,20230516
5,1,5601,20230516
5,2,6216,20230516
6,1,10836,20230516
6,2,11300,20230516
7,1,3087,20230516
7,2,3219,20230516
8,1,12784,20230516
8,2,12841,20230516
1,1,10780,20230517
1,2,9117,20230517
2,1,8640,20230517
2,2,8693,20230517
3,1,3002,20230517
3,2,2908,20230517
4,1,4591,20230517
4,2,4422,20230517
5,1,5227,20230517
5,2,5590,20230517
6,1,9736,20230517
6,2,10441,20230517
7,1,2827,20230517
7,2,3059,20230517
8,1,11153,20230517
8,2,11726,20230517
1,1,11710,20230518
1,2,9434,20230518
2,1,9852,20230518
2,2,9486,20230518
3,1,3519,20230518
3,2,3391,20230518
4,1,5457,20230518
4,2,5220,20230518
5,1,5883,20230518
5,2,6488,20230518
6,1,10816,20230518
6,2,11781,20230518
7,1,3213,20230518
7,2,3501,20230518
8,1,12557,20230518
8,2,13706,20230518
1,1,12029,20230519
1,2,9288,20230519
2,1,9757,20230519
2,2,9846,20230519
3,1,3406,20230519
3,2,3313,20230519
4,1,5507,20230519
4,2,5295,20230519
5,1,5795,20230519
5,2,6233,20230519
6,1,11082,20230519
6,2,11932,20230519
7,1,3298,20230519
7,2,3555,20230519
8,1,12799,20230519
8,2,14211,20230519
1,1,10513,20230520
1,2,8554,20230520
2,1,7340,20230520
2,2,7176,20230520
3,1,1765,20230520
3,2,1724,20230520
4,1,3377,20230520
4,2,3317,20230520
5,1,4031,20230520
5,2,4414,20230520
6,1,7317,20230520
6,2,7868,20230520
7,1,2770,20230520
7,2,2904,20230520
8,1,9698,20230520
8,2,10854,20230520
1,1,8088,20230521
1,2,7934,20230521
2,1,5753,20230521
2,2,4804,20230521
3,1,1308,20230521
3,2,1099,20230521
4,1,2564,20230521
4,2,2294,20230521
5,1,3052,20230521
5,2,3005,20230521
6,1,5006,20230521
6,2,5670,20230521
7,1,2262,20230521
7,2,2158,20230521
8,1,7265,20230521
8,2,8334,20230521
1,1,11156,20230522
1,2,10276,20230522
2,1,9523,20230522
2,2,9388,20230522
3,1,3434,20230522
3,2,3359,20230522
4,1,5362,20230522
4,2,5185,20230522
5,1,5596,20230522
5,2,6171,20230522
6,1,10764,20230522
6,2,11427,20230522
7,1,3148,20230522
7,2,3029,20230522
8,1,12923,20230522
8,2,13071,20230522
1,1,10909,20230523
1,2,9203,20230523
2,1,9615,20230523
2,2,9394,20230523
3,1,3394,20230523
3,2,3421,20230523
4,1,5431,20230523
4,2,5123,20230523
5,1,5759,20230523
5,2,6082,20230523
6,1,10582,20230523
6,2,11616,20230523
7,1,3205,20230523
7,2,3394,20230523
8,1,12310,20230523
8,2,12972,20230523
1,1,11280,20230524
1,2,9364,20230524
2,1,9447,20230524
2,2,9481,20230524
3,1,3514,20230524
3,2,3415,20230524
4,1,5358,20230524
4,2,5225,20230524
5,1,5980,20230524
5,2,6391,20230524
6,1,10704,20230524
6,2,11613,20230524
7,1,3151,20230524
7,2,3481,20230524
8,1,12622,20230524
8,2,13086,20230524
1,1,12250,20230525
1,2,9848,20230525
2,1,9472,20230525
2,2,9376,20230525
3,1,3486,20230525
3,2,3429,20230525
4,1,5430,20230525
4,2,5237,20230525
5,1,5946,20230525
5,2,6305,20230525
6,1,10718,20230525
6,2,11792,20230525
7,1,3231,20230525
7,2,3525,20230525
8,1,12685,20230525
8,2,13706,20230525
1,1,13265,20230526
1,2,9762,20230526
2,1,9936,20230526
2,2,9788,20230526
3,1,3616,20230526
3,2,3397,20230526
4,1,5819,20230526
4,2,5704,20230526
5,1,6418,20230526
5,2,7026,20230526
6,1,11307,20230526
6,2,12510,20230526
7,1,3470,20230526
7,2,3996,20230526
8,1,13812,20230526
8,2,15460,20230526
1,1,11597,20230527
1,2,9346,20230527
2,1,7443,20230527
2,2,7531,20230527
3,1,1863,20230527
3,2,1850,20230527
4,1,4683,20230527
4,2,5339,20230527
5,1,7855,20230527
5,2,9236,20230527
6,1,9718,20230527
6,2,9822,20230527
7,1,3099,20230527
7,2,3149,20230527
8,1,14095,20230527
8,2,14080,20230527
1,1,9884,20230528
1,2,9561,20230528
2,1,6321,20230528
2,2,6518,20230528
3,1,1491,20230528
3,2,1456,20230528
4,1,4113,20230528
4,2,1053,20230528
5,1,7450,20230528
5,2,8139,20230528
6,1,6992,20230528
6,2,8456,20230528
7,1,2876,20230528
7,2,2677,20230528
8,1,11271,20230528
8,2,12538,20230528
1,1,10483,20230529
1,2,10764,20230529
2,1,9502,20230529
2,2,9691,20230529
3,1,3422,20230529
3,2,3486,20230529
4,1,5546,20230529
4,2,5328,20230529
5,1,6664,20230529
5,2,6877,20230529
6,1,11700,20230529
6,2,11617,20230529
7,1,3434,20230529
7,2,3482,20230529
8,1,13964,20230529
8,2,13470,20230529
1,1,10716,20230530
1,2,10001,20230530
2,1,9585,20230530
2,2,9678,20230530
3,1,3519,20230530
3,2,3510,20230530
4,1,5572,20230530
4,2,5518,20230530
5,1,6382,20230530
5,2,7012,20230530
6,1,11577,20230530
6,2,11809,20230530
7,1,3325,20230530
7,2,3627,20230530
8,1,13709,20230530
8,2,13230,20230530
1,1,11021,20230531
1,2,10189,20230531
2,1,9874,20230531
2,2,9825,20230531
3,1,3624,20230531
3,2,3606,20230531
4,1,5757,20230531
4,2,5606,20230531
5,1,6582,20230531
5,2,6764,20230531
6,1,11439,20230531
6,2,12038,20230531
7,1,3536,20230531
7,2,3609,20230531
8,1,13562,20230531
8,2,13758,20230531
1,1,11412,20230601
1,2,10007,20230601
2,1,9670,20230601
2,2,9769,20230601
3,1,3588,20230601
3,2,3588,20230601
4,1,5617,20230601
4,2,5406,20230601
5,1,6395,20230601
5,2,6664,20230601
6,1,11490,20230601
6,2,12059,20230601
7,1,3546,20230601
7,2,3736,20230601
8,1,13231,20230601
8,2,13720,20230601
1,1,12232,20230602
1,2,10420,20230602
2,1,10538,20230602
2,2,10628,20230602
3,1,3663,20230602
3,2,3572,20230602
4,1,5904,20230602
4,2,5636,20230602
5,1,6598,20230602
5,2,6723,20230602
6,1,12140,20230602
6,2,13040,20230602
7,1,3665,20230602
7,2,3851,20230602
8,1,14306,20230602
8,2,15176,20230602
1,1,10555,20230603
1,2,8901,20230603
2,1,7365,20230603
2,2,7446,20230603
3,1,1798,20230603
3,2,1758,20230603
4,1,4248,20230603
4,2,4124,20230603
5,1,4269,20230603
5,2,4559,20230603
6,1,7471,20230603
6,2,8157,20230603
7,1,3112,20230603
7,2,2996,20230603
8,1,10514,20230603
8,2,11391,20230603
1,1,9813,20230604
1,2,8436,20230604
2,1,7095,20230604
2,2,7151,20230604
3,1,1621,20230604
3,2,1651,20230604
4,1,3933,20230604
4,2,4038,20230604
5,1,4052,20230604
5,2,4194,20230604
6,1,6671,20230604
6,2,7186,20230604
7,1,2959,20230604
7,2,2682,20230604
8,1,10044,20230604
8,2,10850,20230604
1,1,11036,20230605
1,2,8835,20230605
2,1,6371,20230605
2,2,6181,20230605
3,1,1599,20230605
3,2,1537,20230605
4,1,3768,20230605
4,2,3809,20230605
5,1,3649,20230605
5,2,4012,20230605
6,1,6046,20230605
6,2,7116,20230605
7,1,2473,20230605
7,2,2523,20230605
8,1,8774,20230605
8,2,9703,20230605
1,1,11474,20230606
1,2,9369,20230606
2,1,10119,20230606
2,2,10147,20230606
3,1,3696,20230606
3,2,3675,20230606
4,1,6196,20230606
4,2,6315,20230606
5,1,6234,20230606
5,2,6684,20230606
6,1,11772,20230606
6,2,12418,20230606
7,1,3456,20230606
7,2,3635,20230606
8,1,13553,20230606
8,2,14257,20230606
1,1,11174,20230607
1,2,8999,20230607
2,1,9981,20230607
2,2,10021,20230607
3,1,3695,20230607
3,2,3694,20230607
4,1,6143,20230607
4,2,6213,20230607
5,1,6045,20230607
5,2,6518,20230607
6,1,11570,20230607
6,2,12034,20230607
7,1,3336,20230607
7,2,3606,20230607
8,1,13129,20230607
8,2,13988,20230607
1,1,11947,20230608
1,2,9413,20230608
2,1,9587,20230608
2,2,9607,20230608
3,1,3684,20230608
3,2,3622,20230608
4,1,6179,20230608
4,2,6010,20230608
5,1,6011,20230608
5,2,6431,20230608
6,1,11196,20230608
6,2,12195,20230608
7,1,3618,20230608
7,2,3746,20230608
8,1,12872,20230608
8,2,14070,20230608
1,1,13631,20230609
1,2,10493,20230609
2,1,10203,20230609
2,2,10370,20230609
3,1,3750,20230609
3,2,3575,20230609
4,1,6509,20230609
4,2,6338,20230609
5,1,6402,20230609
5,2,6723,20230609
6,1,11978,20230609
6,2,13059,20230609
7,1,3638,20230609
7,2,4022,20230609
8,1,14321,20230609
8,2,15852,20230609
1,1,11108,20230610
1,2,8819,20230610
2,1,7650,20230610
2,2,7538,20230610
3,1,1961,20230610
3,2,1941,20230610
4,1,4411,20230610
4,2,4357,20230610
5,1,4291,20230610
5,2,4629,20230610
6,1,7501,20230610
6,2,8507,20230610
7,1,3082,20230610
7,2,2986,20230610
8,1,10700,20230610
8,2,11927,20230610
1,1,10148,20230611
1,2,8941,20230611
2,1,6564,20230611
2,2,6515,20230611
3,1,1596,20230611
3,2,1519,20230611
4,1,3700,20230611
4,2,3730,20230611
5,1,3576,20230611
5,2,3917,20230611
6,1,6592,20230611
6,2,7298,20230611
7,1,2776,20230611
7,2,2799,20230611
8,1,9712,20230611
8,2,9945,20230611
1,1,10759,20230612
1,2,10428,20230612
2,1,9857,20230612
2,2,9838,20230612
3,1,3603,20230612
3,2,3533,20230612
4,1,6247,20230612
4,2,5258,20230612
5,1,5955,20230612
5,2,6302,20230612
6,1,11055,20230612
6,2,11886,20230612
7,1,3397,20230612
7,2,3534,20230612
8,1,13366,20230612
8,2,13460,20230612
1,1,11325,20230613
1,2,10344,20230613
2,1,9814,20230613
2,2,9698,20230613
3,1,3830,20230613
3,2,3815,20230613
4,1,6526,20230613
4,2,5855,20230613
5,1,6119,20230613
5,2,6414,20230613
6,1,11408,20230613
6,2,12360,20230613
7,1,3537,20230613
7,2,3696,20230613
8,1,13468,20230613
8,2,13845,20230613
1,1,10832,20230614
1,2,9275,20230614
2,1,9658,20230614
2,2,10183,20230614
3,1,3561,20230614
3,2,3777,20230614
4,1,6098,20230614
4,2,6105,20230614
5,1,5905,20230614
5,2,6308,20230614
6,1,11439,20230614
6,2,11346,20230614
7,1,3560,20230614
7,2,3466,20230614
8,1,13164,20230614
8,2,13757,20230614
1,1,11684,20230615
1,2,9687,20230615
2,1,9691,20230615
2,2,9749,20230615
3,1,3711,20230615
3,2,3601,20230615
4,1,6432,20230615
4,2,6097,20230615
5,1,5889,20230615
5,2,6234,20230615
6,1,11302,20230615
6,2,12245,20230615
7,1,3413,20230615
7,2,3768,20230615
8,1,13140,20230615
8,2,13881,20230615
1,1,0,20230616
1,2,0,20230616
2,1,0,20230616
2,2,0,20230616
3,1,0,20230616
3,2,0,20230616
4,1,0,20230616
4,2,0,20230616
5,1,0,20230616
5,2,0,20230616
6,1,0,20230616
6,2,0,20230616
7,1,0,20230616
7,2,0,20230616
8,1,0,20230616
8,2,0,20230616
1,1,11208,20230617
1,2,8731,20230617
2,1,7143,20230617
2,2,7609,20230617
3,1,1928,20230617
3,2,1923,20230617
4,1,4331,20230617
4,2,4533,20230617
5,1,3978,20230617
5,2,4614,20230617
6,1,7567,20230617
6,2,7853,20230617
7,1,2886,20230617
7,2,2996,20230617
8,1,10979,20230617
8,2,11761,20230617
1,1,10469,20230618
1,2,8931,20230618
2,1,6476,20230618
2,2,6593,20230618
3,1,1476,20230618
3,2,1468,20230618
4,1,3678,20230618
4,2,3768,20230618
5,1,3619,20230618
5,2,3923,20230618
6,1,6464,20230618
6,2,6973,20230618
7,1,2742,20230618
7,2,2560,20230618
8,1,9418,20230618
8,2,10126,20230618
1,1,12052,20230619
1,2,10936,20230619
2,1,10068,20230619
2,2,9828,20230619
3,1,3782,20230619
3,2,3740,20230619
4,1,6279,20230619
4,2,6189,20230619
5,1,6114,20230619
5,2,6431,20230619
6,1,11237,20230619
6,2,11981,20230619
7,1,3371,20230619
7,2,3500,20230619
8,1,13269,20230619
8,2,13567,20230619
1,1,11530,20230620
1,2,10224,20230620
2,1,9949,20230620
2,2,10072,20230620
3,1,3781,20230620
3,2,3735,20230620
4,1,6330,20230620
4,2,6159,20230620
5,1,6216,20230620
5,2,6653,20230620
6,1,11539,20230620
6,2,12131,20230620
7,1,3654,20230620
7,2,3703,20230620
8,1,13558,20230620
8,2,13880,20230620
1,1,13304,20230621
1,2,11053,20230621
2,1,9957,20230621
2,2,9959,20230621
3,1,4064,20230621
3,2,3962,20230621
4,1,6450,20230621
4,2,6204,20230621
5,1,6176,20230621
5,2,6599,20230621
6,1,11332,20230621
6,2,12297,20230621
7,1,3690,20230621
7,2,3826,20230621
8,1,13397,20230621
8,2,14470,20230621
1,1,0,20230622
1,2,0,20230622
2,1,0,20230622
2,2,0,20230622
3,1,0,20230622
3,2,0,20230622
4,1,0,20230622
4,2,0,20230622
5,1,0,20230622
5,2,0,20230622
6,1,0,20230622
6,2,0,20230622
7,1,0,20230622
7,2,0,20230622
8,1,0,20230622
8,2,0,20230622
1,1,0,20230623
1,2,0,20230623
2,1,0,20230623
2,2,0,20230623
3,1,0,20230623
3,2,0,20230623
4,1,0,20230623
4,2,0,20230623
5,1,0,20230623
5,2,0,20230623
6,1,0,20230623
6,2,0,20230623
7,1,0,20230623
7,2,0,20230623
8,1,0,20230623
8,2,0,20230623
1,1,0,20230624
1,2,0,20230624
2,1,0,20230624
2,2,0,20230624
3,1,0,20230624
3,2,0,20230624
4,1,0,20230624
4,2,0,20230624
5,1,0,20230624
5,2,0,20230624
6,1,0,20230624
6,2,0,20230624
7,1,0,20230624
7,2,0,20230624
8,1,0,20230624
8,2,0,20230624
1,1,10426,20230625
1,2,9727,20230625
2,1,6826,20230625
2,2,6916,20230625
3,1,1604,20230625
3,2,1614,20230625
4,1,3693,20230625
4,2,3767,20230625
5,1,3715,20230625
5,2,4124,20230625
6,1,6744,20230625
6,2,6927,20230625
7,1,3052,20230625
7,2,2752,20230625
8,1,10105,20230625
8,2,10338,20230625
1,1,11745,20230626
1,2,11197,20230626
2,1,10056,20230626
2,2,9905,20230626
3,1,3688,20230626
3,2,3597,20230626
4,1,6197,20230626
4,2,6034,20230626
5,1,5976,20230626
5,2,6362,20230626
6,1,11353,20230626
6,2,11976,20230626
7,1,3698,20230626
7,2,3800,20230626
8,1,14053,20230626
8,2,13895,20230626
1,1,11371,20230627
1,2,10655,20230627
2,1,10179,20230627
2,2,10201,20230627
3,1,3842,20230627
3,2,3819,20230627
4,1,6532,20230627
4,2,6413,20230627
5,1,6637,20230627
5,2,6725,20230627
6,1,11599,20230627
6,2,12419,20230627
7,1,3826,20230627
7,2,3723,20230627
8,1,14184,20230627
8,2,14215,20230627
1,1,11868,20230628
1,2,10036,20230628
2,1,10068,20230628
2,2,10285,20230628
3,1,3694,20230628
3,2,3639,20230628
4,1,6393,20230628
4,2,6322,20230628
5,1,6332,20230628
5,2,7047,20230628
6,1,11690,20230628
6,2,12350,20230628
7,1,3702,20230628
7,2,3818,20230628
8,1,13941,20230628
8,2,14191,20230628
1,1,12220,20230629
1,2,10299,20230629
2,1,9947,20230629
2,2,10087,20230629
3,1,3548,20230629
3,2,3473,20230629
4,1,6338,20230629
4,2,6339,20230629
5,1,6621,20230629
5,2,6976,20230629
6,1,11642,20230629
6,2,12439,20230629
7,1,3816,20230629
7,2,3848,20230629
8,1,14024,20230629
8,2,14695,20230629
1,1,12939,20230630
1,2,10510,20230630
2,1,11041,20230630
2,2,11174,20230630
3,1,3771,20230630
3,2,3595,20230630
4,1,6702,20230630
4,2,6341,20230630
5,1,6916,20230630
5,2,7337,20230630
6,1,12115,20230630
6,2,13286,20230630
7,1,3874,20230630
7,2,4074,20230630
8,1,15109,20230630
8,2,16150,20230630
1,1,11076,20230701
1,2,9252,20230701
2,1,8801,20230701
2,2,8991,20230701
3,1,2087,20230701
3,2,1942,20230701
4,1,4809,20230701
4,2,4808,20230701
5,1,5188,20230701
5,2,5681,20230701
6,1,9083,20230701
6,2,9660,20230701
7,1,3120,20230701
7,2,3138,20230701
8,1,11797,20230701
8,2,12489,20230701
1,1,10385,20230702
1,2,9345,20230702
2,1,8297,20230702
2,2,8620,20230702
3,1,1638,20230702
3,2,1662,20230702
4,1,4104,20230702
4,2,4416,20230702
5,1,4701,20230702
5,2,5464,20230702
6,1,8291,20230702
6,2,8253,20230702
7,1,3001,20230702
7,2,2811,20230702
8,1,11776,20230702
8,2,11622,20230702
1,1,11509,20230703
1,2,10338,20230703
2,1,10610,20230703
2,2,10403,20230703
3,1,3875,20230703
3,2,3747,20230703
4,1,6341,20230703
4,2,6131,20230703
5,1,6285,20230703
5,2,6688,20230703
6,1,11677,20230703
6,2,12424,20230703
7,1,3565,20230703
7,2,3722,20230703
8,1,13845,20230703
8,2,14254,20230703
1,1,11044,20230704
1,2,9853,20230704
2,1,10401,20230704
2,2,10220,20230704
3,1,3795,20230704
3,2,3811,20230704
4,1,6267,20230704
4,2,6042,20230704
5,1,6335,20230704
5,2,6609,20230704
6,1,11388,20230704
6,2,12393,20230704
7,1,3525,20230704
7,2,3723,20230704
8,1,13659,20230704
8,2,13763,20230704
1,1,11365,20230705
1,2,9718,20230705
2,1,10382,20230705
2,2,10468,20230705
3,1,3880,20230705
3,2,3823,20230705
4,1,6308,20230705
4,2,6169,20230705
5,1,6228,20230705
5,2,6931,20230705
6,1,11770,20230705
6,2,12351,20230705
7,1,3710,20230705
7,2,3864,20230705
8,1,13615,20230705
8,2,13934,20230705
1,1,12131,20230706
1,2,9827,20230706
2,1,10348,20230706
2,2,10150,20230706
3,1,3815,20230706
3,2,3730,20230706
4,1,6195,20230706
4,2,6034,20230706
5,1,6317,20230706
5,2,6762,20230706
6,1,11426,20230706
6,2,12454,20230706
7,1,3667,20230706
7,2,3874,20230706
8,1,13399,20230706
8,2,14467,20230706
1,1,12950,20230707
1,2,10059,20230707
2,1,11250,20230707
2,2,11088,20230707
3,1,3730,20230707
3,2,3677,20230707
4,1,6354,20230707
4,2,6265,20230707
5,1,6321,20230707
5,2,6830,20230707
6,1,12143,20230707
6,2,13270,20230707
7,1,3648,20230707
7,2,4031,20230707
8,1,14493,20230707
8,2,15669,20230707
1,1,10907,20230708
1,2,8945,20230708
2,1,8018,20230708
2,2,8053,20230708
3,1,1995,20230708
3,2,1975,20230708
4,1,4341,20230708
4,2,4249,20230708
5,1,4397,20230708
5,2,4745,20230708
6,1,7824,20230708
6,2,8437,20230708
7,1,3165,20230708
7,2,3194,20230708
8,1,10856,20230708
8,2,11905,20230708
1,1,10335,20230709
1,2,8972,20230709
2,1,6961,20230709
2,2,7159,20230709
3,1,1540,20230709
3,2,1519,20230709
4,1,3373,20230709
4,2,3391,20230709
5,1,3482,20230709
5,2,3858,20230709
6,1,6683,20230709
6,2,7160,20230709
7,1,2953,20230709
7,2,2676,20230709
8,1,9607,20230709
8,2,10199,20230709
1,1,11543,20230710
1,2,10399,20230710
2,1,10441,20230710
2,2,10192,20230710
3,1,3790,20230710
3,2,3743,20230710
4,1,5946,20230710
4,2,5935,20230710
5,1,6303,20230710
5,2,6676,20230710
6,1,11539,20230710
6,2,12406,20230710
7,1,3741,20230710
7,2,3836,20230710
8,1,14021,20230710
8,2,14137,20230710
1,1,11287,20230711
1,2,10006,20230711
2,1,10201,20230711
2,2,10104,20230711
3,1,3879,20230711
3,2,3809,20230711
4,1,6168,20230711
4,2,5987,20230711
5,1,6271,20230711
5,2,6547,20230711
6,1,11496,20230711
6,2,12247,20230711
7,1,3561,20230711
7,2,3827,20230711
8,1,13644,20230711
8,2,13980,20230711
1,1,11558,20230712
1,2,9929,20230712
2,1,10493,20230712
2,2,10345,20230712
3,1,3912,20230712
3,2,3789,20230712
4,1,6164,20230712
4,2,5979,20230712
5,1,6362,20230712
5,2,6744,20230712
6,1,11713,20230712
6,2,12283,20230712
7,1,3580,20230712
7,2,3866,20230712
8,1,13563,20230712
8,2,14410,20230712
1,1,12182,20230713
1,2,9710,20230713
2,1,10152,20230713
2,2,10039,20230713
3,1,3731,20230713
3,2,3685,20230713
4,1,6052,20230713
4,2,5986,20230713
5,1,6222,20230713
5,2,6519,20230713
6,1,11239,20230713
6,2,12361,20230713
7,1,3672,20230713
7,2,3885,20230713
8,1,13265,20230713
8,2,14330,20230713
1,1,13170,20230714
1,2,10508,20230714
2,1,10754,20230714
2,2,10919,20230714
3,1,3783,20230714
3,2,3675,20230714
4,1,6454,20230714
4,2,6229,20230714
5,1,6487,20230714
5,2,6843,20230714
6,1,12222,20230714
6,2,13079,20230714
7,1,3720,20230714
7,2,4021,20230714
8,1,14506,20230714
8,2,15822,20230714
1,1,11631,20230715
1,2,8871,20230715
2,1,7928,20230715
2,2,7996,20230715
3,1,1979,20230715
3,2,1948,20230715
4,1,3991,20230715
4,2,4094,20230715
5,1,4223,20230715
5,2,4569,20230715
6,1,7782,20230715
6,2,8826,20230715
7,1,3222,20230715
7,2,3233,20230715
8,1,10789,20230715
8,2,12008,20230715
1,1,10105,20230716
1,2,9418,20230716
2,1,6971,20230716
2,2,7162,20230716
3,1,1579,20230716
3,2,1520,20230716
4,1,3312,20230716
4,2,3400,20230716
5,1,3531,20230716
5,2,3910,20230716
6,1,7047,20230716
6,2,7220,20230716
7,1,2869,20230716
7,2,2619,20230716
8,1,9721,20230716
8,2,9886,20230716
1,1,11411,20230717
1,2,11038,20230717
2,1,10442,20230717
2,2,10148,20230717
3,1,3825,20230717
3,2,3677,20230717
4,1,5974,20230717
4,2,5918,20230717
5,1,6126,20230717
5,2,6745,20230717
6,1,11711,20230717
6,2,12101,20230717
7,1,3815,20230717
7,2,3889,20230717
8,1,14004,20230717
8,2,13792,20230717
1,1,11641,20230718
1,2,10639,20230718
2,1,10016,20230718
2,2,10018,20230718
3,1,3884,20230718
3,2,3785,20230718
4,1,6117,20230718
4,2,5906,20230718
5,1,6374,20230718
5,2,6627,20230718
6,1,11585,20230718
6,2,12434,20230718
7,1,3896,20230718
7,2,3784,20230718
8,1,13708,20230718
8,2,14028,20230718
1,1,11652,20230719
1,2,9951,20230719
2,1,10342,20230719
2,2,10166,20230719
3,1,3839,20230719
3,2,3725,20230719
4,1,6065,20230719
4,2,5984,20230719
5,1,6470,20230719
5,2,6575,20230719
6,1,11192,20230719
6,2,12525,20230719
7,1,3828,20230719
7,2,4024,20230719
8,1,13616,20230719
8,2,14054,20230719
1,1,11732,20230720
1,2,9976,20230720
2,1,10013,20230720
2,2,10115,20230720
3,1,3787,20230720
3,2,3763,20230720
4,1,6037,20230720
4,2,5991,20230720
5,1,6198,20230720
5,2,6825,20230720
6,1,11494,20230720
6,2,12206,20230720
7,1,3762,20230720
7,2,3739,20230720
8,1,13911,20230720
8,2,14319,20230720
1,1,12173,20230721
1,2,10233,20230721
2,1,11067,20230721
2,2,10826,20230721
3,1,3835,20230721
3,2,3610,20230721
4,1,6377,20230721
4,2,6119,20230721
5,1,6291,20230721
5,2,6442,20230721
6,1,11692,20230721
6,2,12995,20230721
7,1,3736,20230721
7,2,3940,20230721
8,1,14538,20230721
8,2,15544,20230721
1,1,11059,20230722
1,2,9191,20230722
2,1,7785,20230722
2,2,8110,20230722
3,1,2063,20230722
3,2,2006,20230722
4,1,4104,20230722
4,2,4116,20230722
5,1,4586,20230722
5,2,4964,20230722
6,1,7571,20230722
6,2,8137,20230722
7,1,3110,20230722
7,2,3044,20230722
8,1,11623,20230722
8,2,12333,20230722
1,1,9921,20230723
1,2,8930,20230723
2,1,6668,20230723
2,2,6865,20230723
3,1,1493,20230723
3,2,1475,20230723
4,1,3589,20230723
4,2,3951,20230723
5,1,4293,20230723
5,2,4555,20230723
6,1,6943,20230723
6,2,7133,20230723
7,1,2697,20230723
7,2,2557,20230723
8,1,9969,20230723
8,2,10107,20230723
1,1,11296,20230724
1,2,10141,20230724
2,1,10144,20230724
2,2,9988,20230724
3,1,3825,20230724
3,2,3752,20230724
4,1,6274,20230724
4,2,6157,20230724
5,1,6285,20230724
5,2,6394,20230724
6,1,11285,20230724
6,2,12186,20230724
7,1,3685,20230724
7,2,3965,20230724
8,1,13925,20230724
8,2,14136,20230724
1,1,11493,20230725
1,2,10975,20230725
2,1,10196,20230725
2,2,9968,20230725
3,1,3819,20230725
3,2,3716,20230725
4,1,6323,20230725
4,2,6159,20230725
5,1,6524,20230725
5,2,6880,20230725
6,1,11788,20230725
6,2,12328,20230725
7,1,3711,20230725
7,2,3714,20230725
8,1,13924,20230725
8,2,14038,20230725
1,1,12311,20230726
1,2,11481,20230726
2,1,10572,20230726
2,2,10296,20230726
3,1,3940,20230726
3,2,3814,20230726
4,1,6397,20230726
4,2,6158,20230726
5,1,6590,20230726
5,2,6716,20230726
6,1,11771,20230726
6,2,12484,20230726
7,1,3870,20230726
7,2,3847,20230726
8,1,14033,20230726
8,2,14688,20230726
1,1,13310,20230727
1,2,12063,20230727
2,1,12151,20230727
2,2,11342,20230727
3,1,4027,20230727
3,2,3915,20230727
4,1,6795,20230727
4,2,6554,20230727
5,1,6938,20230727
5,2,7079,20230727
6,1,13075,20230727
6,2,14148,20230727
7,1,3888,20230727
7,2,4150,20230727
8,1,15774,20230727
8,2,16707,20230727
1,1,11663,20230728
1,2,10645,20230728
2,1,8366,20230728
2,2,7759,20230728
3,1,1794,20230728
3,2,1784,20230728
4,1,3819,20230728
4,2,3690,20230728
5,1,3972,20230728
5,2,3950,20230728
6,1,7523,20230728
6,2,8152,20230728
7,1,3061,20230728
7,2,3177,20230728
8,1,10665,20230728
8,2,11706,20230728
1,1,11510,20230729
1,2,9806,20230729
2,1,7788,20230729
2,2,7554,20230729
3,1,1752,20230729
3,2,1674,20230729
4,1,3789,20230729
4,2,3659,20230729
5,1,3792,20230729
5,2,4157,20230729
6,1,7185,20230729
6,2,8055,20230729
7,1,2989,20230729
7,2,3065,20230729
8,1,10580,20230729
8,2,11415,20230729
1,1,10436,20230730
1,2,9433,20230730
2,1,6665,20230730
2,2,6936,20230730
3,1,1427,20230730
3,2,1522,20230730
4,1,3145,20230730
4,2,3254,20230730
5,1,3542,20230730
5,2,3775,20230730
6,1,6687,20230730
6,2,6981,20230730
7,1,2696,20230730
7,2,2374,20230730
8,1,9525,20230730
8,2,9848,20230730
1,1,11215,20230731
1,2,10247,20230731
2,1,8469,20230731
2,2,8551,20230731
3,1,2613,20230731
3,2,2444,20230731
4,1,4487,20230731
4,2,4553,20230731
5,1,4894,20230731
5,2,5140,20230731
6,1,8917,20230731
6,2,9628,20230731
7,1,3308,20230731
7,2,3151,20230731
8,1,11486,20230731
8,2,11675,20230731
1,1,11531,20230801
1,2,9529,20230801
2,1,7232,20230801
2,2,7522,20230801
3,1,1689,20230801
3,2,1668,20230801
4,1,3559,20230801
4,2,3634,20230801
5,1,3796,20230801
5,2,4377,20230801
6,1,6937,20230801
6,2,7665,20230801
7,1,2826,20230801
7,2,2621,20230801
8,1,9796,20230801
8,2,10350,20230801
1,1,12881,20230802
1,2,9301,20230802
2,1,9301,20230802
2,2,9777,20230802
3,1,3105,20230802
3,2,2943,20230802
4,1,4992,20230802
4,2,4970,20230802
5,1,5231,20230802
5,2,5756,20230802
6,1,10177,20230802
6,2,11345,20230802
7,1,3071,20230802
7,2,3389,20230802
8,1,11821,20230802
8,2,13098,20230802
1,1,13002,20230803
1,2,9772,20230803
2,1,10310,20230803
2,2,10666,20230803
3,1,3867,20230803
3,2,3830,20230803
4,1,6252,20230803
4,2,6146,20230803
5,1,6192,20230803
5,2,7162,20230803
6,1,11818,20230803
6,2,12920,20230803
7,1,3662,20230803
7,2,3855,20230803
8,1,14241,20230803
8,2,14993,20230803
1,1,13458,20230804
1,2,10648,20230804
2,1,11015,20230804
2,2,10957,20230804
3,1,3723,20230804
3,2,3721,20230804
4,1,6420,20230804
4,2,6454,20230804
5,1,6733,20230804
5,2,7174,20230804
6,1,12294,20230804
6,2,13349,20230804
7,1,3716,20230804
7,2,4029,20230804
8,1,14854,20230804
8,2,15881,20230804
1,1,12145,20230805
1,2,9429,20230805
2,1,8684,20230805
2,2,8760,20230805
3,1,2120,20230805
3,2,2068,20230805
4,1,4541,20230805
4,2,4707,20230805
5,1,5659,20230805
5,2,5676,20230805
6,1,8853,20230805
6,2,9691,20230805
7,1,3340,20230805
7,2,3367,20230805
8,1,11802,20230805
8,2,13446,20230805
1,1,11411,20230806
1,2,9674,20230806
2,1,7503,20230806
2,2,7805,20230806
3,1,1822,20230806
3,2,1749,20230806
4,1,3608,20230806
4,2,3717,20230806
5,1,4043,20230806
5,2,4363,20230806
6,1,7459,20230806
6,2,8132,20230806
7,1,3159,20230806
7,2,2988,20230806
8,1,10595,20230806
8,2,11172,20230806
1,1,13213,20230807
1,2,11641,20230807
2,1,10892,20230807
2,2,10695,20230807
3,1,4071,20230807
3,2,4035,20230807
4,1,6484,20230807
4,2,6487,20230807
5,1,6701,20230807
5,2,7167,20230807
6,1,12557,20230807
6,2,13670,20230807
7,1,3974,20230807
7,2,4111,20230807
8,1,15117,20230807
8,2,15203,20230807
1,1,11942,20230808
1,2,10775,20230808
2,1,10673,20230808
2,2,10506,20230808
3,1,4017,20230808
3,2,4048,20230808
4,1,6492,20230808
4,2,6353,20230808
5,1,6667,20230808
5,2,7163,20230808
6,1,12626,20230808
6,2,13511,20230808
7,1,3882,20230808
7,2,4044,20230808
8,1,14942,20230808
8,2,14841,20230808
1,1,12446,20230809
1,2,10844,20230809
2,1,10643,20230809
2,2,10528,20230809
3,1,4007,20230809
3,2,3984,20230809
4,1,6599,20230809
4,2,6463,20230809
5,1,6737,20230809
5,2,6999,20230809
6,1,12618,20230809
6,2,13655,20230809
7,1,3980,20230809
7,2,4109,20230809
8,1,14513,20230809
8,2,14961,20230809
1,1,12732,20230810
1,2,10770,20230810
2,1,10599,20230810
2,2,10366,20230810
3,1,3966,20230810
3,2,3956,20230810
4,1,6480,20230810
4,2,6288,20230810
5,1,6478,20230810
5,2,6954,20230810
6,1,12377,20230810
6,2,13337,20230810
7,1,4010,20230810
7,2,4042,20230810
8,1,14247,20230810
8,2,15176,20230810
1,1,13672,20230811
1,2,11527,20230811
2,1,11736,20230811
2,2,11565,20230811
3,1,3902,20230811
3,2,3876,20230811
4,1,6765,20230811
4,2,6516,20230811
5,1,6850,20230811
5,2,7113,20230811
6,1,13225,20230811
6,2,14540,20230811
7,1,4227,20230811
7,2,4282,20230811
8,1,15734,20230811
8,2,16692,20230811
1,1,11973,20230812
1,2,9764,20230812
2,1,7348,20230812
2,2,7397,20230812
3,1,1621,20230812
3,2,1671,20230812
4,1,3672,20230812
4,2,3539,20230812
5,1,4032,20230812
5,2,4185,20230812
6,1,7178,20230812
6,2,8095,20230812
7,1,3169,20230812
7,2,3065,20230812
8,1,10191,20230812
8,2,11468,20230812
1,1,10497,20230813
1,2,9704,20230813
2,1,6742,20230813
2,2,6999,20230813
3,1,1625,20230813
3,2,1671,20230813
4,1,3473,20230813
4,2,3695,20230813
5,1,3854,20230813
5,2,4139,20230813
6,1,7064,20230813
6,2,7024,20230813
7,1,2962,20230813
7,2,2760,20230813
8,1,10197,20230813
8,2,10422,20230813
1,1,11911,20230814
1,2,9926,20230814
2,1,7043,20230814
2,2,6874,20230814
3,1,1680,20230814
3,2,1580,20230814
4,1,3408,20230814
4,2,3682,20230814
5,1,3640,20230814
5,2,4216,20230814
6,1,6702,20230814
6,2,7495,20230814
7,1,2926,20230814
7,2,2798,20230814
8,1,9678,20230814
8,2,10417,20230814
1,1,12552,20230815
1,2,11423,20230815
2,1,10936,20230815
2,2,10725,20230815
3,1,4072,20230815
3,2,4083,20230815
4,1,6542,20230815
4,2,6551,20230815
5,1,6612,20230815
5,2,7084,20230815
6,1,13139,20230815
6,2,13747,20230815
7,1,3822,20230815
7,2,3916,20230815
8,1,14753,20230815
8,2,14899,20230815
1,1,12791,20230816
1,2,10811,20230816
2,1,10603,20230816
2,2,10716,20230816
3,1,4111,20230816
3,2,4083,20230816
4,1,6524,20230816
4,2,6388,20230816
5,1,6732,20230816
5,2,6939,20230816
6,1,12700,20230816
6,2,13735,20230816
7,1,3812,20230816
7,2,4048,20230816
8,1,14351,20230816
8,2,14904,20230816
1,1,13154,20230817
1,2,10866,20230817
2,1,10790,20230817
2,2,10856,20230817
3,1,3988,20230817
3,2,4029,20230817
4,1,6505,20230817
4,2,6665,20230817
5,1,6593,20230817
5,2,7386,20230817
6,1,13077,20230817
6,2,13707,20230817
7,1,3959,20230817
7,2,4300,20230817
8,1,15177,20230817
8,2,15434,20230817
1,1,14019,20230818
1,2,11823,20230818
2,1,11822,20230818
2,2,11655,20230818
3,1,4037,20230818
3,2,3885,20230818
4,1,6925,20230818
4,2,6746,20230818
5,1,6855,20230818
5,2,7438,20230818
6,1,13668,20230818
6,2,14388,20230818
7,1,4159,20230818
7,2,4417,20230818
8,1,15961,20230818
8,2,17094,20230818
1,1,12282,20230819
1,2,10441,20230819
2,1,8779,20230819
2,2,8501,20230819
3,1,2082,20230819
3,2,2111,20230819
4,1,4570,20230819
4,2,4446,20230819
5,1,4841,20230819
5,2,4983,20230819
6,1,8478,20230819
6,2,9356,20230819
7,1,3440,20230819
7,2,3359,20230819
8,1,12041,20230819
8,2,13316,20230819
1,1,11332,20230820
1,2,10574,20230820
2,1,7127,20230820
2,2,7134,20230820
3,1,1661,20230820
3,2,1671,20230820
4,1,3465,20230820
4,2,3689,20230820
5,1,3712,20230820
5,2,4162,20230820
6,1,7221,20230820
6,2,7485,20230820
7,1,3042,20230820
7,2,2884,20230820
8,1,10587,20230820
8,2,10548,20230820
1,1,12031,20230821
1,2,11562,20230821
2,1,10564,20230821
2,2,10362,20230821
3,1,4011,20230821
3,2,3991,20230821
4,1,6366,20230821
4,2,6397,20230821
5,1,6577,20230821
5,2,6966,20230821
6,1,12937,20230821
6,2,13518,20230821
7,1,4019,20230821
7,2,3919,20230821
8,1,14619,20230821
8,2,14409,20230821
1,1,11468,20230822
1,2,10600,20230822
2,1,10347,20230822
2,2,9655,20230822
3,1,4106,20230822
3,2,3717,20230822
4,1,6393,20230822
4,2,6228,20230822
5,1,6330,20230822
5,2,6815,20230822
6,1,12368,20230822
6,2,13093,20230822
7,1,3596,20230822
7,2,3865,20230822
8,1,13679,20230822
8,2,14314,20230822
1,1,12265,20230823
1,2,10695,20230823
2,1,10556,20230823
2,2,10685,20230823
3,1,4024,20230823
3,2,4111,20230823
4,1,6549,20230823
4,2,6462,20230823
5,1,6579,20230823
5,2,7546,20230823
6,1,13222,20230823
6,2,13666,20230823
7,1,3811,20230823
7,2,3901,20230823
8,1,14839,20230823
8,2,14779,20230823
1,1,13341,20230824
1,2,11105,20230824
2,1,10418,20230824
2,2,10420,20230824
3,1,4038,20230824
3,2,4001,20230824
4,1,6538,20230824
4,2,6527,20230824
5,1,6761,20230824
5,2,7525,20230824
6,1,13093,20230824
6,2,13781,20230824
7,1,4002,20230824
7,2,4272,20230824
8,1,14932,20230824
8,2,15492,20230824
1,1,14081,20230825
1,2,11802,20230825
2,1,11412,20230825
2,2,11335,20230825
3,1,4139,20230825
3,2,4017,20230825
4,1,6827,20230825
4,2,6655,20230825
5,1,7135,20230825
5,2,7780,20230825
6,1,13979,20230825
6,2,14771,20230825
7,1,4118,20230825
7,2,4374,20230825
8,1,16044,20230825
8,2,17001,20230825
1,1,12511,20230826
1,2,10513,20230826
2,1,8048,20230826
2,2,8165,20230826
3,1,2066,20230826
3,2,2113,20230826
4,1,4340,20230826
4,2,4400,20230826
5,1,4842,20230826
5,2,5159,20230826
6,1,9038,20230826
6,2,9615,20230826
7,1,3451,20230826
7,2,3494,20230826
8,1,11760,20230826
8,2,12597,20230826
1,1,11053,20230827
1,2,10236,20230827
2,1,6976,20230827
2,2,7149,20230827
3,1,1612,20230827
3,2,1595,20230827
4,1,3854,20230827
4,2,3691,20230827
5,1,4157,20230827
5,2,4365,20230827
6,1,7333,20230827
6,2,7828,20230827
7,1,3176,20230827
7,2,3039,20230827
8,1,10454,20230827
8,2,10712,20230827
1,1,11997,20230828
1,2,12059,20230828
2,1,10554,20230828
2,2,10313,20230828
3,1,3922,20230828
3,2,3951,20230828
4,1,6308,20230828
4,2,6327,20230828
5,1,6863,20230828
5,2,7333,20230828
6,1,13110,20230828
6,2,13393,20230828
7,1,3764,20230828
7,2,3717,20230828
8,1,15010,20230828
8,2,14435,20230828
1,1,11747,20230829
1,2,10877,20230829
2,1,10327,20230829
2,2,10275,20230829
3,1,4024,20230829
3,2,4017,20230829
4,1,6579,20230829
4,2,6477,20230829
5,1,6888,20230829
5,2,7363,20230829
6,1,13000,20230829
6,2,13582,20230829
7,1,3641,20230829
7,2,3772,20230829
8,1,14333,20230829
8,2,14176,20230829
1,1,12134,20230830
1,2,10602,20230830
2,1,10352,20230830
2,2,10233,20230830
3,1,4018,20230830
3,2,4024,20230830
4,1,6413,20230830
4,2,6236,20230830
5,1,6519,20230830
5,2,7122,20230830
6,1,12526,20230830
6,2,13528,20230830
7,1,3598,20230830
7,2,3767,20230830
8,1,14347,20230830
8,2,14395,20230830
1,1,12749,20230831
1,2,10838,20230831
2,1,10513,20230831
2,2,10469,20230831
3,1,4154,20230831
3,2,4077,20230831
4,1,6537,20230831
4,2,6390,20230831
5,1,6679,20230831
5,2,7572,20230831
6,1,12929,20230831
6,2,13528,20230831
7,1,3690,20230831
7,2,4100,20230831
8,1,15072,20230831
8,2,15349,20230831
1,1,13625,20230901
1,2,11167,20230901
2,1,11517,20230901
2,2,11375,20230901
3,1,4150,20230901
3,2,4081,20230901
4,1,7110,20230901
4,2,6950,20230901
5,1,7216,20230901
5,2,7563,20230901
6,1,13532,20230901
6,2,14708,20230901
7,1,3811,20230901
7,2,4043,20230901
8,1,15538,20230901
8,2,16612,20230901
1,1,11935,20230902
1,2,10422,20230902
2,1,8141,20230902
2,2,8414,20230902
3,1,2167,20230902
3,2,2145,20230902
4,1,4489,20230902
4,2,4513,20230902
5,1,5377,20230902
5,2,5313,20230902
6,1,8351,20230902
6,2,9101,20230902
7,1,3323,20230902
7,2,3197,20230902
8,1,12160,20230902
8,2,12838,20230902
1,1,11794,20230903
1,2,10658,20230903
2,1,7700,20230903
2,2,7621,20230903
3,1,1682,20230903
3,2,1652,20230903
4,1,3553,20230903
4,2,3587,20230903
5,1,4078,20230903
5,2,4321,20230903
6,1,7392,20230903
6,2,7926,20230903
7,1,3191,20230903
7,2,3212,20230903
8,1,10822,20230903
8,2,11235,20230903
1,1,12488,20230904
1,2,11591,20230904
2,1,10824,20230904
2,2,10608,20230904
3,1,4076,20230904
3,2,4026,20230904
4,1,6476,20230904
4,2,6565,20230904
5,1,6729,20230904
5,2,7244,20230904
6,1,12864,20230904
6,2,13540,20230904
7,1,3934,20230904
7,2,3888,20230904
8,1,14756,20230904
8,2,14685,20230904
1,1,12079,20230905
1,2,10825,20230905
2,1,10778,20230905
2,2,10597,20230905
3,1,4179,20230905
3,2,4135,20230905
4,1,6738,20230905
4,2,6558,20230905
5,1,6828,20230905
5,2,7194,20230905
6,1,12929,20230905
6,2,13632,20230905
7,1,3886,20230905
7,2,4090,20230905
8,1,14359,20230905
8,2,14745,20230905
1,1,12398,20230906
1,2,10986,20230906
2,1,10944,20230906
2,2,10863,20230906
3,1,4147,20230906
3,2,4066,20230906
4,1,6642,20230906
4,2,6289,20230906
5,1,6898,20230906
5,2,7328,20230906
6,1,12998,20230906
6,2,13893,20230906
7,1,3745,20230906
7,2,3960,20230906
8,1,14400,20230906
8,2,14787,20230906
1,1,12967,20230907
1,2,10961,20230907
2,1,10833,20230907
2,2,10659,20230907
3,1,4086,20230907
3,2,4131,20230907
4,1,6606,20230907
4,2,6593,20230907
5,1,6583,20230907
5,2,7147,20230907
6,1,12765,20230907
6,2,13600,20230907
7,1,3820,20230907
7,2,4046,20230907
8,1,14511,20230907
8,2,15034,20230907
1,1,13821,20230908
1,2,11669,20230908
2,1,11305,20230908
2,2,11152,20230908
3,1,4025,20230908
3,2,3947,20230908
4,1,6789,20230908
4,2,6521,20230908
5,1,6930,20230908
5,2,7413,20230908
6,1,13158,20230908
6,2,14113,20230908
7,1,3787,20230908
7,2,3887,20230908
8,1,15153,20230908
8,2,16266,20230908
1,1,11829,20230909
1,2,7564,20230909
2,1,8113,20230909
2,2,8288,20230909
3,1,2090,20230909
3,2,2102,20230909
4,1,4198,20230909
4,2,4387,20230909
5,1,4324,20230909
5,2,5169,20230909
6,1,8439,20230909
6,2,9417,20230909
7,1,2808,20230909
7,2,3287,20230909
8,1,10982,20230909
8,2,12569,20230909
1,1,11001,20230910
1,2,9938,20230910
2,1,6971,20230910
2,2,7231,20230910
3,1,1623,20230910
3,2,1588,20230910
4,1,3354,20230910
4,2,3439,20230910
5,1,3726,20230910
5,2,4192,20230910
6,1,7116,20230910
6,2,7496,20230910
7,1,2934,20230910
7,2,2757,20230910
8,1,10205,20230910
8,2,10289,20230910
1,1,12208,20230911
1,2,11456,20230911
2,1,10791,20230911
2,2,10601,20230911
3,1,3994,20230911
3,2,3950,20230911
4,1,6420,20230911
4,2,6522,20230911
5,1,6505,20230911
5,2,7320,20230911
6,1,12926,20230911
6,2,13403,20230911
7,1,3590,20230911
7,2,3654,20230911
8,1,14750,20230911
8,2,14278,20230911
1,1,11589,20230912
1,2,10317,20230912
2,1,10372,20230912
2,2,10272,20230912
3,1,4107,20230912
3,2,4066,20230912
4,1,6644,20230912
4,2,6507,20230912
5,1,6707,20230912
5,2,7068,20230912
6,1,12424,20230912
6,2,13349,20230912
7,1,3612,20230912
7,2,3882,20230912
8,1,14248,20230912
8,2,14242,20230912
1,1,12353,20230913
1,2,10389,20230913
2,1,10584,20230913
2,2,10555,20230913
3,1,4070,20230913
3,2,4013,20230913
4,1,6485,20230913
4,2,6320,20230913
5,1,6607,20230913
5,2,7316,20230913
6,1,12794,20230913
6,2,13560,20230913
7,1,3514,20230913
7,2,3828,20230913
8,1,14300,20230913
8,2,14726,20230913
1,1,13394,20230914
1,2,9356,20230914
2,1,10304,20230914
2,2,10433,20230914
3,1,3972,20230914
3,2,4012,20230914
4,1,6459,20230914
4,2,6342,20230914
5,1,6444,20230914
5,2,7276,20230914
6,1,12376,20230914
6,2,13561,20230914
7,1,3509,20230914
7,2,4057,20230914
8,1,13885,20230914
8,2,15306,20230914
1,1,14059,20230915
1,2,11324,20230915
2,1,11169,20230915
2,2,10892,20230915
3,1,4073,20230915
3,2,3973,20230915
4,1,6762,20230915
4,2,6351,20230915
5,1,6620,20230915
5,2,7182,20230915
6,1,13045,20230915
6,2,14282,20230915
7,1,3800,20230915
7,2,4109,20230915
8,1,14842,20230915
8,2,16257,20230915
1,1,12456,20230916
1,2,9920,20230916
2,1,7900,20230916
2,2,8042,20230916
3,1,2033,20230916
3,2,1991,20230916
4,1,4290,20230916
4,2,4263,20230916
5,1,4607,20230916
5,2,5397,20230916
6,1,8256,20230916
6,2,9042,20230916
7,1,3073,20230916
7,2,3159,20230916
8,1,11724,20230916
8,2,12525,20230916
1,1,10822,20230917
1,2,9159,20230917
2,1,6707,20230917
2,2,7037,20230917
3,1,1460,20230917
3,2,1536,20230917
4,1,3281,20230917
4,2,3279,20230917
5,1,4279,20230917
5,2,4655,20230917
6,1,7046,20230917
6,2,7314,20230917
7,1,2718,20230917
7,2,2703,20230917
8,1,9801,20230917
8,2,10431,20230917
1,1,11880,20230918
1,2,10858,20230918
2,1,10266,20230918
2,2,10222,20230918
3,1,3798,20230918
3,2,3919,20230918
4,1,6208,20230918
4,2,6169,20230918
5,1,6300,20230918
5,2,6758,20230918
6,1,12291,20230918
6,2,12747,20230918
7,1,3445,20230918
7,2,3710,20230918
8,1,14244,20230918
8,2,14049,20230918
1,1,12199,20230919
1,2,10751,20230919
2,1,10397,20230919
2,2,10203,20230919
3,1,4050,20230919
3,2,4002,20230919
4,1,6513,20230919
4,2,6418,20230919
5,1,6460,20230919
5,2,6955,20230919
6,1,12578,20230919
6,2,13444,20230919
7,1,3542,20230919
7,2,3715,20230919
8,1,14063,20230919
8,2,14314,20230919
1,1,12335,20230920
1,2,10596,20230920
2,1,10451,20230920
2,2,10411,20230920
3,1,3987,20230920
3,2,3982,20230920
4,1,6474,20230920
4,2,6094,20230920
5,1,6533,20230920
5,2,7051,20230920
6,1,12752,20230920
6,2,13454,20230920
7,1,3599,20230920
7,2,3933,20230920
8,1,13981,20230920
8,2,14591,20230920
1,1,12991,20230921
1,2,10648,20230921
2,1,10096,20230921
2,2,10289,20230921
3,1,3921,20230921
3,2,3862,20230921
4,1,6405,20230921
4,2,6442,20230921
5,1,6412,20230921
5,2,7566,20230921
6,1,12955,20230921
6,2,13148,20230921
7,1,3649,20230921
7,2,4129,20230921
8,1,14754,20230921
8,2,15099,20230921
1,1,14507,20230922
1,2,11898,20230922
2,1,11066,20230922
2,2,10902,20230922
3,1,4044,20230922
3,2,3989,20230922
4,1,6782,20230922
4,2,6634,20230922
5,1,6796,20230922
5,2,7197,20230922
6,1,13168,20230922
6,2,14300,20230922
7,1,3859,20230922
7,2,4143,20230922
8,1,15363,20230922
8,2,16522,20230922
1,1,12339,20230923
1,2,10070,20230923
2,1,7500,20230923
2,2,7521,20230923
3,1,1893,20230923
3,2,1947,20230923
4,1,3939,20230923
4,2,4004,20230923
5,1,4218,20230923
5,2,4886,20230923
6,1,7776,20230923
6,2,8194,20230923
7,1,3263,20230923
7,2,3321,20230923
8,1,11370,20230923
8,2,12355,20230923
1,1,11512,20230924
1,2,10933,20230924
2,1,6832,20230924
2,2,6998,20230924
3,1,1566,20230924
3,2,1595,20230924
4,1,3409,20230924
4,2,3491,20230924
5,1,4189,20230924
5,2,4374,20230924
6,1,7304,20230924
6,2,7493,20230924
7,1,2905,20230924
7,2,2820,20230924
8,1,10480,20230924
8,2,10493,20230924
1,1,12652,20230925
1,2,11944,20230925
2,1,10682,20230925
2,2,10358,20230925
3,1,3891,20230925
3,2,3896,20230925
4,1,6217,20230925
4,2,6252,20230925
5,1,6394,20230925
5,2,6996,20230925
6,1,12504,20230925
6,2,13174,20230925
7,1,3668,20230925
7,2,3795,20230925
8,1,14936,20230925
8,2,14529,20230925
1,1,12380,20230926
1,2,10797,20230926
2,1,10524,20230926
2,2,10564,20230926
3,1,3958,20230926
3,2,3937,20230926
4,1,6377,20230926
4,2,6509,20230926
5,1,6484,20230926
5,2,7324,20230926
6,1,12607,20230926
6,2,13220,20230926
7,1,3720,20230926
7,2,3845,20230926
8,1,14826,20230926
8,2,14680,20230926
1,1,12712,20230927
1,2,10485,20230927
2,1,10239,20230927
2,2,10037,20230927
3,1,3918,20230927
3,2,3817,20230927
4,1,6324,20230927
4,2,6277,20230927
5,1,6414,20230927
5,2,6773,20230927
6,1,12249,20230927
6,2,13047,20230927
7,1,3594,20230927
7,2,4013,20230927
8,1,13809,20230927
8,2,14810,20230927
1,1,12891,20230928
1,2,10486,20230928
2,1,10164,20230928
2,2,10227,20230928
3,1,3846,20230928
3,2,3699,20230928
4,1,6244,20230928
4,2,6132,20230928
5,1,6526,20230928
5,2,7103,20230928
6,1,12198,20230928
6,2,12987,20230928
7,1,3664,20230928
7,2,4049,20230928
8,1,14392,20230928
8,2,15242,20230928
1,1,13314,20230929
1,2,11172,20230929
2,1,11546,20230929
2,2,11378,20230929
3,1,3916,20230929
3,2,3785,20230929
4,1,6675,20230929
4,2,6457,20230929
5,1,6698,20230929
5,2,7449,20230929
6,1,12863,20230929
6,2,13668,20230929
7,1,3841,20230929
7,2,4060,20230929
8,1,15990,20230929
8,2,16874,20230929
1,1,12360,20230930
1,2,10257,20230930
2,1,8676,20230930
2,2,8707,20230930
3,1,2185,20230930
3,2,2103,20230930
4,1,4620,20230930
4,2,4503,20230930
5,1,4786,20230930
5,2,5238,20230930
6,1,8811,20230930
6,2,9529,20230930
7,1,3404,20230930
7,2,3426,20230930
8,1,12429,20230930
8,2,13508,20230930
1,1,11756,20231001
1,2,9752,20231001
2,1,7651,20231001
2,2,7576,20231001
3,1,1678,20231001
3,2,1666,20231001
4,1,3586,20231001
4,2,3703,20231001
5,1,3947,20231001
5,2,4321,20231001
6,1,6975,20231001
6,2,7720,20231001
7,1,3004,20231001
7,2,3141,20231001
8,1,10724,20231001
8,2,11442,20231001
1,1,12207,20231002
1,2,10825,20231002
2,1,10835,20231002
2,2,10719,20231002
3,1,3947,20231002
3,2,3794,20231002
4,1,6276,20231002
4,2,6406,20231002
5,1,6341,20231002
5,2,6878,20231002
6,1,12247,20231002
6,2,13101,20231002
7,1,3693,20231002
7,2,3754,20231002
8,1,14659,20231002
8,2,14728,20231002
1,1,12365,20231003
1,2,11458,20231003
2,1,10605,20231003
2,2,11012,20231003
3,1,3997,20231003
3,2,4079,20231003
4,1,6326,20231003
4,2,6579,20231003
5,1,6413,20231003
5,2,8045,20231003
6,1,14262,20231003
6,2,13347,20231003
7,1,3909,20231003
7,2,4220,20231003
8,1,15776,20231003
8,2,14913,20231003
1,1,12132,20231004
1,2,10604,20231004
2,1,10145,20231004
2,2,10006,20231004
3,1,3910,20231004
3,2,3795,20231004
4,1,6221,20231004
4,2,6227,20231004
5,1,6483,20231004
5,2,6863,20231004
6,1,12403,20231004
6,2,13025,20231004
7,1,3476,20231004
7,2,3809,20231004
8,1,13934,20231004
8,2,14375,20231004
1,1,12503,20231005
1,2,10804,20231005
2,1,10663,20231005
2,2,10671,20231005
3,1,3827,20231005
3,2,3729,20231005
4,1,6153,20231005
4,2,5990,20231005
5,1,6459,20231005
5,2,6796,20231005
6,1,11922,20231005
6,2,13069,20231005
7,1,3600,20231005
7,2,3878,20231005
8,1,14712,20231005
8,2,14902,20231005
1,1,13653,20231006
1,2,11311,20231006
2,1,11219,20231006
2,2,10756,20231006
3,1,3824,20231006
3,2,3721,20231006
4,1,6484,20231006
4,2,6249,20231006
5,1,6695,20231006
5,2,6906,20231006
6,1,12648,20231006
6,2,13748,20231006
7,1,3536,20231006
7,2,3809,20231006
8,1,15087,20231006
8,2,16646,20231006
1,1,11891,20231007
1,2,9944,20231007
2,1,8103,20231007
2,2,8205,20231007
3,1,2132,20231007
3,2,2095,20231007
4,1,4376,20231007
4,2,4226,20231007
5,1,4621,20231007
5,2,5125,20231007
6,1,8422,20231007
6,2,8923,20231007
7,1,3138,20231007
7,2,3131,20231007
8,1,11649,20231007
8,2,12683,20231007
1,1,10602,20231008
1,2,10234,20231008
2,1,6958,20231008
2,2,7098,20231008
3,1,1684,20231008
3,2,1668,20231008
4,1,3399,20231008
4,2,3473,20231008
5,1,4203,20231008
5,2,4445,20231008
6,1,7079,20231008
6,2,7391,20231008
7,1,2922,20231008
7,2,2767,20231008
8,1,10447,20231008
8,2,10218,20231008
1,1,11990,20231009
1,2,11769,20231009
2,1,10835,20231009
2,2,10424,20231009
3,1,4062,20231009
3,2,3955,20231009
4,1,6232,20231009
4,2,6127,20231009
5,1,6451,20231009
5,2,6957,20231009
6,1,12482,20231009
6,2,12899,20231009
7,1,3462,20231009
7,2,3712,20231009
8,1,14801,20231009
8,2,14472,20231009
1,1,11590,20231010
1,2,11221,20231010
2,1,10732,20231010
2,2,10599,20231010
3,1,4062,20231010
3,2,3449,20231010
4,1,6400,20231010
4,2,6363,20231010
5,1,6474,20231010
5,2,7259,20231010
6,1,12632,20231010
6,2,12940,20231010
7,1,3501,20231010
7,2,3808,20231010
8,1,14807,20231010
8,2,14559,20231010
1,1,12225,20231011
1,2,11419,20231011
2,1,10629,20231011
2,2,10159,20231011
3,1,3932,20231011
3,2,3806,20231011
4,1,6452,20231011
4,2,6092,20231011
5,1,6765,20231011
5,2,6712,20231011
6,1,12039,20231011
6,2,13267,20231011
7,1,3480,20231011
7,2,3665,20231011
8,1,14268,20231011
8,2,14670,20231011
1,1,13096,20231012
1,2,11653,20231012
2,1,11985,20231012
2,2,11380,20231012
3,1,4060,20231012
3,2,3885,20231012
4,1,6456,20231012
4,2,6281,20231012
5,1,6736,20231012
5,2,7001,20231012
6,1,13234,20231012
6,2,14140,20231012
7,1,3574,20231012
7,2,4065,20231012
8,1,15080,20231012
8,2,15816,20231012
1,1,12128,20231013
1,2,10020,20231013
2,1,7826,20231013
2,2,7650,20231013
3,1,1761,20231013
3,2,1759,20231013
4,1,3782,20231013
4,2,3739,20231013
5,1,4239,20231013
5,2,4488,20231013
6,1,8137,20231013
6,2,8986,20231013
7,1,2867,20231013
7,2,3022,20231013
8,1,9696,20231013
8,2,10772,20231013
1,1,11324,20231014
1,2,9659,20231014
2,1,8138,20231014
2,2,8294,20231014
3,1,1858,20231014
3,2,1844,20231014
4,1,3981,20231014
4,2,3925,20231014
5,1,4181,20231014
5,2,4616,20231014
6,1,8361,20231014
6,2,8858,20231014
7,1,3164,20231014
7,2,3128,20231014
8,1,10407,20231014
8,2,11090,20231014
1,1,11424,20231015
1,2,9714,20231015
2,1,7999,20231015
2,2,8085,20231015
3,1,1754,20231015
3,2,1674,20231015
4,1,3490,20231015
4,2,3647,20231015
5,1,3826,20231015
5,2,4435,20231015
6,1,7760,20231015
6,2,8642,20231015
7,1,3056,20231015
7,2,2753,20231015
8,1,9930,20231015
8,2,10289,20231015
1,1,12715,20231016
1,2,11023,20231016
2,1,10665,20231016
2,2,10560,20231016
3,1,3810,20231016
3,2,3756,20231016
4,1,6066,20231016
4,2,6025,20231016
5,1,6298,20231016
5,2,6956,20231016
6,1,12470,20231016
6,2,13323,20231016
7,1,3492,20231016
7,2,3489,20231016
8,1,13664,20231016
8,2,14048,20231016
1,1,12227,20231017
1,2,10216,20231017
2,1,10785,20231017
2,2,10577,20231017
3,1,3905,20231017
3,2,3872,20231017
4,1,6287,20231017
4,2,6250,20231017
5,1,6294,20231017
5,2,6992,20231017
6,1,12514,20231017
6,2,13504,20231017
7,1,3617,20231017
7,2,3709,20231017
8,1,13660,20231017
8,2,14169,20231017
1,1,12232,20231018
1,2,10302,20231018
2,1,10515,20231018
2,2,10448,20231018
3,1,3933,20231018
3,2,3785,20231018
4,1,6352,20231018
4,2,6278,20231018
5,1,6887,20231018
5,2,7223,20231018
6,1,12330,20231018
6,2,13277,20231018
7,1,3347,20231018
7,2,3657,20231018
8,1,13486,20231018
8,2,14112,20231018
1,1,12863,20231019
1,2,10870,20231019
2,1,11222,20231019
2,2,10515,20231019
3,1,3902,20231019
3,2,3709,20231019
4,1,6301,20231019
4,2,6107,20231019
5,1,6728,20231019
5,2,7215,20231019
6,1,12319,20231019
6,2,13581,20231019
7,1,3555,20231019
7,2,3890,20231019
8,1,14095,20231019
8,2,15098,20231019
1,1,14001,20231020
1,2,11702,20231020
2,1,11620,20231020
2,2,11373,20231020
3,1,3690,20231020
3,2,3653,20231020
4,1,6343,20231020
4,2,6139,20231020
5,1,6873,20231020
5,2,7577,20231020
6,1,13550,20231020
6,2,14524,20231020
7,1,3593,20231020
7,2,3910,20231020
8,1,14729,20231020
8,2,15521,20231020
1,1,12006,20231021
1,2,9807,20231021
2,1,8510,20231021
2,2,8390,20231021
3,1,1930,20231021
3,2,1950,20231021
4,1,4130,20231021
4,2,3965,20231021
5,1,4908,20231021
5,2,5317,20231021
6,1,9537,20231021
6,2,10434,20231021
7,1,2897,20231021
7,2,3059,20231021
8,1,10840,20231021
8,2,11836,20231021
1,1,10698,20231022
1,2,9295,20231022
2,1,7672,20231022
2,2,7930,20231022
3,1,1659,20231022
3,2,1708,20231022
4,1,3553,20231022
4,2,3597,20231022
5,1,4173,20231022
5,2,4518,20231022
6,1,8317,20231022
6,2,8704,20231022
7,1,2897,20231022
7,2,2728,20231022
8,1,9442,20231022
8,2,9931,20231022
1,1,11897,20231023
1,2,9836,20231023
2,1,6678,20231023
2,2,6428,20231023
3,1,1547,20231023
3,2,1499,20231023
4,1,3155,20231023
4,2,3315,20231023
5,1,3476,20231023
5,2,3876,20231023
6,1,6887,20231023
6,2,7817,20231023
7,1,2563,20231023
7,2,2547,20231023
8,1,8276,20231023
8,2,9161,20231023
1,1,13062,20231024
1,2,10370,20231024
2,1,11429,20231024
2,2,11089,20231024
3,1,4033,20231024
3,2,3821,20231024
4,1,6326,20231024
4,2,6226,20231024
5,1,6888,20231024
5,2,7599,20231024
6,1,12386,20231024
6,2,13950,20231024
7,1,3624,20231024
7,2,3887,20231024
8,1,14339,20231024
8,2,15145,20231024
1,1,0,20231025
1,2,0,20231025
2,1,0,20231025
2,2,0,20231025
3,1,0,20231025
3,2,0,20231025
4,1,0,20231025
4,2,0,20231025
5,1,0,20231025
5,2,0,20231025
6,1,0,20231025
6,2,0,20231025
7,1,0,20231025
7,2,0,20231025
8,1,0,20231025
8,2,0,20231025
1,1,0,20231026
1,2,0,20231026
2,1,0,20231026
2,2,0,20231026
3,1,0,20231026
3,2,0,20231026
4,1,0,20231026
4,2,0,20231026
5,1,0,20231026
5,2,0,20231026
6,1,0,20231026
6,2,0,20231026
7,1,0,20231026
7,2,0,20231026
8,1,0,20231026
8,2,0,20231026
1,1,13796,20231027
1,2,10565,20231027
2,1,10873,20231027
2,2,10931,20231027
3,1,3887,20231027
3,2,3859,20231027
4,1,6164,20231027
4,2,6229,20231027
5,1,6854,20231027
5,2,7373,20231027
6,1,12476,20231027
6,2,13688,20231027
7,1,3742,20231027
7,2,4002,20231027
8,1,14963,20231027
8,2,16108,20231027
1,1,11943,20231028
1,2,9411,20231028
2,1,8596,20231028
2,2,8483,20231028
3,1,2022,20231028
3,2,2058,20231028
4,1,4353,20231028
4,2,4291,20231028
5,1,5080,20231028
5,2,5473,20231028
6,1,8283,20231028
6,2,9277,20231028
7,1,3264,20231028
7,2,3203,20231028
8,1,11433,20231028
8,2,12778,20231028
1,1,11091,20231029
1,2,9488,20231029
2,1,7448,20231029
2,2,7603,20231029
3,1,1677,20231029
3,2,1677,20231029
4,1,3514,20231029
4,2,3593,20231029
5,1,4209,20231029
5,2,4632,20231029
6,1,7421,20231029
6,2,8126,20231029
7,1,2775,20231029
7,2,2712,20231029
8,1,10378,20231029
8,2,10682,20231029
1,1,11842,20231030
1,2,10670,20231030
2,1,10235,20231030
2,2,9922,20231030
3,1,3816,20231030
3,2,3728,20231030
4,1,5854,20231030
4,2,5912,20231030
5,1,6357,20231030
5,2,7052,20231030
6,1,11708,20231030
6,2,12480,20231030
7,1,3371,20231030
7,2,3441,20231030
8,1,13829,20231030
8,2,13807,20231030
1,1,11931,20231031
1,2,10324,20231031
2,1,10947,20231031
2,2,10662,20231031
3,1,3949,20231031
3,2,3818,20231031
4,1,6259,20231031
4,2,6176,20231031
5,1,6893,20231031
5,2,7341,20231031
6,1,12144,20231031
6,2,13095,20231031
7,1,3747,20231031
7,2,3905,20231031
8,1,14161,20231031
8,2,14710,20231031
1,1,12411,20231101
1,2,10080,20231101
2,1,10394,20231101
2,2,10227,20231101
3,1,4032,20231101
3,2,3911,20231101
4,1,6238,20231101
4,2,6172,20231101
5,1,6700,20231101
5,2,7172,20231101
6,1,12008,20231101
6,2,13115,20231101
7,1,3455,20231101
7,2,3838,20231101
8,1,13527,20231101
8,2,14250,20231101
1,1,13539,20231102
1,2,10774,20231102
2,1,10708,20231102
2,2,10457,20231102
3,1,3967,20231102
3,2,3810,20231102
4,1,6351,20231102
4,2,6259,20231102
5,1,6430,20231102
5,2,7031,20231102
6,1,12135,20231102
6,2,13529,20231102
7,1,3717,20231102
7,2,3806,20231102
8,1,13957,20231102
8,2,15138,20231102
1,1,15060,20231103
1,2,11260,20231103
2,1,11114,20231103
2,2,11218,20231103
3,1,3884,20231103
3,2,3766,20231103
4,1,6339,20231103
4,2,6307,20231103
5,1,6528,20231103
5,2,7215,20231103
6,1,12761,20231103
6,2,13944,20231103
7,1,3800,20231103
7,2,4083,20231103
8,1,14825,20231103
8,2,16518,20231103
1,1,11791,20231104
1,2,9889,20231104
2,1,8206,20231104
2,2,8743,20231104
3,1,1903,20231104
3,2,2012,20231104
4,1,4215,20231104
4,2,4128,20231104
5,1,4537,20231104
5,2,4895,20231104
6,1,8618,20231104
6,2,8776,20231104
7,1,3214,20231104
7,2,3057,20231104
8,1,11399,20231104
8,2,12383,20231104
1,1,11624,20231105
1,2,10467,20231105
2,1,11781,20231105
2,2,12001,20231105
3,1,1680,20231105
3,2,1744,20231105
4,1,4106,20231105
4,2,4167,20231105
5,1,4196,20231105
5,2,4536,20231105
6,1,8949,20231105
6,2,9142,20231105
7,1,3011,20231105
7,2,2879,20231105
8,1,12456,20231105
8,2,12867,20231105
1,1,12326,20231106
1,2,11367,20231106
2,1,10685,20231106
2,2,10020,20231106
3,1,3937,20231106
3,2,3777,20231106
4,1,6185,20231106
4,2,6180,20231106
5,1,6174,20231106
5,2,6724,20231106
6,1,11929,20231106
6,2,13061,20231106
7,1,3592,20231106
7,2,3633,20231106
8,1,14317,20231106
8,2,14383,20231106
1,1,12630,20231107
1,2,11279,20231107
2,1,10617,20231107
2,2,10720,20231107
3,1,3961,20231107
3,2,3988,20231107
4,1,6323,20231107
4,2,6395,20231107
5,1,6355,20231107
5,2,7425,20231107
6,1,13098,20231107
6,2,13473,20231107
7,1,4114,20231107
7,2,4119,20231107
8,1,15194,20231107
8,2,14893,20231107
1,1,12457,20231108
1,2,10581,20231108
2,1,10493,20231108
2,2,10328,20231108
3,1,3870,20231108
3,2,3943,20231108
4,1,6318,20231108
4,2,6280,20231108
5,1,6459,20231108
5,2,7106,20231108
6,1,12421,20231108
6,2,13300,20231108
7,1,3705,20231108
7,2,3842,20231108
8,1,14185,20231108
8,2,14528,20231108
1,1,13559,20231109
1,2,11603,20231109
2,1,10608,20231109
2,2,10653,20231109
3,1,3815,20231109
3,2,3875,20231109
4,1,6354,20231109
4,2,6298,20231109
5,1,6481,20231109
5,2,6658,20231109
6,1,12513,20231109
6,2,13197,20231109
7,1,3891,20231109
7,2,4068,20231109
8,1,14368,20231109
8,2,15237,20231109
1,1,14206,20231110
1,2,11356,20231110
2,1,10967,20231110
2,2,11224,20231110
3,1,3750,20231110
3,2,3735,20231110
4,1,6466,20231110
4,2,6550,20231110
5,1,6446,20231110
5,2,7238,20231110
6,1,13075,20231110
6,2,14098,20231110
7,1,3772,20231110
7,2,4094,20231110
8,1,15474,20231110
8,2,15861,20231110
1,1,12683,20231111
1,2,10398,20231111
2,1,10641,20231111
2,2,10779,20231111
3,1,2184,20231111
3,2,2218,20231111
4,1,4889,20231111
4,2,4714,20231111
5,1,4975,20231111
5,2,5422,20231111
6,1,10800,20231111
6,2,11369,20231111
7,1,3404,20231111
7,2,3392,20231111
8,1,13140,20231111
8,2,14424,20231111
1,1,11572,20231112
1,2,10278,20231112
2,1,7965,20231112
2,2,7652,20231112
3,1,1766,20231112
3,2,1773,20231112
4,1,3785,20231112
4,2,3917,20231112
5,1,4247,20231112
5,2,4555,20231112
6,1,8260,20231112
6,2,9125,20231112
7,1,2933,20231112
7,2,2876,20231112
8,1,10519,20231112
8,2,10871,20231112
1,1,12578,20231113
1,2,11090,20231113
2,1,10581,20231113
2,2,10483,20231113
3,1,3837,20231113
3,2,3774,20231113
4,1,6199,20231113
4,2,6084,20231113
5,1,6273,20231113
5,2,6627,20231113
6,1,11965,20231113
6,2,12912,20231113
7,1,3785,20231113
7,2,3808,20231113
8,1,13959,20231113
8,2,14399,20231113
1,1,12334,20231114
1,2,10861,20231114
2,1,11907,20231114
2,2,11732,20231114
3,1,4067,20231114
3,2,4033,20231114
4,1,6548,20231114
4,2,6497,20231114
5,1,6306,20231114
5,2,6848,20231114
6,1,12569,20231114
6,2,13407,20231114
7,1,3774,20231114
7,2,4053,20231114
8,1,14846,20231114
8,2,14920,20231114
1,1,12534,20231115
1,2,10855,20231115
2,1,10559,20231115
2,2,10204,20231115
3,1,3972,20231115
3,2,3994,20231115
4,1,6482,20231115
4,2,6313,20231115
5,1,6187,20231115
5,2,6718,20231115
6,1,12344,20231115
6,2,13192,20231115
7,1,3677,20231115
7,2,3879,20231115
8,1,13894,20231115
8,2,14494,20231115
1,1,13719,20231116
1,2,11326,20231116
2,1,10582,20231116
2,2,10249,20231116
3,1,3920,20231116
3,2,3825,20231116
4,1,6658,20231116
4,2,7098,20231116
5,1,7301,20231116
5,2,7818,20231116
6,1,12847,20231116
6,2,13684,20231116
7,1,3829,20231116
7,2,4112,20231116
8,1,14953,20231116
8,2,15697,20231116
1,1,14053,20231117
1,2,11499,20231117
2,1,10404,20231117
2,2,10520,20231117
3,1,3741,20231117
3,2,3779,20231117
4,1,6493,20231117
4,2,6428,20231117
5,1,6491,20231117
5,2,6799,20231117
6,1,12634,20231117
6,2,13521,20231117
7,1,3873,20231117
7,2,4095,20231117
8,1,14508,20231117
8,2,15556,20231117
1,1,12337,20231118
1,2,10464,20231118
2,1,8095,20231118
2,2,7851,20231118
3,1,2016,20231118
3,2,1950,20231118
4,1,4281,20231118
4,2,4146,20231118
5,1,4455,20231118
5,2,4791,20231118
6,1,8132,20231118
6,2,8957,20231118
7,1,3296,20231118
7,2,3299,20231118
8,1,11383,20231118
8,2,12537,20231118
1,1,11078,20231119
1,2,10450,20231119
2,1,6692,20231119
2,2,6476,20231119
3,1,1499,20231119
3,2,1524,20231119
4,1,3452,20231119
4,2,3441,20231119
5,1,3483,20231119
5,2,3868,20231119
6,1,6785,20231119
6,2,7089,20231119
7,1,2893,20231119
7,2,2841,20231119
8,1,9646,20231119
8,2,9839,20231119
1,1,12584,20231120
1,2,11279,20231120
2,1,10292,20231120
2,2,9704,20231120
3,1,3590,20231120
3,2,3777,20231120
4,1,6085,20231120
4,2,6353,20231120
5,1,5873,20231120
5,2,6569,20231120
6,1,12102,20231120
6,2,12668,20231120
7,1,3695,20231120
7,2,3839,20231120
8,1,13574,20231120
8,2,13606,20231120
1,1,13042,20231121
1,2,11244,20231121
2,1,10143,20231121
2,2,10051,20231121
3,1,3973,20231121
3,2,4026,20231121
4,1,6545,20231121
4,2,6468,20231121
5,1,6282,20231121
5,2,6757,20231121
6,1,12596,20231121
6,2,13404,20231121
7,1,3841,20231121
7,2,4123,20231121
8,1,13996,20231121
8,2,14345,20231121
1,1,13384,20231122
1,2,11134,20231122
2,1,9756,20231122
2,2,9787,20231122
3,1,3939,20231122
3,2,3952,20231122
4,1,6412,20231122
4,2,6368,20231122
5,1,6367,20231122
5,2,6838,20231122
6,1,12501,20231122
6,2,13540,20231122
7,1,3836,20231122
7,2,3929,20231122
8,1,13741,20231122
8,2,14388,20231122
1,1,14568,20231123
1,2,11321,20231123
2,1,9936,20231123
2,2,9676,20231123
3,1,3779,20231123
3,2,3778,20231123
4,1,6449,20231123
4,2,6299,20231123
5,1,6408,20231123
5,2,6703,20231123
6,1,12041,20231123
6,2,13541,20231123
7,1,3755,20231123
7,2,4212,20231123
8,1,13722,20231123
8,2,15128,20231123
1,1,14526,20231124
1,2,11958,20231124
2,1,10429,20231124
2,2,10554,20231124
3,1,3737,20231124
3,2,3713,20231124
4,1,6672,20231124
4,2,6464,20231124
5,1,6370,20231124
5,2,6816,20231124
6,1,12955,20231124
6,2,13954,20231124
7,1,3984,20231124
7,2,4133,20231124
8,1,14471,20231124
8,2,15552,20231124
1,1,13325,20231125
1,2,10727,20231125
2,1,7890,20231125
2,2,8324,20231125
3,1,2047,20231125
3,2,2019,20231125
4,1,4432,20231125
4,2,4230,20231125
5,1,4464,20231125
5,2,4745,20231125
6,1,8446,20231125
6,2,9291,20231125
7,1,3551,20231125
7,2,3511,20231125
8,1,11779,20231125
8,2,13087,20231125
1,1,12276,20231126
1,2,10898,20231126
2,1,7439,20231126
2,2,7664,20231126
3,1,1621,20231126
3,2,1631,20231126
4,1,3755,20231126
4,2,3787,20231126
5,1,3766,20231126
5,2,4171,20231126
6,1,7661,20231126
6,2,7912,20231126
7,1,3105,20231126
7,2,3006,20231126
8,1,10973,20231126
8,2,11527,20231126
1,1,12893,20231127
1,2,11690,20231127
2,1,10820,20231127
2,2,11153,20231127
3,1,3932,20231127
3,2,3999,20231127
4,1,6940,20231127
4,2,6761,20231127
5,1,6711,20231127
5,2,7473,20231127
6,1,13418,20231127
6,2,13865,20231127
7,1,3971,20231127
7,2,4011,20231127
8,1,15397,20231127
8,2,15130,20231127
1,1,12919,20231128
1,2,11709,20231128
2,1,10540,20231128
2,2,10637,20231128
3,1,3895,20231128
3,2,3909,20231128
4,1,6467,20231128
4,2,6424,20231128
5,1,6317,20231128
5,2,7015,20231128
6,1,12702,20231128
6,2,13243,20231128
7,1,4195,20231128
7,2,4321,20231128
8,1,14392,20231128
8,2,14169,20231128
1,1,12357,20231129
1,2,11539,20231129
2,1,10372,20231129
2,2,10312,20231129
3,1,3924,20231129
3,2,3925,20231129
4,1,6544,20231129
4,2,6438,20231129
5,1,6314,20231129
5,2,6824,20231129
6,1,12802,20231129
6,2,13284,20231129
7,1,4051,20231129
7,2,4084,20231129
8,1,14227,20231129
8,2,14185,20231129
1,1,13157,20231130
1,2,11708,20231130
2,1,10742,20231130
2,2,10389,20231130
3,1,3829,20231130
3,2,3866,20231130
4,1,6594,20231130
4,2,6357,20231130
5,1,6416,20231130
5,2,6879,20231130
6,1,12367,20231130
6,2,13392,20231130
7,1,3926,20231130
7,2,3967,20231130
8,1,14403,20231130
8,2,14876,20231130
1,1,13816,20231201
1,2,12119,20231201
2,1,11172,20231201
2,2,10869,20231201
3,1,3939,20231201
3,2,3929,20231201
4,1,7190,20231201
4,2,6225,20231201
5,1,6734,20231201
5,2,7238,20231201
6,1,13087,20231201
6,2,14290,20231201
7,1,3820,20231201
7,2,3983,20231201
8,1,14810,20231201
8,2,15915,20231201
1,1,12213,20231202
1,2,10621,20231202
2,1,8486,20231202
2,2,8524,20231202
3,1,2039,20231202
3,2,1950,20231202
4,1,4600,20231202
4,2,4533,20231202
5,1,4766,20231202
5,2,4957,20231202
6,1,8696,20231202
6,2,9380,20231202
7,1,3512,20231202
7,2,3523,20231202
8,1,11860,20231202
8,2,12684,20231202
1,1,11264,20231203
1,2,10391,20231203
2,1,7526,20231203
2,2,7783,20231203
3,1,1684,20231203
3,2,1580,20231203
4,1,3833,20231203
4,2,3913,20231203
5,1,3914,20231203
5,2,4193,20231203
6,1,7539,20231203
6,2,7728,20231203
7,1,3335,20231203
7,2,3252,20231203
8,1,10462,20231203
8,2,10717,20231203
1,1,12080,20231204
1,2,11129,20231204
2,1,10022,20231204
2,2,9995,20231204
3,1,3480,20231204
3,2,3344,20231204
4,1,6095,20231204
4,2,5938,20231204
5,1,5949,20231204
5,2,6262,20231204
6,1,11243,20231204
6,2,11860,20231204
7,1,3658,20231204
7,2,3774,20231204
8,1,13302,20231204
8,2,13527,20231204
1,1,11255,20231205
1,2,9474,20231205
2,1,6540,20231205
2,2,6752,20231205
3,1,1516,20231205
3,2,1508,20231205
4,1,3599,20231205
4,2,3621,20231205
5,1,3595,20231205
5,2,3888,20231205
6,1,6442,20231205
6,2,7276,20231205
7,1,2912,20231205
7,2,2956,20231205
8,1,8667,20231205
8,2,9051,20231205
1,1,13110,20231206
1,2,10866,20231206
2,1,10640,20231206
2,2,10453,20231206
3,1,3908,20231206
3,2,3837,20231206
4,1,6565,20231206
4,2,6460,20231206
5,1,6446,20231206
5,2,6897,20231206
6,1,11951,20231206
6,2,13016,20231206
7,1,3633,20231206
7,2,4074,20231206
8,1,14167,20231206
8,2,14817,20231206
1,1,14145,20231207
1,2,11779,20231207
2,1,10412,20231207
2,2,10127,20231207
3,1,3798,20231207
3,2,3733,20231207
4,1,6619,20231207
4,2,6517,20231207
5,1,6444,20231207
5,2,6886,20231207
6,1,11847,20231207
6,2,13174,20231207
7,1,3841,20231207
7,2,4048,20231207
8,1,14336,20231207
8,2,15178,20231207
1,1,14723,20231208
1,2,12328,20231208
2,1,11532,20231208
2,2,11012,20231208
3,1,3871,20231208
3,2,3857,20231208
4,1,7184,20231208
4,2,7495,20231208
5,1,6966,20231208
5,2,8977,20231208
6,1,14209,20231208
6,2,14991,20231208
7,1,4521,20231208
7,2,4370,20231208
8,1,17073,20231208
8,2,17049,20231208
1,1,13259,20231209
1,2,11515,20231209
2,1,8711,20231209
2,2,8335,20231209
3,1,2084,20231209
3,2,2039,20231209
4,1,4718,20231209
4,2,4919,20231209
5,1,4911,20231209
5,2,6287,20231209
6,1,10267,20231209
6,2,10512,20231209
7,1,3557,20231209
7,2,3511,20231209
8,1,12362,20231209
8,2,12751,20231209
1,1,11837,20231210
1,2,10464,20231210
2,1,7874,20231210
2,2,7965,20231210
3,1,1714,20231210
3,2,1796,20231210
4,1,4186,20231210
4,2,4139,20231210
5,1,4114,20231210
5,2,4431,20231210
6,1,8327,20231210
6,2,9007,20231210
7,1,3295,20231210
7,2,3396,20231210
8,1,10409,20231210
8,2,10558,20231210
1,1,12350,20231211
1,2,10630,20231211
2,1,7165,20231211
2,2,7268,20231211
3,1,1989,20231211
3,2,1953,20231211
4,1,3927,20231211
4,2,4080,20231211
5,1,4164,20231211
5,2,4561,20231211
6,1,8190,20231211
6,2,8816,20231211
7,1,3016,20231211
7,2,2955,20231211
8,1,9756,20231211
8,2,10294,20231211
1,1,13685,20231212
1,2,11793,20231212
2,1,11027,20231212
2,2,10603,20231212
3,1,4126,20231212
3,2,3979,20231212
4,1,6771,20231212
4,2,6619,20231212
5,1,6675,20231212
5,2,7043,20231212
6,1,12989,20231212
6,2,14014,20231212
7,1,3881,20231212
7,2,4276,20231212
8,1,14523,20231212
8,2,15350,20231212
1,1,12863,20231213
1,2,11389,20231213
2,1,10304,20231213
2,2,10344,20231213
3,1,3980,20231213
3,2,3871,20231213
4,1,6646,20231213
4,2,6559,20231213
5,1,6444,20231213
5,2,6815,20231213
6,1,12668,20231213
6,2,13240,20231213
7,1,3861,20231213
7,2,4063,20231213
8,1,13815,20231213
8,2,14300,20231213
1,1,13048,20231214
1,2,11547,20231214
2,1,10373,20231214
2,2,10118,20231214
3,1,3847,20231214
3,2,3761,20231214
4,1,6695,20231214
4,2,6591,20231214
5,1,6471,20231214
5,2,6689,20231214
6,1,12433,20231214
6,2,13166,20231214
7,1,3691,20231214
7,2,4050,20231214
8,1,13939,20231214
8,2,14575,20231214
1,1,13875,20231215
1,2,11709,20231215
2,1,11342,20231215
2,2,10903,20231215
3,1,3838,20231215
3,2,3807,20231215
4,1,6870,20231215
4,2,6534,20231215
5,1,6649,20231215
5,2,7074,20231215
6,1,13111,20231215
6,2,14315,20231215
7,1,4006,20231215
7,2,4172,20231215
8,1,14378,20231215
8,2,15555,20231215
1,1,12279,20231216
1,2,10317,20231216
2,1,9293,20231216
2,2,8943,20231216
3,1,2243,20231216
3,2,2308,20231216
4,1,4582,20231216
4,2,4647,20231216
5,1,4705,20231216
5,2,5031,20231216
6,1,9240,20231216
6,2,10105,20231216
7,1,3407,20231216
7,2,3483,20231216
8,1,12104,20231216
8,2,13019,20231216
1,1,11153,20231217
1,2,10262,20231217
2,1,8068,20231217
2,2,8510,20231217
3,1,1880,20231217
3,2,1864,20231217
4,1,4009,20231217
4,2,3955,20231217
5,1,4163,20231217
5,2,4474,20231217
6,1,8045,20231217
6,2,8509,20231217
7,1,3309,20231217
7,2,3049,20231217
8,1,11276,20231217
8,2,11280,20231217
1,1,12743,20231218
1,2,11378,20231218
2,1,10570,20231218
2,2,10391,20231218
3,1,3794,20231218
3,2,3731,20231218
4,1,6469,20231218
4,2,6337,20231218
5,1,6213,20231218
5,2,6693,20231218
6,1,12512,20231218
6,2,13225,20231218
7,1,3761,20231218
7,2,4091,20231218
8,1,13858,20231218
8,2,14074,20231218
1,1,12868,20231219
1,2,11560,20231219
2,1,10006,20231219
2,2,9909,20231219
3,1,3797,20231219
3,2,3777,20231219
4,1,6546,20231219
4,2,6309,20231219
5,1,6249,20231219
5,2,6767,20231219
6,1,11874,20231219
6,2,12656,20231219
7,1,3870,20231219
7,2,4030,20231219
8,1,13933,20231219
8,2,14135,20231219
1,1,13214,20231220
1,2,11287,20231220
2,1,9834,20231220
2,2,9896,20231220
3,1,3740,20231220
3,2,3725,20231220
4,1,6307,20231220
4,2,6148,20231220
5,1,6103,20231220
5,2,6700,20231220
6,1,11564,20231220
6,2,12610,20231220
7,1,3989,20231220
7,2,4349,20231220
8,1,13540,20231220
8,2,13576,20231220
1,1,13882,20231221
1,2,11564,20231221
2,1,10296,20231221
2,2,10154,20231221
3,1,3694,20231221
3,2,3581,20231221
4,1,6498,20231221
4,2,6027,20231221
5,1,6330,20231221
5,2,6798,20231221
6,1,11576,20231221
6,2,12739,20231221
7,1,3862,20231221
7,2,4204,20231221
8,1,14057,20231221
8,2,15128,20231221
1,1,14818,20231222
1,2,11892,20231222
2,1,11701,20231222
2,2,11141,20231222
3,1,3942,20231222
3,2,3701,20231222
4,1,7336,20231222
4,2,7386,20231222
5,1,7404,20231222
5,2,8079,20231222
6,1,14350,20231222
6,2,15468,20231222
7,1,4409,20231222
7,2,4625,20231222
8,1,15878,20231222
8,2,17546,20231222
1,1,12642,20231223
1,2,10078,20231223
2,1,8370,20231223
2,2,8210,20231223
3,1,2048,20231223
3,2,1927,20231223
4,1,4974,20231223
4,2,5385,20231223
5,1,6825,20231223
5,2,7903,20231223
6,1,9574,20231223
6,2,9875,20231223
7,1,3827,20231223
7,2,3832,20231223
8,1,13136,20231223
8,2,14186,20231223
1,1,11982,20231224
1,2,10519,20231224
2,1,7943,20231224
2,2,7902,20231224
3,1,1754,20231224
3,2,1766,20231224
4,1,4439,20231224
4,2,4405,20231224
5,1,6254,20231224
5,2,6183,20231224
6,1,7747,20231224
6,2,8382,20231224
7,1,3574,20231224
7,2,3485,20231224
8,1,12026,20231224
8,2,13077,20231224
1,1,12791,20231225
1,2,11927,20231225
2,1,10802,20231225
2,2,10532,20231225
3,1,3519,20231225
3,2,3301,20231225
4,1,6250,20231225
4,2,5733,20231225
5,1,6628,20231225
5,2,6449,20231225
6,1,10588,20231225
6,2,12001,20231225
7,1,4392,20231225
7,2,4100,20231225
8,1,14618,20231225
8,2,15545,20231225
1,1,12520,20231226
1,2,11899,20231226
2,1,9773,20231226
2,2,9357,20231226
3,1,3295,20231226
3,2,3092,20231226
4,1,5591,20231226
4,2,5301,20231226
5,1,5773,20231226
5,2,5931,20231226
6,1,10427,20231226
6,2,11464,20231226
7,1,4036,20231226
7,2,4064,20231226
8,1,13145,20231226
8,2,13452,20231226
1,1,12974,20231227
1,2,11428,20231227
2,1,10139,20231227
2,2,9166,20231227
3,1,3082,20231227
3,2,3027,20231227
4,1,5482,20231227
4,2,5158,20231227
5,1,5680,20231227
5,2,5716,20231227
6,1,10027,20231227
6,2,11317,20231227
7,1,3688,20231227
7,2,3929,20231227
8,1,12583,20231227
8,2,13914,20231227
1,1,14002,20231228
1,2,11752,20231228
2,1,10293,20231228
2,2,9131,20231228
3,1,2805,20231228
3,2,2708,20231228
4,1,5352,20231228
4,2,5158,20231228
5,1,5529,20231228
5,2,5526,20231228
6,1,9974,20231228
6,2,11500,20231228
7,1,3648,20231228
7,2,3897,20231228
8,1,12547,20231228
8,2,14478,20231228
1,1,13419,20231229
1,2,10839,20231229
2,1,7916,20231229
2,2,7430,20231229
3,1,1985,20231229
3,2,1756,20231229
4,1,3945,20231229
4,2,3970,20231229
5,1,4362,20231229
5,2,4401,20231229
6,1,7736,20231229
6,2,9172,20231229
7,1,3354,20231229
7,2,3415,20231229
8,1,10341,20231229
8,2,12075,20231229
1,1,13028,20231230
1,2,10497,20231230
2,1,7087,20231230
2,2,6737,20231230
3,1,1542,20231230
3,2,1432,20231230
4,1,3537,20231230
4,2,3644,20231230
5,1,3964,20231230
5,2,4189,20231230
6,1,6971,20231230
6,2,8176,20231230
7,1,3339,20231230
7,2,3238,20231230
8,1,9761,20231230
8,2,11316,20231230
1,1,12448,20231231
1,2,9700,20231231
2,1,9301,20231231
2,2,6493,20231231
3,1,1914,20231231
3,2,1311,20231231
4,1,4802,20231231
4,2,3625,20231231
5,1,5397,20231231
5,2,4784,20231231
6,1,6377,20231231
6,2,8762,20231231
7,1,4200,20231231
7,2,4474,20231231
8,1,10445,20231231
8,2,15735,20231231
1,1,12718,20240101
1,2,11131,20240101
2,1,6165,20240101
2,2,7063,20240101
3,1,1131,20240101
3,2,1214,20240101
4,1,2987,20240101
4,2,3338,20240101
5,1,3575,20240101
5,2,4054,20240101
6,1,7203,20240101
6,2,7600,20240101
7,1,3251,20240101
7,2,2860,20240101
8,1,10032,20240101
8,2,9802,20240101
1,1,12277,20240102
1,2,10646,20240102
2,1,8277,20240102
2,2,8683,20240102
3,1,2362,20240102
3,2,2339,20240102
4,1,4243,20240102
4,2,4972,20240102
5,1,5202,20240102
5,2,6311,20240102
6,1,9545,20240102
6,2,9576,20240102
7,1,3236,20240102
7,2,3044,20240102
8,1,12573,20240102
8,2,12144,20240102
1,1,12489,20240103
1,2,11226,20240103
2,1,9497,20240103
2,2,10032,20240103
3,1,3368,20240103
3,2,3323,20240103
4,1,5796,20240103
4,2,5792,20240103
5,1,5703,20240103
5,2,6273,20240103
6,1,11200,20240103
6,2,11509,20240103
7,1,3518,20240103
7,2,3597,20240103
8,1,13136,20240103
8,2,12955,20240103
1,1,12877,20240104
1,2,10963,20240104
2,1,9867,20240104
2,2,9948,20240104
3,1,3495,20240104
3,2,3556,20240104
4,1,6037,20240104
4,2,5962,20240104
5,1,5756,20240104
5,2,6244,20240104
6,1,11391,20240104
6,2,12025,20240104
7,1,3610,20240104
7,2,3780,20240104
8,1,12958,20240104
8,2,13513,20240104
1,1,13590,20240105
1,2,10747,20240105
2,1,10473,20240105
2,2,10470,20240105
3,1,3585,20240105
3,2,3499,20240105
4,1,6173,20240105
4,2,6145,20240105
5,1,6130,20240105
5,2,6570,20240105
6,1,11560,20240105
6,2,12672,20240105
7,1,3611,20240105
7,2,3874,20240105
8,1,13371,20240105
8,2,14516,20240105
1,1,11812,20240106
1,2,9428,20240106
2,1,7420,20240106
2,2,7511,20240106
3,1,1855,20240106
3,2,1852,20240106
4,1,3928,20240106
4,2,3920,20240106
5,1,4107,20240106
5,2,4398,20240106
6,1,7824,20240106
6,2,8567,20240106
7,1,2926,20240106
7,2,3005,20240106
8,1,9685,20240106
8,2,10876,20240106
1,1,11416,20240107
1,2,9425,20240107
2,1,6740,20240107
2,2,6894,20240107
3,1,1519,20240107
3,2,1465,20240107
4,1,3310,20240107
4,2,3468,20240107
5,1,3461,20240107
5,2,3776,20240107
6,1,6850,20240107
6,2,7405,20240107
7,1,2854,20240107
7,2,2728,20240107
8,1,8677,20240107
8,2,9666,20240107
1,1,12569,20240108
1,2,10907,20240108
2,1,10475,20240108
2,2,10244,20240108
3,1,3926,20240108
3,2,3950,20240108
4,1,6515,20240108
4,2,6259,20240108
5,1,6318,20240108
5,2,6747,20240108
6,1,12255,20240108
6,2,13339,20240108
7,1,3557,20240108
7,2,3814,20240108
8,1,13890,20240108
8,2,14245,20240108
1,1,12886,20240109
1,2,10996,20240109
2,1,10435,20240109
2,2,10439,20240109
3,1,4028,20240109
3,2,4027,20240109
4,1,6808,20240109
4,2,6643,20240109
5,1,6610,20240109
5,2,6966,20240109
6,1,12647,20240109
6,2,13590,20240109
7,1,3827,20240109
7,2,4020,20240109
8,1,13803,20240109
8,2,14363,20240109
1,1,0,20240110
1,2,0,20240110
2,1,0,20240110
2,2,0,20240110
3,1,0,20240110
3,2,0,20240110
4,1,0,20240110
4,2,0,20240110
5,1,0,20240110
5,2,0,20240110
6,1,0,20240110
6,2,0,20240110
7,1,0,20240110
7,2,0,20240110
8,1,0,20240110
8,2,0,20240110
1,1,0,20240111
1,2,0,20240111
2,1,0,20240111
2,2,0,20240111
3,1,0,20240111
3,2,0,20240111
4,1,0,20240111
4,2,0,20240111
5,1,0,20240111
5,2,0,20240111
6,1,0,20240111
6,2,0,20240111
7,1,0,20240111
7,2,0,20240111
8,1,0,20240111
8,2,0,20240111
1,1,14062,20240112
1,2,10884,20240112
2,1,11176,20240112
2,2,10899,20240112
3,1,3877,20240112
3,2,3748,20240112
4,1,6757,20240112
4,2,6765,20240112
5,1,6485,20240112
5,2,6877,20240112
6,1,12587,20240112
6,2,13967,20240112
7,1,3771,20240112
7,2,4160,20240112
8,1,14209,20240112
8,2,15624,20240112
1,1,12228,20240113
1,2,9827,20240113
2,1,7998,20240113
2,2,8045,20240113
3,1,2000,20240113
3,2,2002,20240113
4,1,4294,20240113
4,2,4286,20240113
5,1,4288,20240113
5,2,4637,20240113
6,1,7790,20240113
6,2,8743,20240113
7,1,3224,20240113
7,2,3127,20240113
8,1,10579,20240113
8,2,11734,20240113
1,1,11691,20240114
1,2,9855,20240114
2,1,6955,20240114
2,2,6986,20240114
3,1,1567,20240114
3,2,1581,20240114
4,1,3470,20240114
4,2,3573,20240114
5,1,3639,20240114
5,2,3979,20240114
6,1,6788,20240114
6,2,7594,20240114
7,1,3146,20240114
7,2,2852,20240114
8,1,9243,20240114
8,2,10079,20240114
1,1,13064,20240115
1,2,11510,20240115
2,1,10700,20240115
2,2,10396,20240115
3,1,3982,20240115
3,2,3931,20240115
4,1,6755,20240115
4,2,6738,20240115
5,1,6401,20240115
5,2,6840,20240115
6,1,12775,20240115
6,2,13445,20240115
7,1,3612,20240115
7,2,3879,20240115
8,1,14068,20240115
8,2,14618,20240115
1,1,12885,20240116
1,2,10989,20240116
2,1,10542,20240116
2,2,10414,20240116
3,1,3913,20240116
3,2,3809,20240116
4,1,6706,20240116
4,2,6631,20240116
5,1,6387,20240116
5,2,6858,20240116
6,1,12786,20240116
6,2,13652,20240116
7,1,3702,20240116
7,2,3831,20240116
8,1,13649,20240116
8,2,14386,20240116
1,1,12870,20240117
1,2,10812,20240117
2,1,10372,20240117
2,2,10313,20240117
3,1,4133,20240117
3,2,4031,20240117
4,1,6934,20240117
4,2,6738,20240117
5,1,6559,20240117
5,2,7010,20240117
6,1,12734,20240117
6,2,13722,20240117
7,1,3786,20240117
7,2,4018,20240117
8,1,13665,20240117
8,2,14409,20240117
1,1,13834,20240118
1,2,11075,20240118
2,1,10510,20240118
2,2,10454,20240118
3,1,3929,20240118
3,2,3806,20240118
4,1,6802,20240118
4,2,6422,20240118
5,1,6810,20240118
5,2,7253,20240118
6,1,12628,20240118
6,2,13791,20240118
7,1,3725,20240118
7,2,4060,20240118
8,1,13723,20240118
8,2,15100,20240118
1,1,14282,20240119
1,2,11545,20240119
2,1,11098,20240119
2,2,11006,20240119
3,1,3941,20240119
3,2,3894,20240119
4,1,7034,20240119
4,2,6870,20240119
5,1,6931,20240119
5,2,7353,20240119
6,1,13024,20240119
6,2,13966,20240119
7,1,3771,20240119
7,2,4158,20240119
8,1,14565,20240119
8,2,15854,20240119
1,1,12974,20240120
1,2,10205,20240120
2,1,8662,20240120
2,2,8615,20240120
3,1,2056,20240120
3,2,2050,20240120
4,1,4460,20240120
4,2,4432,20240120
5,1,4756,20240120
5,2,5221,20240120
6,1,8793,20240120
6,2,9636,20240120
7,1,3295,20240120
7,2,3383,20240120
8,1,11515,20240120
8,2,12969,20240120
1,1,11905,20240121
1,2,10077,20240121
2,1,7099,20240121
2,2,6981,20240121
3,1,1656,20240121
3,2,1648,20240121
4,1,3697,20240121
4,2,3917,20240121
5,1,4104,20240121
5,2,4484,20240121
6,1,7373,20240121
6,2,8032,20240121
7,1,2977,20240121
7,2,2886,20240121
8,1,9909,20240121
8,2,10695,20240121
1,1,13148,20240122
1,2,11225,20240122
2,1,10497,20240122
2,2,10056,20240122
3,1,3968,20240122
3,2,3975,20240122
4,1,6513,20240122
4,2,6522,20240122
5,1,6837,20240122
5,2,7034,20240122
6,1,12519,20240122
6,2,13808,20240122
7,1,3780,20240122
7,2,3928,20240122
8,1,14128,20240122
8,2,14842,20240122
1,1,13454,20240123
1,2,11388,20240123
2,1,10359,20240123
2,2,10166,20240123
3,1,4063,20240123
3,2,3966,20240123
4,1,6780,20240123
4,2,6516,20240123
5,1,6905,20240123
5,2,7218,20240123
6,1,12818,20240123
6,2,13978,20240123
7,1,3741,20240123
7,2,3930,20240123
8,1,14021,20240123
8,2,14979,20240123
1,1,13705,20240124
1,2,11255,20240124
2,1,10402,20240124
2,2,10306,20240124
3,1,4061,20240124
3,2,4004,20240124
4,1,6845,20240124
4,2,6622,20240124
5,1,6549,20240124
5,2,7089,20240124
6,1,12808,20240124
6,2,14002,20240124
7,1,3701,20240124
7,2,4102,20240124
8,1,14142,20240124
8,2,14833,20240124
1,1,14166,20240125
1,2,11326,20240125
2,1,10502,20240125
2,2,10320,20240125
3,1,4044,20240125
3,2,4054,20240125
4,1,6661,20240125
4,2,6635,20240125
5,1,6634,20240125
5,2,6963,20240125
6,1,12814,20240125
6,2,14031,20240125
7,1,3923,20240125
7,2,4178,20240125
8,1,14091,20240125
8,2,15328,20240125
1,1,15618,20240126
1,2,12086,20240126
2,1,11095,20240126
2,2,10892,20240126
3,1,4049,20240126
3,2,4045,20240126
4,1,6860,20240126
4,2,6643,20240126
5,1,6840,20240126
5,2,7208,20240126
6,1,13514,20240126
6,2,14775,20240126
7,1,4011,20240126
7,2,4564,20240126
8,1,15280,20240126
8,2,17054,20240126
1,1,13371,20240127
1,2,10599,20240127
2,1,8115,20240127
2,2,8322,20240127
3,1,2090,20240127
3,2,2164,20240127
4,1,4543,20240127
4,2,4471,20240127
5,1,4647,20240127
5,2,4960,20240127
6,1,8831,20240127
6,2,9717,20240127
7,1,3317,20240127
7,2,3400,20240127
8,1,11026,20240127
8,2,12307,20240127
1,1,12336,20240128
1,2,11034,20240128
2,1,7359,20240128
2,2,7434,20240128
3,1,1582,20240128
3,2,1564,20240128
4,1,3740,20240128
4,2,3929,20240128
5,1,4280,20240128
5,2,4448,20240128
6,1,7976,20240128
6,2,8416,20240128
7,1,3139,20240128
7,2,3175,20240128
8,1,10457,20240128
8,2,10869,20240128
1,1,13432,20240129
1,2,12092,20240129
2,1,10557,20240129
2,2,10275,20240129
3,1,3957,20240129
3,2,3971,20240129
4,1,6620,20240129
4,2,6471,20240129
5,1,6437,20240129
5,2,6907,20240129
6,1,12818,20240129
6,2,13650,20240129
7,1,3927,20240129
7,2,3984,20240129
8,1,14470,20240129
8,2,14868,20240129
1,1,13485,20240130
1,2,11537,20240130
2,1,10487,20240130
2,2,10519,20240130
3,1,4146,20240130
3,2,4065,20240130
4,1,6867,20240130
4,2,6835,20240130
5,1,6662,20240130
5,2,7208,20240130
6,1,13108,20240130
6,2,14016,20240130
7,1,3873,20240130
7,2,3967,20240130
8,1,14370,20240130
8,2,14851,20240130
1,1,14299,20240131
1,2,11906,20240131
2,1,10840,20240131
2,2,10623,20240131
3,1,4130,20240131
3,2,4112,20240131
4,1,7088,20240131
4,2,6832,20240131
5,1,6910,20240131
5,2,7319,20240131
6,1,13064,20240131
6,2,14374,20240131
7,1,3859,20240131
7,2,4255,20240131
8,1,14682,20240131
8,2,15451,20240131
1,1,14975,20240201
1,2,11253,20240201
2,1,10692,20240201
2,2,10439,20240201
3,1,4011,20240201
3,2,3958,20240201
4,1,6733,20240201
4,2,6786,20240201
5,1,6732,20240201
5,2,7398,20240201
6,1,12982,20240201
6,2,14299,20240201
7,1,3867,20240201
7,2,4332,20240201
8,1,14130,20240201
8,2,15657,20240201
1,1,17258,20240202
1,2,12124,20240202
2,1,11621,20240202
2,2,11562,20240202
3,1,4199,20240202
3,2,3963,20240202
4,1,7350,20240202
4,2,7201,20240202
5,1,7625,20240202
5,2,8244,20240202
6,1,13797,20240202
6,2,15632,20240202
7,1,4409,20240202
7,2,4785,20240202
8,1,16030,20240202
8,2,18778,20240202
1,1,14838,20240203
1,2,11076,20240203
2,1,9137,20240203
2,2,9038,20240203
3,1,2171,20240203
3,2,2139,20240203
4,1,5257,20240203
4,2,6243,20240203
5,1,6787,20240203
5,2,9410,20240203
6,1,10871,20240203
6,2,11073,20240203
7,1,4016,20240203
7,2,3958,20240203
8,1,15643,20240203
8,2,15783,20240203
1,1,13336,20240204
1,2,12655,20240204
2,1,8030,20240204
2,2,8322,20240204
3,1,1921,20240204
3,2,1864,20240204
4,1,4677,20240204
4,2,5272,20240204
5,1,5957,20240204
5,2,7524,20240204
6,1,9764,20240204
6,2,9617,20240204
7,1,3984,20240204
7,2,3626,20240204
8,1,14670,20240204
8,2,13459,20240204
1,1,14035,20240205
1,2,13533,20240205
2,1,11025,20240205
2,2,10751,20240205
3,1,4126,20240205
3,2,4038,20240205
4,1,6940,20240205
4,2,6781,20240205
5,1,7265,20240205
5,2,7456,20240205
6,1,13506,20240205
6,2,14234,20240205
7,1,4398,20240205
7,2,4348,20240205
8,1,15990,20240205
8,2,16144,20240205
1,1,14198,20240206
1,2,12955,20240206
2,1,10887,20240206
2,2,10874,20240206
3,1,4246,20240206
3,2,4120,20240206
4,1,6970,20240206
4,2,6845,20240206
5,1,7016,20240206
5,2,7424,20240206
6,1,13804,20240206
6,2,14744,20240206
7,1,4232,20240206
7,2,4171,20240206
8,1,15793,20240206
8,2,16013,20240206
1,1,14472,20240207
1,2,12407,20240207
2,1,11039,20240207
2,2,10750,20240207
3,1,4188,20240207
3,2,4134,20240207
4,1,6978,20240207
4,2,6862,20240207
5,1,6738,20240207
5,2,7110,20240207
6,1,13270,20240207
6,2,14436,20240207
7,1,4102,20240207
7,2,4292,20240207
8,1,15448,20240207
8,2,16244,20240207
1,1,14839,20240208
1,2,12488,20240208
2,1,11077,20240208
2,2,10797,20240208
3,1,4025,20240208
3,2,3919,20240208
4,1,6898,20240208
4,2,6695,20240208
5,1,6635,20240208
5,2,7066,20240208
6,1,13457,20240208
6,2,14605,20240208
7,1,4042,20240208
7,2,4154,20240208
8,1,15015,20240208
8,2,16264,20240208
1,1,15166,20240209
1,2,11773,20240209
2,1,11390,20240209
2,2,10962,20240209
3,1,3798,20240209
3,2,3620,20240209
4,1,6770,20240209
4,2,6685,20240209
5,1,6809,20240209
5,2,6926,20240209
6,1,13109,20240209
6,2,14917,20240209
7,1,3843,20240209
7,2,4217,20240209
8,1,14748,20240209
8,2,16533,20240209
1,1,13779,20240210
1,2,11257,20240210
2,1,8813,20240210
2,2,8800,20240210
3,1,2005,20240210
3,2,2006,20240210
4,1,5167,20240210
4,2,6511,20240210
5,1,6579,20240210
5,2,7842,20240210
6,1,11002,20240210
6,2,11119,20240210
7,1,3555,20240210
7,2,3468,20240210
8,1,14378,20240210
8,2,14275,20240210
1,1,12165,20240211
1,2,11306,20240211
2,1,7433,20240211
2,2,7674,20240211
3,1,1694,20240211
3,2,1487,20240211
4,1,3966,20240211
4,2,3742,20240211
5,1,4140,20240211
5,2,4162,20240211
6,1,8348,20240211
6,2,8956,20240211
7,1,3307,20240211
7,2,3330,20240211
8,1,10282,20240211
8,2,10678,20240211
1,1,13393,20240212
1,2,12626,20240212
2,1,10447,20240212
2,2,10354,20240212
3,1,3833,20240212
3,2,957,20240212
4,1,6368,20240212
4,2,6444,20240212
5,1,6140,20240212
5,2,6875,20240212
6,1,11692,20240212
6,2,13204,20240212
7,1,3831,20240212
7,2,4167,20240212
8,1,13761,20240212
8,2,14838,20240212
1,1,13739,20240213
1,2,12644,20240213
2,1,10727,20240213
2,2,10734,20240213
3,1,3093,20240213
3,2,0,20240213
4,1,6808,20240213
4,2,6884,20240213
5,1,6460,20240213
5,2,7047,20240213
6,1,12327,20240213
6,2,14247,20240213
7,1,4027,20240213
7,2,4110,20240213
8,1,13730,20240213
8,2,15245,20240213
1,1,12582,20240214
1,2,11723,20240214
2,1,10684,20240214
2,2,10201,20240214
3,1,4037,20240214
3,2,4136,20240214
4,1,6708,20240214
4,2,6175,20240214
5,1,6526,20240214
5,2,6826,20240214
6,1,12837,20240214
6,2,13692,20240214
7,1,3982,20240214
7,2,4117,20240214
8,1,14602,20240214
8,2,15088,20240214
1,1,14440,20240215
1,2,12671,20240215
2,1,10643,20240215
2,2,10711,20240215
3,1,4049,20240215
3,2,3921,20240215
4,1,6841,20240215
4,2,6813,20240215
5,1,6763,20240215
5,2,7142,20240215
6,1,13173,20240215
6,2,14092,20240215
7,1,4151,20240215
7,2,4473,20240215
8,1,15001,20240215
8,2,15238,20240215
1,1,14537,20240216
1,2,12384,20240216
2,1,11083,20240216
2,2,11397,20240216
3,1,3913,20240216
3,2,3855,20240216
4,1,6851,20240216
4,2,6531,20240216
5,1,6620,20240216
5,2,7066,20240216
6,1,12937,20240216
6,2,13972,20240216
7,1,4180,20240216
7,2,4320,20240216
8,1,15640,20240216
8,2,16236,20240216
1,1,12441,20240217
1,2,10921,20240217
2,1,8064,20240217
2,2,8232,20240217
3,1,1946,20240217
3,2,1968,20240217
4,1,4254,20240217
4,2,4277,20240217
5,1,4698,20240217
5,2,4892,20240217
6,1,8779,20240217
6,2,9248,20240217
7,1,3557,20240217
7,2,3509,20240217
8,1,11451,20240217
8,2,12143,20240217
1,1,12180,20240218
1,2,11293,20240218
2,1,6934,20240218
2,2,6959,20240218
3,1,1599,20240218
3,2,1513,20240218
4,1,3529,20240218
4,2,3500,20240218
5,1,3942,20240218
5,2,4155,20240218
6,1,7401,20240218
6,2,7859,20240218
7,1,3375,20240218
7,2,3036,20240218
8,1,10047,20240218
8,2,10692,20240218
1,1,13238,20240219
1,2,12538,20240219
2,1,10691,20240219
2,2,9818,20240219
3,1,3952,20240219
3,2,3976,20240219
4,1,6711,20240219
4,2,6544,20240219
5,1,6357,20240219
5,2,6934,20240219
6,1,12729,20240219
6,2,13610,20240219
7,1,4004,20240219
7,2,4052,20240219
8,1,14499,20240219
8,2,14709,20240219
1,1,13277,20240220
1,2,12464,20240220
2,1,10649,20240220
2,2,10480,20240220
3,1,4126,20240220
3,2,4095,20240220
4,1,6950,20240220
4,2,6765,20240220
5,1,6574,20240220
5,2,6948,20240220
6,1,13249,20240220
6,2,13897,20240220
7,1,3992,20240220
7,2,4225,20240220
8,1,14746,20240220
8,2,14689,20240220
1,1,13565,20240221
1,2,12349,20240221
2,1,10594,20240221
2,2,10519,20240221
3,1,4077,20240221
3,2,4103,20240221
4,1,6937,20240221
4,2,6553,20240221
5,1,6691,20240221
5,2,6968,20240221
6,1,13137,20240221
6,2,13929,20240221
7,1,3866,20240221
7,2,4050,20240221
8,1,14310,20240221
8,2,14706,20240221
1,1,14277,20240222
1,2,12583,20240222
2,1,10795,20240222
2,2,10630,20240222
3,1,4022,20240222
3,2,3929,20240222
4,1,6805,20240222
4,2,6458,20240222
5,1,6620,20240222
5,2,6945,20240222
6,1,13055,20240222
6,2,14030,20240222
7,1,3992,20240222
7,2,4355,20240222
8,1,14535,20240222
8,2,15171,20240222
1,1,15628,20240223
1,2,13434,20240223
2,1,11389,20240223
2,2,11153,20240223
3,1,3879,20240223
3,2,3859,20240223
4,1,6895,20240223
4,2,6636,20240223
5,1,6591,20240223
5,2,7100,20240223
6,1,13564,20240223
6,2,14490,20240223
7,1,4240,20240223
7,2,4475,20240223
8,1,15498,20240223
8,2,16537,20240223
1,1,13235,20240224
1,2,11619,20240224
2,1,7629,20240224
2,2,7482,20240224
3,1,1734,20240224
3,2,1721,20240224
4,1,3994,20240224
4,2,3960,20240224
5,1,4256,20240224
5,2,4651,20240224
6,1,8419,20240224
6,2,9020,20240224
7,1,3382,20240224
7,2,3284,20240224
8,1,10663,20240224
8,2,11575,20240224
1,1,12112,20240225
1,2,11096,20240225
2,1,6845,20240225
2,2,7048,20240225
3,1,1541,20240225
3,2,1523,20240225
4,1,3535,20240225
4,2,3489,20240225
5,1,4367,20240225
5,2,4605,20240225
6,1,7738,20240225
6,2,8116,20240225
7,1,3178,20240225
7,2,2921,20240225
8,1,9677,20240225
8,2,10195,20240225
1,1,12890,20240226
1,2,11365,20240226
2,1,6750,20240226
2,2,6825,20240226
3,1,1683,20240226
3,2,1648,20240226
4,1,3649,20240226
4,2,3685,20240226
5,1,3797,20240226
5,2,4213,20240226
6,1,7529,20240226
6,2,8164,20240226
7,1,3063,20240226
7,2,2949,20240226
8,1,9425,20240226
8,2,9937,20240226
1,1,13684,20240227
1,2,12173,20240227
2,1,10763,20240227
2,2,10258,20240227
3,1,4116,20240227
3,2,4074,20240227
4,1,6313,20240227
4,2,6362,20240227
5,1,6447,20240227
5,2,7032,20240227
6,1,12870,20240227
6,2,13696,20240227
7,1,3959,20240227
7,2,4150,20240227
8,1,14371,20240227
8,2,14778,20240227
1,1,13955,20240228
1,2,12419,20240228
2,1,10413,20240228
2,2,10442,20240228
3,1,4075,20240228
3,2,3762,20240228
4,1,6417,20240228
4,2,6239,20240228
5,1,6673,20240228
5,2,7266,20240228
6,1,12893,20240228
6,2,13791,20240228
7,1,3881,20240228
7,2,4097,20240228
8,1,14590,20240228
8,2,14881,20240228
1,1,14193,20240229
1,2,12304,20240229
2,1,10926,20240229
2,2,10692,20240229
3,1,3949,20240229
3,2,3815,20240229
4,1,6693,20240229
4,2,6614,20240229
5,1,6738,20240229
5,2,7339,20240229
6,1,13155,20240229
6,2,14185,20240229
7,1,3898,20240229
7,2,4165,20240229
8,1,14799,20240229
8,2,15237,20240229
1,1,14759,20240301
1,2,12570,20240301
2,1,11486,20240301
2,2,11201,20240301
3,1,4015,20240301
3,2,3929,20240301
4,1,6856,20240301
4,2,6573,20240301
5,1,6971,20240301
5,2,7500,20240301
6,1,13481,20240301
6,2,14561,20240301
7,1,4003,20240301
7,2,4400,20240301
8,1,15475,20240301
8,2,16312,20240301
1,1,12709,20240302
1,2,10786,20240302
2,1,8686,20240302
2,2,8544,20240302
3,1,2147,20240302
3,2,2073,20240302
4,1,4530,20240302
4,2,4376,20240302
5,1,4638,20240302
5,2,4817,20240302
6,1,9223,20240302
6,2,10174,20240302
7,1,3405,20240302
7,2,3591,20240302
8,1,11292,20240302
8,2,12269,20240302
1,1,12326,20240303
1,2,11183,20240303
2,1,7881,20240303
2,2,7946,20240303
3,1,1784,20240303
3,2,1607,20240303
4,1,3836,20240303
4,2,3836,20240303
5,1,4090,20240303
5,2,4423,20240303
6,1,8472,20240303
6,2,8916,20240303
7,1,3428,20240303
7,2,3144,20240303
8,1,10267,20240303
8,2,11029,20240303
1,1,13452,20240304
1,2,12289,20240304
2,1,10793,20240304
2,2,10478,20240304
3,1,3811,20240304
3,2,3780,20240304
4,1,6380,20240304
4,2,6239,20240304
5,1,6319,20240304
5,2,6680,20240304
6,1,12126,20240304
6,2,13033,20240304
7,1,3840,20240304
7,2,3958,20240304
8,1,14414,20240304
8,2,14678,20240304
1,1,13422,20240305
1,2,12146,20240305
2,1,10557,20240305
2,2,10360,20240305
3,1,3954,20240305
3,2,3762,20240305
4,1,6513,20240305
4,2,6413,20240305
5,1,6435,20240305
5,2,6849,20240305
6,1,12192,20240305
6,2,13245,20240305
7,1,3824,20240305
7,2,3954,20240305
8,1,14518,20240305
8,2,14686,20240305
1,1,13579,20240306
1,2,12052,20240306
2,1,10516,20240306
2,2,10428,20240306
3,1,3977,20240306
3,2,3875,20240306
4,1,6423,20240306
4,2,6206,20240306
5,1,6758,20240306
5,2,7198,20240306
6,1,12440,20240306
6,2,13292,20240306
7,1,3589,20240306
7,2,3889,20240306
8,1,14479,20240306
8,2,14821,20240306
1,1,13821,20240307
1,2,11858,20240307
2,1,10313,20240307
2,2,10123,20240307
3,1,3933,20240307
3,2,3753,20240307
4,1,6330,20240307
4,2,6145,20240307
5,1,6465,20240307
5,2,7028,20240307
6,1,12209,20240307
6,2,13222,20240307
7,1,3826,20240307
7,2,4260,20240307
8,1,14163,20240307
8,2,14671,20240307
1,1,14638,20240308
1,2,12059,20240308
2,1,11085,20240308
2,2,10779,20240308
3,1,3781,20240308
3,2,3682,20240308
4,1,6486,20240308
4,2,6262,20240308
5,1,6610,20240308
5,2,7099,20240308
6,1,12298,20240308
6,2,13743,20240308
7,1,4111,20240308
7,2,4176,20240308
8,1,14861,20240308
8,2,16070,20240308
1,1,12766,20240309
1,2,10559,20240309
2,1,7670,20240309
2,2,7851,20240309
3,1,1919,20240309
3,2,1905,20240309
4,1,4205,20240309
4,2,4173,20240309
5,1,4432,20240309
5,2,4655,20240309
6,1,8398,20240309
6,2,9048,20240309
7,1,3403,20240309
7,2,3454,20240309
8,1,10767,20240309
8,2,11915,20240309
1,1,12180,20240310
1,2,10918,20240310
2,1,7050,20240310
2,2,7279,20240310
3,1,1650,20240310
3,2,1545,20240310
4,1,3623,20240310
4,2,3756,20240310
5,1,3767,20240310
5,2,3979,20240310
6,1,7239,20240310
6,2,7858,20240310
7,1,3295,20240310
7,2,3056,20240310
8,1,10158,20240310
8,2,10571,20240310
1,1,12830,20240311
1,2,12022,20240311
2,1,10387,20240311
2,2,9979,20240311
3,1,3774,20240311
3,2,3734,20240311
4,1,6155,20240311
4,2,6122,20240311
5,1,5972,20240311
5,2,6331,20240311
6,1,11987,20240311
6,2,12529,20240311
7,1,3665,20240311
7,2,3871,20240311
8,1,13966,20240311
8,2,14148,20240311
1,1,12814,20240312
1,2,11600,20240312
2,1,10359,20240312
2,2,10027,20240312
3,1,3870,20240312
3,2,3771,20240312
4,1,6325,20240312
4,2,6273,20240312
5,1,6145,20240312
5,2,6620,20240312
6,1,12259,20240312
6,2,12955,20240312
7,1,3612,20240312
7,2,3740,20240312
8,1,13931,20240312
8,2,14329,20240312
1,1,12702,20240313
1,2,11507,20240313
2,1,10209,20240313
2,2,10058,20240313
3,1,3928,20240313
3,2,3789,20240313
4,1,6361,20240313
4,2,6169,20240313
5,1,6317,20240313
5,2,6775,20240313
6,1,12312,20240313
6,2,12853,20240313
7,1,3636,20240313
7,2,3661,20240313
8,1,13753,20240313
8,2,14406,20240313
1,1,13679,20240314
1,2,11348,20240314
2,1,10376,20240314
2,2,10102,20240314
3,1,3771,20240314
3,2,3701,20240314
4,1,6258,20240314
4,2,6212,20240314
5,1,6362,20240314
5,2,6901,20240314
6,1,12086,20240314
6,2,13003,20240314
7,1,3732,20240314
7,2,3914,20240314
8,1,13906,20240314
8,2,14989,20240314
1,1,14447,20240315
1,2,11888,20240315
2,1,10659,20240315
2,2,10749,20240315
3,1,3766,20240315
3,2,3532,20240315
4,1,6355,20240315
4,2,6222,20240315
5,1,6491,20240315
5,2,7022,20240315
6,1,12470,20240315
6,2,13544,20240315
7,1,3767,20240315
7,2,3972,20240315
8,1,14436,20240315
8,2,15462,20240315
1,1,12876,20240316
1,2,10507,20240316
2,1,7771,20240316
2,2,7798,20240316
3,1,1845,20240316
3,2,1889,20240316
4,1,4279,20240316
4,2,4189,20240316
5,1,4464,20240316
5,2,4804,20240316
6,1,8356,20240316
6,2,9020,20240316
7,1,3071,20240316
7,2,3329,20240316
8,1,10470,20240316
8,2,11596,20240316
1,1,12208,20240317
1,2,10623,20240317
2,1,7000,20240317
2,2,7007,20240317
3,1,1586,20240317
3,2,1592,20240317
4,1,3537,20240317
4,2,3693,20240317
5,1,3813,20240317
5,2,4343,20240317
6,1,7634,20240317
6,2,8206,20240317
7,1,2994,20240317
7,2,2862,20240317
8,1,9433,20240317
8,2,9879,20240317
1,1,13082,20240318
1,2,12048,20240318
2,1,10553,20240318
2,2,10266,20240318
3,1,3834,20240318
3,2,3684,20240318
4,1,6370,20240318
4,2,6168,20240318
5,1,6422,20240318
5,2,7029,20240318
6,1,12217,20240318
6,2,13009,20240318
7,1,3778,20240318
7,2,3820,20240318
8,1,14226,20240318
8,2,14458,20240318
1,1,12807,20240319
1,2,11409,20240319
2,1,10399,20240319
2,2,10042,20240319
3,1,3745,20240319
3,2,3657,20240319
4,1,6299,20240319
4,2,6161,20240319
5,1,6401,20240319
5,2,6733,20240319
6,1,12123,20240319
6,2,13156,20240319
7,1,3759,20240319
7,2,4023,20240319
8,1,13953,20240319
8,2,14305,20240319
1,1,13170,20240320
1,2,11256,20240320
2,1,10019,20240320
2,2,10066,20240320
3,1,3840,20240320
3,2,3756,20240320
4,1,6350,20240320
4,2,5947,20240320
5,1,6720,20240320
5,2,6744,20240320
6,1,12439,20240320
6,2,13377,20240320
7,1,3681,20240320
7,2,4077,20240320
8,1,13706,20240320
8,2,14702,20240320
1,1,14138,20240321
1,2,11720,20240321
2,1,10291,20240321
2,2,10051,20240321
3,1,3754,20240321
3,2,3711,20240321
4,1,6379,20240321
4,2,6185,20240321
5,1,6381,20240321
5,2,6759,20240321
6,1,12363,20240321
6,2,13609,20240321
7,1,3976,20240321
7,2,4144,20240321
8,1,13861,20240321
8,2,14964,20240321
1,1,14291,20240322
1,2,11950,20240322
2,1,10737,20240322
2,2,10529,20240322
3,1,3674,20240322
3,2,3556,20240322
4,1,6453,20240322
4,2,6053,20240322
5,1,6369,20240322
5,2,6866,20240322
6,1,12561,20240322
6,2,13668,20240322
7,1,3814,20240322
7,2,4184,20240322
8,1,14497,20240322
8,2,15590,20240322
1,1,12548,20240323
1,2,10446,20240323
2,1,7363,20240323
2,2,7577,20240323
3,1,1944,20240323
3,2,1869,20240323
4,1,4130,20240323
4,2,4120,20240323
5,1,4490,20240323
5,2,4768,20240323
6,1,8090,20240323
6,2,8789,20240323
7,1,3349,20240323
7,2,3409,20240323
8,1,10577,20240323
8,2,11513,20240323
1,1,11742,20240324
1,2,10546,20240324
2,1,6825,20240324
2,2,6525,20240324
3,1,1553,20240324
3,2,1570,20240324
4,1,3486,20240324
4,2,3632,20240324
5,1,3855,20240324
5,2,4295,20240324
6,1,7198,20240324
6,2,7679,20240324
7,1,3080,20240324
7,2,2982,20240324
8,1,9415,20240324
8,2,9925,20240324
1,1,13072,20240325
1,2,12242,20240325
2,1,10596,20240325
2,2,10171,20240325
3,1,3775,20240325
3,2,3634,20240325
4,1,6398,20240325
4,2,6336,20240325
5,1,6629,20240325
5,2,7050,20240325
6,1,12239,20240325
6,2,12752,20240325
7,1,3791,20240325
7,2,3838,20240325
8,1,14372,20240325
8,2,14849,20240325
1,1,13661,20240326
1,2,12215,20240326
2,1,10888,20240326
2,2,10784,20240326
3,1,3873,20240326
3,2,3889,20240326
4,1,7171,20240326
4,2,7816,20240326
5,1,9056,20240326
5,2,10043,20240326
6,1,13875,20240326
6,2,14399,20240326
7,1,4009,20240326
7,2,3956,20240326
8,1,16819,20240326
8,2,16250,20240326
1,1,13615,20240327
1,2,11806,20240327
2,1,10536,20240327
2,2,10238,20240327
3,1,3910,20240327
3,2,3795,20240327
4,1,6486,20240327
4,2,6238,20240327
5,1,6435,20240327
5,2,6573,20240327
6,1,12110,20240327
6,2,13182,20240327
7,1,3846,20240327
7,2,4171,20240327
8,1,14231,20240327
8,2,15166,20240327
1,1,13779,20240328
1,2,11780,20240328
2,1,10931,20240328
2,2,10511,20240328
3,1,3865,20240328
3,2,3786,20240328
4,1,6615,20240328
4,2,6642,20240328
5,1,6306,20240328
5,2,6736,20240328
6,1,13201,20240328
6,2,14008,20240328
7,1,3882,20240328
7,2,4136,20240328
8,1,14323,20240328
8,2,15303,20240328
1,1,15074,20240329
1,2,11952,20240329
2,1,11436,20240329
2,2,11500,20240329
3,1,3940,20240329
3,2,3721,20240329
4,1,6920,20240329
4,2,6827,20240329
5,1,6616,20240329
5,2,7196,20240329
6,1,13653,20240329
6,2,14944,20240329
7,1,4138,20240329
7,2,4420,20240329
8,1,15354,20240329
8,2,16571,20240329
1,1,13574,20240330
1,2,11184,20240330
2,1,9707,20240330
2,2,9493,20240330
3,1,2109,20240330
3,2,2079,20240330
4,1,6165,20240330
4,2,7024,20240330
5,1,6469,20240330
5,2,7923,20240330
6,1,11242,20240330
6,2,11745,20240330
7,1,3901,20240330
7,2,3795,20240330
8,1,14886,20240330
8,2,14810,20240330
1,1,12507,20240331
1,2,11769,20240331
2,1,8519,20240331
2,2,8373,20240331
3,1,1879,20240331
3,2,1832,20240331
4,1,5017,20240331
4,2,5253,20240331
5,1,5562,20240331
5,2,6081,20240331
6,1,9849,20240331
6,2,10084,20240331
7,1,3685,20240331
7,2,3454,20240331
8,1,12487,20240331
8,2,12659,20240331
1,1,13352,20240401
1,2,13123,20240401
2,1,11153,20240401
2,2,10823,20240401
3,1,3826,20240401
3,2,3772,20240401
4,1,6752,20240401
4,2,6449,20240401
5,1,6787,20240401
5,2,6737,20240401
6,1,13395,20240401
6,2,14394,20240401
7,1,4011,20240401
7,2,4184,20240401
8,1,15320,20240401
8,2,15114,20240401
1,1,12852,20240402
1,2,11984,20240402
2,1,11004,20240402
2,2,10542,20240402
3,1,3852,20240402
3,2,3821,20240402
4,1,6672,20240402
4,2,6599,20240402
5,1,6303,20240402
5,2,6668,20240402
6,1,12957,20240402
6,2,13884,20240402
7,1,3822,20240402
7,2,3948,20240402
8,1,14533,20240402
8,2,14549,20240402
1,1,13126,20240403
1,2,11995,20240403
2,1,10938,20240403
2,2,10632,20240403
3,1,3857,20240403
3,2,3766,20240403
4,1,6626,20240403
4,2,6462,20240403
5,1,6277,20240403
5,2,6598,20240403
6,1,12955,20240403
6,2,13621,20240403
7,1,3876,20240403
7,2,3978,20240403
8,1,14116,20240403
8,2,14719,20240403
1,1,13904,20240404
1,2,11894,20240404
2,1,10819,20240404
2,2,10487,20240404
3,1,3816,20240404
3,2,3664,20240404
4,1,6585,20240404
4,2,6318,20240404
5,1,6136,20240404
5,2,6249,20240404
6,1,12536,20240404
6,2,13884,20240404
7,1,3728,20240404
7,2,4008,20240404
8,1,14110,20240404
8,2,15130,20240404
1,1,13964,20240405
1,2,12501,20240405
2,1,11151,20240405
2,2,11004,20240405
3,1,3801,20240405
3,2,3667,20240405
4,1,6575,20240405
4,2,6425,20240405
5,1,6222,20240405
5,2,6359,20240405
6,1,12943,20240405
6,2,13979,20240405
7,1,3792,20240405
7,2,3978,20240405
8,1,14864,20240405
8,2,15399,20240405
1,1,12040,20240406
1,2,11408,20240406
2,1,8005,20240406
2,2,8086,20240406
3,1,1920,20240406
3,2,1787,20240406
4,1,4260,20240406
4,2,4193,20240406
5,1,4041,20240406
5,2,4260,20240406
6,1,8378,20240406
6,2,8967,20240406
7,1,3455,20240406
7,2,3316,20240406
8,1,11050,20240406
8,2,11132,20240406
1,1,11204,20240407
1,2,10651,20240407
2,1,7188,20240407
2,2,7143,20240407
3,1,1660,20240407
3,2,1602,20240407
4,1,3600,20240407
4,2,3698,20240407
5,1,3667,20240407
5,2,4009,20240407
6,1,7369,20240407
6,2,7755,20240407
7,1,3287,20240407
7,2,3121,20240407
8,1,9662,20240407
8,2,9658,20240407
1,1,11928,20240408
1,2,10469,20240408
2,1,7142,20240408
2,2,6761,20240408
3,1,1796,20240408
3,2,1755,20240408
4,1,3749,20240408
4,2,3798,20240408
5,1,3857,20240408
5,2,4093,20240408
6,1,7315,20240408
6,2,8464,20240408
7,1,3072,20240408
7,2,3091,20240408
8,1,9007,20240408
8,2,9435,20240408
1,1,12870,20240409
1,2,11503,20240409
2,1,10195,20240409
2,2,9882,20240409
3,1,3658,20240409
3,2,3530,20240409
4,1,6013,20240409
4,2,5856,20240409
5,1,5474,20240409
5,2,5908,20240409
6,1,11500,20240409
6,2,12428,20240409
7,1,3574,20240409
7,2,3760,20240409
8,1,13383,20240409
8,2,13800,20240409
1,1,13099,20240410
1,2,11342,20240410
2,1,10066,20240410
2,2,9506,20240410
3,1,3437,20240410
3,2,3353,20240410
4,1,5842,20240410
4,2,5543,20240410
5,1,5604,20240410
5,2,5748,20240410
6,1,10928,20240410
6,2,12154,20240410
7,1,3560,20240410
7,2,4004,20240410
8,1,13029,20240410
8,2,13915,20240410
1,1,13847,20240411
1,2,11650,20240411
2,1,9854,20240411
2,2,9547,20240411
3,1,3297,20240411
3,2,3233,20240411
4,1,5611,20240411
4,2,5299,20240411
5,1,5308,20240411
5,2,5601,20240411
6,1,10782,20240411
6,2,11858,20240411
7,1,3651,20240411
7,2,3995,20240411
8,1,13266,20240411
8,2,14433,20240411
1,1,14165,20240412
1,2,11479,20240412
2,1,7949,20240412
2,2,7326,20240412
3,1,2160,20240412
3,2,1978,20240412
4,1,4463,20240412
4,2,4064,20240412
5,1,4190,20240412
5,2,4095,20240412
6,1,7977,20240412
6,2,9798,20240412
7,1,3045,20240412
7,2,3334,20240412
8,1,9845,20240412
8,2,11720,20240412
1,1,12111,20240413
1,2,10326,20240413
2,1,8998,20240413
2,2,8131,20240413
3,1,1791,20240413
3,2,1605,20240413
4,1,4394,20240413
4,2,3934,20240413
5,1,4223,20240413
5,2,4259,20240413
6,1,7704,20240413
6,2,9261,20240413
7,1,3481,20240413
7,2,3572,20240413
8,1,11291,20240413
8,2,12905,20240413
1,1,11296,20240414
1,2,9460,20240414
2,1,9238,20240414
2,2,9097,20240414
3,1,1847,20240414
3,2,1699,20240414
4,1,4224,20240414
4,2,4039,20240414
5,1,4172,20240414
5,2,4378,20240414
6,1,7537,20240414
6,2,8993,20240414
7,1,4458,20240414
7,2,4115,20240414
8,1,11860,20240414
8,2,12851,20240414
1,1,11310,20240415
1,2,9875,20240415
2,1,8814,20240415
2,2,8673,20240415
3,1,1750,20240415
3,2,1675,20240415
4,1,4194,20240415
4,2,3904,20240415
5,1,4057,20240415
5,2,4485,20240415
6,1,7449,20240415
6,2,8441,20240415
7,1,3530,20240415
7,2,3363,20240415
8,1,11430,20240415
8,2,12118,20240415
1,1,12242,20240416
1,2,10108,20240416
2,1,5546,20240416
2,2,5868,20240416
3,1,1219,20240416
3,2,1253,20240416
4,1,2960,20240416
4,2,3224,20240416
5,1,3261,20240416
5,2,3591,20240416
6,1,5931,20240416
6,2,6529,20240416
7,1,2648,20240416
7,2,2391,20240416
8,1,8275,20240416
8,2,9118,20240416
1,1,12995,20240417
1,2,11094,20240417
2,1,8897,20240417
2,2,9047,20240417
3,1,3036,20240417
3,2,2997,20240417
4,1,5059,20240417
4,2,5247,20240417
5,1,5088,20240417
5,2,5669,20240417
6,1,10025,20240417
6,2,10610,20240417
7,1,3316,20240417
7,2,3345,20240417
8,1,12084,20240417
8,2,12491,20240417
1,1,13077,20240418
1,2,10711,20240418
2,1,9168,20240418
2,2,9159,20240418
3,1,3290,20240418
3,2,3188,20240418
4,1,5552,20240418
4,2,5577,20240418
5,1,5295,20240418
5,2,5911,20240418
6,1,10334,20240418
6,2,11201,20240418
7,1,3512,20240418
7,2,3579,20240418
8,1,12229,20240418
8,2,13131,20240418
1,1,13504,20240419
1,2,10455,20240419
2,1,9392,20240419
2,2,9697,20240419
3,1,3298,20240419
3,2,3185,20240419
4,1,5672,20240419
4,2,5810,20240419
5,1,5452,20240419
5,2,6025,20240419
6,1,10563,20240419
6,2,11568,20240419
7,1,3453,20240419
7,2,3679,20240419
8,1,12962,20240419
8,2,13877,20240419
1,1,12258,20240420
1,2,9634,20240420
2,1,6977,20240420
2,2,7020,20240420
3,1,1761,20240420
3,2,1726,20240420
4,1,3890,20240420
4,2,3968,20240420
5,1,3925,20240420
5,2,4379,20240420
6,1,6891,20240420
6,2,7867,20240420
7,1,2877,20240420
7,2,2853,20240420
8,1,9323,20240420
8,2,10455,20240420
1,1,12074,20240421
1,2,9940,20240421
2,1,6502,20240421
2,2,6537,20240421
3,1,1577,20240421
3,2,1497,20240421
4,1,3419,20240421
4,2,3572,20240421
5,1,3458,20240421
5,2,3823,20240421
6,1,6323,20240421
6,2,7364,20240421
7,1,2923,20240421
7,2,2713,20240421
8,1,8636,20240421
8,2,9466,20240421
1,1,12996,20240422
1,2,11527,20240422
2,1,10372,20240422
2,2,9998,20240422
3,1,3814,20240422
3,2,3787,20240422
4,1,6184,20240422
4,2,6277,20240422
5,1,6009,20240422
5,2,6622,20240422
6,1,12078,20240422
6,2,12786,20240422
7,1,3617,20240422
7,2,3746,20240422
8,1,13654,20240422
8,2,13981,20240422
1,1,12878,20240423
1,2,10952,20240423
2,1,10086,20240423
2,2,10022,20240423
3,1,3894,20240423
3,2,3807,20240423
4,1,6374,20240423
4,2,6254,20240423
5,1,5898,20240423
5,2,6629,20240423
6,1,12038,20240423
6,2,13050,20240423
7,1,3552,20240423
7,2,3672,20240423
8,1,13576,20240423
8,2,13910,20240423
1,1,13396,20240424
1,2,11214,20240424
2,1,10342,20240424
2,2,10270,20240424
3,1,3835,20240424
3,2,3727,20240424
4,1,6376,20240424
4,2,6186,20240424
5,1,6130,20240424
5,2,6643,20240424
6,1,12023,20240424
6,2,13139,20240424
7,1,3646,20240424
7,2,3831,20240424
8,1,13610,20240424
8,2,14348,20240424
1,1,13731,20240425
1,2,11387,20240425
2,1,10367,20240425
2,2,10272,20240425
3,1,3865,20240425
3,2,3661,20240425
4,1,6349,20240425
4,2,6349,20240425
5,1,6035,20240425
5,2,6716,20240425
6,1,12390,20240425
6,2,13158,20240425
7,1,3773,20240425
7,2,3919,20240425
8,1,13880,20240425
8,2,14928,20240425
1,1,15254,20240426
1,2,11774,20240426
2,1,10634,20240426
2,2,10709,20240426
3,1,3674,20240426
3,2,3620,20240426
4,1,6361,20240426
4,2,6570,20240426
5,1,6632,20240426
5,2,7141,20240426
6,1,12524,20240426
6,2,13578,20240426
7,1,3898,20240426
7,2,4263,20240426
8,1,14824,20240426
8,2,16146,20240426
1,1,13762,20240427
1,2,10259,20240427
2,1,7606,20240427
2,2,7624,20240427
3,1,1918,20240427
3,2,1891,20240427
4,1,4094,20240427
4,2,4156,20240427
5,1,4239,20240427
5,2,4354,20240427
6,1,7481,20240427
6,2,8793,20240427
7,1,3191,20240427
7,2,3373,20240427
8,1,10442,20240427
8,2,12283,20240427
1,1,12798,20240428
1,2,10214,20240428
2,1,6796,20240428
2,2,6666,20240428
3,1,1481,20240428
3,2,1483,20240428
4,1,3514,20240428
4,2,3553,20240428
5,1,3587,20240428
5,2,3955,20240428
6,1,6631,20240428
6,2,7697,20240428
7,1,2813,20240428
7,2,2892,20240428
8,1,9433,20240428
8,2,10593,20240428
1,1,13748,20240429
1,2,11837,20240429
2,1,10323,20240429
2,2,10250,20240429
3,1,3726,20240429
3,2,3601,20240429
4,1,6161,20240429
4,2,6142,20240429
5,1,6167,20240429
5,2,6675,20240429
6,1,11885,20240429
6,2,12881,20240429
7,1,3742,20240429
7,2,3776,20240429
8,1,14339,20240429
8,2,14929,20240429
1,1,14309,20240430
1,2,12302,20240430
2,1,11023,20240430
2,2,10854,20240430
3,1,3884,20240430
3,2,3717,20240430
4,1,6780,20240430
4,2,6610,20240430
5,1,6701,20240430
5,2,7198,20240430
6,1,12649,20240430
6,2,13721,20240430
7,1,3949,20240430
7,2,4167,20240430
8,1,15491,20240430
8,2,16217,20240430
1,1,14401,20240501
1,2,11458,20240501
2,1,7695,20240501
2,2,7554,20240501
3,1,2154,20240501
3,2,2076,20240501
4,1,4264,20240501
4,2,4243,20240501
5,1,4318,20240501
5,2,4700,20240501
6,1,8142,20240501
6,2,9112,20240501
7,1,3234,20240501
7,2,3487,20240501
8,1,11375,20240501
8,2,12953,20240501
1,1,14778,20240502
1,2,12630,20240502
2,1,10516,20240502
2,2,10277,20240502
3,1,3751,20240502
3,2,3646,20240502
4,1,6320,20240502
4,2,6309,20240502
5,1,6285,20240502
5,2,6701,20240502
6,1,12590,20240502
6,2,13404,20240502
7,1,4002,20240502
7,2,4260,20240502
8,1,14685,20240502
8,2,15700,20240502
1,1,14916,20240503
1,2,13507,20240503
2,1,10951,20240503
2,2,10838,20240503
3,1,3747,20240503
3,2,3533,20240503
4,1,6630,20240503
4,2,6624,20240503
5,1,6803,20240503
5,2,7176,20240503
6,1,13093,20240503
6,2,14180,20240503
7,1,4257,20240503
7,2,4122,20240503
8,1,15851,20240503
8,2,16268,20240503
1,1,12655,20240504
1,2,12686,20240504
2,1,7441,20240504
2,2,7532,20240504
3,1,1785,20240504
3,2,1730,20240504
4,1,4470,20240504
4,2,5463,20240504
5,1,5751,20240504
5,2,6817,20240504
6,1,9206,20240504
6,2,8578,20240504
7,1,3502,20240504
7,2,3325,20240504
8,1,13364,20240504
8,2,12043,20240504
1,1,11023,20240505
1,2,11505,20240505
2,1,6420,20240505
2,2,6595,20240505
3,1,1520,20240505
3,2,1445,20240505
4,1,3708,20240505
4,2,3531,20240505
5,1,4424,20240505
5,2,4028,20240505
6,1,6931,20240505
6,2,7363,20240505
7,1,3319,20240505
7,2,2949,20240505
8,1,9997,20240505
8,2,9926,20240505
1,1,12359,20240506
1,2,10932,20240506
2,1,6766,20240506
2,2,6582,20240506
3,1,1761,20240506
3,2,1772,20240506
4,1,3682,20240506
4,2,3857,20240506
5,1,3962,20240506
5,2,4300,20240506
6,1,7348,20240506
6,2,7852,20240506
7,1,2908,20240506
7,2,2935,20240506
8,1,9351,20240506
8,2,9907,20240506
1,1,12416,20240507
1,2,11828,20240507
2,1,10061,20240507
2,2,9692,20240507
3,1,3638,20240507
3,2,3584,20240507
4,1,6420,20240507
4,2,5518,20240507
5,1,6115,20240507
5,2,6580,20240507
6,1,11853,20240507
6,2,12712,20240507
7,1,3653,20240507
7,2,3669,20240507
8,1,13945,20240507
8,2,14518,20240507
1,1,12067,20240508
1,2,11442,20240508
2,1,10373,20240508
2,2,10399,20240508
3,1,3806,20240508
3,2,3592,20240508
4,1,6449,20240508
4,2,6271,20240508
5,1,6085,20240508
5,2,6447,20240508
6,1,12048,20240508
6,2,12594,20240508
7,1,3759,20240508
7,2,3900,20240508
8,1,13836,20240508
8,2,13778,20240508
1,1,12370,20240509
1,2,11339,20240509
2,1,10414,20240509
2,2,10083,20240509
3,1,3808,20240509
3,2,3743,20240509
4,1,6556,20240509
4,2,6223,20240509
5,1,6242,20240509
5,2,6599,20240509
6,1,11920,20240509
6,2,13027,20240509
7,1,3803,20240509
7,2,3844,20240509
8,1,13956,20240509
8,2,14211,20240509
1,1,12914,20240510
1,2,10562,20240510
2,1,9501,20240510
2,2,9274,20240510
3,1,3288,20240510
3,2,3131,20240510
4,1,5994,20240510
4,2,5692,20240510
5,1,5657,20240510
5,2,5956,20240510
6,1,10996,20240510
6,2,12130,20240510
7,1,3550,20240510
7,2,3763,20240510
8,1,11978,20240510
8,2,13370,20240510
1,1,12008,20240511
1,2,9784,20240511
2,1,7196,20240511
2,2,7236,20240511
3,1,1815,20240511
3,2,1801,20240511
4,1,4126,20240511
4,2,4116,20240511
5,1,3979,20240511
5,2,4276,20240511
6,1,7410,20240511
6,2,8261,20240511
7,1,3090,20240511
7,2,3006,20240511
8,1,9683,20240511
8,2,10827,20240511
1,1,11673,20240512
1,2,9918,20240512
2,1,6667,20240512
2,2,6654,20240512
3,1,1518,20240512
3,2,1527,20240512
4,1,3551,20240512
4,2,3720,20240512
5,1,3517,20240512
5,2,3855,20240512
6,1,6859,20240512
6,2,7632,20240512
7,1,3136,20240512
7,2,2947,20240512
8,1,8783,20240512
8,2,9451,20240512
1,1,12269,20240513
1,2,10723,20240513
2,1,9879,20240513
2,2,9737,20240513
3,1,3604,20240513
3,2,3553,20240513
4,1,5994,20240513
4,2,6217,20240513
5,1,5840,20240513
5,2,6738,20240513
6,1,11636,20240513
6,2,12070,20240513
7,1,3437,20240513
7,2,3834,20240513
8,1,13701,20240513
8,2,13488,20240513
1,1,12313,20240514
1,2,11024,20240514
2,1,10192,20240514
2,2,9951,20240514
3,1,3817,20240514
3,2,3597,20240514
4,1,6355,20240514
4,2,6257,20240514
5,1,6058,20240514
5,2,6629,20240514
6,1,11656,20240514
6,2,12367,20240514
7,1,3569,20240514
7,2,3812,20240514
8,1,13515,20240514
8,2,13838,20240514
1,1,13245,20240515
1,2,11692,20240515
2,1,10112,20240515
2,2,9669,20240515
3,1,3858,20240515
3,2,3588,20240515
4,1,6349,20240515
4,2,6171,20240515
5,1,6136,20240515
5,2,6382,20240515
6,1,11395,20240515
6,2,12547,20240515
7,1,3527,20240515
7,2,3837,20240515
8,1,13567,20240515
8,2,14303,20240515
1,1,12591,20240516
1,2,10797,20240516
2,1,9786,20240516
2,2,9705,20240516
3,1,3664,20240516
3,2,3651,20240516
4,1,6304,20240516
4,2,6217,20240516
5,1,5990,20240516
5,2,6534,20240516
6,1,11450,20240516
6,2,11945,20240516
7,1,3649,20240516
7,2,3891,20240516
8,1,13372,20240516
8,2,14066,20240516
1,1,14113,20240517
1,2,11949,20240517
2,1,10206,20240517
2,2,10192,20240517
3,1,3711,20240517
3,2,3610,20240517
4,1,6437,20240517
4,2,6372,20240517
5,1,6305,20240517
5,2,6901,20240517
6,1,12082,20240517
6,2,12899,20240517
7,1,3924,20240517
7,2,4200,20240517
8,1,14386,20240517
8,2,15041,20240517
1,1,11906,20240518
1,2,10473,20240518
2,1,7242,20240518
2,2,7044,20240518
3,1,1893,20240518
3,2,1815,20240518
4,1,4181,20240518
4,2,4125,20240518
5,1,4220,20240518
5,2,4526,20240518
6,1,7393,20240518
6,2,8037,20240518
7,1,3146,20240518
7,2,3308,20240518
8,1,10371,20240518
8,2,11024,20240518
1,1,10133,20240519
1,2,10029,20240519
2,1,6127,20240519
2,2,6473,20240519
3,1,1402,20240519
3,2,1444,20240519
4,1,3390,20240519
4,2,2109,20240519
5,1,3688,20240519
5,2,4230,20240519
6,1,6192,20240519
6,2,6198,20240519
7,1,2769,20240519
7,2,2844,20240519
8,1,9069,20240519
8,2,9443,20240519
1,1,12141,20240520
1,2,11985,20240520
2,1,9992,20240520
2,2,9880,20240520
3,1,3473,20240520
3,2,3617,20240520
4,1,6306,20240520
4,2,6123,20240520
5,1,5913,20240520
5,2,6491,20240520
6,1,11516,20240520
6,2,11392,20240520
7,1,3606,20240520
7,2,3874,20240520
8,1,13945,20240520
8,2,13530,20240520
1,1,12357,20240521
1,2,11868,20240521
2,1,10113,20240521
2,2,10278,20240521
3,1,3744,20240521
3,2,3588,20240521
4,1,6542,20240521
4,2,6605,20240521
5,1,6379,20240521
5,2,7632,20240521
6,1,12511,20240521
6,2,12436,20240521
7,1,3538,20240521
7,2,3840,20240521
8,1,15126,20240521
8,2,14063,20240521
1,1,11321,20240522
1,2,9542,20240522
2,1,6105,20240522
2,2,6106,20240522
3,1,1578,20240522
3,2,1533,20240522
4,1,3562,20240522
4,2,3523,20240522
5,1,3678,20240522
5,2,3991,20240522
6,1,6182,20240522
6,2,6936,20240522
7,1,2870,20240522
7,2,2980,20240522
8,1,8211,20240522
8,2,8896,20240522
1,1,12364,20240523
1,2,10347,20240523
2,1,10142,20240523
2,2,9935,20240523
3,1,3712,20240523
3,2,3587,20240523
4,1,6319,20240523
4,2,6067,20240523
5,1,6318,20240523
5,2,6705,20240523
6,1,11198,20240523
6,2,12258,20240523
7,1,3553,20240523
7,2,3732,20240523
8,1,13465,20240523
8,2,14440,20240523
1,1,13065,20240524
1,2,10783,20240524
2,1,10366,20240524
2,2,10054,20240524
3,1,3615,20240524
3,2,3627,20240524
4,1,6510,20240524
4,2,6229,20240524
5,1,6422,20240524
5,2,6596,20240524
6,1,11177,20240524
6,2,12682,20240524
7,1,3675,20240524
7,2,3907,20240524
8,1,14031,20240524
8,2,14983,20240524
1,1,11698,20240525
1,2,9773,20240525
2,1,7130,20240525
2,2,6984,20240525
3,1,1920,20240525
3,2,1922,20240525
4,1,4171,20240525
4,2,4103,20240525
5,1,4255,20240525
5,2,4598,20240525
6,1,7331,20240525
6,2,8110,20240525
7,1,3039,20240525
7,2,3201,20240525
8,1,10021,20240525
8,2,10874,20240525
1,1,11080,20240526
1,2,9899,20240526
2,1,6644,20240526
2,2,6468,20240526
3,1,1507,20240526
3,2,1495,20240526
4,1,3381,20240526
4,2,3537,20240526
5,1,3717,20240526
5,2,4360,20240526
6,1,6370,20240526
6,2,6761,20240526
7,1,2742,20240526
7,2,2795,20240526
8,1,9449,20240526
8,2,9575,20240526
1,1,12396,20240527
1,2,11477,20240527
2,1,9963,20240527
2,2,9841,20240527
3,1,3681,20240527
3,2,3779,20240527
4,1,6431,20240527
4,2,6372,20240527
5,1,6239,20240527
5,2,6923,20240527
6,1,11853,20240527
6,2,12303,20240527
7,1,3742,20240527
7,2,3576,20240527
8,1,13764,20240527
8,2,13798,20240527
1,1,12287,20240528
1,2,11098,20240528
2,1,10120,20240528
2,2,10077,20240528
3,1,3896,20240528
3,2,3947,20240528
4,1,6584,20240528
4,2,6432,20240528
5,1,6621,20240528
5,2,6869,20240528
6,1,12095,20240528
6,2,12627,20240528
7,1,3667,20240528
7,2,3809,20240528
8,1,13866,20240528
8,2,14277,20240528
1,1,12782,20240529
1,2,10738,20240529
2,1,10090,20240529
2,2,10126,20240529
3,1,3860,20240529
3,2,3887,20240529
4,1,6484,20240529
4,2,6453,20240529
5,1,6663,20240529
5,2,7090,20240529
6,1,11799,20240529
6,2,12570,20240529
7,1,3592,20240529
7,2,3968,20240529
8,1,13814,20240529
8,2,14252,20240529
1,1,12575,20240530
1,2,11479,20240530
2,1,10186,20240530
2,2,10429,20240530
3,1,3803,20240530
3,2,3798,20240530
4,1,6588,20240530
4,2,6570,20240530
5,1,6555,20240530
5,2,7128,20240530
6,1,12619,20240530
6,2,12836,20240530
7,1,3629,20240530
7,2,3956,20240530
8,1,14645,20240530
8,2,14404,20240530
1,1,13970,20240531
1,2,12316,20240531
2,1,11094,20240531
2,2,10865,20240531
3,1,3824,20240531
3,2,3855,20240531
4,1,6937,20240531
4,2,6809,20240531
5,1,6602,20240531
5,2,7215,20240531
6,1,12701,20240531
6,2,13371,20240531
7,1,3765,20240531
7,2,4135,20240531
8,1,15406,20240531
8,2,15733,20240531
1,1,12490,20240601
1,2,10749,20240601
2,1,8013,20240601
2,2,8003,20240601
3,1,1954,20240601
3,2,1872,20240601
4,1,4744,20240601
4,2,4495,20240601
5,1,4610,20240601
5,2,4558,20240601
6,1,7832,20240601
6,2,8586,20240601
7,1,3327,20240601
7,2,3163,20240601
8,1,11398,20240601
8,2,12942,20240601
1,1,11171,20240602
1,2,10729,20240602
2,1,7292,20240602
2,2,7426,20240602
3,1,1611,20240602
3,2,1578,20240602
4,1,4020,20240602
4,2,3928,20240602
5,1,3886,20240602
5,2,4279,20240602
6,1,7458,20240602
6,2,7869,20240602
7,1,3239,20240602
7,2,2831,20240602
8,1,10734,20240602
8,2,10771,20240602
1,1,11582,20240603
1,2,9900,20240603
2,1,6586,20240603
2,2,6359,20240603
3,1,1425,20240603
3,2,1478,20240603
4,1,3614,20240603
4,2,3586,20240603
5,1,3416,20240603
5,2,3894,20240603
6,1,6249,20240603
6,2,6857,20240603
7,1,2625,20240603
7,2,2702,20240603
8,1,8575,20240603
8,2,9296,20240603
1,1,12510,20240604
1,2,10840,20240604
2,1,10665,20240604
2,2,10575,20240604
3,1,3992,20240604
3,2,3899,20240604
4,1,6755,20240604
4,2,6756,20240604
5,1,6201,20240604
5,2,6904,20240604
6,1,12086,20240604
6,2,12831,20240604
7,1,3675,20240604
7,2,3785,20240604
8,1,14134,20240604
8,2,14428,20240604
1,1,12896,20240605
1,2,10700,20240605
2,1,10510,20240605
2,2,10802,20240605
3,1,4131,20240605
3,2,4099,20240605
4,1,6754,20240605
4,2,6658,20240605
5,1,6309,20240605
5,2,6765,20240605
6,1,12023,20240605
6,2,12769,20240605
7,1,3760,20240605
7,2,4164,20240605
8,1,13946,20240605
8,2,14372,20240605
1,1,13551,20240606
1,2,10359,20240606
2,1,10349,20240606
2,2,10222,20240606
3,1,3982,20240606
3,2,3900,20240606
4,1,6538,20240606
4,2,6399,20240606
5,1,6288,20240606
5,2,6903,20240606
6,1,11788,20240606
6,2,13140,20240606
7,1,3699,20240606
7,2,4062,20240606
8,1,13502,20240606
8,2,14712,20240606
1,1,15090,20240607
1,2,11760,20240607
2,1,10566,20240607
2,2,10391,20240607
3,1,3980,20240607
3,2,3772,20240607
4,1,6828,20240607
4,2,6657,20240607
5,1,6449,20240607
5,2,6809,20240607
6,1,11899,20240607
6,2,13442,20240607
7,1,3909,20240607
7,2,4115,20240607
8,1,14176,20240607
8,2,15951,20240607
1,1,13512,20240608
1,2,9939,20240608
2,1,7848,20240608
2,2,7511,20240608
3,1,2007,20240608
3,2,2026,20240608
4,1,4448,20240608
4,2,4435,20240608
5,1,4435,20240608
5,2,4863,20240608
6,1,7807,20240608
6,2,9081,20240608
7,1,3080,20240608
7,2,3294,20240608
8,1,10277,20240608
8,2,12265,20240608
1,1,11777,20240609
1,2,10041,20240609
2,1,7198,20240609
2,2,7016,20240609
3,1,1672,20240609
3,2,1627,20240609
4,1,3762,20240609
4,2,3871,20240609
5,1,3848,20240609
5,2,4271,20240609
6,1,6970,20240609
6,2,7707,20240609
7,1,2879,20240609
7,2,2880,20240609
8,1,9896,20240609
8,2,10589,20240609
1,1,13337,20240610
1,2,13178,20240610
2,1,10502,20240610
2,2,10336,20240610
3,1,3910,20240610
3,2,3888,20240610
4,1,6650,20240610
4,2,6554,20240610
5,1,6437,20240610
5,2,7064,20240610
6,1,12236,20240610
6,2,12698,20240610
7,1,3681,20240610
7,2,3959,20240610
8,1,15135,20240610
8,2,14211,20240610
1,1,12727,20240611
1,2,12587,20240611
2,1,10881,20240611
2,2,10452,20240611
3,1,4061,20240611
3,2,4116,20240611
4,1,7157,20240611
4,2,7502,20240611
5,1,7646,20240611
5,2,8568,20240611
6,1,13269,20240611
6,2,13339,20240611
7,1,3829,20240611
7,2,4069,20240611
8,1,15970,20240611
8,2,14907,20240611
1,1,12450,20240612
1,2,11554,20240612
2,1,10377,20240612
2,2,10194,20240612
3,1,3955,20240612
3,2,3926,20240612
4,1,6628,20240612
4,2,6650,20240612
5,1,6370,20240612
5,2,6485,20240612
6,1,11711,20240612
6,2,12611,20240612
7,1,3818,20240612
7,2,3967,20240612
8,1,14175,20240612
8,2,14097,20240612
1,1,13631,20240613
1,2,11303,20240613
2,1,10421,20240613
2,2,10090,20240613
3,1,3977,20240613
3,2,3883,20240613
4,1,6853,20240613
4,2,6302,20240613
5,1,6194,20240613
5,2,6439,20240613
6,1,12089,20240613
6,2,13184,20240613
7,1,3740,20240613
7,2,4117,20240613
8,1,13334,20240613
8,2,14921,20240613
1,1,14103,20240614
1,2,11643,20240614
2,1,10760,20240614
2,2,10728,20240614
3,1,3901,20240614
3,2,3877,20240614
4,1,6817,20240614
4,2,6657,20240614
5,1,6437,20240614
5,2,6771,20240614
6,1,12264,20240614
6,2,13722,20240614
7,1,3868,20240614
7,2,4030,20240614
8,1,14857,20240614
8,2,15579,20240614
1,1,12888,20240615
1,2,11026,20240615
2,1,7764,20240615
2,2,7996,20240615
3,1,2020,20240615
3,2,2045,20240615
4,1,4532,20240615
4,2,4428,20240615
5,1,4395,20240615
5,2,4403,20240615
6,1,8099,20240615
6,2,8880,20240615
7,1,3217,20240615
7,2,3323,20240615
8,1,11207,20240615
8,2,12021,20240615
1,1,11454,20240616
1,2,10216,20240616
2,1,6783,20240616
2,2,6786,20240616
3,1,1486,20240616
3,2,1534,20240616
4,1,3450,20240616
4,2,3533,20240616
5,1,3460,20240616
5,2,3750,20240616
6,1,6776,20240616
6,2,7158,20240616
7,1,3051,20240616
7,2,2978,20240616
8,1,9381,20240616
8,2,9886,20240616
1,1,12290,20240617
1,2,11586,20240617
2,1,10305,20240617
2,2,9964,20240617
3,1,3582,20240617
3,2,3562,20240617
4,1,6111,20240617
4,2,6127,20240617
5,1,6127,20240617
5,2,6508,20240617
6,1,11943,20240617
6,2,12430,20240617
7,1,3738,20240617
7,2,3957,20240617
8,1,13815,20240617
8,2,13777,20240617
1,1,12014,20240618
1,2,10919,20240618
2,1,10272,20240618
2,2,10202,20240618
3,1,3924,20240618
3,2,3893,20240618
4,1,6497,20240618
4,2,6517,20240618
5,1,6051,20240618
5,2,6504,20240618
6,1,12125,20240618
6,2,12762,20240618
7,1,3608,20240618
7,2,3757,20240618
8,1,14011,20240618
8,2,13948,20240618
1,1,12780,20240619
1,2,10836,20240619
2,1,10273,20240619
2,2,10424,20240619
3,1,3909,20240619
3,2,3924,20240619
4,1,6522,20240619
4,2,6502,20240619
5,1,6058,20240619
5,2,6766,20240619
6,1,12329,20240619
6,2,12763,20240619
7,1,3627,20240619
7,2,3920,20240619
8,1,13963,20240619
8,2,14326,20240619
1,1,13465,20240620
1,2,10520,20240620
2,1,10346,20240620
2,2,10108,20240620
3,1,3863,20240620
3,2,3758,20240620
4,1,6606,20240620
4,2,6761,20240620
5,1,6511,20240620
5,2,7346,20240620
6,1,12175,20240620
6,2,13209,20240620
7,1,3743,20240620
7,2,4140,20240620
8,1,14128,20240620
8,2,14995,20240620
1,1,14731,20240621
1,2,11238,20240621
2,1,11063,20240621
2,2,11144,20240621
3,1,3780,20240621
3,2,3739,20240621
4,1,6936,20240621
4,2,7146,20240621
5,1,6887,20240621
5,2,7862,20240621
6,1,12765,20240621
6,2,13989,20240621
7,1,4106,20240621
7,2,4332,20240621
8,1,15447,20240621
8,2,16265,20240621
1,1,12858,20240622
1,2,10318,20240622
2,1,8342,20240622
2,2,8393,20240622
3,1,2027,20240622
3,2,2027,20240622
4,1,5487,20240622
4,2,5811,20240622
5,1,7517,20240622
5,2,10343,20240622
6,1,10283,20240622
6,2,9976,20240622
7,1,3509,20240622
7,2,3461,20240622
8,1,14459,20240622
8,2,14153,20240622
1,1,11750,20240623
1,2,10657,20240623
2,1,7227,20240623
2,2,7240,20240623
3,1,1615,20240623
3,2,1641,20240623
4,1,4565,20240623
4,2,4540,20240623
5,1,7039,20240623
5,2,8642,20240623
6,1,8626,20240623
6,2,8333,20240623
7,1,3114,20240623
7,2,3004,20240623
8,1,12393,20240623
8,2,12272,20240623
1,1,12853,20240624
1,2,12481,20240624
2,1,10547,20240624
2,2,10373,20240624
3,1,3893,20240624
3,2,3842,20240624
4,1,6991,20240624
4,2,6416,20240624
5,1,6924,20240624
5,2,6719,20240624
6,1,11819,20240624
6,2,12910,20240624
7,1,3838,20240624
7,2,4063,20240624
8,1,14666,20240624
8,2,14727,20240624
1,1,12933,20240625
1,2,11747,20240625
2,1,10503,20240625
2,2,10539,20240625
3,1,4001,20240625
3,2,3961,20240625
4,1,6729,20240625
4,2,6787,20240625
5,1,6147,20240625
5,2,7382,20240625
6,1,12741,20240625
6,2,12841,20240625
7,1,3686,20240625
7,2,3975,20240625
8,1,14880,20240625
8,2,14388,20240625
1,1,12746,20240626
1,2,11292,20240626
2,1,10403,20240626
2,2,10422,20240626
3,1,3998,20240626
3,2,3986,20240626
4,1,6743,20240626
4,2,6341,20240626
5,1,6274,20240626
5,2,6876,20240626
6,1,12199,20240626
6,2,12797,20240626
7,1,3815,20240626
7,2,4093,20240626
8,1,14096,20240626
8,2,14467,20240626
1,1,14012,20240627
1,2,11551,20240627
2,1,10611,20240627
2,2,10532,20240627
3,1,3968,20240627
3,2,3896,20240627
4,1,6765,20240627
4,2,6564,20240627
5,1,6366,20240627
5,2,6978,20240627
6,1,12358,20240627
6,2,13150,20240627
7,1,3830,20240627
7,2,4274,20240627
8,1,14355,20240627
8,2,15320,20240627
1,1,15176,20240628
1,2,11946,20240628
2,1,11865,20240628
2,2,11853,20240628
3,1,4050,20240628
3,2,4001,20240628
4,1,7168,20240628
4,2,7069,20240628
5,1,6722,20240628
5,2,7417,20240628
6,1,13336,20240628
6,2,14877,20240628
7,1,4033,20240628
7,2,4356,20240628
8,1,15868,20240628
8,2,16699,20240628
1,1,13033,20240629
1,2,10797,20240629
2,1,8819,20240629
2,2,8799,20240629
3,1,2153,20240629
3,2,2182,20240629
4,1,4805,20240629
4,2,4801,20240629
5,1,4763,20240629
5,2,5117,20240629
6,1,9208,20240629
6,2,9809,20240629
7,1,3430,20240629
7,2,3511,20240629
8,1,11871,20240629
8,2,13066,20240629
1,1,12079,20240630
1,2,11007,20240630
2,1,8129,20240630
2,2,8382,20240630
3,1,1798,20240630
3,2,1802,20240630
4,1,4252,20240630
4,2,4141,20240630
5,1,4320,20240630
5,2,4999,20240630
6,1,8043,20240630
6,2,8513,20240630
7,1,3216,20240630
7,2,3132,20240630
8,1,11683,20240630
8,2,11544,20240630
1,1,12500,20240701
1,2,12074,20240701
2,1,10966,20240701
2,2,10694,20240701
3,1,3965,20240701
3,2,3866,20240701
4,1,7008,20240701
4,2,7025,20240701
5,1,3904,20240701
5,2,5282,20240701
6,1,12136,20240701
6,2,12429,20240701
7,1,3825,20240701
7,2,3918,20240701
8,1,14694,20240701
8,2,13710,20240701
1,1,12208,20240702
1,2,11342,20240702
2,1,11047,20240702
2,2,10841,20240702
3,1,4131,20240702
3,2,4084,20240702
4,1,7116,20240702
4,2,6683,20240702
5,1,5885,20240702
5,2,6633,20240702
6,1,12403,20240702
6,2,13075,20240702
7,1,3744,20240702
7,2,3928,20240702
8,1,14513,20240702
8,2,14461,20240702
1,1,12808,20240703
1,2,11073,20240703
2,1,11006,20240703
2,2,10932,20240703
3,1,4123,20240703
3,2,3978,20240703
4,1,6982,20240703
4,2,6992,20240703
5,1,6110,20240703
5,2,6690,20240703
6,1,12381,20240703
6,2,13264,20240703
7,1,3977,20240703
7,2,4088,20240703
8,1,14060,20240703
8,2,14430,20240703
1,1,13608,20240704
1,2,10692,20240704
2,1,10767,20240704
2,2,10556,20240704
3,1,4092,20240704
3,2,3984,20240704
4,1,6870,20240704
4,2,6672,20240704
5,1,6097,20240704
5,2,6780,20240704
6,1,12199,20240704
6,2,13533,20240704
7,1,3912,20240704
7,2,4243,20240704
8,1,13956,20240704
8,2,15041,20240704
1,1,14552,20240705
1,2,11512,20240705
2,1,11531,20240705
2,2,11250,20240705
3,1,3912,20240705
3,2,3852,20240705
4,1,7138,20240705
4,2,7141,20240705
5,1,6355,20240705
5,2,6906,20240705
6,1,12668,20240705
6,2,14003,20240705
7,1,4069,20240705
7,2,4380,20240705
8,1,14837,20240705
8,2,16018,20240705
1,1,12541,20240706
1,2,10263,20240706
2,1,8528,20240706
2,2,8283,20240706
3,1,2018,20240706
3,2,2041,20240706
4,1,4649,20240706
4,2,4587,20240706
5,1,4261,20240706
5,2,4806,20240706
6,1,8130,20240706
6,2,8916,20240706
7,1,3467,20240706
7,2,3662,20240706
8,1,11247,20240706
8,2,12283,20240706
1,1,11874,20240707
1,2,10210,20240707
2,1,7391,20240707
2,2,7553,20240707
3,1,1694,20240707
3,2,1676,20240707
4,1,4006,20240707
4,2,4089,20240707
5,1,3901,20240707
5,2,4256,20240707
6,1,7230,20240707
6,2,8027,20240707
7,1,3222,20240707
7,2,3058,20240707
8,1,10387,20240707
8,2,10836,20240707
1,1,12532,20240708
1,2,11738,20240708
2,1,10694,20240708
2,2,10501,20240708
3,1,3867,20240708
3,2,3785,20240708
4,1,6656,20240708
4,2,6454,20240708
5,1,6096,20240708
5,2,6697,20240708
6,1,11957,20240708
6,2,12728,20240708
7,1,3969,20240708
7,2,4095,20240708
8,1,14276,20240708
8,2,14049,20240708
1,1,12468,20240709
1,2,11010,20240709
2,1,10632,20240709
2,2,10405,20240709
3,1,4130,20240709
3,2,4137,20240709
4,1,7002,20240709
4,2,6873,20240709
5,1,6163,20240709
5,2,6708,20240709
6,1,12245,20240709
6,2,13103,20240709
7,1,3826,20240709
7,2,3938,20240709
8,1,14031,20240709
8,2,14323,20240709
1,1,13172,20240710
1,2,11263,20240710
2,1,10911,20240710
2,2,10553,20240710
3,1,4093,20240710
3,2,4113,20240710
4,1,7049,20240710
4,2,6897,20240710
5,1,6195,20240710
5,2,6672,20240710
6,1,12356,20240710
6,2,13284,20240710
7,1,3925,20240710
7,2,4234,20240710
8,1,14019,20240710
8,2,14704,20240710
1,1,13601,20240711
1,2,10543,20240711
2,1,10692,20240711
2,2,10513,20240711
3,1,4069,20240711
3,2,4006,20240711
4,1,7022,20240711
4,2,7059,20240711
5,1,6148,20240711
5,2,6855,20240711
6,1,12269,20240711
6,2,13420,20240711
7,1,3807,20240711
7,2,4247,20240711
8,1,13977,20240711
8,2,14942,20240711
1,1,14874,20240712
1,2,11535,20240712
2,1,11436,20240712
2,2,11087,20240712
3,1,3948,20240712
3,2,3884,20240712
4,1,6998,20240712
4,2,6946,20240712
5,1,6409,20240712
5,2,7071,20240712
6,1,12923,20240712
6,2,14481,20240712
7,1,3976,20240712
7,2,4347,20240712
8,1,14826,20240712
8,2,16039,20240712
1,1,13018,20240713
1,2,10218,20240713
2,1,7963,20240713
2,2,7987,20240713
3,1,1980,20240713
3,2,2030,20240713
4,1,4507,20240713
4,2,4477,20240713
5,1,4194,20240713
5,2,4663,20240713
6,1,8196,20240713
6,2,9175,20240713
7,1,3216,20240713
7,2,3398,20240713
8,1,10871,20240713
8,2,11997,20240713
1,1,11627,20240714
1,2,10822,20240714
2,1,6943,20240714
2,2,7118,20240714
3,1,1537,20240714
3,2,1512,20240714
4,1,3894,20240714
4,2,4044,20240714
5,1,3492,20240714
5,2,3917,20240714
6,1,7397,20240714
6,2,7328,20240714
7,1,3139,20240714
7,2,3069,20240714
8,1,9818,20240714
8,2,10037,20240714
1,1,12404,20240715
1,2,12048,20240715
2,1,10939,20240715
2,2,10295,20240715
3,1,3976,20240715
3,2,3894,20240715
4,1,6564,20240715
4,2,6777,20240715
5,1,6124,20240715
5,2,6545,20240715
6,1,12140,20240715
6,2,12605,20240715
7,1,3882,20240715
7,2,3943,20240715
8,1,14231,20240715
8,2,14153,20240715
1,1,12675,20240716
1,2,11355,20240716
2,1,10549,20240716
2,2,10550,20240716
3,1,4078,20240716
3,2,4057,20240716
4,1,6844,20240716
4,2,6881,20240716
5,1,6089,20240716
5,2,6769,20240716
6,1,12476,20240716
6,2,12829,20240716
7,1,3756,20240716
7,2,3922,20240716
8,1,14111,20240716
8,2,14215,20240716
1,1,12350,20240717
1,2,11298,20240717
2,1,10746,20240717
2,2,10460,20240717
3,1,4096,20240717
3,2,3994,20240717
4,1,6887,20240717
4,2,6817,20240717
5,1,6098,20240717
5,2,6533,20240717
6,1,12130,20240717
6,2,13017,20240717
7,1,3864,20240717
7,2,3974,20240717
8,1,13954,20240717
8,2,14032,20240717
1,1,13501,20240718
1,2,11268,20240718
2,1,10820,20240718
2,2,10502,20240718
3,1,4055,20240718
3,2,3989,20240718
4,1,7147,20240718
4,2,6833,20240718
5,1,6088,20240718
5,2,6772,20240718
6,1,12379,20240718
6,2,13245,20240718
7,1,3804,20240718
7,2,4176,20240718
8,1,13970,20240718
8,2,14979,20240718
1,1,14502,20240719
1,2,12747,20240719
2,1,12010,20240719
2,2,11174,20240719
3,1,3997,20240719
3,2,3889,20240719
4,1,7115,20240719
4,2,7048,20240719
5,1,6230,20240719
5,2,6781,20240719
6,1,13067,20240719
6,2,13822,20240719
7,1,4124,20240719
7,2,4404,20240719
8,1,15304,20240719
8,2,16484,20240719
1,1,12151,20240720
1,2,10819,20240720
2,1,7725,20240720
2,2,7405,20240720
3,1,1753,20240720
3,2,1796,20240720
4,1,4158,20240720
4,2,4138,20240720
5,1,3710,20240720
5,2,4105,20240720
6,1,7616,20240720
6,2,8198,20240720
7,1,3044,20240720
7,2,3078,20240720
8,1,10612,20240720
8,2,11230,20240720
1,1,10839,20240721
1,2,10007,20240721
2,1,6402,20240721
2,2,6647,20240721
3,1,1492,20240721
3,2,1571,20240721
4,1,3661,20240721
4,2,3804,20240721
5,1,3263,20240721
5,2,3939,20240721
6,1,6805,20240721
6,2,6695,20240721
7,1,2943,20240721
7,2,2792,20240721
8,1,9396,20240721
8,2,9346,20240721
1,1,12599,20240722
1,2,10307,20240722
2,1,6815,20240722
2,2,7001,20240722
3,1,1824,20240722
3,2,1747,20240722
4,1,3783,20240722
4,2,3942,20240722
5,1,3676,20240722
5,2,4180,20240722
6,1,7154,20240722
6,2,7788,20240722
7,1,2955,20240722
7,2,3054,20240722
8,1,8999,20240722
8,2,9786,20240722
1,1,12866,20240723
1,2,11219,20240723
2,1,10735,20240723
2,2,10599,20240723
3,1,3994,20240723
3,2,3941,20240723
4,1,6848,20240723
4,2,6915,20240723
5,1,5976,20240723
5,2,6848,20240723
6,1,12417,20240723
6,2,13109,20240723
7,1,3709,20240723
7,2,3948,20240723
8,1,14174,20240723
8,2,14140,20240723
1,1,13375,20240724
1,2,11067,20240724
2,1,10812,20240724
2,2,10710,20240724
3,1,4043,20240724
3,2,4059,20240724
4,1,7175,20240724
4,2,6971,20240724
5,1,6170,20240724
5,2,6806,20240724
6,1,12433,20240724
6,2,13612,20240724
7,1,3877,20240724
7,2,4048,20240724
8,1,13995,20240724
8,2,14607,20240724
1,1,13758,20240725
1,2,11790,20240725
2,1,10747,20240725
2,2,10687,20240725
3,1,4083,20240725
3,2,4036,20240725
4,1,7229,20240725
4,2,7103,20240725
5,1,6387,20240725
5,2,7121,20240725
6,1,13138,20240725
6,2,13816,20240725
7,1,3930,20240725
7,2,4181,20240725
8,1,14532,20240725
8,2,15070,20240725
1,1,14846,20240726
1,2,12497,20240726
2,1,11786,20240726
2,2,11280,20240726
3,1,4002,20240726
3,2,3896,20240726
4,1,7337,20240726
4,2,7211,20240726
5,1,6569,20240726
5,2,7038,20240726
6,1,13283,20240726
6,2,14650,20240726
7,1,4070,20240726
7,2,4321,20240726
8,1,15441,20240726
8,2,16441,20240726
1,1,12678,20240727
1,2,11121,20240727
2,1,8083,20240727
2,2,8061,20240727
3,1,1892,20240727
3,2,1814,20240727
4,1,4345,20240727
4,2,4473,20240727
5,1,4024,20240727
5,2,4400,20240727
6,1,8387,20240727
6,2,8923,20240727
7,1,3138,20240727
7,2,3296,20240727
8,1,11489,20240727
8,2,11948,20240727
1,1,12044,20240728
1,2,10685,20240728
2,1,7136,20240728
2,2,7376,20240728
3,1,1543,20240728
3,2,1548,20240728
4,1,4029,20240728
4,2,4029,20240728
5,1,3659,20240728
5,2,4076,20240728
6,1,7357,20240728
6,2,7982,20240728
7,1,3268,20240728
7,2,3019,20240728
8,1,10078,20240728
8,2,10399,20240728
1,1,12593,20240729
1,2,10367,20240729
2,1,6550,20240729
2,2,6813,20240729
3,1,1572,20240729
3,2,1450,20240729
4,1,3527,20240729
4,2,3674,20240729
5,1,3264,20240729
5,2,3890,20240729
6,1,6593,20240729
6,2,7563,20240729
7,1,2810,20240729
7,2,2816,20240729
8,1,9396,20240729
8,2,9732,20240729
1,1,13422,20240730
1,2,11453,20240730
2,1,10818,20240730
2,2,10783,20240730
3,1,4032,20240730
3,2,4013,20240730
4,1,7120,20240730
4,2,7102,20240730
5,1,6157,20240730
5,2,7171,20240730
6,1,12603,20240730
6,2,13553,20240730
7,1,3918,20240730
7,2,4157,20240730
8,1,14750,20240730
8,2,14588,20240730
1,1,13964,20240731
1,2,11934,20240731
2,1,10852,20240731
2,2,10808,20240731
3,1,4104,20240731
3,2,3988,20240731
4,1,7287,20240731
4,2,7096,20240731
5,1,6300,20240731
5,2,6999,20240731
6,1,12814,20240731
6,2,13745,20240731
7,1,4011,20240731
7,2,4096,20240731
8,1,14686,20240731
8,2,15352,20240731
1,1,14017,20240801
1,2,11328,20240801
2,1,10890,20240801
2,2,10457,20240801
3,1,4109,20240801
3,2,4146,20240801
4,1,7258,20240801
4,2,7106,20240801
5,1,6272,20240801
5,2,7166,20240801
6,1,12948,20240801
6,2,13819,20240801
7,1,4073,20240801
7,2,4370,20240801
8,1,14144,20240801
8,2,15319,20240801
1,1,14165,20240802
1,2,11573,20240802
2,1,11478,20240802
2,2,11248,20240802
3,1,3895,20240802
3,2,3903,20240802
4,1,7216,20240802
4,2,7075,20240802
5,1,6427,20240802
5,2,6980,20240802
6,1,12927,20240802
6,2,14169,20240802
7,1,4049,20240802
7,2,4254,20240802
8,1,14984,20240802
8,2,15939,20240802
1,1,13122,20240803
1,2,10630,20240803
2,1,9125,20240803
2,2,9104,20240803
3,1,2047,20240803
3,2,2037,20240803
4,1,4826,20240803
4,2,5033,20240803
5,1,4354,20240803
5,2,5330,20240803
6,1,8856,20240803
6,2,9214,20240803
7,1,3642,20240803
7,2,3766,20240803
8,1,12267,20240803
8,2,13125,20240803
1,1,11938,20240804
1,2,10370,20240804
2,1,7493,20240804
2,2,7438,20240804
3,1,1646,20240804
3,2,1625,20240804
4,1,3922,20240804
4,2,4252,20240804
5,1,4221,20240804
5,2,4766,20240804
6,1,7756,20240804
6,2,7669,20240804
7,1,3206,20240804
7,2,3190,20240804
8,1,10506,20240804
8,2,11378,20240804
1,1,12979,20240805
1,2,12199,20240805
2,1,10991,20240805
2,2,10722,20240805
3,1,4086,20240805
3,2,4166,20240805
4,1,7284,20240805
4,2,7244,20240805
5,1,6288,20240805
5,2,7272,20240805
6,1,13210,20240805
6,2,13570,20240805
7,1,4127,20240805
7,2,4236,20240805
8,1,15511,20240805
8,2,15067,20240805
1,1,12873,20240806
1,2,11817,20240806
2,1,10860,20240806
2,2,10632,20240806
3,1,4253,20240806
3,2,4232,20240806
4,1,7343,20240806
4,2,7360,20240806
5,1,6370,20240806
5,2,7302,20240806
6,1,13508,20240806
6,2,14089,20240806
7,1,3848,20240806
7,2,4265,20240806
8,1,15410,20240806
8,2,14768,20240806
1,1,13812,20240808
1,2,11858,20240808
2,1,11114,20240808
2,2,10530,20240808
3,1,4252,20240808
3,2,4011,20240808
4,1,7339,20240808
4,2,7357,20240808
5,1,6526,20240808
5,2,7234,20240808
6,1,13075,20240808
6,2,14271,20240808
7,1,4072,20240808
7,2,4444,20240808
8,1,14619,20240808
8,2,15104,20240808
1,1,14595,20240808
1,2,11894,20240808
2,1,11328,20240808
2,2,10599,20240808
3,1,4303,20240808
3,2,4132,20240808
4,1,7365,20240808
4,2,7183,20240808
5,1,6815,20240808
5,2,7176,20240808
6,1,13259,20240808
6,2,14762,20240808
7,1,4200,20240808
7,2,4539,20240808
8,1,14687,20240808
8,2,16267,20240808
1,1,15876,20240809
1,2,13002,20240809
2,1,12459,20240809
2,2,11241,20240809
3,1,4249,20240809
3,2,4140,20240809
4,1,7624,20240809
4,2,7491,20240809
5,1,7142,20240809
5,2,7602,20240809
6,1,14040,20240809
6,2,15903,20240809
7,1,4203,20240809
7,2,4582,20240809
8,1,16007,20240809
8,2,17639,20240809
1,1,13875,20240810
1,2,11248,20240810
2,1,8466,20240810
2,2,7896,20240810
3,1,2073,20240810
3,2,1965,20240810
4,1,4729,20240810
4,2,4774,20240810
5,1,4491,20240810
5,2,4707,20240810
6,1,8567,20240810
6,2,9771,20240810
7,1,3489,20240810
7,2,3853,20240810
8,1,11317,20240810
8,2,12793,20240810
1,1,12389,20240811
1,2,11036,20240811
2,1,7125,20240811
2,2,7143,20240811
3,1,1600,20240811
3,2,1557,20240811
4,1,3884,20240811
4,2,3911,20240811
5,1,3688,20240811
5,2,4123,20240811
6,1,7194,20240811
6,2,7787,20240811
7,1,3501,20240811
7,2,3333,20240811
8,1,10272,20240811
8,2,10763,20240811
1,1,13588,20240812
1,2,11353,20240812
2,1,6676,20240812
2,2,6860,20240812
3,1,1468,20240812
3,2,1359,20240812
4,1,3512,20240812
4,2,3479,20240812
5,1,3342,20240812
5,2,3968,20240812
6,1,6765,20240812
6,2,7877,20240812
7,1,3022,20240812
7,2,3026,20240812
8,1,9644,20240812
8,2,10095,20240812
1,1,14093,20240813
1,2,12622,20240813
2,1,11003,20240813
2,2,10863,20240813
3,1,4178,20240813
3,2,4245,20240813
4,1,7278,20240813
4,2,7316,20240813
5,1,6397,20240813
5,2,7183,20240813
6,1,13666,20240813
6,2,14463,20240813
7,1,4049,20240813
7,2,4259,20240813
8,1,15682,20240813
8,2,15395,20240813
1,1,14403,20240814
1,2,12526,20240814
2,1,10752,20240814
2,2,10836,20240814
3,1,4182,20240814
3,2,4252,20240814
4,1,7326,20240814
4,2,7389,20240814
5,1,6583,20240814
5,2,7057,20240814
6,1,13620,20240814
6,2,14306,20240814
7,1,4206,20240814
7,2,4380,20240814
8,1,15149,20240814
8,2,15475,20240814
1,1,14945,20240815
1,2,12563,20240815
2,1,11128,20240815
2,2,10809,20240815
3,1,4200,20240815
3,2,4204,20240815
4,1,7348,20240815
4,2,7400,20240815
5,1,6400,20240815
5,2,7203,20240815
6,1,13566,20240815
6,2,14579,20240815
7,1,4294,20240815
7,2,4526,20240815
8,1,15427,20240815
8,2,16024,20240815
1,1,15764,20240816
1,2,14110,20240816
2,1,11676,20240816
2,2,11098,20240816
3,1,4099,20240816
3,2,4070,20240816
4,1,7524,20240816
4,2,7450,20240816
5,1,6821,20240816
5,2,7318,20240816
6,1,14120,20240816
6,2,15359,20240816
7,1,4554,20240816
7,2,4613,20240816
8,1,16611,20240816
8,2,17151,20240816
1,1,13469,20240817
1,2,12129,20240817
2,1,8275,20240817
2,2,8233,20240817
3,1,2145,20240817
3,2,2038,20240817
4,1,5006,20240817
4,2,4780,20240817
5,1,4503,20240817
5,2,4929,20240817
6,1,8758,20240817
6,2,9578,20240817
7,1,3817,20240817
7,2,3586,20240817
8,1,12195,20240817
8,2,12895,20240817
1,1,12406,20240818
1,2,11626,20240818
2,1,7180,20240818
2,2,7183,20240818
3,1,1719,20240818
3,2,1635,20240818
4,1,3988,20240818
4,2,4049,20240818
5,1,3709,20240818
5,2,4220,20240818
6,1,7704,20240818
6,2,8080,20240818
7,1,3200,20240818
7,2,2953,20240818
8,1,10735,20240818
8,2,10895,20240818
1,1,13564,20240819
1,2,13199,20240819
2,1,11205,20240819
2,2,10980,20240819
3,1,4229,20240819
3,2,4243,20240819
4,1,7358,20240819
4,2,7072,20240819
5,1,6342,20240819
5,2,7121,20240819
6,1,13420,20240819
6,2,13941,20240819
7,1,3950,20240819
7,2,4229,20240819
8,1,15637,20240819
8,2,14920,20240819
1,1,13143,20240820
1,2,12379,20240820
2,1,10901,20240820
2,2,10735,20240820
3,1,4347,20240820
3,2,4317,20240820
4,1,7459,20240820
4,2,7280,20240820
5,1,6506,20240820
5,2,7155,20240820
6,1,13554,20240820
6,2,14043,20240820
7,1,3915,20240820
7,2,4168,20240820
8,1,15158,20240820
8,2,14906,20240820
1,1,13366,20240821
1,2,12141,20240821
2,1,10925,20240821
2,2,10535,20240821
3,1,4298,20240821
3,2,4300,20240821
4,1,7366,20240821
4,2,7258,20240821
5,1,6478,20240821
5,2,6986,20240821
6,1,13294,20240821
6,2,14028,20240821
7,1,3963,20240821
7,2,4248,20240821
8,1,14814,20240821
8,2,15008,20240821
1,1,14053,20240822
1,2,12277,20240822
2,1,10941,20240822
2,2,10561,20240822
3,1,4284,20240822
3,2,4315,20240822
4,1,7456,20240822
4,2,7514,20240822
5,1,6788,20240822
5,2,7437,20240822
6,1,13725,20240822
6,2,14431,20240822
7,1,3968,20240822
7,2,4247,20240822
8,1,15016,20240822
8,2,15449,20240822
1,1,15382,20240823
1,2,13080,20240823
2,1,11417,20240823
2,2,11369,20240823
3,1,4529,20240823
3,2,3988,20240823
4,1,7517,20240823
4,2,7699,20240823
5,1,6991,20240823
5,2,7673,20240823
6,1,14223,20240823
6,2,15117,20240823
7,1,4242,20240823
7,2,4468,20240823
8,1,16029,20240823
8,2,16936,20240823
1,1,13132,20240824
1,2,11500,20240824
2,1,7944,20240824
2,2,7772,20240824
3,1,2028,20240824
3,2,2017,20240824
4,1,4755,20240824
4,2,4764,20240824
5,1,4733,20240824
5,2,5209,20240824
6,1,8569,20240824
6,2,9341,20240824
7,1,3457,20240824
7,2,3612,20240824
8,1,11900,20240824
8,2,12303,20240824
1,1,12348,20240825
1,2,11462,20240825
2,1,7439,20240825
2,2,7562,20240825
3,1,1682,20240825
3,2,1738,20240825
4,1,4441,20240825
4,2,4314,20240825
5,1,4192,20240825
5,2,4784,20240825
6,1,7872,20240825
6,2,8340,20240825
7,1,3354,20240825
7,2,3165,20240825
8,1,11131,20240825
8,2,11094,20240825
1,1,13555,20240826
1,2,13329,20240826
2,1,10624,20240826
2,2,10346,20240826
3,1,4186,20240826
3,2,4034,20240826
4,1,7052,20240826
4,2,7049,20240826
5,1,6639,20240826
5,2,7098,20240826
6,1,13311,20240826
6,2,13780,20240826
7,1,4067,20240826
7,2,4179,20240826
8,1,15253,20240826
8,2,14872,20240826
1,1,12701,20240827
1,2,12803,20240827
2,1,10869,20240827
2,2,10617,20240827
3,1,4323,20240827
3,2,4408,20240827
4,1,7379,20240827
4,2,7305,20240827
5,1,6863,20240827
5,2,7245,20240827
6,1,13351,20240827
6,2,13816,20240827
7,1,4057,20240827
7,2,4208,20240827
8,1,15586,20240827
8,2,14727,20240827
1,1,13143,20240828
1,2,12070,20240828
2,1,10713,20240828
2,2,10305,20240828
3,1,4279,20240828
3,2,4199,20240828
4,1,7207,20240828
4,2,7268,20240828
5,1,6570,20240828
5,2,6931,20240828
6,1,13078,20240828
6,2,13891,20240828
7,1,4118,20240828
7,2,4247,20240828
8,1,14738,20240828
8,2,14935,20240828
1,1,13713,20240829
1,2,12211,20240829
2,1,10598,20240829
2,2,10243,20240829
3,1,4221,20240829
3,2,4209,20240829
4,1,7235,20240829
4,2,7070,20240829
5,1,6538,20240829
5,2,6982,20240829
6,1,13016,20240829
6,2,13934,20240829
7,1,4072,20240829
7,2,4142,20240829
8,1,14584,20240829
8,2,15186,20240829
1,1,15237,20240830
1,2,12516,20240830
2,1,11317,20240830
2,2,11197,20240830
3,1,4234,20240830
3,2,4276,20240830
4,1,7625,20240830
4,2,7436,20240830
5,1,6824,20240830
5,2,7312,20240830
6,1,13490,20240830
6,2,14835,20240830
7,1,4184,20240830
7,2,4257,20240830
8,1,16134,20240830
8,2,17216,20240830
1,1,13423,20240831
1,2,11371,20240831
2,1,8601,20240831
2,2,8313,20240831
3,1,2205,20240831
3,2,2202,20240831
4,1,5066,20240831
4,2,5103,20240831
5,1,4841,20240831
5,2,5138,20240831
6,1,8432,20240831
6,2,9857,20240831
7,1,3695,20240831
7,2,3523,20240831
8,1,12521,20240831
8,2,13277,20240831
1,1,12155,20240901
1,2,11634,20240901
2,1,7636,20240901
2,2,7868,20240901
3,1,1790,20240901
3,2,1649,20240901
4,1,4196,20240901
4,2,4286,20240901
5,1,4187,20240901
5,2,4973,20240901
6,1,8145,20240901
6,2,8298,20240901
7,1,3313,20240901
7,2,3068,20240901
8,1,11745,20240901
8,2,11391,20240901
1,1,13099,20240902
1,2,13186,20240902
2,1,11243,20240902
2,2,10827,20240902
3,1,4235,20240902
3,2,4261,20240902
4,1,7164,20240902
4,2,7180,20240902
5,1,6606,20240902
5,2,7171,20240902
6,1,13473,20240902
6,2,14012,20240902
7,1,3980,20240902
7,2,4085,20240902
8,1,15945,20240902
8,2,15023,20240902
1,1,13071,20240903
1,2,12210,20240903
2,1,10972,20240903
2,2,10860,20240903
3,1,4313,20240903
3,2,4289,20240903
4,1,7552,20240903
4,2,7608,20240903
5,1,6811,20240903
5,2,7369,20240903
6,1,13439,20240903
6,2,14087,20240903
7,1,3802,20240903
7,2,4063,20240903
8,1,15488,20240903
8,2,14962,20240903
1,1,12974,20240904
1,2,11877,20240904
2,1,11070,20240904
2,2,10631,20240904
3,1,4447,20240904
3,2,4411,20240904
4,1,7442,20240904
4,2,7301,20240904
5,1,6888,20240904
5,2,7499,20240904
6,1,13198,20240904
6,2,14175,20240904
7,1,4030,20240904
7,2,4074,20240904
8,1,14905,20240904
8,2,14986,20240904
1,1,13673,20240905
1,2,11483,20240905
2,1,11089,20240905
2,2,10640,20240905
3,1,4281,20240905
3,2,4289,20240905
4,1,7459,20240905
4,2,7362,20240905
5,1,6572,20240905
5,2,6930,20240905
6,1,12878,20240905
6,2,14092,20240905
7,1,3823,20240905
7,2,4098,20240905
8,1,14443,20240905
8,2,15324,20240905
1,1,14405,20240906
1,2,12146,20240906
2,1,11938,20240906
2,2,11343,20240906
3,1,4346,20240906
3,2,4147,20240906
4,1,7533,20240906
4,2,7599,20240906
5,1,6911,20240906
5,2,7493,20240906
6,1,13359,20240906
6,2,14719,20240906
7,1,4130,20240906
7,2,4188,20240906
8,1,15526,20240906
8,2,16513,20240906
1,1,11993,20240907
1,2,10886,20240907
2,1,8405,20240907
2,2,8392,20240907
3,1,2171,20240907
3,2,2119,20240907
4,1,4889,20240907
4,2,4826,20240907
5,1,4635,20240907
5,2,5157,20240907
6,1,8358,20240907
6,2,8967,20240907
7,1,3182,20240907
7,2,3397,20240907
8,1,11754,20240907
8,2,11643,20240907
1,1,11660,20240908
1,2,11427,20240908
2,1,7234,20240908
2,2,7519,20240908
3,1,1729,20240908
3,2,1687,20240908
4,1,4019,20240908
4,2,4140,20240908
5,1,3854,20240908
5,2,4395,20240908
6,1,7226,20240908
6,2,7624,20240908
7,1,3070,20240908
7,2,3059,20240908
8,1,10945,20240908
8,2,9886,20240908
1,1,12186,20240909
1,2,11910,20240909
2,1,11174,20240909
2,2,10604,20240909
3,1,4245,20240909
3,2,4087,20240909
4,1,6922,20240909
4,2,6993,20240909
5,1,6458,20240909
5,2,7081,20240909
6,1,12868,20240909
6,2,13630,20240909
7,1,3731,20240909
7,2,3951,20240909
8,1,14741,20240909
8,2,14069,20240909
1,1,11820,20240910
1,2,11464,20240910
2,1,9111,20240910
2,2,10702,20240910
3,1,3457,20240910
3,2,4340,20240910
4,1,6430,20240910
4,2,7291,20240910
5,1,6135,20240910
5,2,7409,20240910
6,1,13332,20240910
6,2,9290,20240910
7,1,3680,20240910
7,2,3950,20240910
8,1,14583,20240910
8,2,14102,20240910
1,1,12726,20240911
1,2,10705,20240911
2,1,10713,20240911
2,2,10658,20240911
3,1,4307,20240911
3,2,4231,20240911
4,1,7108,20240911
4,2,7082,20240911
5,1,6365,20240911
5,2,7133,20240911
6,1,12904,20240911
6,2,13629,20240911
7,1,3604,20240911
7,2,3869,20240911
8,1,13879,20240911
8,2,14299,20240911
1,1,13794,20240912
1,2,11120,20240912
2,1,10958,20240912
2,2,10537,20240912
3,1,4281,20240912
3,2,4238,20240912
4,1,7174,20240912
4,2,7117,20240912
5,1,6466,20240912
5,2,7070,20240912
6,1,12823,20240912
6,2,14181,20240912
7,1,3652,20240912
7,2,3921,20240912
8,1,14159,20240912
8,2,15123,20240912
1,1,14762,20240913
1,2,11360,20240913
2,1,11224,20240913
2,2,11046,20240913
3,1,4038,20240913
3,2,3997,20240913
4,1,7230,20240913
4,2,7243,20240913
5,1,6434,20240913
5,2,7348,20240913
6,1,12952,20240913
6,2,13355,20240913
7,1,3691,20240913
7,2,4221,20240913
8,1,14737,20240913
8,2,16498,20240913
1,1,14436,20240914
1,2,10395,20240914
2,1,7779,20240914
2,2,7784,20240914
3,1,2168,20240914
3,2,2159,20240914
4,1,4554,20240914
4,2,4538,20240914
5,1,4503,20240914
5,2,5059,20240914
6,1,8237,20240914
6,2,9697,20240914
7,1,3268,20240914
7,2,3639,20240914
8,1,11088,20240914
8,2,12762,20240914
1,1,13201,20240915
1,2,10980,20240915
2,1,6993,20240915
2,2,7119,20240915
3,1,1503,20240915
3,2,1469,20240915
4,1,3714,20240915
4,2,3908,20240915
5,1,3796,20240915
5,2,4137,20240915
6,1,7116,20240915
6,2,7889,20240915
7,1,3138,20240915
7,2,3204,20240915
8,1,10193,20240915
8,2,10948,20240915
1,1,12908,20240916
1,2,12783,20240916
2,1,10976,20240916
2,2,10660,20240916
3,1,4154,20240916
3,2,4121,20240916
4,1,7053,20240916
4,2,7051,20240916
5,1,6373,20240916
5,2,7021,20240916
6,1,13118,20240916
6,2,13819,20240916
7,1,3947,20240916
7,2,4006,20240916
8,1,15526,20240916
8,2,14594,20240916
1,1,12868,20240917
1,2,13121,20240917
2,1,11096,20240917
2,2,10916,20240917
3,1,4265,20240917
3,2,4275,20240917
4,1,7349,20240917
4,2,7295,20240917
5,1,6606,20240917
5,2,7180,20240917
6,1,13451,20240917
6,2,13859,20240917
7,1,4200,20240917
7,2,4195,20240917
8,1,16221,20240917
8,2,15215,20240917
1,1,13166,20240918
1,2,12168,20240918
2,1,10520,20240918
2,2,10572,20240918
3,1,4158,20240918
3,2,4256,20240918
4,1,7066,20240918
4,2,7239,20240918
5,1,6350,20240918
5,2,7311,20240918
6,1,13237,20240918
6,2,13482,20240918
7,1,3744,20240918
7,2,4079,20240918
8,1,15545,20240918
8,2,14679,20240918
1,1,13347,20240919
1,2,11309,20240919
2,1,10871,20240919
2,2,10747,20240919
3,1,4126,20240919
3,2,4156,20240919
4,1,7084,20240919
4,2,7161,20240919
5,1,6532,20240919
5,2,7228,20240919
6,1,13049,20240919
6,2,13640,20240919
7,1,3829,20240919
7,2,4110,20240919
8,1,14491,20240919
8,2,14978,20240919
1,1,14089,20240920
1,2,12246,20240920
2,1,11397,20240920
2,2,11275,20240920
3,1,4109,20240920
3,2,4076,20240920
4,1,7379,20240920
4,2,7349,20240920
5,1,6577,20240920
5,2,7449,20240920
6,1,13389,20240920
6,2,14320,20240920
7,1,4016,20240920
7,2,3990,20240920
8,1,15364,20240920
8,2,15615,20240920
1,1,12713,20240921
1,2,10933,20240921
2,1,7765,20240921
2,2,7819,20240921
3,1,1948,20240921
3,2,1974,20240921
4,1,4550,20240921
4,2,4577,20240921
5,1,4204,20240921
5,2,4734,20240921
6,1,8157,20240921
6,2,8893,20240921
7,1,3468,20240921
7,2,3488,20240921
8,1,11462,20240921
8,2,11849,20240921
1,1,11650,20240922
1,2,11153,20240922
2,1,6721,20240922
2,2,6891,20240922
3,1,1631,20240922
3,2,1660,20240922
4,1,3836,20240922
4,2,3976,20240922
5,1,3660,20240922
5,2,4023,20240922
6,1,7009,20240922
6,2,7391,20240922
7,1,3020,20240922
7,2,2989,20240922
8,1,10278,20240922
8,2,9722,20240922
1,1,12354,20240923
1,2,11736,20240923
2,1,10472,20240923
2,2,10184,20240923
3,1,4037,20240923
3,2,3622,20240923
4,1,6671,20240923
4,2,6790,20240923
5,1,6078,20240923
5,2,6792,20240923
6,1,12273,20240923
6,2,12798,20240923
7,1,3647,20240923
7,2,3663,20240923
8,1,14078,20240923
8,2,14025,20240923
1,1,12115,20240924
1,2,11054,20240924
2,1,10497,20240924
2,2,10291,20240924
3,1,4033,20240924
3,2,3942,20240924
4,1,6758,20240924
4,2,6563,20240924
5,1,6469,20240924
5,2,6775,20240924
6,1,12189,20240924
6,2,13195,20240924
7,1,3621,20240924
7,2,3779,20240924
8,1,13972,20240924
8,2,14055,20240924
1,1,12833,20240925
1,2,10970,20240925
2,1,10770,20240925
2,2,10445,20240925
3,1,4087,20240925
3,2,4092,20240925
4,1,7045,20240925
4,2,6911,20240925
5,1,6311,20240925
5,2,7009,20240925
6,1,12542,20240925
6,2,13461,20240925
7,1,3651,20240925
7,2,4048,20240925
8,1,14116,20240925
8,2,14419,20240925
1,1,13207,20240926
1,2,10803,20240926
2,1,11109,20240926
2,2,10473,20240926
3,1,4189,20240926
3,2,3985,20240926
4,1,7095,20240926
4,2,6910,20240926
5,1,6249,20240926
5,2,7068,20240926
6,1,12273,20240926
6,2,13451,20240926
7,1,3643,20240926
7,2,4087,20240926
8,1,14015,20240926
8,2,15003,20240926
1,1,14747,20240927
1,2,11874,20240927
2,1,11402,20240927
2,2,10865,20240927
3,1,3950,20240927
3,2,3820,20240927
4,1,7156,20240927
4,2,7114,20240927
5,1,6626,20240927
5,2,7159,20240927
6,1,12639,20240927
6,2,14142,20240927
7,1,3852,20240927
7,2,4144,20240927
8,1,14969,20240927
8,2,16223,20240927
1,1,13503,20240928
1,2,10313,20240928
2,1,8295,20240928
2,2,8247,20240928
3,1,2011,20240928
3,2,2074,20240928
4,1,4827,20240928
4,2,4833,20240928
5,1,4534,20240928
5,2,5181,20240928
6,1,8349,20240928
6,2,9595,20240928
7,1,3400,20240928
7,2,3514,20240928
8,1,11835,20240928
8,2,12997,20240928
1,1,12516,20240929
1,2,10606,20240929
2,1,7177,20240929
2,2,7033,20240929
3,1,1592,20240929
3,2,1680,20240929
4,1,4016,20240929
4,2,4071,20240929
5,1,4291,20240929
5,2,4733,20240929
6,1,7176,20240929
6,2,7793,20240929
7,1,3175,20240929
7,2,3083,20240929
8,1,10132,20240929
8,2,11076,20240929
1,1,13368,20240930
1,2,11478,20240930
2,1,11012,20240930
2,2,10622,20240930
3,1,4077,20240930
3,2,3977,20240930
4,1,6823,20240930
4,2,6853,20240930
5,1,6399,20240930
5,2,7114,20240930
6,1,12503,20240930
6,2,13459,20240930
7,1,3710,20240930
7,2,3912,20240930
8,1,14823,20240930
8,2,15300,20240930
1,1,13337,20241001
1,2,10903,20241001
2,1,10754,20241001
2,2,10609,20241001
3,1,4093,20241001
3,2,4029,20241001
4,1,7092,20241001
4,2,7015,20241001
5,1,6561,20241001
5,2,7299,20241001
6,1,12428,20241001
6,2,13436,20241001
7,1,3992,20241001
7,2,4172,20241001
8,1,14557,20241001
8,2,15351,20241001
1,1,13196,20241002
1,2,11021,20241002
2,1,10884,20241002
2,2,10672,20241002
3,1,4154,20241002
3,2,4154,20241002
4,1,6989,20241002
4,2,6671,20241002
5,1,6453,20241002
5,2,7168,20241002
6,1,12282,20241002
6,2,13336,20241002
7,1,3744,20241002
7,2,4102,20241002
8,1,14675,20241002
8,2,15253,20241002
1,1,13958,20241003
1,2,11480,20241003
2,1,10937,20241003
2,2,10847,20241003
3,1,4073,20241003
3,2,3950,20241003
4,1,7013,20241003
4,2,7091,20241003
5,1,6622,20241003
5,2,7325,20241003
6,1,12898,20241003
6,2,13892,20241003
7,1,4074,20241003
7,2,4444,20241003
8,1,15617,20241003
8,2,16163,20241003
1,1,14839,20241004
1,2,12492,20241004
2,1,11374,20241004
2,2,11097,20241004
3,1,3972,20241004
3,2,3860,20241004
4,1,7292,20241004
4,2,7265,20241004
5,1,6993,20241004
5,2,7743,20241004
6,1,13366,20241004
6,2,14726,20241004
7,1,4152,20241004
7,2,4407,20241004
8,1,16663,20241004
8,2,17061,20241004
1,1,12786,20241005
1,2,11479,20241005
2,1,8618,20241005
2,2,8566,20241005
3,1,2065,20241005
3,2,2059,20241005
4,1,4976,20241005
4,2,4831,20241005
5,1,4740,20241005
5,2,4788,20241005
6,1,8362,20241005
6,2,9227,20241005
7,1,3613,20241005
7,2,3706,20241005
8,1,12531,20241005
8,2,13035,20241005
1,1,11190,20241006
1,2,10503,20241006
2,1,7433,20241006
2,2,7381,20241006
3,1,1654,20241006
3,2,1672,20241006
4,1,3928,20241006
4,2,4085,20241006
5,1,4201,20241006
5,2,4573,20241006
6,1,7207,20241006
6,2,7811,20241006
7,1,3295,20241006
7,2,3071,20241006
8,1,10706,20241006
8,2,10518,20241006
1,1,12555,20241007
1,2,12689,20241007
2,1,10990,20241007
2,2,10702,20241007
3,1,4220,20241007
3,2,4072,20241007
4,1,7002,20241007
4,2,7099,20241007
5,1,6487,20241007
5,2,6944,20241007
6,1,12743,20241007
6,2,13163,20241007
7,1,3841,20241007
7,2,3956,20241007
8,1,15566,20241007
8,2,14779,20241007
1,1,12395,20241008
1,2,12375,20241008
2,1,11173,20241008
2,2,10792,20241008
3,1,4202,20241008
3,2,4211,20241008
4,1,7147,20241008
4,2,7130,20241008
5,1,6638,20241008
5,2,7284,20241008
6,1,12941,20241008
6,2,13342,20241008
7,1,3819,20241008
7,2,3861,20241008
8,1,15660,20241008
8,2,14980,20241008
1,1,12778,20241009
1,2,12220,20241009
2,1,10937,20241009
2,2,10579,20241009
3,1,4215,20241009
3,2,4175,20241009
4,1,7190,20241009
4,2,7021,20241009
5,1,6498,20241009
5,2,6958,20241009
6,1,12946,20241009
6,2,13602,20241009
7,1,3774,20241009
7,2,3946,20241009
8,1,14843,20241009
8,2,14680,20241009
1,1,13680,20241010
1,2,12428,20241010
2,1,11182,20241010
2,2,10964,20241010
3,1,4203,20241010
3,2,4217,20241010
4,1,7207,20241010
4,2,7286,20241010
5,1,6849,20241010
5,2,7349,20241010
6,1,13630,20241010
6,2,14264,20241010
7,1,3787,20241010
7,2,3978,20241010
8,1,15251,20241010
8,2,15303,20241010
1,1,14697,20241011
1,2,13292,20241011
2,1,11794,20241011
2,2,11221,20241011
3,1,4093,20241011
3,2,4008,20241011
4,1,7365,20241011
4,2,7268,20241011
5,1,6821,20241011
5,2,7448,20241011
6,1,13975,20241011
6,2,14775,20241011
7,1,3826,20241011
7,2,3950,20241011
8,1,15517,20241011
8,2,16126,20241011
1,1,12595,20241012
1,2,11644,20241012
2,1,8878,20241012
2,2,8675,20241012
3,1,2213,20241012
3,2,2130,20241012
4,1,4932,20241012
4,2,4790,20241012
5,1,4779,20241012
5,2,5030,20241012
6,1,9156,20241012
6,2,9603,20241012
7,1,3390,20241012
7,2,3376,20241012
8,1,11743,20241012
8,2,12438,20241012
1,1,11403,20241013
1,2,10547,20241013
2,1,7450,20241013
2,2,6963,20241013
3,1,1673,20241013
3,2,1734,20241013
4,1,3963,20241013
4,2,3931,20241013
5,1,3840,20241013
5,2,4430,20241013
6,1,7498,20241013
6,2,8203,20241013
7,1,2990,20241013
7,2,2775,20241013
8,1,9712,20241013
8,2,9946,20241013
1,1,13413,20241014
1,2,11454,20241014
2,1,7045,20241014
2,2,6938,20241014
3,1,1698,20241014
3,2,1673,20241014
4,1,3972,20241014
4,2,4103,20241014
5,1,4015,20241014
5,2,4620,20241014
6,1,7571,20241014
6,2,8553,20241014
7,1,3107,20241014
7,2,2897,20241014
8,1,9282,20241014
8,2,9865,20241014
1,1,13698,20241015
1,2,12005,20241015
2,1,11292,20241015
2,2,10995,20241015
3,1,4315,20241015
3,2,4174,20241015
4,1,7132,20241015
4,2,7130,20241015
5,1,6476,20241015
5,2,7118,20241015
6,1,13162,20241015
6,2,14066,20241015
7,1,3831,20241015
7,2,4120,20241015
8,1,14808,20241015
8,2,15106,20241015
1,1,13100,20241016
1,2,11319,20241016
2,1,10828,20241016
2,2,10580,20241016
3,1,4210,20241016
3,2,4117,20241016
4,1,7097,20241016
4,2,6970,20241016
5,1,6810,20241016
5,2,7529,20241016
6,1,13002,20241016
6,2,13963,20241016
7,1,3729,20241016
7,2,3851,20241016
8,1,14193,20241016
8,2,14640,20241016
1,1,13664,20241017
1,2,11610,20241017
2,1,11042,20241017
2,2,10586,20241017
3,1,4044,20241017
3,2,3898,20241017
4,1,7076,20241017
4,2,7060,20241017
5,1,6832,20241017
5,2,7535,20241017
6,1,12906,20241017
6,2,13977,20241017
7,1,3831,20241017
7,2,4087,20241017
8,1,14468,20241017
8,2,15110,20241017
1,1,14891,20241018
1,2,12550,20241018
2,1,11093,20241018
2,2,11206,20241018
3,1,3907,20241018
3,2,3867,20241018
4,1,7084,20241018
4,2,7349,20241018
5,1,6830,20241018
5,2,8265,20241018
6,1,14426,20241018
6,2,14912,20241018
7,1,4065,20241018
7,2,4206,20241018
8,1,16100,20241018
8,2,16041,20241018
1,1,12898,20241019
1,2,10479,20241019
2,1,8238,20241019
2,2,8475,20241019
3,1,2104,20241019
3,2,2136,20241019
4,1,4868,20241019
4,2,4645,20241019
5,1,5207,20241019
5,2,5780,20241019
6,1,9776,20241019
6,2,10817,20241019
7,1,3299,20241019
7,2,3430,20241019
8,1,10919,20241019
8,2,11547,20241019
1,1,12029,20241020
1,2,10621,20241020
2,1,7146,20241020
2,2,7052,20241020
3,1,1684,20241020
3,2,1697,20241020
4,1,3923,20241020
4,2,4132,20241020
5,1,4329,20241020
5,2,4930,20241020
6,1,8245,20241020
6,2,8913,20241020
7,1,3216,20241020
7,2,3055,20241020
8,1,9620,20241020
8,2,9792,20241020
1,1,12666,20241021
1,2,12012,20241021
2,1,10511,20241021
2,2,9821,20241021
3,1,3868,20241021
3,2,3866,20241021
4,1,6527,20241021
4,2,6589,20241021
5,1,6522,20241021
5,2,7435,20241021
6,1,12320,20241021
6,2,12837,20241021
7,1,3723,20241021
7,2,3861,20241021
8,1,14411,20241021
8,2,14127,20241021
1,1,13038,20241022
1,2,11890,20241022
2,1,10832,20241022
2,2,10845,20241022
3,1,4151,20241022
3,2,4085,20241022
4,1,6925,20241022
4,2,7008,20241022
5,1,7056,20241022
5,2,7550,20241022
6,1,13138,20241022
6,2,13821,20241022
7,1,3865,20241022
7,2,4034,20241022
8,1,15001,20241022
8,2,14773,20241022
1,1,11995,20241023
1,2,10063,20241023
2,1,6089,20241023
2,2,6218,20241023
3,1,1628,20241023
3,2,1645,20241023
4,1,3980,20241023
4,2,3862,20241023
5,1,3852,20241023
5,2,4227,20241023
6,1,6588,20241023
6,2,7163,20241023
7,1,2877,20241023
7,2,2920,20241023
8,1,8289,20241023
8,2,9200,20241023
1,1,13945,20241024
1,2,10858,20241024
2,1,10642,20241024
2,2,10470,20241024
3,1,4041,20241024
3,2,4007,20241024
4,1,6720,20241024
4,2,6758,20241024
5,1,6508,20241024
5,2,7336,20241024
6,1,12556,20241024
6,2,13678,20241024
7,1,3843,20241024
7,2,4134,20241024
8,1,13991,20241024
8,2,15005,20241024
1,1,14358,20241025
1,2,11288,20241025
2,1,11103,20241025
2,2,11094,20241025
3,1,3960,20241025
3,2,3763,20241025
4,1,7026,20241025
4,2,7178,20241025
5,1,6897,20241025
5,2,7691,20241025
6,1,13072,20241025
6,2,14008,20241025
7,1,3754,20241025
7,2,4035,20241025
8,1,14889,20241025
8,2,16002,20241025
1,1,13009,20241026
1,2,10183,20241026
2,1,7775,20241026
2,2,7634,20241026
3,1,2095,20241026
3,2,2123,20241026
4,1,4454,20241026
4,2,4424,20241026
5,1,4638,20241026
5,2,5181,20241026
6,1,8124,20241026
6,2,8956,20241026
7,1,3347,20241026
7,2,3536,20241026
8,1,10630,20241026
8,2,12035,20241026
1,1,12924,20241027
1,2,10401,20241027
2,1,7172,20241027
2,2,7203,20241027
3,1,1678,20241027
3,2,1687,20241027
4,1,3955,20241027
4,2,3978,20241027
5,1,4180,20241027
5,2,4846,20241027
6,1,7539,20241027
6,2,8581,20241027
7,1,3218,20241027
7,2,3202,20241027
8,1,9845,20241027
8,2,10613,20241027
1,1,13281,20241028
1,2,11600,20241028
2,1,10602,20241028
2,2,10597,20241028
3,1,4065,20241028
3,2,4146,20241028
4,1,6807,20241028
4,2,4915,20241028
5,1,6614,20241028
5,2,7442,20241028
6,1,12310,20241028
6,2,13453,20241028
7,1,3794,20241028
7,2,4042,20241028
8,1,13746,20241028
8,2,15024,20241028
1,1,13569,20241029
1,2,11363,20241029
2,1,10787,20241029
2,2,10723,20241029
3,1,4181,20241029
3,2,4232,20241029
4,1,7201,20241029
4,2,7377,20241029
5,1,6841,20241029
5,2,7616,20241029
6,1,13371,20241029
6,2,14118,20241029
7,1,4265,20241029
7,2,4615,20241029
8,1,14925,20241029
8,2,15096,20241029
1,1,14264,20241030
1,2,11011,20241030
2,1,10706,20241030
2,2,10303,20241030
3,1,4215,20241030
3,2,4162,20241030
4,1,7060,20241030
4,2,7169,20241030
5,1,7162,20241030
5,2,7650,20241030
6,1,12903,20241030
6,2,14472,20241030
7,1,4252,20241030
7,2,4637,20241030
8,1,14563,20241030
8,2,15721,20241030
1,1,14885,20241031
1,2,11471,20241031
2,1,11283,20241031
2,2,11293,20241031
3,1,4255,20241031
3,2,4278,20241031
4,1,7429,20241031
4,2,7460,20241031
5,1,6788,20241031
5,2,7534,20241031
6,1,14022,20241031
6,2,15280,20241031
7,1,5299,20241031
7,2,5483,20241031
8,1,15439,20241031
8,2,16601,20241031
1,1,15460,20241101
1,2,12276,20241101
2,1,11272,20241101
2,2,11111,20241101
3,1,4097,20241101
3,2,4117,20241101
4,1,7213,20241101
4,2,7377,20241101
5,1,6975,20241101
5,2,7538,20241101
6,1,13673,20241101
6,2,14998,20241101
7,1,4052,20241101
7,2,4353,20241101
8,1,15691,20241101
8,2,16663,20241101
1,1,14039,20241102
1,2,11391,20241102
2,1,9071,20241102
2,2,8798,20241102
3,1,2193,20241102
3,2,2266,20241102
4,1,5082,20241102
4,2,5019,20241102
5,1,4905,20241102
5,2,5258,20241102
6,1,9409,20241102
6,2,10533,20241102
7,1,3746,20241102
7,2,3733,20241102
8,1,12102,20241102
8,2,13549,20241102
1,1,12736,20241103
1,2,11483,20241103
2,1,7651,20241103
2,2,7845,20241103
3,1,1834,20241103
3,2,1862,20241103
4,1,4229,20241103
4,2,4284,20241103
5,1,4398,20241103
5,2,4877,20241103
6,1,8399,20241103
6,2,8647,20241103
7,1,3500,20241103
7,2,3157,20241103
8,1,10945,20241103
8,2,11537,20241103
1,1,13454,20241104
1,2,12415,20241104
2,1,11063,20241104
2,2,10400,20241104
3,1,4131,20241104
3,2,4103,20241104
4,1,7039,20241104
4,2,6838,20241104
5,1,6525,20241104
5,2,7257,20241104
6,1,13100,20241104
6,2,13709,20241104
7,1,3847,20241104
7,2,4192,20241104
8,1,15045,20241104
8,2,15290,20241104
1,1,13510,20241105
1,2,11882,20241105
2,1,10955,20241105
2,2,10735,20241105
3,1,4302,20241105
3,2,4400,20241105
4,1,7245,20241105
4,2,7206,20241105
5,1,6817,20241105
5,2,7250,20241105
6,1,13384,20241105
6,2,14109,20241105
7,1,4077,20241105
7,2,4277,20241105
8,1,14724,20241105
8,2,15155,20241105
1,1,13938,20241106
1,2,11640,20241106
2,1,10825,20241106
2,2,10216,20241106
3,1,4319,20241106
3,2,4266,20241106
4,1,7319,20241106
4,2,7189,20241106
5,1,6543,20241106
5,2,7248,20241106
6,1,12905,20241106
6,2,13987,20241106
7,1,3953,20241106
7,2,4275,20241106
8,1,14332,20241106
8,2,15313,20241106
1,1,14562,20241107
1,2,11631,20241107
2,1,10901,20241107
2,2,10581,20241107
3,1,4162,20241107
3,2,4200,20241107
4,1,7285,20241107
4,2,7104,20241107
5,1,6556,20241107
5,2,7262,20241107
6,1,13140,20241107
6,2,14314,20241107
7,1,4043,20241107
7,2,4272,20241107
8,1,14457,20241107
8,2,15742,20241107
1,1,15939,20241108
1,2,12339,20241108
2,1,11143,20241108
2,2,10843,20241108
3,1,4174,20241108
3,2,4143,20241108
4,1,7275,20241108
4,2,7287,20241108
5,1,6915,20241108
5,2,7583,20241108
6,1,13668,20241108
6,2,14995,20241108
7,1,4147,20241108
7,2,4490,20241108
8,1,15263,20241108
8,2,16844,20241108
1,1,14040,20241109
1,2,11063,20241109
2,1,9091,20241109
2,2,9097,20241109
3,1,2269,20241109
3,2,2343,20241109
4,1,5310,20241109
4,2,5239,20241109
5,1,5142,20241109
5,2,5502,20241109
6,1,10435,20241109
6,2,11754,20241109
7,1,3818,20241109
7,2,3809,20241109
8,1,12274,20241109
8,2,13572,20241109
1,1,13387,20241110
1,2,11226,20241110
2,1,7686,20241110
2,2,7792,20241110
3,1,1773,20241110
3,2,1875,20241110
4,1,4466,20241110
4,2,4412,20241110
5,1,4156,20241110
5,2,4770,20241110
6,1,8840,20241110
6,2,10106,20241110
7,1,3579,20241110
7,2,3076,20241110
8,1,10962,20241110
8,2,11592,20241110
1,1,14144,20241111
1,2,12310,20241111
2,1,10603,20241111
2,2,10177,20241111
3,1,4039,20241111
3,2,4089,20241111
4,1,6820,20241111
4,2,6825,20241111
5,1,6423,20241111
5,2,7070,20241111
6,1,12844,20241111
6,2,13781,20241111
7,1,4073,20241111
7,2,4137,20241111
8,1,14589,20241111
8,2,15146,20241111
1,1,14402,20241112
1,2,11926,20241112
2,1,10751,20241112
2,2,10713,20241112
3,1,4301,20241112
3,2,4252,20241112
4,1,7317,20241112
4,2,7243,20241112
5,1,6658,20241112
5,2,7200,20241112
6,1,13377,20241112
6,2,14299,20241112
7,1,4076,20241112
7,2,4539,20241112
8,1,14749,20241112
8,2,15459,20241112
1,1,14409,20241113
1,2,11509,20241113
2,1,10617,20241113
2,2,10471,20241113
3,1,4307,20241113
3,2,4275,20241113
4,1,7188,20241113
4,2,7138,20241113
5,1,6671,20241113
5,2,7080,20241113
6,1,12965,20241113
6,2,14092,20241113
7,1,4033,20241113
7,2,4501,20241113
8,1,14288,20241113
8,2,15412,20241113
1,1,14958,20241114
1,2,11905,20241114
2,1,10489,20241114
2,2,10424,20241114
3,1,4172,20241114
3,2,4188,20241114
4,1,7146,20241114
4,2,7194,20241114
5,1,6697,20241114
5,2,7654,20241114
6,1,13542,20241114
6,2,14327,20241114
7,1,4167,20241114
7,2,4641,20241114
8,1,14874,20241114
8,2,15712,20241114
1,1,15685,20241115
1,2,12384,20241115
2,1,11423,20241115
2,2,11602,20241115
3,1,4171,20241115
3,2,4177,20241115
4,1,7645,20241115
4,2,7596,20241115
5,1,7220,20241115
5,2,8266,20241115
6,1,14595,20241115
6,2,15825,20241115
7,1,4600,20241115
7,2,4626,20241115
8,1,16432,20241115
8,2,17295,20241115
1,1,13336,20241116
1,2,11062,20241116
2,1,7504,20241116
2,2,7493,20241116
3,1,2096,20241116
3,2,2116,20241116
4,1,4645,20241116
4,2,4651,20241116
5,1,4463,20241116
5,2,4748,20241116
6,1,8578,20241116
6,2,9220,20241116
7,1,3618,20241116
7,2,3596,20241116
8,1,11089,20241116
8,2,12443,20241116
1,1,12674,20241117
1,2,10993,20241117
2,1,6458,20241117
2,2,6648,20241117
3,1,1630,20241117
3,2,1667,20241117
4,1,3756,20241117
4,2,3923,20241117
5,1,3884,20241117
5,2,4224,20241117
6,1,7209,20241117
6,2,7730,20241117
7,1,3328,20241117
7,2,3065,20241117
8,1,9899,20241117
8,2,10588,20241117
1,1,13597,20241118
1,2,13034,20241118
2,1,10539,20241118
2,2,10098,20241118
3,1,4134,20241118
3,2,4089,20241118
4,1,6999,20241118
4,2,6897,20241118
5,1,6436,20241118
5,2,7066,20241118
6,1,12984,20241118
6,2,13582,20241118
7,1,4134,20241118
7,2,4169,20241118
8,1,14938,20241118
8,2,14826,20241118
1,1,13907,20241119
1,2,12562,20241119
2,1,10659,20241119
2,2,10597,20241119
3,1,4199,20241119
3,2,4256,20241119
4,1,7317,20241119
4,2,7324,20241119
5,1,6685,20241119
5,2,7490,20241119
6,1,13476,20241119
6,2,14178,20241119
7,1,4383,20241119
7,2,4499,20241119
8,1,15457,20241119
8,2,15177,20241119
1,1,14014,20241120
1,2,12335,20241120
2,1,10357,20241120
2,2,9959,20241120
3,1,4294,20241120
3,2,4293,20241120
4,1,7159,20241120
4,2,6820,20241120
5,1,6577,20241120
5,2,7219,20241120
6,1,13205,20241120
6,2,14167,20241120
7,1,3985,20241120
7,2,4211,20241120
8,1,14680,20241120
8,2,15267,20241120
1,1,14525,20241121
1,2,11984,20241121
2,1,10421,20241121
2,2,10224,20241121
3,1,4309,20241121
3,2,4229,20241121
4,1,7415,20241121
4,2,7335,20241121
5,1,6573,20241121
5,2,7027,20241121
6,1,12951,20241121
6,2,14210,20241121
7,1,4182,20241121
7,2,4449,20241121
8,1,14801,20241121
8,2,15719,20241121
1,1,15596,20241122
1,2,12555,20241122
2,1,10810,20241122
2,2,10993,20241122
3,1,4135,20241122
3,2,4002,20241122
4,1,7407,20241122
4,2,7205,20241122
5,1,6677,20241122
5,2,7245,20241122
6,1,13279,20241122
6,2,14482,20241122
7,1,4234,20241122
7,2,4583,20241122
8,1,15297,20241122
8,2,16370,20241122
1,1,14362,20241123
1,2,11701,20241123
2,1,8881,20241123
2,2,8995,20241123
3,1,2359,20241123
3,2,2396,20241123
4,1,5452,20241123
4,2,5280,20241123
5,1,5008,20241123
5,2,5366,20241123
6,1,11393,20241123
6,2,12662,20241123
7,1,3933,20241123
7,2,3929,20241123
8,1,12544,20241123
8,2,13603,20241123
1,1,12666,20241124
1,2,11106,20241124
2,1,7012,20241124
2,2,7347,20241124
3,1,1682,20241124
3,2,1727,20241124
4,1,3953,20241124
4,2,3960,20241124
5,1,3734,20241124
5,2,4180,20241124
6,1,7350,20241124
6,2,7934,20241124
7,1,3508,20241124
7,2,3295,20241124
8,1,10486,20241124
8,2,10842,20241124
1,1,14391,20241125
1,2,12556,20241125
2,1,10922,20241125
2,2,10580,20241125
3,1,4109,20241125
3,2,4032,20241125
4,1,7072,20241125
4,2,6996,20241125
5,1,6477,20241125
5,2,7173,20241125
6,1,12592,20241125
6,2,13529,20241125
7,1,4059,20241125
7,2,4365,20241125
8,1,15209,20241125
8,2,15600,20241125
1,1,13683,20241126
1,2,12386,20241126
2,1,10896,20241126
2,2,10456,20241126
3,1,4465,20241126
3,2,4252,20241126
4,1,7456,20241126
4,2,7193,20241126
5,1,6967,20241126
5,2,7373,20241126
6,1,12837,20241126
6,2,14137,20241126
7,1,3981,20241126
7,2,4097,20241126
8,1,15097,20241126
8,2,15488,20241126
1,1,14149,20241127
1,2,12029,20241127
2,1,10805,20241127
2,2,10594,20241127
3,1,4390,20241127
3,2,4298,20241127
4,1,7359,20241127
4,2,7264,20241127
5,1,6498,20241127
5,2,7130,20241127
6,1,12752,20241127
6,2,13820,20241127
7,1,3985,20241127
7,2,4256,20241127
8,1,14947,20241127
8,2,15494,20241127
1,1,14463,20241128
1,2,11911,20241128
2,1,10866,20241128
2,2,10576,20241128
3,1,4221,20241128
3,2,4245,20241128
4,1,7349,20241128
4,2,7210,20241128
5,1,6653,20241128
5,2,7382,20241128
6,1,12942,20241128
6,2,14187,20241128
7,1,3918,20241128
7,2,4306,20241128
8,1,15027,20241128
8,2,15622,20241128
1,1,15545,20241129
1,2,12619,20241129
2,1,11624,20241129
2,2,10946,20241129
3,1,4142,20241129
3,2,4056,20241129
4,1,7434,20241129
4,2,7226,20241129
5,1,6682,20241129
5,2,7374,20241129
6,1,13303,20241129
6,2,15068,20241129
7,1,4322,20241129
7,2,4685,20241129
8,1,15874,20241129
8,2,16952,20241129
1,1,14078,20241130
1,2,11177,20241130
2,1,8986,20241130
2,2,8918,20241130
3,1,2345,20241130
3,2,2241,20241130
4,1,5435,20241130
4,2,5327,20241130
5,1,4907,20241130
5,2,5457,20241130
6,1,9098,20241130
6,2,10008,20241130
7,1,4013,20241130
7,2,4308,20241130
8,1,12506,20241130
8,2,13932,20241130
1,1,12351,20241201
1,2,11487,20241201
2,1,8077,20241201
2,2,8376,20241201
3,1,1815,20241201
3,2,1883,20241201
4,1,4479,20241201
4,2,4390,20241201
5,1,4223,20241201
5,2,4685,20241201
6,1,8109,20241201
6,2,8640,20241201
7,1,3965,20241201
7,2,3780,20241201
8,1,11655,20241201
8,2,11433,20241201
1,1,13415,20241202
1,2,12446,20241202
2,1,11091,20241202
2,2,10993,20241202
3,1,4270,20241202
3,2,4059,20241202
4,1,7231,20241202
4,2,7102,20241202
5,1,6671,20241202
5,2,7293,20241202
6,1,12618,20241202
6,2,13335,20241202
7,1,4228,20241202
7,2,4435,20241202
8,1,15327,20241202
8,2,15188,20241202
1,1,13082,20241203
1,2,12100,20241203
2,1,11198,20241203
2,2,11000,20241203
3,1,4353,20241203
3,2,4308,20241203
4,1,7570,20241203
4,2,7224,20241203
5,1,6941,20241203
5,2,7536,20241203
6,1,12739,20241203
6,2,13626,20241203
7,1,4223,20241203
7,2,4438,20241203
8,1,15687,20241203
8,2,15561,20241203
1,1,13672,20241204
1,2,13039,20241204
2,1,11665,20241204
2,2,11038,20241204
3,1,4419,20241204
3,2,4328,20241204
4,1,7833,20241204
4,2,7628,20241204
5,1,7119,20241204
5,2,7344,20241204
6,1,13540,20241204
6,2,14197,20241204
7,1,4156,20241204
7,2,4591,20241204
8,1,15917,20241204
8,2,16156,20241204
1,1,12492,20241205
1,2,10911,20241205
2,1,7156,20241205
2,2,7243,20241205
3,1,1727,20241205
3,2,1632,20241205
4,1,4423,20241205
4,2,4335,20241205
5,1,4109,20241205
5,2,4467,20241205
6,1,7192,20241205
6,2,7491,20241205
7,1,3346,20241205
7,2,3549,20241205
8,1,9698,20241205
8,2,10515,20241205
1,1,14667,20241206
1,2,11831,20241206
2,1,11071,20241206
2,2,10420,20241206
3,1,3759,20241206
3,2,3696,20241206
4,1,6923,20241206
4,2,6827,20241206
5,1,6495,20241206
5,2,6906,20241206
6,1,11984,20241206
6,2,13633,20241206
7,1,4151,20241206
7,2,4279,20241206
8,1,14366,20241206
8,2,15824,20241206
1,1,13376,20241207
1,2,10611,20241207
2,1,8281,20241207
2,2,8384,20241207
3,1,2001,20241207
3,2,2079,20241207
4,1,4974,20241207
4,2,4877,20241207
5,1,4479,20241207
5,2,4883,20241207
6,1,8479,20241207
6,2,9577,20241207
7,1,3561,20241207
7,2,3623,20241207
8,1,11079,20241207
8,2,12196,20241207
1,1,12294,20241208
1,2,10520,20241208
2,1,7347,20241208
2,2,7397,20241208
3,1,1535,20241208
3,2,1639,20241208
4,1,4172,20241208
4,2,4297,20241208
5,1,3805,20241208
5,2,4228,20241208
6,1,7033,20241208
6,2,7621,20241208
7,1,3457,20241208
7,2,3320,20241208
8,1,10122,20241208
8,2,10743,20241208
1,1,13688,20241209
1,2,11997,20241209
2,1,10466,20241209
2,2,10478,20241209
3,1,3774,20241209
3,2,3732,20241209
4,1,6516,20241209
4,2,6554,20241209
5,1,6213,20241209
5,2,6531,20241209
6,1,11749,20241209
6,2,12586,20241209
7,1,3963,20241209
7,2,4167,20241209
8,1,14143,20241209
8,2,14467,20241209
1,1,13431,20241210
1,2,10522,20241210
2,1,7536,20241210
2,2,7636,20241210
3,1,2189,20241210
3,2,2199,20241210
4,1,4987,20241210
4,2,5013,20241210
5,1,4314,20241210
5,2,4827,20241210
6,1,7933,20241210
6,2,9101,20241210
7,1,3441,20241210
7,2,3491,20241210
8,1,9933,20241210
8,2,10975,20241210
1,1,14449,20241211
1,2,11291,20241211
2,1,11062,20241211
2,2,10776,20241211
3,1,4256,20241211
3,2,4112,20241211
4,1,7346,20241211
4,2,7202,20241211
5,1,6606,20241211
5,2,7317,20241211
6,1,12542,20241211
6,2,14135,20241211
7,1,4153,20241211
7,2,4383,20241211
8,1,14627,20241211
8,2,15825,20241211
1,1,14757,20241212
1,2,11833,20241212
2,1,11274,20241212
2,2,10646,20241212
3,1,4299,20241212
3,2,4167,20241212
4,1,7475,20241212
4,2,7144,20241212
5,1,6771,20241212
5,2,7415,20241212
6,1,12664,20241212
6,2,14270,20241212
7,1,4281,20241212
7,2,4789,20241212
8,1,14959,20241212
8,2,16216,20241212
1,1,15691,20241213
1,2,12049,20241213
2,1,11924,20241213
2,2,11420,20241213
3,1,4257,20241213
3,2,4108,20241213
4,1,7658,20241213
4,2,7364,20241213
5,1,7372,20241213
5,2,7562,20241213
6,1,13638,20241213
6,2,15497,20241213
7,1,4426,20241213
7,2,4819,20241213
8,1,15426,20241213
8,2,17573,20241213
1,1,13856,20241214
1,2,11131,20241214
2,1,9864,20241214
2,2,9861,20241214
3,1,2534,20241214
3,2,2544,20241214
4,1,5565,20241214
4,2,5740,20241214
5,1,5937,20241214
5,2,6637,20241214
6,1,10662,20241214
6,2,11367,20241214
7,1,3952,20241214
7,2,3942,20241214
8,1,13696,20241214
8,2,14844,20241214
1,1,12633,20241215
1,2,11619,20241215
2,1,8051,20241215
2,2,8207,20241215
3,1,1926,20241215
3,2,1961,20241215
4,1,4551,20241215
4,2,4267,20241215
5,1,4406,20241215
5,2,4737,20241215
6,1,8613,20241215
6,2,9338,20241215
7,1,3752,20241215
7,2,3532,20241215
8,1,11258,20241215
8,2,11529,20241215
1,1,14362,20241216
1,2,12820,20241216
2,1,10952,20241216
2,2,10451,20241216
3,1,4026,20241216
3,2,3897,20241216
4,1,7172,20241216
4,2,6902,20241216
5,1,6577,20241216
5,2,7288,20241216
6,1,12618,20241216
6,2,13632,20241216
7,1,4233,20241216
7,2,4415,20241216
8,1,14543,20241216
8,2,15078,20241216
1,1,13797,20241217
1,2,12106,20241217
2,1,10896,20241217
2,2,10702,20241217
3,1,4151,20241217
3,2,3914,20241217
4,1,7236,20241217
4,2,6948,20241217
5,1,6588,20241217
5,2,7253,20241217
6,1,12684,20241217
6,2,13740,20241217
7,1,4237,20241217
7,2,4483,20241217
8,1,14714,20241217
8,2,15157,20241217
1,1,13895,20241218
1,2,12360,20241218
2,1,11099,20241218
2,2,10386,20241218
3,1,4268,20241218
3,2,4077,20241218
4,1,7442,20241218
4,2,7077,20241218
5,1,6715,20241218
5,2,7450,20241218
6,1,12691,20241218
6,2,13988,20241218
7,1,4095,20241218
7,2,4475,20241218
8,1,14719,20241218
8,2,15111,20241218
1,1,14555,20241219
1,2,12098,20241219
2,1,11060,20241219
2,2,10809,20241219
3,1,4186,20241219
3,2,4093,20241219
4,1,7278,20241219
4,2,6738,20241219
5,1,6739,20241219
5,2,7370,20241219
6,1,13024,20241219
6,2,14193,20241219
7,1,4303,20241219
7,2,4425,20241219
8,1,14663,20241219
8,2,16082,20241219
1,1,15032,20241220
1,2,12225,20241220
2,1,11737,20241220
2,2,11400,20241220
3,1,4207,20241220
3,2,3921,20241220
4,1,7466,20241220
4,2,7214,20241220
5,1,7369,20241220
5,2,8035,20241220
6,1,13378,20241220
6,2,14798,20241220
7,1,4656,20241220
7,2,4720,20241220
8,1,15735,20241220
8,2,17267,20241220
1,1,13172,20241221
1,2,11503,20241221
2,1,9119,20241221
2,2,9092,20241221
3,1,2389,20241221
3,2,2214,20241221
4,1,5342,20241221
4,2,5277,20241221
5,1,5097,20241221
5,2,5485,20241221
6,1,10050,20241221
6,2,10808,20241221
7,1,4034,20241221
7,2,3919,20241221
8,1,12124,20241221
8,2,13029,20241221
1,1,12064,20241222
1,2,11320,20241222
2,1,8286,20241222
2,2,8822,20241222
3,1,1987,20241222
3,2,1967,20241222
4,1,4623,20241222
4,2,4564,20241222
5,1,4523,20241222
5,2,4905,20241222
6,1,8721,20241222
6,2,9111,20241222
7,1,3992,20241222
7,2,3600,20241222
8,1,11581,20241222
8,2,11488,20241222
1,1,13880,20241223
1,2,12662,20241223
2,1,10745,20241223
2,2,10257,20241223
3,1,3868,20241223
3,2,3638,20241223
4,1,6936,20241223
4,2,6726,20241223
5,1,6355,20241223
5,2,6999,20241223
6,1,11766,20241223
6,2,12762,20241223
7,1,4172,20241223
7,2,4257,20241223
8,1,14726,20241223
8,2,15147,20241223
1,1,14425,20241224
1,2,11927,20241224
2,1,10751,20241224
2,2,10292,20241224
3,1,4000,20241224
3,2,3742,20241224
4,1,6926,20241224
4,2,6763,20241224
5,1,6569,20241224
5,2,7019,20241224
6,1,11717,20241224
6,2,13122,20241224
7,1,4397,20241224
7,2,4573,20241224
8,1,14318,20241224
8,2,15665,20241224
1,1,14410,20241225
1,2,12112,20241225
2,1,11327,20241225
2,2,10901,20241225
3,1,3842,20241225
3,2,3657,20241225
4,1,7257,20241225
4,2,6739,20241225
5,1,6692,20241225
5,2,7111,20241225
6,1,11604,20241225
6,2,13080,20241225
7,1,4782,20241225
7,2,4678,20241225
8,1,15203,20241225
8,2,16839,20241225
1,1,15073,20241226
1,2,12706,20241226
2,1,10449,20241226
2,2,9561,20241226
3,1,3490,20241226
3,2,3311,20241226
4,1,6417,20241226
4,2,6238,20241226
5,1,6005,20241226
5,2,6487,20241226
6,1,10983,20241226
6,2,12506,20241226
7,1,4186,20241226
7,2,4717,20241226
8,1,14016,20241226
8,2,15093,20241226
1,1,15091,20241227
1,2,13016,20241227
2,1,10598,20241227
2,2,9724,20241227
3,1,3392,20241227
3,2,3096,20241227
4,1,6406,20241227
4,2,6030,20241227
5,1,6063,20241227
5,2,6204,20241227
6,1,10785,20241227
6,2,12397,20241227
7,1,4046,20241227
7,2,4289,20241227
8,1,14002,20241227
8,2,15627,20241227
1,1,14540,20241228
1,2,11498,20241228
2,1,7749,20241228
2,2,7250,20241228
3,1,1839,20241228
3,2,1652,20241228
4,1,4371,20241228
4,2,4283,20241228
5,1,4298,20241228
5,2,4509,20241228
6,1,7494,20241228
6,2,9085,20241228
7,1,3700,20241228
7,2,3818,20241228
8,1,10640,20241228
8,2,12536,20241228
1,1,13589,20241229
1,2,11202,20241229
2,1,6746,20241229
2,2,6353,20241229
3,1,1464,20241229
3,2,1483,20241229
4,1,4019,20241229
4,2,3958,20241229
5,1,3924,20241229
5,2,4317,20241229
6,1,6932,20241229
6,2,8274,20241229
7,1,3714,20241229
7,2,3613,20241229
8,1,9760,20241229
8,2,10948,20241229
1,1,14150,20241230
1,2,11957,20241230
2,1,7809,20241230
2,2,7433,20241230
3,1,1911,20241230
3,2,1866,20241230
4,1,4867,20241230
4,2,5139,20241230
5,1,5244,20241230
5,2,5864,20241230
6,1,8536,20241230
6,2,9874,20241230
7,1,4197,20241230
7,2,3968,20241230
8,1,11836,20241230
8,2,12449,20241230
1,1,14552,20241231
1,2,11362,20241231
2,1,9867,20241231
2,2,8285,20241231
3,1,2189,20241231
3,2,1727,20241231
4,1,6220,20241231
4,2,5270,20241231
5,1,5952,20241231
5,2,6074,20241231
6,1,7819,20241231
6,2,10739,20241231
7,1,5688,20241231
7,2,5220,20241231
8,1,12657,20241231
8,2,16267,20241231
